{
"type": "FeatureCollection",
"name": "centroids_12_24.geojson",
"crs": { "type": "name", "properties": { "name": "urn:ogc:def:crs:OGC:1.3:CRS84" } },
"features": [
{ "type": "Feature", "properties": { "sensor": "MODIS_C6.1", "description": "<b>Latitude: </b> 62.35919<br/> \n                    <b>Longitude: </b> 113.70029<br/> \n                    <b>Detection Time: </b> 2026-09-30 20:38 UTC<br/> \n                    <b>Sensor: </b> Aqua MODIS<br/>\n                    <b>Confidence [0-100%]: </b> 43%<br/> \n                    <b>Day/Night: </b> Night<br/>\n                    <b>Scan: </b> 1.47 km<br/>\n                    <b>Track: </b> 1.2 km<br/>\n                    <b>FRP: </b> 18.89 MW<br/>\n                    <b>Brightness: </b> 301.68 K" }, "geometry": { "type": "Point", "coordinates": [ 113.70029, 62.35919 ] } },
{ "type": "Feature", "properties": { "sensor": "MODIS_C6.1", "description": "<b>Latitude: </b> 61.34776<br/> \n                    <b>Longitude: </b> 112.80988<br/> \n                    <b>Detection Time: </b> 2026-09-30 20:38 UTC<br/> \n                    <b>Sensor: </b> Aqua MODIS<br/>\n                    <b>Confidence [0-100%]: </b> 100%<br/> \n                    <b>Day/Night: </b> Night<br/>\n                    <b>Scan: </b> 1.52 km<br/>\n                    <b>Track: </b> 1.22 km<br/>\n                    <b>FRP: </b> 106.65 MW<br/>\n                    <b>Brightness: </b> 344.81 K" }, "geometry": { "type": "Point", "coordinates": [ 112.80988, 61.34776 ] } },
{ "type": "Feature", "properties": { "sensor": "MODIS_C6.1", "description": "<b>Latitude: </b> 46.93594<br/> \n                    <b>Longitude: </b> 30.11418<br/> \n                    <b>Detection Time: </b> 2026-09-30 17:58 UTC<br/> \n                    <b>Sensor: </b> Terra MODIS<br/>\n                    <b>Confidence [0-100%]: </b> 77%<br/> \n                    <b>Day/Night: </b> Night<br/>\n                    <b>Scan: </b> 1.02 km<br/>\n                    <b>Track: </b> 1.01 km<br/>\n                    <b>FRP: </b> 12.17 MW<br/>\n                    <b>Brightness: </b> 309.42 K" }, "geometry": { "type": "Point", "coordinates": [ 30.11418, 46.93594 ] } },
{ "type": "Feature", "properties": { "sensor": "MODIS_C6.1", "description": "<b>Latitude: </b> 46.92719<br/> \n                    <b>Longitude: </b> 30.11704<br/> \n                    <b>Detection Time: </b> 2026-09-30 17:58 UTC<br/> \n                    <b>Sensor: </b> Terra MODIS<br/>\n                    <b>Confidence [0-100%]: </b> 50%<br/> \n                    <b>Day/Night: </b> Night<br/>\n                    <b>Scan: </b> 1.02 km<br/>\n                    <b>Track: </b> 1.01 km<br/>\n                    <b>FRP: </b> 7.71 MW<br/>\n                    <b>Brightness: </b> 303.02 K" }, "geometry": { "type": "Point", "coordinates": [ 30.11704, 46.92719 ] } },
{ "type": "Feature", "properties": { "sensor": "MODIS_C6.1", "description": "<b>Latitude: </b> 57.9444<br/> \n                    <b>Longitude: </b> 60.04945<br/> \n                    <b>Detection Time: </b> 2026-09-30 16:22 UTC<br/> \n                    <b>Sensor: </b> Terra MODIS<br/>\n                    <b>Confidence [0-100%]: </b> 66%<br/> \n                    <b>Day/Night: </b> Night<br/>\n                    <b>Scan: </b> 1.68 km<br/>\n                    <b>Track: </b> 1.27 km<br/>\n                    <b>FRP: </b> 22.19 MW<br/>\n                    <b>Brightness: </b> 305.96 K" }, "geometry": { "type": "Point", "coordinates": [ 60.04945, 57.9444 ] } },
{ "type": "Feature", "properties": { "sensor": "MODIS_C6.1", "description": "<b>Latitude: </b> 57.9457<br/> \n                    <b>Longitude: </b> 60.056<br/> \n                    <b>Detection Time: </b> 2026-09-30 16:22 UTC<br/> \n                    <b>Sensor: </b> Terra MODIS<br/>\n                    <b>Confidence [0-100%]: </b> 70%<br/> \n                    <b>Day/Night: </b> Night<br/>\n                    <b>Scan: </b> 1.68 km<br/>\n                    <b>Track: </b> 1.27 km<br/>\n                    <b>FRP: </b> 24.49 MW<br/>\n                    <b>Brightness: </b> 307.05 K" }, "geometry": { "type": "Point", "coordinates": [ 60.056, 57.9457 ] } },
{ "type": "Feature", "properties": { "sensor": "MODIS_C6.1", "description": "<b>Latitude: </b> 55.98425<br/> \n                    <b>Longitude: </b> 54.75205<br/> \n                    <b>Detection Time: </b> 2026-09-30 16:22 UTC<br/> \n                    <b>Sensor: </b> Terra MODIS<br/>\n                    <b>Confidence [0-100%]: </b> 100%<br/> \n                    <b>Day/Night: </b> Night<br/>\n                    <b>Scan: </b> 1.06 km<br/>\n                    <b>Track: </b> 1.03 km<br/>\n                    <b>FRP: </b> 34.98 MW<br/>\n                    <b>Brightness: </b> 328.76 K" }, "geometry": { "type": "Point", "coordinates": [ 54.75205, 55.98425 ] } },
{ "type": "Feature", "properties": { "sensor": "MODIS_C6.1", "description": "<b>Latitude: </b> 53.45369<br/> \n                    <b>Longitude: </b> 59.02285<br/> \n                    <b>Detection Time: </b> 2026-09-30 16:22 UTC<br/> \n                    <b>Sensor: </b> Terra MODIS<br/>\n                    <b>Confidence [0-100%]: </b> 72%<br/> \n                    <b>Day/Night: </b> Night<br/>\n                    <b>Scan: </b> 1.34 km<br/>\n                    <b>Track: </b> 1.15 km<br/>\n                    <b>FRP: </b> 17.78 MW<br/>\n                    <b>Brightness: </b> 307.56 K" }, "geometry": { "type": "Point", "coordinates": [ 59.02285, 53.45369 ] } },
{ "type": "Feature", "properties": { "sensor": "MODIS_C6.1", "description": "<b>Latitude: </b> 53.45548<br/> \n                    <b>Longitude: </b> 59.04257<br/> \n                    <b>Detection Time: </b> 2026-09-30 16:22 UTC<br/> \n                    <b>Sensor: </b> Terra MODIS<br/>\n                    <b>Confidence [0-100%]: </b> 64%<br/> \n                    <b>Day/Night: </b> Night<br/>\n                    <b>Scan: </b> 1.34 km<br/>\n                    <b>Track: </b> 1.15 km<br/>\n                    <b>FRP: </b> 15.99 MW<br/>\n                    <b>Brightness: </b> 305.27 K" }, "geometry": { "type": "Point", "coordinates": [ 59.04257, 53.45548 ] } },
{ "type": "Feature", "properties": { "sensor": "MODIS_C6.1", "description": "<b>Latitude: </b> 51.25752<br/> \n                    <b>Longitude: </b> 58.18133<br/> \n                    <b>Detection Time: </b> 2026-09-30 16:22 UTC<br/> \n                    <b>Sensor: </b> Terra MODIS<br/>\n                    <b>Confidence [0-100%]: </b> 20%<br/> \n                    <b>Day/Night: </b> Night<br/>\n                    <b>Scan: </b> 1.17 km<br/>\n                    <b>Track: </b> 1.08 km<br/>\n                    <b>FRP: </b> 8.75 MW<br/>\n                    <b>Brightness: </b> 301.6 K" }, "geometry": { "type": "Point", "coordinates": [ 58.18133, 51.25752 ] } },
{ "type": "Feature", "properties": { "sensor": "MODIS_C6.1", "description": "<b>Latitude: </b> 51.25925<br/> \n                    <b>Longitude: </b> 58.19791<br/> \n                    <b>Detection Time: </b> 2026-09-30 16:22 UTC<br/> \n                    <b>Sensor: </b> Terra MODIS<br/>\n                    <b>Confidence [0-100%]: </b> 81%<br/> \n                    <b>Day/Night: </b> Night<br/>\n                    <b>Scan: </b> 1.17 km<br/>\n                    <b>Track: </b> 1.08 km<br/>\n                    <b>FRP: </b> 16.11 MW<br/>\n                    <b>Brightness: </b> 310.67 K" }, "geometry": { "type": "Point", "coordinates": [ 58.19791, 51.25925 ] } },
{ "type": "Feature", "properties": { "sensor": "MODIS_C6.1", "description": "<b>Latitude: </b> 51.24293<br/> \n                    <b>Longitude: </b> 58.13489<br/> \n                    <b>Detection Time: </b> 2026-09-30 16:22 UTC<br/> \n                    <b>Sensor: </b> Terra MODIS<br/>\n                    <b>Confidence [0-100%]: </b> 100%<br/> \n                    <b>Day/Night: </b> Night<br/>\n                    <b>Scan: </b> 1.17 km<br/>\n                    <b>Track: </b> 1.08 km<br/>\n                    <b>FRP: </b> 29.83 MW<br/>\n                    <b>Brightness: </b> 323.47 K" }, "geometry": { "type": "Point", "coordinates": [ 58.13489, 51.24293 ] } },
{ "type": "Feature", "properties": { "sensor": "MODIS_C6.1", "description": "<b>Latitude: </b> 51.24464<br/> \n                    <b>Longitude: </b> 58.15119<br/> \n                    <b>Detection Time: </b> 2026-09-30 16:22 UTC<br/> \n                    <b>Sensor: </b> Terra MODIS<br/>\n                    <b>Confidence [0-100%]: </b> 100%<br/> \n                    <b>Day/Night: </b> Night<br/>\n                    <b>Scan: </b> 1.17 km<br/>\n                    <b>Track: </b> 1.08 km<br/>\n                    <b>FRP: </b> 51.62 MW<br/>\n                    <b>Brightness: </b> 337.27 K" }, "geometry": { "type": "Point", "coordinates": [ 58.15119, 51.24464 ] } },
{ "type": "Feature", "properties": { "sensor": "MODIS_C6.1", "description": "<b>Latitude: </b> 51.24635<br/> \n                    <b>Longitude: </b> 58.16751<br/> \n                    <b>Detection Time: </b> 2026-09-30 16:22 UTC<br/> \n                    <b>Sensor: </b> Terra MODIS<br/>\n                    <b>Confidence [0-100%]: </b> 94%<br/> \n                    <b>Day/Night: </b> Night<br/>\n                    <b>Scan: </b> 1.17 km<br/>\n                    <b>Track: </b> 1.08 km<br/>\n                    <b>FRP: </b> 21.11 MW<br/>\n                    <b>Brightness: </b> 316.66 K" }, "geometry": { "type": "Point", "coordinates": [ 58.16751, 51.24635 ] } },
{ "type": "Feature", "properties": { "sensor": "MODIS_C6.1", "description": "<b>Latitude: </b> 51.24806<br/> \n                    <b>Longitude: </b> 58.18387<br/> \n                    <b>Detection Time: </b> 2026-09-30 16:22 UTC<br/> \n                    <b>Sensor: </b> Terra MODIS<br/>\n                    <b>Confidence [0-100%]: </b> 100%<br/> \n                    <b>Day/Night: </b> Night<br/>\n                    <b>Scan: </b> 1.17 km<br/>\n                    <b>Track: </b> 1.08 km<br/>\n                    <b>FRP: </b> 68.02 MW<br/>\n                    <b>Brightness: </b> 344.83 K" }, "geometry": { "type": "Point", "coordinates": [ 58.18387, 51.24806 ] } },
{ "type": "Feature", "properties": { "sensor": "MODIS_C6.1", "description": "<b>Latitude: </b> 51.24979<br/> \n                    <b>Longitude: </b> 58.20037<br/> \n                    <b>Detection Time: </b> 2026-09-30 16:22 UTC<br/> \n                    <b>Sensor: </b> Terra MODIS<br/>\n                    <b>Confidence [0-100%]: </b> 100%<br/> \n                    <b>Day/Night: </b> Night<br/>\n                    <b>Scan: </b> 1.17 km<br/>\n                    <b>Track: </b> 1.08 km<br/>\n                    <b>FRP: </b> 54.21 MW<br/>\n                    <b>Brightness: </b> 338.29 K" }, "geometry": { "type": "Point", "coordinates": [ 58.20037, 51.24979 ] } },
{ "type": "Feature", "properties": { "sensor": "MODIS_C6.1", "description": "<b>Latitude: </b> 51.25837<br/> \n                    <b>Longitude: </b> 58.28291<br/> \n                    <b>Detection Time: </b> 2026-09-30 16:22 UTC<br/> \n                    <b>Sensor: </b> Terra MODIS<br/>\n                    <b>Confidence [0-100%]: </b> 45%<br/> \n                    <b>Day/Night: </b> Night<br/>\n                    <b>Scan: </b> 1.18 km<br/>\n                    <b>Track: </b> 1.08 km<br/>\n                    <b>FRP: </b> 9.14 MW<br/>\n                    <b>Brightness: </b> 301.94 K" }, "geometry": { "type": "Point", "coordinates": [ 58.28291, 51.25837 ] } },
{ "type": "Feature", "properties": { "sensor": "MODIS_C6.1", "description": "<b>Latitude: </b> 51.2318<br/> \n                    <b>Longitude: </b> 58.12122<br/> \n                    <b>Detection Time: </b> 2026-09-30 16:22 UTC<br/> \n                    <b>Sensor: </b> Terra MODIS<br/>\n                    <b>Confidence [0-100%]: </b> 90%<br/> \n                    <b>Day/Night: </b> Night<br/>\n                    <b>Scan: </b> 1.17 km<br/>\n                    <b>Track: </b> 1.07 km<br/>\n                    <b>FRP: </b> 19.84 MW<br/>\n                    <b>Brightness: </b> 314.72 K" }, "geometry": { "type": "Point", "coordinates": [ 58.12122, 51.2318 ] } },
{ "type": "Feature", "properties": { "sensor": "MODIS_C6.1", "description": "<b>Latitude: </b> 51.23349<br/> \n                    <b>Longitude: </b> 58.13743<br/> \n                    <b>Detection Time: </b> 2026-09-30 16:22 UTC<br/> \n                    <b>Sensor: </b> Terra MODIS<br/>\n                    <b>Confidence [0-100%]: </b> 100%<br/> \n                    <b>Day/Night: </b> Night<br/>\n                    <b>Scan: </b> 1.17 km<br/>\n                    <b>Track: </b> 1.08 km<br/>\n                    <b>FRP: </b> 29.77 MW<br/>\n                    <b>Brightness: </b> 323.67 K" }, "geometry": { "type": "Point", "coordinates": [ 58.13743, 51.23349 ] } },
{ "type": "Feature", "properties": { "sensor": "MODIS_C6.1", "description": "<b>Latitude: </b> 51.2352<br/> \n                    <b>Longitude: </b> 58.1537<br/> \n                    <b>Detection Time: </b> 2026-09-30 16:22 UTC<br/> \n                    <b>Sensor: </b> Terra MODIS<br/>\n                    <b>Confidence [0-100%]: </b> 72%<br/> \n                    <b>Day/Night: </b> Night<br/>\n                    <b>Scan: </b> 1.17 km<br/>\n                    <b>Track: </b> 1.08 km<br/>\n                    <b>FRP: </b> 16.96 MW<br/>\n                    <b>Brightness: </b> 312.69 K" }, "geometry": { "type": "Point", "coordinates": [ 58.1537, 51.2352 ] } },
{ "type": "Feature", "properties": { "sensor": "MODIS_C6.1", "description": "<b>Latitude: </b> 51.86603<br/> \n                    <b>Longitude: </b> 54.69793<br/> \n                    <b>Detection Time: </b> 2026-09-30 16:22 UTC<br/> \n                    <b>Sensor: </b> Terra MODIS<br/>\n                    <b>Confidence [0-100%]: </b> 31%<br/> \n                    <b>Day/Night: </b> Night<br/>\n                    <b>Scan: </b> 1.01 km<br/>\n                    <b>Track: </b> 1 km<br/>\n                    <b>FRP: </b> 7.5 MW<br/>\n                    <b>Brightness: </b> 300.64 K" }, "geometry": { "type": "Point", "coordinates": [ 54.69793, 51.86603 ] } },
{ "type": "Feature", "properties": { "sensor": "MODIS_C6.1", "description": "<b>Latitude: </b> 51.87168<br/> \n                    <b>Longitude: </b> 54.74036<br/> \n                    <b>Detection Time: </b> 2026-09-30 16:22 UTC<br/> \n                    <b>Sensor: </b> Terra MODIS<br/>\n                    <b>Confidence [0-100%]: </b> 83%<br/> \n                    <b>Day/Night: </b> Night<br/>\n                    <b>Scan: </b> 1.01 km<br/>\n                    <b>Track: </b> 1 km<br/>\n                    <b>FRP: </b> 14.4 MW<br/>\n                    <b>Brightness: </b> 311.71 K" }, "geometry": { "type": "Point", "coordinates": [ 54.74036, 51.87168 ] } },
{ "type": "Feature", "properties": { "sensor": "MODIS_C6.1", "description": "<b>Latitude: </b> 51.87356<br/> \n                    <b>Longitude: </b> 54.75448<br/> \n                    <b>Detection Time: </b> 2026-09-30 16:22 UTC<br/> \n                    <b>Sensor: </b> Terra MODIS<br/>\n                    <b>Confidence [0-100%]: </b> 77%<br/> \n                    <b>Day/Night: </b> Night<br/>\n                    <b>Scan: </b> 1.01 km<br/>\n                    <b>Track: </b> 1 km<br/>\n                    <b>FRP: </b> 12.85 MW<br/>\n                    <b>Brightness: </b> 309.29 K" }, "geometry": { "type": "Point", "coordinates": [ 54.75448, 51.87356 ] } },
{ "type": "Feature", "properties": { "sensor": "MODIS_C6.1", "description": "<b>Latitude: </b> 51.60464<br/> \n                    <b>Longitude: </b> 52.91954<br/> \n                    <b>Detection Time: </b> 2026-09-30 16:22 UTC<br/> \n                    <b>Sensor: </b> Terra MODIS<br/>\n                    <b>Confidence [0-100%]: </b> 67%<br/> \n                    <b>Day/Night: </b> Night<br/>\n                    <b>Scan: </b> 1.02 km<br/>\n                    <b>Track: </b> 1.01 km<br/>\n                    <b>FRP: </b> 11.25 MW<br/>\n                    <b>Brightness: </b> 306.12 K" }, "geometry": { "type": "Point", "coordinates": [ 52.91954, 51.60464 ] } },
{ "type": "Feature", "properties": { "sensor": "MODIS_C6.1", "description": "<b>Latitude: </b> 51.60677<br/> \n                    <b>Longitude: </b> 52.93365<br/> \n                    <b>Detection Time: </b> 2026-09-30 16:22 UTC<br/> \n                    <b>Sensor: </b> Terra MODIS<br/>\n                    <b>Confidence [0-100%]: </b> 84%<br/> \n                    <b>Day/Night: </b> Night<br/>\n                    <b>Scan: </b> 1.02 km<br/>\n                    <b>Track: </b> 1.01 km<br/>\n                    <b>FRP: </b> 15.51 MW<br/>\n                    <b>Brightness: </b> 312.03 K" }, "geometry": { "type": "Point", "coordinates": [ 52.93365, 51.60677 ] } },
{ "type": "Feature", "properties": { "sensor": "MODIS_C6.1", "description": "<b>Latitude: </b> 51.93174<br/> \n                    <b>Longitude: </b> 58.60371<br/> \n                    <b>Detection Time: </b> 2026-09-30 16:22 UTC<br/> \n                    <b>Sensor: </b> Terra MODIS<br/>\n                    <b>Confidence [0-100%]: </b> 84%<br/> \n                    <b>Day/Night: </b> Night<br/>\n                    <b>Scan: </b> 1.23 km<br/>\n                    <b>Track: </b> 1.1 km<br/>\n                    <b>FRP: </b> 19.12 MW<br/>\n                    <b>Brightness: </b> 312.08 K" }, "geometry": { "type": "Point", "coordinates": [ 58.60371, 51.93174 ] } },
{ "type": "Feature", "properties": { "sensor": "MODIS_C6.1", "description": "<b>Latitude: </b> 51.91234<br/> \n                    <b>Longitude: </b> 58.60876<br/> \n                    <b>Detection Time: </b> 2026-09-30 16:22 UTC<br/> \n                    <b>Sensor: </b> Terra MODIS<br/>\n                    <b>Confidence [0-100%]: </b> 100%<br/> \n                    <b>Day/Night: </b> Night<br/>\n                    <b>Scan: </b> 1.23 km<br/>\n                    <b>Track: </b> 1.1 km<br/>\n                    <b>FRP: </b> 38.5 MW<br/>\n                    <b>Brightness: </b> 327.26 K" }, "geometry": { "type": "Point", "coordinates": [ 58.60876, 51.91234 ] } },
{ "type": "Feature", "properties": { "sensor": "MODIS_C6.1", "description": "<b>Latitude: </b> 51.90926<br/> \n                    <b>Longitude: </b> 58.5974<br/> \n                    <b>Detection Time: </b> 2026-09-30 16:22 UTC<br/> \n                    <b>Sensor: </b> Terra MODIS<br/>\n                    <b>Confidence [0-100%]: </b> 90%<br/> \n                    <b>Day/Night: </b> Night<br/>\n                    <b>Scan: </b> 1.23 km<br/>\n                    <b>Track: </b> 1.1 km<br/>\n                    <b>FRP: </b> 21.85 MW<br/>\n                    <b>Brightness: </b> 315.01 K" }, "geometry": { "type": "Point", "coordinates": [ 58.5974, 51.90926 ] } },
{ "type": "Feature", "properties": { "sensor": "MODIS_C6.1", "description": "<b>Latitude: </b> 51.91102<br/> \n                    <b>Longitude: </b> 58.61478<br/> \n                    <b>Detection Time: </b> 2026-09-30 16:22 UTC<br/> \n                    <b>Sensor: </b> Terra MODIS<br/>\n                    <b>Confidence [0-100%]: </b> 100%<br/> \n                    <b>Day/Night: </b> Night<br/>\n                    <b>Scan: </b> 1.23 km<br/>\n                    <b>Track: </b> 1.1 km<br/>\n                    <b>FRP: </b> 28.12 MW<br/>\n                    <b>Brightness: </b> 320.07 K" }, "geometry": { "type": "Point", "coordinates": [ 58.61478, 51.91102 ] } },
{ "type": "Feature", "properties": { "sensor": "MODIS_C6.1", "description": "<b>Latitude: </b> 51.36206<br/> \n                    <b>Longitude: </b> 54.74971<br/> \n                    <b>Detection Time: </b> 2026-09-30 16:22 UTC<br/> \n                    <b>Sensor: </b> Terra MODIS<br/>\n                    <b>Confidence [0-100%]: </b> 33%<br/> \n                    <b>Day/Night: </b> Night<br/>\n                    <b>Scan: </b> 1 km<br/>\n                    <b>Track: </b> 1 km<br/>\n                    <b>FRP: </b> 16.13 MW<br/>\n                    <b>Brightness: </b> 316.16 K" }, "geometry": { "type": "Point", "coordinates": [ 54.74971, 51.36206 ] } },
{ "type": "Feature", "properties": { "sensor": "MODIS_C6.1", "description": "<b>Latitude: </b> 51.36394<br/> \n                    <b>Longitude: </b> 54.76365<br/> \n                    <b>Detection Time: </b> 2026-09-30 16:22 UTC<br/> \n                    <b>Sensor: </b> Terra MODIS<br/>\n                    <b>Confidence [0-100%]: </b> 100%<br/> \n                    <b>Day/Night: </b> Night<br/>\n                    <b>Scan: </b> 1 km<br/>\n                    <b>Track: </b> 1 km<br/>\n                    <b>FRP: </b> 38.2 MW<br/>\n                    <b>Brightness: </b> 335.42 K" }, "geometry": { "type": "Point", "coordinates": [ 54.76365, 51.36394 ] } },
{ "type": "Feature", "properties": { "sensor": "MODIS_C6.1", "description": "<b>Latitude: </b> 51.35335<br/> \n                    <b>Longitude: </b> 54.75275<br/> \n                    <b>Detection Time: </b> 2026-09-30 16:22 UTC<br/> \n                    <b>Sensor: </b> Terra MODIS<br/>\n                    <b>Confidence [0-100%]: </b> 19%<br/> \n                    <b>Day/Night: </b> Night<br/>\n                    <b>Scan: </b> 1 km<br/>\n                    <b>Track: </b> 1 km<br/>\n                    <b>FRP: </b> 13.95 MW<br/>\n                    <b>Brightness: </b> 313.35 K" }, "geometry": { "type": "Point", "coordinates": [ 54.75275, 51.35335 ] } },
{ "type": "Feature", "properties": { "sensor": "MODIS_C6.1", "description": "<b>Latitude: </b> 51.35523<br/> \n                    <b>Longitude: </b> 54.76668<br/> \n                    <b>Detection Time: </b> 2026-09-30 16:22 UTC<br/> \n                    <b>Sensor: </b> Terra MODIS<br/>\n                    <b>Confidence [0-100%]: </b> 67%<br/> \n                    <b>Day/Night: </b> Night<br/>\n                    <b>Scan: </b> 1 km<br/>\n                    <b>Track: </b> 1 km<br/>\n                    <b>FRP: </b> 24.57 MW<br/>\n                    <b>Brightness: </b> 325 K" }, "geometry": { "type": "Point", "coordinates": [ 54.76668, 51.35523 ] } },
{ "type": "Feature", "properties": { "sensor": "MODIS_C6.1", "description": "<b>Latitude: </b> 51.34464<br/> \n                    <b>Longitude: </b> 54.75578<br/> \n                    <b>Detection Time: </b> 2026-09-30 16:22 UTC<br/> \n                    <b>Sensor: </b> Terra MODIS<br/>\n                    <b>Confidence [0-100%]: </b> 100%<br/> \n                    <b>Day/Night: </b> Night<br/>\n                    <b>Scan: </b> 1 km<br/>\n                    <b>Track: </b> 1 km<br/>\n                    <b>FRP: </b> 26.41 MW<br/>\n                    <b>Brightness: </b> 324.83 K" }, "geometry": { "type": "Point", "coordinates": [ 54.75578, 51.34464 ] } },
{ "type": "Feature", "properties": { "sensor": "MODIS_C6.1", "description": "<b>Latitude: </b> 51.34652<br/> \n                    <b>Longitude: </b> 54.76971<br/> \n                    <b>Detection Time: </b> 2026-09-30 16:22 UTC<br/> \n                    <b>Sensor: </b> Terra MODIS<br/>\n                    <b>Confidence [0-100%]: </b> 62%<br/> \n                    <b>Day/Night: </b> Night<br/>\n                    <b>Scan: </b> 1 km<br/>\n                    <b>Track: </b> 1 km<br/>\n                    <b>FRP: </b> 10.98 MW<br/>\n                    <b>Brightness: </b> 307.24 K" }, "geometry": { "type": "Point", "coordinates": [ 54.76971, 51.34652 ] } },
{ "type": "Feature", "properties": { "sensor": "MODIS_C6.1", "description": "<b>Latitude: </b> 51.43211<br/> \n                    <b>Longitude: </b> 57.73723<br/> \n                    <b>Detection Time: </b> 2026-09-30 16:22 UTC<br/> \n                    <b>Sensor: </b> Terra MODIS<br/>\n                    <b>Confidence [0-100%]: </b> 83%<br/> \n                    <b>Day/Night: </b> Night<br/>\n                    <b>Scan: </b> 1.14 km<br/>\n                    <b>Track: </b> 1.06 km<br/>\n                    <b>FRP: </b> 17.54 MW<br/>\n                    <b>Brightness: </b> 311.65 K" }, "geometry": { "type": "Point", "coordinates": [ 57.73723, 51.43211 ] } },
{ "type": "Feature", "properties": { "sensor": "MODIS_C6.1", "description": "<b>Latitude: </b> 51.43386<br/> \n                    <b>Longitude: </b> 57.75325<br/> \n                    <b>Detection Time: </b> 2026-09-30 16:22 UTC<br/> \n                    <b>Sensor: </b> Terra MODIS<br/>\n                    <b>Confidence [0-100%]: </b> 92%<br/> \n                    <b>Day/Night: </b> Night<br/>\n                    <b>Scan: </b> 1.14 km<br/>\n                    <b>Track: </b> 1.06 km<br/>\n                    <b>FRP: </b> 21.65 MW<br/>\n                    <b>Brightness: </b> 315.81 K" }, "geometry": { "type": "Point", "coordinates": [ 57.75325, 51.43386 ] } },
{ "type": "Feature", "properties": { "sensor": "MODIS_C6.1", "description": "<b>Latitude: </b> 51.286<br/> \n                    <b>Longitude: </b> 58.36102<br/> \n                    <b>Detection Time: </b> 2026-09-30 16:22 UTC<br/> \n                    <b>Sensor: </b> Terra MODIS<br/>\n                    <b>Confidence [0-100%]: </b> 74%<br/> \n                    <b>Day/Night: </b> Night<br/>\n                    <b>Scan: </b> 1.19 km<br/>\n                    <b>Track: </b> 1.08 km<br/>\n                    <b>FRP: </b> 13.76 MW<br/>\n                    <b>Brightness: </b> 308.17 K" }, "geometry": { "type": "Point", "coordinates": [ 58.36102, 51.286 ] } },
{ "type": "Feature", "properties": { "sensor": "MODIS_C6.1", "description": "<b>Latitude: </b> 60.84293<br/> \n                    <b>Longitude: </b> 70.78642<br/> \n                    <b>Detection Time: </b> 2026-09-30 14:44 UTC<br/> \n                    <b>Sensor: </b> Terra MODIS<br/>\n                    <b>Confidence [0-100%]: </b> 56%<br/> \n                    <b>Day/Night: </b> Night<br/>\n                    <b>Scan: </b> 1.06 km<br/>\n                    <b>Track: </b> 1.03 km<br/>\n                    <b>FRP: </b> 10.53 MW<br/>\n                    <b>Brightness: </b> 303.59 K" }, "geometry": { "type": "Point", "coordinates": [ 70.78642, 60.84293 ] } },
{ "type": "Feature", "properties": { "sensor": "MODIS_C6.1", "description": "<b>Latitude: </b> 60.86724<br/> \n                    <b>Longitude: </b> 71.28077<br/> \n                    <b>Detection Time: </b> 2026-09-30 14:44 UTC<br/> \n                    <b>Sensor: </b> Terra MODIS<br/>\n                    <b>Confidence [0-100%]: </b> 38%<br/> \n                    <b>Day/Night: </b> Night<br/>\n                    <b>Scan: </b> 1.04 km<br/>\n                    <b>Track: </b> 1.02 km<br/>\n                    <b>FRP: </b> 8.85 MW<br/>\n                    <b>Brightness: </b> 301.13 K" }, "geometry": { "type": "Point", "coordinates": [ 71.28077, 60.86724 ] } },
{ "type": "Feature", "properties": { "sensor": "MODIS_C6.1", "description": "<b>Latitude: </b> 59.89044<br/> \n                    <b>Longitude: </b> 71.72813<br/> \n                    <b>Detection Time: </b> 2026-09-30 14:44 UTC<br/> \n                    <b>Sensor: </b> Terra MODIS<br/>\n                    <b>Confidence [0-100%]: </b> 53%<br/> \n                    <b>Day/Night: </b> Night<br/>\n                    <b>Scan: </b> 1.05 km<br/>\n                    <b>Track: </b> 1.02 km<br/>\n                    <b>FRP: </b> 10.19 MW<br/>\n                    <b>Brightness: </b> 303.06 K" }, "geometry": { "type": "Point", "coordinates": [ 71.72813, 59.89044 ] } },
{ "type": "Feature", "properties": { "sensor": "MODIS_C6.1", "description": "<b>Latitude: </b> 57.42644<br/> \n                    <b>Longitude: </b> 78.68727<br/> \n                    <b>Detection Time: </b> 2026-09-30 14:44 UTC<br/> \n                    <b>Sensor: </b> Terra MODIS<br/>\n                    <b>Confidence [0-100%]: </b> 63%<br/> \n                    <b>Day/Night: </b> Night<br/>\n                    <b>Scan: </b> 1.06 km<br/>\n                    <b>Track: </b> 1.03 km<br/>\n                    <b>FRP: </b> 11.99 MW<br/>\n                    <b>Brightness: </b> 305.09 K" }, "geometry": { "type": "Point", "coordinates": [ 78.68727, 57.42644 ] } },
{ "type": "Feature", "properties": { "sensor": "MODIS_C6.1", "description": "<b>Latitude: </b> 57.42847<br/> \n                    <b>Longitude: </b> 78.70442<br/> \n                    <b>Detection Time: </b> 2026-09-30 14:44 UTC<br/> \n                    <b>Sensor: </b> Terra MODIS<br/>\n                    <b>Confidence [0-100%]: </b> 23%<br/> \n                    <b>Day/Night: </b> Night<br/>\n                    <b>Scan: </b> 1.06 km<br/>\n                    <b>Track: </b> 1.03 km<br/>\n                    <b>FRP: </b> 9.21 MW<br/>\n                    <b>Brightness: </b> 300.26 K" }, "geometry": { "type": "Point", "coordinates": [ 78.70442, 57.42847 ] } },
{ "type": "Feature", "properties": { "sensor": "MODIS_C6.1", "description": "<b>Latitude: </b> 46.93407<br/> \n                    <b>Longitude: </b> 30.10188<br/> \n                    <b>Detection Time: </b> 2026-09-30 13:44 UTC<br/> \n                    <b>Sensor: </b> Aqua MODIS<br/>\n                    <b>Confidence [0-100%]: </b> 58%<br/> \n                    <b>Day/Night: </b> Day<br/>\n                    <b>Scan: </b> 2.42 km<br/>\n                    <b>Track: </b> 1.5 km<br/>\n                    <b>FRP: </b> 14.91 MW<br/>\n                    <b>Brightness: </b> 304.17 K" }, "geometry": { "type": "Point", "coordinates": [ 30.10188, 46.93407 ] } },
{ "type": "Feature", "properties": { "sensor": "MODIS_C6.1", "description": "<b>Latitude: </b> 45.5236<br/> \n                    <b>Longitude: </b> 28.7944<br/> \n                    <b>Detection Time: </b> 2026-09-30 13:44 UTC<br/> \n                    <b>Sensor: </b> Aqua MODIS<br/>\n                    <b>Confidence [0-100%]: </b> 73%<br/> \n                    <b>Day/Night: </b> Day<br/>\n                    <b>Scan: </b> 1.96 km<br/>\n                    <b>Track: </b> 1.37 km<br/>\n                    <b>FRP: </b> 25 MW<br/>\n                    <b>Brightness: </b> 313.1 K" }, "geometry": { "type": "Point", "coordinates": [ 28.7944, 45.5236 ] } },
{ "type": "Feature", "properties": { "sensor": "MODIS_C6.1", "description": "<b>Latitude: </b> 46.92498<br/> \n                    <b>Longitude: </b> 30.10806<br/> \n                    <b>Detection Time: </b> 2026-09-30 13:44 UTC<br/> \n                    <b>Sensor: </b> Aqua MODIS<br/>\n                    <b>Confidence [0-100%]: </b> 56%<br/> \n                    <b>Day/Night: </b> Day<br/>\n                    <b>Scan: </b> 2.42 km<br/>\n                    <b>Track: </b> 1.5 km<br/>\n                    <b>FRP: </b> 12.9 MW<br/>\n                    <b>Brightness: </b> 303.55 K" }, "geometry": { "type": "Point", "coordinates": [ 30.10806, 46.92498 ] } },
{ "type": "Feature", "properties": { "sensor": "MODIS_C6.1", "description": "<b>Latitude: </b> 45.52554<br/> \n                    <b>Longitude: </b> 28.81877<br/> \n                    <b>Detection Time: </b> 2026-09-30 13:44 UTC<br/> \n                    <b>Sensor: </b> Aqua MODIS<br/>\n                    <b>Confidence [0-100%]: </b> 99%<br/> \n                    <b>Day/Night: </b> Day<br/>\n                    <b>Scan: </b> 1.96 km<br/>\n                    <b>Track: </b> 1.37 km<br/>\n                    <b>FRP: </b> 206.66 MW<br/>\n                    <b>Brightness: </b> 357.25 K" }, "geometry": { "type": "Point", "coordinates": [ 28.81877, 45.52554 ] } },
{ "type": "Feature", "properties": { "sensor": "MODIS_C6.1", "description": "<b>Latitude: </b> 62.35971<br/> \n                    <b>Longitude: </b> 113.67621<br/> \n                    <b>Detection Time: </b> 2026-09-30 13:06 UTC<br/> \n                    <b>Sensor: </b> Terra MODIS<br/>\n                    <b>Confidence [0-100%]: </b> 59%<br/> \n                    <b>Day/Night: </b> Night<br/>\n                    <b>Scan: </b> 2.76 km<br/>\n                    <b>Track: </b> 1.59 km<br/>\n                    <b>FRP: </b> 51.03 MW<br/>\n                    <b>Brightness: </b> 304.11 K" }, "geometry": { "type": "Point", "coordinates": [ 113.67621, 62.35971 ] } },
{ "type": "Feature", "properties": { "sensor": "MODIS_C6.1", "description": "<b>Latitude: </b> 52.5417<br/> \n                    <b>Longitude: </b> 40.06022<br/> \n                    <b>Detection Time: </b> 2026-09-30 12:08 UTC<br/> \n                    <b>Sensor: </b> Aqua MODIS<br/>\n                    <b>Confidence [0-100%]: </b> 84%<br/> \n                    <b>Day/Night: </b> Day<br/>\n                    <b>Scan: </b> 1.06 km<br/>\n                    <b>Track: </b> 1.03 km<br/>\n                    <b>FRP: </b> 26.35 MW<br/>\n                    <b>Brightness: </b> 325.97 K" }, "geometry": { "type": "Point", "coordinates": [ 40.06022, 52.5417 ] } },
{ "type": "Feature", "properties": { "sensor": "MODIS_C6.1", "description": "<b>Latitude: </b> 51.26767<br/> \n                    <b>Longitude: </b> 35.0093<br/> \n                    <b>Detection Time: </b> 2026-09-30 12:08 UTC<br/> \n                    <b>Sensor: </b> Aqua MODIS<br/>\n                    <b>Confidence [0-100%]: </b> 58%<br/> \n                    <b>Day/Night: </b> Day<br/>\n                    <b>Scan: </b> 1.72 km<br/>\n                    <b>Track: </b> 1.29 km<br/>\n                    <b>FRP: </b> 15.25 MW<br/>\n                    <b>Brightness: </b> 305.56 K" }, "geometry": { "type": "Point", "coordinates": [ 35.0093, 51.26767 ] } },
{ "type": "Feature", "properties": { "sensor": "MODIS_C6.1", "description": "<b>Latitude: </b> 52.55445<br/> \n                    <b>Longitude: </b> 32.23997<br/> \n                    <b>Detection Time: </b> 2026-09-30 12:08 UTC<br/> \n                    <b>Sensor: </b> Aqua MODIS<br/>\n                    <b>Confidence [0-100%]: </b> 51%<br/> \n                    <b>Day/Night: </b> Day<br/>\n                    <b>Scan: </b> 2.1 km<br/>\n                    <b>Track: </b> 1.41 km<br/>\n                    <b>FRP: </b> 14.21 MW<br/>\n                    <b>Brightness: </b> 302.21 K" }, "geometry": { "type": "Point", "coordinates": [ 32.23997, 52.55445 ] } },
{ "type": "Feature", "properties": { "sensor": "MODIS_C6.1", "description": "<b>Latitude: </b> 54.57144<br/> \n                    <b>Longitude: </b> 42.80073<br/> \n                    <b>Detection Time: </b> 2026-09-30 12:08 UTC<br/> \n                    <b>Sensor: </b> Aqua MODIS<br/>\n                    <b>Confidence [0-100%]: </b> 51%<br/> \n                    <b>Day/Night: </b> Day<br/>\n                    <b>Scan: </b> 1.02 km<br/>\n                    <b>Track: </b> 1.01 km<br/>\n                    <b>FRP: </b> 6.38 MW<br/>\n                    <b>Brightness: </b> 302.15 K" }, "geometry": { "type": "Point", "coordinates": [ 42.80073, 54.57144 ] } },
{ "type": "Feature", "properties": { "sensor": "MODIS_C6.1", "description": "<b>Latitude: </b> 52.54515<br/> \n                    <b>Longitude: </b> 32.24218<br/> \n                    <b>Detection Time: </b> 2026-09-30 12:08 UTC<br/> \n                    <b>Sensor: </b> Aqua MODIS<br/>\n                    <b>Confidence [0-100%]: </b> 68%<br/> \n                    <b>Day/Night: </b> Day<br/>\n                    <b>Scan: </b> 2.1 km<br/>\n                    <b>Track: </b> 1.41 km<br/>\n                    <b>FRP: </b> 27.42 MW<br/>\n                    <b>Brightness: </b> 309.09 K" }, "geometry": { "type": "Point", "coordinates": [ 32.24218, 52.54515 ] } },
{ "type": "Feature", "properties": { "sensor": "MODIS_C6.1", "description": "<b>Latitude: </b> 55.40146<br/> \n                    <b>Longitude: </b> 42.32834<br/> \n                    <b>Detection Time: </b> 2026-09-30 12:08 UTC<br/> \n                    <b>Sensor: </b> Aqua MODIS<br/>\n                    <b>Confidence [0-100%]: </b> 51%<br/> \n                    <b>Day/Night: </b> Day<br/>\n                    <b>Scan: </b> 1.01 km<br/>\n                    <b>Track: </b> 1.01 km<br/>\n                    <b>FRP: </b> 6.05 MW<br/>\n                    <b>Brightness: </b> 302.33 K" }, "geometry": { "type": "Point", "coordinates": [ 42.32834, 55.40146 ] } },
{ "type": "Feature", "properties": { "sensor": "MODIS_C6.1", "description": "<b>Latitude: </b> 53.52089<br/> \n                    <b>Longitude: </b> 40.91247<br/> \n                    <b>Detection Time: </b> 2026-09-30 12:08 UTC<br/> \n                    <b>Sensor: </b> Aqua MODIS<br/>\n                    <b>Confidence [0-100%]: </b> 41%<br/> \n                    <b>Day/Night: </b> Day<br/>\n                    <b>Scan: </b> 1.01 km<br/>\n                    <b>Track: </b> 1.01 km<br/>\n                    <b>FRP: </b> 5.05 MW<br/>\n                    <b>Brightness: </b> 301.85 K" }, "geometry": { "type": "Point", "coordinates": [ 40.91247, 53.52089 ] } },
{ "type": "Feature", "properties": { "sensor": "MODIS_C6.1", "description": "<b>Latitude: </b> 52.19891<br/> \n                    <b>Longitude: </b> 34.04101<br/> \n                    <b>Detection Time: </b> 2026-09-30 12:08 UTC<br/> \n                    <b>Sensor: </b> Aqua MODIS<br/>\n                    <b>Confidence [0-100%]: </b> 49%<br/> \n                    <b>Day/Night: </b> Day<br/>\n                    <b>Scan: </b> 1.79 km<br/>\n                    <b>Track: </b> 1.31 km<br/>\n                    <b>FRP: </b> 11.1 MW<br/>\n                    <b>Brightness: </b> 301.94 K" }, "geometry": { "type": "Point", "coordinates": [ 34.04101, 52.19891 ] } },
{ "type": "Feature", "properties": { "sensor": "MODIS_C6.1", "description": "<b>Latitude: </b> 52.19344<br/> \n                    <b>Longitude: </b> 34.01693<br/> \n                    <b>Detection Time: </b> 2026-09-30 12:08 UTC<br/> \n                    <b>Sensor: </b> Aqua MODIS<br/>\n                    <b>Confidence [0-100%]: </b> 33%<br/> \n                    <b>Day/Night: </b> Day<br/>\n                    <b>Scan: </b> 1.79 km<br/>\n                    <b>Track: </b> 1.31 km<br/>\n                    <b>FRP: </b> 9.2 MW<br/>\n                    <b>Brightness: </b> 300.47 K" }, "geometry": { "type": "Point", "coordinates": [ 34.01693, 52.19344 ] } },
{ "type": "Feature", "properties": { "sensor": "MODIS_C6.1", "description": "<b>Latitude: </b> 52.19612<br/> \n                    <b>Longitude: </b> 34.03838<br/> \n                    <b>Detection Time: </b> 2026-09-30 12:08 UTC<br/> \n                    <b>Sensor: </b> Aqua MODIS<br/>\n                    <b>Confidence [0-100%]: </b> 58%<br/> \n                    <b>Day/Night: </b> Day<br/>\n                    <b>Scan: </b> 1.79 km<br/>\n                    <b>Track: </b> 1.31 km<br/>\n                    <b>FRP: </b> 15.4 MW<br/>\n                    <b>Brightness: </b> 304.17 K" }, "geometry": { "type": "Point", "coordinates": [ 34.03838, 52.19612 ] } },
{ "type": "Feature", "properties": { "sensor": "MODIS_C6.1", "description": "<b>Latitude: </b> 53.05177<br/> \n                    <b>Longitude: </b> 35.90733<br/> \n                    <b>Detection Time: </b> 2026-09-30 12:08 UTC<br/> \n                    <b>Sensor: </b> Aqua MODIS<br/>\n                    <b>Confidence [0-100%]: </b> 41%<br/> \n                    <b>Day/Night: </b> Day<br/>\n                    <b>Scan: </b> 1.4 km<br/>\n                    <b>Track: </b> 1.17 km<br/>\n                    <b>FRP: </b> 6.67 MW<br/>\n                    <b>Brightness: </b> 300.74 K" }, "geometry": { "type": "Point", "coordinates": [ 35.90733, 53.05177 ] } },
{ "type": "Feature", "properties": { "sensor": "MODIS_C6.1", "description": "<b>Latitude: </b> 52.55299<br/> \n                    <b>Longitude: </b> 40.07093<br/> \n                    <b>Detection Time: </b> 2026-09-30 12:08 UTC<br/> \n                    <b>Sensor: </b> Aqua MODIS<br/>\n                    <b>Confidence [0-100%]: </b> 41%<br/> \n                    <b>Day/Night: </b> Day<br/>\n                    <b>Scan: </b> 1.06 km<br/>\n                    <b>Track: </b> 1.03 km<br/>\n                    <b>FRP: </b> 5.29 MW<br/>\n                    <b>Brightness: </b> 302.11 K" }, "geometry": { "type": "Point", "coordinates": [ 40.07093, 52.55299 ] } },
{ "type": "Feature", "properties": { "sensor": "MODIS_C6.1", "description": "<b>Latitude: </b> 52.55043<br/> \n                    <b>Longitude: </b> 40.0561<br/> \n                    <b>Detection Time: </b> 2026-09-30 12:08 UTC<br/> \n                    <b>Sensor: </b> Aqua MODIS<br/>\n                    <b>Confidence [0-100%]: </b> 91%<br/> \n                    <b>Day/Night: </b> Day<br/>\n                    <b>Scan: </b> 1.06 km<br/>\n                    <b>Track: </b> 1.03 km<br/>\n                    <b>FRP: </b> 44.27 MW<br/>\n                    <b>Brightness: </b> 337.84 K" }, "geometry": { "type": "Point", "coordinates": [ 40.0561, 52.55043 ] } },
{ "type": "Feature", "properties": { "sensor": "MODIS_C6.1", "description": "<b>Latitude: </b> 52.54788<br/> \n                    <b>Longitude: </b> 40.0413<br/> \n                    <b>Detection Time: </b> 2026-09-30 12:08 UTC<br/> \n                    <b>Sensor: </b> Aqua MODIS<br/>\n                    <b>Confidence [0-100%]: </b> 46%<br/> \n                    <b>Day/Night: </b> Day<br/>\n                    <b>Scan: </b> 1.06 km<br/>\n                    <b>Track: </b> 1.03 km<br/>\n                    <b>FRP: </b> 5.57 MW<br/>\n                    <b>Brightness: </b> 302.67 K" }, "geometry": { "type": "Point", "coordinates": [ 40.0413, 52.54788 ] } },
{ "type": "Feature", "properties": { "sensor": "MODIS_C6.1", "description": "<b>Latitude: </b> 52.53296<br/> \n                    <b>Longitude: </b> 39.62742<br/> \n                    <b>Detection Time: </b> 2026-09-30 12:08 UTC<br/> \n                    <b>Sensor: </b> Aqua MODIS<br/>\n                    <b>Confidence [0-100%]: </b> 34%<br/> \n                    <b>Day/Night: </b> Day<br/>\n                    <b>Scan: </b> 1.09 km<br/>\n                    <b>Track: </b> 1.04 km<br/>\n                    <b>FRP: </b> 5.81 MW<br/>\n                    <b>Brightness: </b> 303.44 K" }, "geometry": { "type": "Point", "coordinates": [ 39.62742, 52.53296 ] } },
{ "type": "Feature", "properties": { "sensor": "MODIS_C6.1", "description": "<b>Latitude: </b> 52.55189<br/> \n                    <b>Longitude: </b> 39.58054<br/> \n                    <b>Detection Time: </b> 2026-09-30 12:08 UTC<br/> \n                    <b>Sensor: </b> Aqua MODIS<br/>\n                    <b>Confidence [0-100%]: </b> 72%<br/> \n                    <b>Day/Night: </b> Day<br/>\n                    <b>Scan: </b> 1.09 km<br/>\n                    <b>Track: </b> 1.04 km<br/>\n                    <b>FRP: </b> 63.36 MW<br/>\n                    <b>Brightness: </b> 346.59 K" }, "geometry": { "type": "Point", "coordinates": [ 39.58054, 52.55189 ] } },
{ "type": "Feature", "properties": { "sensor": "MODIS_C6.1", "description": "<b>Latitude: </b> 52.5492<br/> \n                    <b>Longitude: </b> 39.56537<br/> \n                    <b>Detection Time: </b> 2026-09-30 12:08 UTC<br/> \n                    <b>Sensor: </b> Aqua MODIS<br/>\n                    <b>Confidence [0-100%]: </b> 85%<br/> \n                    <b>Day/Night: </b> Day<br/>\n                    <b>Scan: </b> 1.09 km<br/>\n                    <b>Track: </b> 1.04 km<br/>\n                    <b>FRP: </b> 44.12 MW<br/>\n                    <b>Brightness: </b> 336.74 K" }, "geometry": { "type": "Point", "coordinates": [ 39.56537, 52.5492 ] } },
{ "type": "Feature", "properties": { "sensor": "MODIS_C6.1", "description": "<b>Latitude: </b> 52.55801<br/> \n                    <b>Longitude: </b> 39.56107<br/> \n                    <b>Detection Time: </b> 2026-09-30 12:08 UTC<br/> \n                    <b>Sensor: </b> Aqua MODIS<br/>\n                    <b>Confidence [0-100%]: </b> 48%<br/> \n                    <b>Day/Night: </b> Day<br/>\n                    <b>Scan: </b> 1.09 km<br/>\n                    <b>Track: </b> 1.04 km<br/>\n                    <b>FRP: </b> 6.04 MW<br/>\n                    <b>Brightness: </b> 302.07 K" }, "geometry": { "type": "Point", "coordinates": [ 39.56107, 52.55801 ] } },
{ "type": "Feature", "properties": { "sensor": "MODIS_C6.1", "description": "<b>Latitude: </b> 51.25836<br/> \n                    <b>Longitude: </b> 35.0192<br/> \n                    <b>Detection Time: </b> 2026-09-30 12:08 UTC<br/> \n                    <b>Sensor: </b> Aqua MODIS<br/>\n                    <b>Confidence [0-100%]: </b> 55%<br/> \n                    <b>Day/Night: </b> Day<br/>\n                    <b>Scan: </b> 1.72 km<br/>\n                    <b>Track: </b> 1.29 km<br/>\n                    <b>FRP: </b> 11.1 MW<br/>\n                    <b>Brightness: </b> 303.28 K" }, "geometry": { "type": "Point", "coordinates": [ 35.0192, 51.25836 ] } },
{ "type": "Feature", "properties": { "sensor": "MODIS_C6.1", "description": "<b>Latitude: </b> 53.02673<br/> \n                    <b>Longitude: </b> 32.99548<br/> \n                    <b>Detection Time: </b> 2026-09-30 12:08 UTC<br/> \n                    <b>Sensor: </b> Aqua MODIS<br/>\n                    <b>Confidence [0-100%]: </b> 50%<br/> \n                    <b>Day/Night: </b> Day<br/>\n                    <b>Scan: </b> 1.87 km<br/>\n                    <b>Track: </b> 1.34 km<br/>\n                    <b>FRP: </b> 11.16 MW<br/>\n                    <b>Brightness: </b> 302.28 K" }, "geometry": { "type": "Point", "coordinates": [ 32.99548, 53.02673 ] } },
{ "type": "Feature", "properties": { "sensor": "MODIS_C6.1", "description": "<b>Latitude: </b> 53.51231<br/> \n                    <b>Longitude: </b> 40.91638<br/> \n                    <b>Detection Time: </b> 2026-09-30 12:08 UTC<br/> \n                    <b>Sensor: </b> Aqua MODIS<br/>\n                    <b>Confidence [0-100%]: </b> 69%<br/> \n                    <b>Day/Night: </b> Day<br/>\n                    <b>Scan: </b> 1.01 km<br/>\n                    <b>Track: </b> 1.01 km<br/>\n                    <b>FRP: </b> 10.28 MW<br/>\n                    <b>Brightness: </b> 309.78 K" }, "geometry": { "type": "Point", "coordinates": [ 40.91638, 53.51231 ] } },
{ "type": "Feature", "properties": { "sensor": "MODIS_C6.1", "description": "<b>Latitude: </b> 51.16135<br/> \n                    <b>Longitude: </b> 35.23531<br/> \n                    <b>Detection Time: </b> 2026-09-30 12:08 UTC<br/> \n                    <b>Sensor: </b> Aqua MODIS<br/>\n                    <b>Confidence [0-100%]: </b> 48%<br/> \n                    <b>Day/Night: </b> Day<br/>\n                    <b>Scan: </b> 1.69 km<br/>\n                    <b>Track: </b> 1.28 km<br/>\n                    <b>FRP: </b> 9.95 MW<br/>\n                    <b>Brightness: </b> 301.62 K" }, "geometry": { "type": "Point", "coordinates": [ 35.23531, 51.16135 ] } },
{ "type": "Feature", "properties": { "sensor": "MODIS_C6.1", "description": "<b>Latitude: </b> 51.06582<br/> \n                    <b>Longitude: </b> 35.34425<br/> \n                    <b>Detection Time: </b> 2026-09-30 12:08 UTC<br/> \n                    <b>Sensor: </b> Aqua MODIS<br/>\n                    <b>Confidence [0-100%]: </b> 43%<br/> \n                    <b>Day/Night: </b> Day<br/>\n                    <b>Scan: </b> 1.68 km<br/>\n                    <b>Track: </b> 1.28 km<br/>\n                    <b>FRP: </b> 9.52 MW<br/>\n                    <b>Brightness: </b> 300.92 K" }, "geometry": { "type": "Point", "coordinates": [ 35.34425, 51.06582 ] } },
{ "type": "Feature", "properties": { "sensor": "MODIS_C6.1", "description": "<b>Latitude: </b> 53.02073<br/> \n                    <b>Longitude: </b> 32.96975<br/> \n                    <b>Detection Time: </b> 2026-09-30 12:08 UTC<br/> \n                    <b>Sensor: </b> Aqua MODIS<br/>\n                    <b>Confidence [0-100%]: </b> 41%<br/> \n                    <b>Day/Night: </b> Day<br/>\n                    <b>Scan: </b> 1.88 km<br/>\n                    <b>Track: </b> 1.34 km<br/>\n                    <b>FRP: </b> 9.95 MW<br/>\n                    <b>Brightness: </b> 301.41 K" }, "geometry": { "type": "Point", "coordinates": [ 32.96975, 53.02073 ] } },
{ "type": "Feature", "properties": { "sensor": "MODIS_C6.1", "description": "<b>Latitude: </b> 53.02236<br/> \n                    <b>Longitude: </b> 32.99097<br/> \n                    <b>Detection Time: </b> 2026-09-30 12:08 UTC<br/> \n                    <b>Sensor: </b> Aqua MODIS<br/>\n                    <b>Confidence [0-100%]: </b> 62%<br/> \n                    <b>Day/Night: </b> Day<br/>\n                    <b>Scan: </b> 1.87 km<br/>\n                    <b>Track: </b> 1.34 km<br/>\n                    <b>FRP: </b> 16.91 MW<br/>\n                    <b>Brightness: </b> 305.54 K" }, "geometry": { "type": "Point", "coordinates": [ 32.99097, 53.02236 ] } },
{ "type": "Feature", "properties": { "sensor": "MODIS_C6.1", "description": "<b>Latitude: </b> 53.67393<br/> \n                    <b>Longitude: </b> 33.26711<br/> \n                    <b>Detection Time: </b> 2026-09-30 12:08 UTC<br/> \n                    <b>Sensor: </b> Aqua MODIS<br/>\n                    <b>Confidence [0-100%]: </b> 51%<br/> \n                    <b>Day/Night: </b> Day<br/>\n                    <b>Scan: </b> 1.74 km<br/>\n                    <b>Track: </b> 1.29 km<br/>\n                    <b>FRP: </b> 11.96 MW<br/>\n                    <b>Brightness: </b> 302.23 K" }, "geometry": { "type": "Point", "coordinates": [ 33.26711, 53.67393 ] } },
{ "type": "Feature", "properties": { "sensor": "MODIS_C6.1", "description": "<b>Latitude: </b> 52.53913<br/> \n                    <b>Longitude: </b> 40.04538<br/> \n                    <b>Detection Time: </b> 2026-09-30 12:08 UTC<br/> \n                    <b>Sensor: </b> Aqua MODIS<br/>\n                    <b>Confidence [0-100%]: </b> 31%<br/> \n                    <b>Day/Night: </b> Day<br/>\n                    <b>Scan: </b> 1.06 km<br/>\n                    <b>Track: </b> 1.03 km<br/>\n                    <b>FRP: </b> 5 MW<br/>\n                    <b>Brightness: </b> 302.12 K" }, "geometry": { "type": "Point", "coordinates": [ 40.04538, 52.53913 ] } },
{ "type": "Feature", "properties": { "sensor": "MODIS_C6.1", "description": "<b>Latitude: </b> 48.09351<br/> \n                    <b>Longitude: </b> 42.46656<br/> \n                    <b>Detection Time: </b> 2026-09-30 12:06 UTC<br/> \n                    <b>Sensor: </b> Aqua MODIS<br/>\n                    <b>Confidence [0-100%]: </b> 39%<br/> \n                    <b>Day/Night: </b> Day<br/>\n                    <b>Scan: </b> 1.05 km<br/>\n                    <b>Track: </b> 1.02 km<br/>\n                    <b>FRP: </b> 4.39 MW<br/>\n                    <b>Brightness: </b> 301.55 K" }, "geometry": { "type": "Point", "coordinates": [ 42.46656, 48.09351 ] } },
{ "type": "Feature", "properties": { "sensor": "MODIS_C6.1", "description": "<b>Latitude: </b> 48.09576<br/> \n                    <b>Longitude: </b> 42.47999<br/> \n                    <b>Detection Time: </b> 2026-09-30 12:06 UTC<br/> \n                    <b>Sensor: </b> Aqua MODIS<br/>\n                    <b>Confidence [0-100%]: </b> 54%<br/> \n                    <b>Day/Night: </b> Day<br/>\n                    <b>Scan: </b> 1.05 km<br/>\n                    <b>Track: </b> 1.02 km<br/>\n                    <b>FRP: </b> 5.61 MW<br/>\n                    <b>Brightness: </b> 303.97 K" }, "geometry": { "type": "Point", "coordinates": [ 42.47999, 48.09576 ] } },
{ "type": "Feature", "properties": { "sensor": "MODIS_C6.1", "description": "<b>Latitude: </b> 48.10888<br/> \n                    <b>Longitude: </b> 43.54713<br/> \n                    <b>Detection Time: </b> 2026-09-30 12:06 UTC<br/> \n                    <b>Sensor: </b> Aqua MODIS<br/>\n                    <b>Confidence [0-100%]: </b> 62%<br/> \n                    <b>Day/Night: </b> Day<br/>\n                    <b>Scan: </b> 1.01 km<br/>\n                    <b>Track: </b> 1 km<br/>\n                    <b>FRP: </b> 4.68 MW<br/>\n                    <b>Brightness: </b> 306.62 K" }, "geometry": { "type": "Point", "coordinates": [ 43.54713, 48.10888 ] } },
{ "type": "Feature", "properties": { "sensor": "MODIS_C6.1", "description": "<b>Latitude: </b> 47.01225<br/> \n                    <b>Longitude: </b> 42.95217<br/> \n                    <b>Detection Time: </b> 2026-09-30 12:06 UTC<br/> \n                    <b>Sensor: </b> Aqua MODIS<br/>\n                    <b>Confidence [0-100%]: </b> 48%<br/> \n                    <b>Day/Night: </b> Day<br/>\n                    <b>Scan: </b> 1.05 km<br/>\n                    <b>Track: </b> 1.02 km<br/>\n                    <b>FRP: </b> 9.3 MW<br/>\n                    <b>Brightness: </b> 307.7 K" }, "geometry": { "type": "Point", "coordinates": [ 42.95217, 47.01225 ] } },
{ "type": "Feature", "properties": { "sensor": "MODIS_C6.1", "description": "<b>Latitude: </b> 47.05821<br/> \n                    <b>Longitude: </b> 33.33242<br/> \n                    <b>Detection Time: </b> 2026-09-30 12:06 UTC<br/> \n                    <b>Sensor: </b> Aqua MODIS<br/>\n                    <b>Confidence [0-100%]: </b> 64%<br/> \n                    <b>Day/Night: </b> Day<br/>\n                    <b>Scan: </b> 2.84 km<br/>\n                    <b>Track: </b> 1.61 km<br/>\n                    <b>FRP: </b> 26.4 MW<br/>\n                    <b>Brightness: </b> 306.62 K" }, "geometry": { "type": "Point", "coordinates": [ 33.33242, 47.05821 ] } },
{ "type": "Feature", "properties": { "sensor": "MODIS_C6.1", "description": "<b>Latitude: </b> 49.37618<br/> \n                    <b>Longitude: </b> 32.07232<br/> \n                    <b>Detection Time: </b> 2026-09-30 12:06 UTC<br/> \n                    <b>Sensor: </b> Aqua MODIS<br/>\n                    <b>Confidence [0-100%]: </b> 59%<br/> \n                    <b>Day/Night: </b> Day<br/>\n                    <b>Scan: </b> 2.75 km<br/>\n                    <b>Track: </b> 1.59 km<br/>\n                    <b>FRP: </b> 24.27 MW<br/>\n                    <b>Brightness: </b> 304.4 K" }, "geometry": { "type": "Point", "coordinates": [ 32.07232, 49.37618 ] } },
{ "type": "Feature", "properties": { "sensor": "MODIS_C6.1", "description": "<b>Latitude: </b> 49.38426<br/> \n                    <b>Longitude: </b> 32.07154<br/> \n                    <b>Detection Time: </b> 2026-09-30 12:06 UTC<br/> \n                    <b>Sensor: </b> Aqua MODIS<br/>\n                    <b>Confidence [0-100%]: </b> 27%<br/> \n                    <b>Day/Night: </b> Day<br/>\n                    <b>Scan: </b> 2.75 km<br/>\n                    <b>Track: </b> 1.59 km<br/>\n                    <b>FRP: </b> 13.21 MW<br/>\n                    <b>Brightness: </b> 300.1 K" }, "geometry": { "type": "Point", "coordinates": [ 32.07154, 49.38426 ] } },
{ "type": "Feature", "properties": { "sensor": "MODIS_C6.1", "description": "<b>Latitude: </b> 52.59822<br/> \n                    <b>Longitude: </b> 52.81821<br/> \n                    <b>Detection Time: </b> 2026-09-30 12:06 UTC<br/> \n                    <b>Sensor: </b> Aqua MODIS<br/>\n                    <b>Confidence [0-100%]: </b> 51%<br/> \n                    <b>Day/Night: </b> Day<br/>\n                    <b>Scan: </b> 2.22 km<br/>\n                    <b>Track: </b> 1.44 km<br/>\n                    <b>FRP: </b> 15.69 MW<br/>\n                    <b>Brightness: </b> 302.12 K" }, "geometry": { "type": "Point", "coordinates": [ 52.81821, 52.59822 ] } },
{ "type": "Feature", "properties": { "sensor": "MODIS_C6.1", "description": "<b>Latitude: </b> 51.93095<br/> \n                    <b>Longitude: </b> 58.59888<br/> \n                    <b>Detection Time: </b> 2026-09-30 12:06 UTC<br/> \n                    <b>Sensor: </b> Aqua MODIS<br/>\n                    <b>Confidence [0-100%]: </b> 21%<br/> \n                    <b>Day/Night: </b> Day<br/>\n                    <b>Scan: </b> 4.28 km<br/>\n                    <b>Track: </b> 1.91 km<br/>\n                    <b>FRP: </b> 29.94 MW<br/>\n                    <b>Brightness: </b> 300.63 K" }, "geometry": { "type": "Point", "coordinates": [ 58.59888, 51.93095 ] } },
{ "type": "Feature", "properties": { "sensor": "MODIS_C6.1", "description": "<b>Latitude: </b> 51.59793<br/> \n                    <b>Longitude: </b> 52.92551<br/> \n                    <b>Detection Time: </b> 2026-09-30 12:06 UTC<br/> \n                    <b>Sensor: </b> Aqua MODIS<br/>\n                    <b>Confidence [0-100%]: </b> 70%<br/> \n                    <b>Day/Night: </b> Day<br/>\n                    <b>Scan: </b> 2.19 km<br/>\n                    <b>Track: </b> 1.43 km<br/>\n                    <b>FRP: </b> 28.71 MW<br/>\n                    <b>Brightness: </b> 310.36 K" }, "geometry": { "type": "Point", "coordinates": [ 52.92551, 51.59793 ] } },
{ "type": "Feature", "properties": { "sensor": "MODIS_C6.1", "description": "<b>Latitude: </b> 51.39244<br/> \n                    <b>Longitude: </b> 54.79314<br/> \n                    <b>Detection Time: </b> 2026-09-30 12:06 UTC<br/> \n                    <b>Sensor: </b> Aqua MODIS<br/>\n                    <b>Confidence [0-100%]: </b> 65%<br/> \n                    <b>Day/Night: </b> Day<br/>\n                    <b>Scan: </b> 2.71 km<br/>\n                    <b>Track: </b> 1.58 km<br/>\n                    <b>FRP: </b> 29.63 MW<br/>\n                    <b>Brightness: </b> 307.08 K" }, "geometry": { "type": "Point", "coordinates": [ 54.79314, 51.39244 ] } },
{ "type": "Feature", "properties": { "sensor": "MODIS_C6.1", "description": "<b>Latitude: </b> 51.38383<br/> \n                    <b>Longitude: </b> 54.76446<br/> \n                    <b>Detection Time: </b> 2026-09-30 12:06 UTC<br/> \n                    <b>Sensor: </b> Aqua MODIS<br/>\n                    <b>Confidence [0-100%]: </b> 85%<br/> \n                    <b>Day/Night: </b> Day<br/>\n                    <b>Scan: </b> 2.7 km<br/>\n                    <b>Track: </b> 1.57 km<br/>\n                    <b>FRP: </b> 106.25 MW<br/>\n                    <b>Brightness: </b> 327.98 K" }, "geometry": { "type": "Point", "coordinates": [ 54.76446, 51.38383 ] } },
{ "type": "Feature", "properties": { "sensor": "MODIS_C6.1", "description": "<b>Latitude: </b> 51.36997<br/> \n                    <b>Longitude: </b> 54.76627<br/> \n                    <b>Detection Time: </b> 2026-09-30 12:06 UTC<br/> \n                    <b>Sensor: </b> Aqua MODIS<br/>\n                    <b>Confidence [0-100%]: </b> 96%<br/> \n                    <b>Day/Night: </b> Day<br/>\n                    <b>Scan: </b> 2.7 km<br/>\n                    <b>Track: </b> 1.57 km<br/>\n                    <b>FRP: </b> 266.86 MW<br/>\n                    <b>Brightness: </b> 350.66 K" }, "geometry": { "type": "Point", "coordinates": [ 54.76627, 51.36997 ] } },
{ "type": "Feature", "properties": { "sensor": "MODIS_C6.1", "description": "<b>Latitude: </b> 51.26814<br/> \n                    <b>Longitude: </b> 58.25824<br/> \n                    <b>Detection Time: </b> 2026-09-30 12:06 UTC<br/> \n                    <b>Sensor: </b> Aqua MODIS<br/>\n                    <b>Confidence [0-100%]: </b> 78%<br/> \n                    <b>Day/Night: </b> Day<br/>\n                    <b>Scan: </b> 4.08 km<br/>\n                    <b>Track: </b> 1.87 km<br/>\n                    <b>FRP: </b> 155.7 MW<br/>\n                    <b>Brightness: </b> 324.02 K" }, "geometry": { "type": "Point", "coordinates": [ 58.25824, 51.26814 ] } },
{ "type": "Feature", "properties": { "sensor": "MODIS_C6.1", "description": "<b>Latitude: </b> 51.26331<br/> \n                    <b>Longitude: </b> 58.26268<br/> \n                    <b>Detection Time: </b> 2026-09-30 12:06 UTC<br/> \n                    <b>Sensor: </b> Aqua MODIS<br/>\n                    <b>Confidence [0-100%]: </b> 79%<br/> \n                    <b>Day/Night: </b> Day<br/>\n                    <b>Scan: </b> 4.08 km<br/>\n                    <b>Track: </b> 1.87 km<br/>\n                    <b>FRP: </b> 204.78 MW<br/>\n                    <b>Brightness: </b> 330.35 K" }, "geometry": { "type": "Point", "coordinates": [ 58.26268, 51.26331 ] } },
{ "type": "Feature", "properties": { "sensor": "MODIS_C6.1", "description": "<b>Latitude: </b> 47.42995<br/> \n                    <b>Longitude: </b> 33.78811<br/> \n                    <b>Detection Time: </b> 2026-09-30 12:06 UTC<br/> \n                    <b>Sensor: </b> Aqua MODIS<br/>\n                    <b>Confidence [0-100%]: </b> 59%<br/> \n                    <b>Day/Night: </b> Day<br/>\n                    <b>Scan: </b> 2.62 km<br/>\n                    <b>Track: </b> 1.55 km<br/>\n                    <b>FRP: </b> 18.38 MW<br/>\n                    <b>Brightness: </b> 304.72 K" }, "geometry": { "type": "Point", "coordinates": [ 33.78811, 47.42995 ] } },
{ "type": "Feature", "properties": { "sensor": "MODIS_C6.1", "description": "<b>Latitude: </b> 49.1872<br/> \n                    <b>Longitude: </b> 42.68305<br/> \n                    <b>Detection Time: </b> 2026-09-30 12:06 UTC<br/> \n                    <b>Sensor: </b> Aqua MODIS<br/>\n                    <b>Confidence [0-100%]: </b> 28%<br/> \n                    <b>Day/Night: </b> Day<br/>\n                    <b>Scan: </b> 1.02 km<br/>\n                    <b>Track: </b> 1.01 km<br/>\n                    <b>FRP: </b> 4.27 MW<br/>\n                    <b>Brightness: </b> 307.26 K" }, "geometry": { "type": "Point", "coordinates": [ 42.68305, 49.1872 ] } },
{ "type": "Feature", "properties": { "sensor": "MODIS_C6.1", "description": "<b>Latitude: </b> 49.18935<br/> \n                    <b>Longitude: </b> 42.69642<br/> \n                    <b>Detection Time: </b> 2026-09-30 12:06 UTC<br/> \n                    <b>Sensor: </b> Aqua MODIS<br/>\n                    <b>Confidence [0-100%]: </b> 61%<br/> \n                    <b>Day/Night: </b> Day<br/>\n                    <b>Scan: </b> 1.02 km<br/>\n                    <b>Track: </b> 1.01 km<br/>\n                    <b>FRP: </b> 6.63 MW<br/>\n                    <b>Brightness: </b> 310.69 K" }, "geometry": { "type": "Point", "coordinates": [ 42.69642, 49.18935 ] } },
{ "type": "Feature", "properties": { "sensor": "MODIS_C6.1", "description": "<b>Latitude: </b> 49.17855<br/> \n                    <b>Longitude: </b> 42.68633<br/> \n                    <b>Detection Time: </b> 2026-09-30 12:06 UTC<br/> \n                    <b>Sensor: </b> Aqua MODIS<br/>\n                    <b>Confidence [0-100%]: </b> 31%<br/> \n                    <b>Day/Night: </b> Day<br/>\n                    <b>Scan: </b> 1.02 km<br/>\n                    <b>Track: </b> 1.01 km<br/>\n                    <b>FRP: </b> 3.69 MW<br/>\n                    <b>Brightness: </b> 306.47 K" }, "geometry": { "type": "Point", "coordinates": [ 42.68633, 49.17855 ] } },
{ "type": "Feature", "properties": { "sensor": "MODIS_C6.1", "description": "<b>Latitude: </b> 49.1807<br/> \n                    <b>Longitude: </b> 42.69971<br/> \n                    <b>Detection Time: </b> 2026-09-30 12:06 UTC<br/> \n                    <b>Sensor: </b> Aqua MODIS<br/>\n                    <b>Confidence [0-100%]: </b> 75%<br/> \n                    <b>Day/Night: </b> Day<br/>\n                    <b>Scan: </b> 1.02 km<br/>\n                    <b>Track: </b> 1.01 km<br/>\n                    <b>FRP: </b> 10.12 MW<br/>\n                    <b>Brightness: </b> 315.18 K" }, "geometry": { "type": "Point", "coordinates": [ 42.69971, 49.1807 ] } },
{ "type": "Feature", "properties": { "sensor": "MODIS_C6.1", "description": "<b>Latitude: </b> 47.06736<br/> \n                    <b>Longitude: </b> 33.335<br/> \n                    <b>Detection Time: </b> 2026-09-30 12:06 UTC<br/> \n                    <b>Sensor: </b> Aqua MODIS<br/>\n                    <b>Confidence [0-100%]: </b> 66%<br/> \n                    <b>Day/Night: </b> Day<br/>\n                    <b>Scan: </b> 2.84 km<br/>\n                    <b>Track: </b> 1.61 km<br/>\n                    <b>FRP: </b> 29.03 MW<br/>\n                    <b>Brightness: </b> 307.62 K" }, "geometry": { "type": "Point", "coordinates": [ 33.335, 47.06736 ] } },
{ "type": "Feature", "properties": { "sensor": "MODIS_C6.1", "description": "<b>Latitude: </b> 47.24633<br/> \n                    <b>Longitude: </b> 34.15779<br/> \n                    <b>Detection Time: </b> 2026-09-30 12:06 UTC<br/> \n                    <b>Sensor: </b> Aqua MODIS<br/>\n                    <b>Confidence [0-100%]: </b> 31%<br/> \n                    <b>Day/Night: </b> Day<br/>\n                    <b>Scan: </b> 2.54 km<br/>\n                    <b>Track: </b> 1.53 km<br/>\n                    <b>FRP: </b> 8.67 MW<br/>\n                    <b>Brightness: </b> 300.45 K" }, "geometry": { "type": "Point", "coordinates": [ 34.15779, 47.24633 ] } },
{ "type": "Feature", "properties": { "sensor": "MODIS_C6.1", "description": "<b>Latitude: </b> 49.03351<br/> \n                    <b>Longitude: </b> 44.0452<br/> \n                    <b>Detection Time: </b> 2026-09-30 12:06 UTC<br/> \n                    <b>Sensor: </b> Aqua MODIS<br/>\n                    <b>Confidence [0-100%]: </b> 76%<br/> \n                    <b>Day/Night: </b> Day<br/>\n                    <b>Scan: </b> 1 km<br/>\n                    <b>Track: </b> 1 km<br/>\n                    <b>FRP: </b> 11.69 MW<br/>\n                    <b>Brightness: </b> 316.01 K" }, "geometry": { "type": "Point", "coordinates": [ 44.0452, 49.03351 ] } },
{ "type": "Feature", "properties": { "sensor": "MODIS_C6.1", "description": "<b>Latitude: </b> 46.8851<br/> \n                    <b>Longitude: </b> 34.20283<br/> \n                    <b>Detection Time: </b> 2026-09-30 12:06 UTC<br/> \n                    <b>Sensor: </b> Aqua MODIS<br/>\n                    <b>Confidence [0-100%]: </b> 20%<br/> \n                    <b>Day/Night: </b> Day<br/>\n                    <b>Scan: </b> 2.6 km<br/>\n                    <b>Track: </b> 1.55 km<br/>\n                    <b>FRP: </b> 7.92 MW<br/>\n                    <b>Brightness: </b> 301.63 K" }, "geometry": { "type": "Point", "coordinates": [ 34.20283, 46.8851 ] } },
{ "type": "Feature", "properties": { "sensor": "MODIS_C6.1", "description": "<b>Latitude: </b> 46.72702<br/> \n                    <b>Longitude: </b> 33.92752<br/> \n                    <b>Detection Time: </b> 2026-09-30 12:06 UTC<br/> \n                    <b>Sensor: </b> Aqua MODIS<br/>\n                    <b>Confidence [0-100%]: </b> 23%<br/> \n                    <b>Day/Night: </b> Day<br/>\n                    <b>Scan: </b> 2.71 km<br/>\n                    <b>Track: </b> 1.58 km<br/>\n                    <b>FRP: </b> 8.56 MW<br/>\n                    <b>Brightness: </b> 301.88 K" }, "geometry": { "type": "Point", "coordinates": [ 33.92752, 46.72702 ] } },
{ "type": "Feature", "properties": { "sensor": "MODIS_C6.1", "description": "<b>Latitude: </b> 46.73458<br/> \n                    <b>Longitude: </b> 33.92769<br/> \n                    <b>Detection Time: </b> 2026-09-30 12:06 UTC<br/> \n                    <b>Sensor: </b> Aqua MODIS<br/>\n                    <b>Confidence [0-100%]: </b> 18%<br/> \n                    <b>Day/Night: </b> Day<br/>\n                    <b>Scan: </b> 2.71 km<br/>\n                    <b>Track: </b> 1.58 km<br/>\n                    <b>FRP: </b> 7.83 MW<br/>\n                    <b>Brightness: </b> 301.56 K" }, "geometry": { "type": "Point", "coordinates": [ 33.92769, 46.73458 ] } },
{ "type": "Feature", "properties": { "sensor": "MODIS_C6.1", "description": "<b>Latitude: </b> 46.72158<br/> \n                    <b>Longitude: </b> 33.93486<br/> \n                    <b>Detection Time: </b> 2026-09-30 12:06 UTC<br/> \n                    <b>Sensor: </b> Aqua MODIS<br/>\n                    <b>Confidence [0-100%]: </b> 31%<br/> \n                    <b>Day/Night: </b> Day<br/>\n                    <b>Scan: </b> 2.71 km<br/>\n                    <b>Track: </b> 1.58 km<br/>\n                    <b>FRP: </b> 8.75 MW<br/>\n                    <b>Brightness: </b> 301.98 K" }, "geometry": { "type": "Point", "coordinates": [ 33.93486, 46.72158 ] } },
{ "type": "Feature", "properties": { "sensor": "MODIS_C6.1", "description": "<b>Latitude: </b> 46.76807<br/> \n                    <b>Longitude: </b> 34.23533<br/> \n                    <b>Detection Time: </b> 2026-09-30 12:06 UTC<br/> \n                    <b>Sensor: </b> Aqua MODIS<br/>\n                    <b>Confidence [0-100%]: </b> 26%<br/> \n                    <b>Day/Night: </b> Day<br/>\n                    <b>Scan: </b> 2.61 km<br/>\n                    <b>Track: </b> 1.55 km<br/>\n                    <b>FRP: </b> 6.66 MW<br/>\n                    <b>Brightness: </b> 300.36 K" }, "geometry": { "type": "Point", "coordinates": [ 34.23533, 46.76807 ] } },
{ "type": "Feature", "properties": { "sensor": "MODIS_C6.1", "description": "<b>Latitude: </b> 48.71208<br/> \n                    <b>Longitude: </b> 44.06488<br/> \n                    <b>Detection Time: </b> 2026-09-30 12:06 UTC<br/> \n                    <b>Sensor: </b> Aqua MODIS<br/>\n                    <b>Confidence [0-100%]: </b> 39%<br/> \n                    <b>Day/Night: </b> Day<br/>\n                    <b>Scan: </b> 1 km<br/>\n                    <b>Track: </b> 1 km<br/>\n                    <b>FRP: </b> 4.97 MW<br/>\n                    <b>Brightness: </b> 307.76 K" }, "geometry": { "type": "Point", "coordinates": [ 44.06488, 48.71208 ] } },
{ "type": "Feature", "properties": { "sensor": "MODIS_C6.1", "description": "<b>Latitude: </b> 48.71404<br/> \n                    <b>Longitude: </b> 44.0779<br/> \n                    <b>Detection Time: </b> 2026-09-30 12:06 UTC<br/> \n                    <b>Sensor: </b> Aqua MODIS<br/>\n                    <b>Confidence [0-100%]: </b> 73%<br/> \n                    <b>Day/Night: </b> Day<br/>\n                    <b>Scan: </b> 1 km<br/>\n                    <b>Track: </b> 1 km<br/>\n                    <b>FRP: </b> 9.14 MW<br/>\n                    <b>Brightness: </b> 313.11 K" }, "geometry": { "type": "Point", "coordinates": [ 44.0779, 48.71404 ] } },
{ "type": "Feature", "properties": { "sensor": "MODIS_C6.1", "description": "<b>Latitude: </b> 48.71599<br/> \n                    <b>Longitude: </b> 44.09092<br/> \n                    <b>Detection Time: </b> 2026-09-30 12:06 UTC<br/> \n                    <b>Sensor: </b> Aqua MODIS<br/>\n                    <b>Confidence [0-100%]: </b> 71%<br/> \n                    <b>Day/Night: </b> Day<br/>\n                    <b>Scan: </b> 1 km<br/>\n                    <b>Track: </b> 1 km<br/>\n                    <b>FRP: </b> 7.65 MW<br/>\n                    <b>Brightness: </b> 311.52 K" }, "geometry": { "type": "Point", "coordinates": [ 44.09092, 48.71599 ] } },
{ "type": "Feature", "properties": { "sensor": "MODIS_C6.1", "description": "<b>Latitude: </b> 48.54223<br/> \n                    <b>Longitude: </b> 43.33461<br/> \n                    <b>Detection Time: </b> 2026-09-30 12:06 UTC<br/> \n                    <b>Sensor: </b> Aqua MODIS<br/>\n                    <b>Confidence [0-100%]: </b> 74%<br/> \n                    <b>Day/Night: </b> Day<br/>\n                    <b>Scan: </b> 1.01 km<br/>\n                    <b>Track: </b> 1.01 km<br/>\n                    <b>FRP: </b> 9.56 MW<br/>\n                    <b>Brightness: </b> 314.09 K" }, "geometry": { "type": "Point", "coordinates": [ 43.33461, 48.54223 ] } },
{ "type": "Feature", "properties": { "sensor": "MODIS_C6.1", "description": "<b>Latitude: </b> 48.5336<br/> \n                    <b>Longitude: </b> 43.33775<br/> \n                    <b>Detection Time: </b> 2026-09-30 12:06 UTC<br/> \n                    <b>Sensor: </b> Aqua MODIS<br/>\n                    <b>Confidence [0-100%]: </b> 71%<br/> \n                    <b>Day/Night: </b> Day<br/>\n                    <b>Scan: </b> 1.01 km<br/>\n                    <b>Track: </b> 1.01 km<br/>\n                    <b>FRP: </b> 8.49 MW<br/>\n                    <b>Brightness: </b> 312.49 K" }, "geometry": { "type": "Point", "coordinates": [ 43.33775, 48.5336 ] } },
{ "type": "Feature", "properties": { "sensor": "MODIS_C6.1", "description": "<b>Latitude: </b> 48.53566<br/> \n                    <b>Longitude: </b> 43.35083<br/> \n                    <b>Detection Time: </b> 2026-09-30 12:06 UTC<br/> \n                    <b>Sensor: </b> Aqua MODIS<br/>\n                    <b>Confidence [0-100%]: </b> 35%<br/> \n                    <b>Day/Night: </b> Day<br/>\n                    <b>Scan: </b> 1.01 km<br/>\n                    <b>Track: </b> 1 km<br/>\n                    <b>FRP: </b> 4.02 MW<br/>\n                    <b>Brightness: </b> 305.99 K" }, "geometry": { "type": "Point", "coordinates": [ 43.35083, 48.53566 ] } },
{ "type": "Feature", "properties": { "sensor": "MODIS_C6.1", "description": "<b>Latitude: </b> 48.34956<br/> \n                    <b>Longitude: </b> 42.59989<br/> \n                    <b>Detection Time: </b> 2026-09-30 12:06 UTC<br/> \n                    <b>Sensor: </b> Aqua MODIS<br/>\n                    <b>Confidence [0-100%]: </b> 94%<br/> \n                    <b>Day/Night: </b> Day<br/>\n                    <b>Scan: </b> 1.04 km<br/>\n                    <b>Track: </b> 1.02 km<br/>\n                    <b>FRP: </b> 50.17 MW<br/>\n                    <b>Brightness: </b> 344.25 K" }, "geometry": { "type": "Point", "coordinates": [ 42.59989, 48.34956 ] } },
{ "type": "Feature", "properties": { "sensor": "MODIS_C6.1", "description": "<b>Latitude: </b> 48.47695<br/> \n                    <b>Longitude: </b> 44.12402<br/> \n                    <b>Detection Time: </b> 2026-09-30 12:06 UTC<br/> \n                    <b>Sensor: </b> Aqua MODIS<br/>\n                    <b>Confidence [0-100%]: </b> 73%<br/> \n                    <b>Day/Night: </b> Day<br/>\n                    <b>Scan: </b> 1 km<br/>\n                    <b>Track: </b> 1 km<br/>\n                    <b>FRP: </b> 8.51 MW<br/>\n                    <b>Brightness: </b> 312.89 K" }, "geometry": { "type": "Point", "coordinates": [ 44.12402, 48.47695 ] } },
{ "type": "Feature", "properties": { "sensor": "MODIS_C6.1", "description": "<b>Latitude: </b> 48.46443<br/> \n                    <b>Longitude: </b> 44.10107<br/> \n                    <b>Detection Time: </b> 2026-09-30 12:06 UTC<br/> \n                    <b>Sensor: </b> Aqua MODIS<br/>\n                    <b>Confidence [0-100%]: </b> 93%<br/> \n                    <b>Day/Night: </b> Day<br/>\n                    <b>Scan: </b> 1 km<br/>\n                    <b>Track: </b> 1 km<br/>\n                    <b>FRP: </b> 46.78 MW<br/>\n                    <b>Brightness: </b> 343.89 K" }, "geometry": { "type": "Point", "coordinates": [ 44.10107, 48.46443 ] } },
{ "type": "Feature", "properties": { "sensor": "MODIS_C6.1", "description": "<b>Latitude: </b> 48.46638<br/> \n                    <b>Longitude: </b> 44.11403<br/> \n                    <b>Detection Time: </b> 2026-09-30 12:06 UTC<br/> \n                    <b>Sensor: </b> Aqua MODIS<br/>\n                    <b>Confidence [0-100%]: </b> 96%<br/> \n                    <b>Day/Night: </b> Day<br/>\n                    <b>Scan: </b> 1 km<br/>\n                    <b>Track: </b> 1 km<br/>\n                    <b>FRP: </b> 60.36 MW<br/>\n                    <b>Brightness: </b> 350.75 K" }, "geometry": { "type": "Point", "coordinates": [ 44.11403, 48.46638 ] } },
{ "type": "Feature", "properties": { "sensor": "MODIS_C6.1", "description": "<b>Latitude: </b> 48.46834<br/> \n                    <b>Longitude: </b> 44.12699<br/> \n                    <b>Detection Time: </b> 2026-09-30 12:06 UTC<br/> \n                    <b>Sensor: </b> Aqua MODIS<br/>\n                    <b>Confidence [0-100%]: </b> 89%<br/> \n                    <b>Day/Night: </b> Day<br/>\n                    <b>Scan: </b> 1 km<br/>\n                    <b>Track: </b> 1 km<br/>\n                    <b>FRP: </b> 29.99 MW<br/>\n                    <b>Brightness: </b> 333.52 K" }, "geometry": { "type": "Point", "coordinates": [ 44.12699, 48.46834 ] } },
{ "type": "Feature", "properties": { "sensor": "MODIS_C6.1", "description": "<b>Latitude: </b> 62.44276<br/> \n                    <b>Longitude: </b> 113.65965<br/> \n                    <b>Detection Time: </b> 2026-09-30 11:30 UTC<br/> \n                    <b>Sensor: </b> Terra MODIS<br/>\n                    <b>Confidence [0-100%]: </b> 79%<br/> \n                    <b>Day/Night: </b> Night<br/>\n                    <b>Scan: </b> 1.39 km<br/>\n                    <b>Track: </b> 1.17 km<br/>\n                    <b>FRP: </b> 23.5 MW<br/>\n                    <b>Brightness: </b> 309.99 K" }, "geometry": { "type": "Point", "coordinates": [ 113.65965, 62.44276 ] } },
{ "type": "Feature", "properties": { "sensor": "MODIS_C6.1", "description": "<b>Latitude: </b> 57.94123<br/> \n                    <b>Longitude: </b> 60.06028<br/> \n                    <b>Detection Time: </b> 2026-09-30 10:32 UTC<br/> \n                    <b>Sensor: </b> Aqua MODIS<br/>\n                    <b>Confidence [0-100%]: </b> 82%<br/> \n                    <b>Day/Night: </b> Day<br/>\n                    <b>Scan: </b> 1.13 km<br/>\n                    <b>Track: </b> 1.06 km<br/>\n                    <b>FRP: </b> 25.55 MW<br/>\n                    <b>Brightness: </b> 323.31 K" }, "geometry": { "type": "Point", "coordinates": [ 60.06028, 57.94123 ] } },
{ "type": "Feature", "properties": { "sensor": "MODIS_C6.1", "description": "<b>Latitude: </b> 57.93792<br/> \n                    <b>Longitude: </b> 60.04249<br/> \n                    <b>Detection Time: </b> 2026-09-30 10:32 UTC<br/> \n                    <b>Sensor: </b> Aqua MODIS<br/>\n                    <b>Confidence [0-100%]: </b> 69%<br/> \n                    <b>Day/Night: </b> Day<br/>\n                    <b>Scan: </b> 1.13 km<br/>\n                    <b>Track: </b> 1.06 km<br/>\n                    <b>FRP: </b> 11.28 MW<br/>\n                    <b>Brightness: </b> 310.06 K" }, "geometry": { "type": "Point", "coordinates": [ 60.04249, 57.93792 ] } },
{ "type": "Feature", "properties": { "sensor": "MODIS_C6.1", "description": "<b>Latitude: </b> 57.89509<br/> \n                    <b>Longitude: </b> 61.78483<br/> \n                    <b>Detection Time: </b> 2026-09-30 10:32 UTC<br/> \n                    <b>Sensor: </b> Aqua MODIS<br/>\n                    <b>Confidence [0-100%]: </b> 50%<br/> \n                    <b>Day/Night: </b> Day<br/>\n                    <b>Scan: </b> 1.05 km<br/>\n                    <b>Track: </b> 1.02 km<br/>\n                    <b>FRP: </b> 6.02 MW<br/>\n                    <b>Brightness: </b> 302.04 K" }, "geometry": { "type": "Point", "coordinates": [ 61.78483, 57.89509 ] } },
{ "type": "Feature", "properties": { "sensor": "MODIS_C6.1", "description": "<b>Latitude: </b> 51.28045<br/> \n                    <b>Longitude: </b> 58.28387<br/> \n                    <b>Detection Time: </b> 2026-09-30 10:30 UTC<br/> \n                    <b>Sensor: </b> Aqua MODIS<br/>\n                    <b>Confidence [0-100%]: </b> 64%<br/> \n                    <b>Day/Night: </b> Day<br/>\n                    <b>Scan: </b> 1.99 km<br/>\n                    <b>Track: </b> 1.38 km<br/>\n                    <b>FRP: </b> 61.39 MW<br/>\n                    <b>Brightness: </b> 326.94 K" }, "geometry": { "type": "Point", "coordinates": [ 58.28387, 51.28045 ] } },
{ "type": "Feature", "properties": { "sensor": "MODIS_C6.1", "description": "<b>Latitude: </b> 51.27411<br/> \n                    <b>Longitude: </b> 58.25767<br/> \n                    <b>Detection Time: </b> 2026-09-30 10:30 UTC<br/> \n                    <b>Sensor: </b> Aqua MODIS<br/>\n                    <b>Confidence [0-100%]: </b> 60%<br/> \n                    <b>Day/Night: </b> Day<br/>\n                    <b>Scan: </b> 2 km<br/>\n                    <b>Track: </b> 1.38 km<br/>\n                    <b>FRP: </b> 41.68 MW<br/>\n                    <b>Brightness: </b> 319.59 K" }, "geometry": { "type": "Point", "coordinates": [ 58.25767, 51.27411 ] } },
{ "type": "Feature", "properties": { "sensor": "MODIS_C6.1", "description": "<b>Latitude: </b> 51.26778<br/> \n                    <b>Longitude: </b> 58.23155<br/> \n                    <b>Detection Time: </b> 2026-09-30 10:30 UTC<br/> \n                    <b>Sensor: </b> Aqua MODIS<br/>\n                    <b>Confidence [0-100%]: </b> 59%<br/> \n                    <b>Day/Night: </b> Day<br/>\n                    <b>Scan: </b> 2 km<br/>\n                    <b>Track: </b> 1.38 km<br/>\n                    <b>FRP: </b> 42.46 MW<br/>\n                    <b>Brightness: </b> 318.18 K" }, "geometry": { "type": "Point", "coordinates": [ 58.23155, 51.26778 ] } },
{ "type": "Feature", "properties": { "sensor": "MODIS_C6.1", "description": "<b>Latitude: </b> 51.26144<br/> \n                    <b>Longitude: </b> 58.20545<br/> \n                    <b>Detection Time: </b> 2026-09-30 10:30 UTC<br/> \n                    <b>Sensor: </b> Aqua MODIS<br/>\n                    <b>Confidence [0-100%]: </b> 26%<br/> \n                    <b>Day/Night: </b> Day<br/>\n                    <b>Scan: </b> 2.01 km<br/>\n                    <b>Track: </b> 1.38 km<br/>\n                    <b>FRP: </b> 22.11 MW<br/>\n                    <b>Brightness: </b> 310.5 K" }, "geometry": { "type": "Point", "coordinates": [ 58.20545, 51.26144 ] } },
{ "type": "Feature", "properties": { "sensor": "MODIS_C6.1", "description": "<b>Latitude: </b> 51.62791<br/> \n                    <b>Longitude: </b> 58.44077<br/> \n                    <b>Detection Time: </b> 2026-09-30 10:30 UTC<br/> \n                    <b>Sensor: </b> Aqua MODIS<br/>\n                    <b>Confidence [0-100%]: </b> 80%<br/> \n                    <b>Day/Night: </b> Day<br/>\n                    <b>Scan: </b> 1.91 km<br/>\n                    <b>Track: </b> 1.35 km<br/>\n                    <b>FRP: </b> 42.09 MW<br/>\n                    <b>Brightness: </b> 320.33 K" }, "geometry": { "type": "Point", "coordinates": [ 58.44077, 51.62791 ] } },
{ "type": "Feature", "properties": { "sensor": "MODIS_C6.1", "description": "<b>Latitude: </b> 51.62197<br/> \n                    <b>Longitude: </b> 58.41519<br/> \n                    <b>Detection Time: </b> 2026-09-30 10:30 UTC<br/> \n                    <b>Sensor: </b> Aqua MODIS<br/>\n                    <b>Confidence [0-100%]: </b> 87%<br/> \n                    <b>Day/Night: </b> Day<br/>\n                    <b>Scan: </b> 1.91 km<br/>\n                    <b>Track: </b> 1.35 km<br/>\n                    <b>FRP: </b> 72.8 MW<br/>\n                    <b>Brightness: </b> 330.7 K" }, "geometry": { "type": "Point", "coordinates": [ 58.41519, 51.62197 ] } },
{ "type": "Feature", "properties": { "sensor": "MODIS_C6.1", "description": "<b>Latitude: </b> 51.63361<br/> \n                    <b>Longitude: </b> 58.43285<br/> \n                    <b>Detection Time: </b> 2026-09-30 10:30 UTC<br/> \n                    <b>Sensor: </b> Aqua MODIS<br/>\n                    <b>Confidence [0-100%]: </b> 88%<br/> \n                    <b>Day/Night: </b> Day<br/>\n                    <b>Scan: </b> 1.91 km<br/>\n                    <b>Track: </b> 1.35 km<br/>\n                    <b>FRP: </b> 79.54 MW<br/>\n                    <b>Brightness: </b> 333.23 K" }, "geometry": { "type": "Point", "coordinates": [ 58.43285, 51.63361 ] } },
{ "type": "Feature", "properties": { "sensor": "MODIS_C6.1", "description": "<b>Latitude: </b> 51.62755<br/> \n                    <b>Longitude: </b> 58.40735<br/> \n                    <b>Detection Time: </b> 2026-09-30 10:30 UTC<br/> \n                    <b>Sensor: </b> Aqua MODIS<br/>\n                    <b>Confidence [0-100%]: </b> 85%<br/> \n                    <b>Day/Night: </b> Day<br/>\n                    <b>Scan: </b> 1.91 km<br/>\n                    <b>Track: </b> 1.35 km<br/>\n                    <b>FRP: </b> 58.64 MW<br/>\n                    <b>Brightness: </b> 327 K" }, "geometry": { "type": "Point", "coordinates": [ 58.40735, 51.62755 ] } },
{ "type": "Feature", "properties": { "sensor": "MODIS_C6.1", "description": "<b>Latitude: </b> 51.64473<br/> \n                    <b>Longitude: </b> 58.42603<br/> \n                    <b>Detection Time: </b> 2026-09-30 10:30 UTC<br/> \n                    <b>Sensor: </b> Aqua MODIS<br/>\n                    <b>Confidence [0-100%]: </b> 66%<br/> \n                    <b>Day/Night: </b> Day<br/>\n                    <b>Scan: </b> 1.91 km<br/>\n                    <b>Track: </b> 1.35 km<br/>\n                    <b>FRP: </b> 16.84 MW<br/>\n                    <b>Brightness: </b> 307.87 K" }, "geometry": { "type": "Point", "coordinates": [ 58.42603, 51.64473 ] } },
{ "type": "Feature", "properties": { "sensor": "MODIS_C6.1", "description": "<b>Latitude: </b> 51.63867<br/> \n                    <b>Longitude: </b> 58.4004<br/> \n                    <b>Detection Time: </b> 2026-09-30 10:30 UTC<br/> \n                    <b>Sensor: </b> Aqua MODIS<br/>\n                    <b>Confidence [0-100%]: </b> 79%<br/> \n                    <b>Day/Night: </b> Day<br/>\n                    <b>Scan: </b> 1.91 km<br/>\n                    <b>Track: </b> 1.35 km<br/>\n                    <b>FRP: </b> 39.93 MW<br/>\n                    <b>Brightness: </b> 319.16 K" }, "geometry": { "type": "Point", "coordinates": [ 58.4004, 51.63867 ] } },
{ "type": "Feature", "properties": { "sensor": "MODIS_C6.1", "description": "<b>Latitude: </b> 54.24023<br/> \n                    <b>Longitude: </b> 73.25258<br/> \n                    <b>Detection Time: </b> 2026-09-30 10:30 UTC<br/> \n                    <b>Sensor: </b> Aqua MODIS<br/>\n                    <b>Confidence [0-100%]: </b> 80%<br/> \n                    <b>Day/Night: </b> Day<br/>\n                    <b>Scan: </b> 1.48 km<br/>\n                    <b>Track: </b> 1.2 km<br/>\n                    <b>FRP: </b> 30.66 MW<br/>\n                    <b>Brightness: </b> 320.41 K" }, "geometry": { "type": "Point", "coordinates": [ 73.25258, 54.24023 ] } },
{ "type": "Feature", "properties": { "sensor": "MODIS_C6.1", "description": "<b>Latitude: </b> 54.2382<br/> \n                    <b>Longitude: </b> 73.23048<br/> \n                    <b>Detection Time: </b> 2026-09-30 10:30 UTC<br/> \n                    <b>Sensor: </b> Aqua MODIS<br/>\n                    <b>Confidence [0-100%]: </b> 80%<br/> \n                    <b>Day/Night: </b> Day<br/>\n                    <b>Scan: </b> 1.48 km<br/>\n                    <b>Track: </b> 1.2 km<br/>\n                    <b>FRP: </b> 29.69 MW<br/>\n                    <b>Brightness: </b> 319.87 K" }, "geometry": { "type": "Point", "coordinates": [ 73.23048, 54.2382 ] } },
{ "type": "Feature", "properties": { "sensor": "MODIS_C6.1", "description": "<b>Latitude: </b> 51.9264<br/> \n                    <b>Longitude: </b> 58.63768<br/> \n                    <b>Detection Time: </b> 2026-09-30 10:30 UTC<br/> \n                    <b>Sensor: </b> Aqua MODIS<br/>\n                    <b>Confidence [0-100%]: </b> 69%<br/> \n                    <b>Day/Night: </b> Day<br/>\n                    <b>Scan: </b> 1.83 km<br/>\n                    <b>Track: </b> 1.32 km<br/>\n                    <b>FRP: </b> 25.5 MW<br/>\n                    <b>Brightness: </b> 313.22 K" }, "geometry": { "type": "Point", "coordinates": [ 58.63768, 51.9264 ] } },
{ "type": "Feature", "properties": { "sensor": "MODIS_C6.1", "description": "<b>Latitude: </b> 51.92068<br/> \n                    <b>Longitude: </b> 58.61289<br/> \n                    <b>Detection Time: </b> 2026-09-30 10:30 UTC<br/> \n                    <b>Sensor: </b> Aqua MODIS<br/>\n                    <b>Confidence [0-100%]: </b> 87%<br/> \n                    <b>Day/Night: </b> Day<br/>\n                    <b>Scan: </b> 1.83 km<br/>\n                    <b>Track: </b> 1.33 km<br/>\n                    <b>FRP: </b> 577.67 MW<br/>\n                    <b>Brightness: </b> 397.55 K" }, "geometry": { "type": "Point", "coordinates": [ 58.61289, 51.92068 ] } },
{ "type": "Feature", "properties": { "sensor": "MODIS_C6.1", "description": "<b>Latitude: </b> 51.91496<br/> \n                    <b>Longitude: </b> 58.58819<br/> \n                    <b>Detection Time: </b> 2026-09-30 10:30 UTC<br/> \n                    <b>Sensor: </b> Aqua MODIS<br/>\n                    <b>Confidence [0-100%]: </b> 74%<br/> \n                    <b>Day/Night: </b> Day<br/>\n                    <b>Scan: </b> 1.84 km<br/>\n                    <b>Track: </b> 1.33 km<br/>\n                    <b>FRP: </b> 57.76 MW<br/>\n                    <b>Brightness: </b> 327.23 K" }, "geometry": { "type": "Point", "coordinates": [ 58.58819, 51.91496 ] } },
{ "type": "Feature", "properties": { "sensor": "MODIS_C6.1", "description": "<b>Latitude: </b> 51.62952<br/> \n                    <b>Longitude: </b> 55.34436<br/> \n                    <b>Detection Time: </b> 2026-09-30 10:30 UTC<br/> \n                    <b>Sensor: </b> Aqua MODIS<br/>\n                    <b>Confidence [0-100%]: </b> 71%<br/> \n                    <b>Day/Night: </b> Day<br/>\n                    <b>Scan: </b> 2.66 km<br/>\n                    <b>Track: </b> 1.57 km<br/>\n                    <b>FRP: </b> 33.82 MW<br/>\n                    <b>Brightness: </b> 311.14 K" }, "geometry": { "type": "Point", "coordinates": [ 55.34436, 51.62952 ] } },
{ "type": "Feature", "properties": { "sensor": "MODIS_C6.1", "description": "<b>Latitude: </b> 51.63551<br/> \n                    <b>Longitude: </b> 55.33656<br/> \n                    <b>Detection Time: </b> 2026-09-30 10:30 UTC<br/> \n                    <b>Sensor: </b> Aqua MODIS<br/>\n                    <b>Confidence [0-100%]: </b> 68%<br/> \n                    <b>Day/Night: </b> Day<br/>\n                    <b>Scan: </b> 2.66 km<br/>\n                    <b>Track: </b> 1.57 km<br/>\n                    <b>FRP: </b> 29.45 MW<br/>\n                    <b>Brightness: </b> 309.26 K" }, "geometry": { "type": "Point", "coordinates": [ 55.33656, 51.63551 ] } },
{ "type": "Feature", "properties": { "sensor": "MODIS_C6.1", "description": "<b>Latitude: </b> 54.81851<br/> \n                    <b>Longitude: </b> 71.56463<br/> \n                    <b>Detection Time: </b> 2026-09-30 10:30 UTC<br/> \n                    <b>Sensor: </b> Aqua MODIS<br/>\n                    <b>Confidence [0-100%]: </b> 90%<br/> \n                    <b>Day/Night: </b> Day<br/>\n                    <b>Scan: </b> 1.3 km<br/>\n                    <b>Track: </b> 1.13 km<br/>\n                    <b>FRP: </b> 52.26 MW<br/>\n                    <b>Brightness: </b> 336.35 K" }, "geometry": { "type": "Point", "coordinates": [ 71.56463, 54.81851 ] } },
{ "type": "Feature", "properties": { "sensor": "MODIS_C6.1", "description": "<b>Latitude: </b> 54.82835<br/> \n                    <b>Longitude: </b> 71.5616<br/> \n                    <b>Detection Time: </b> 2026-09-30 10:30 UTC<br/> \n                    <b>Sensor: </b> Aqua MODIS<br/>\n                    <b>Confidence [0-100%]: </b> 78%<br/> \n                    <b>Day/Night: </b> Day<br/>\n                    <b>Scan: </b> 1.3 km<br/>\n                    <b>Track: </b> 1.13 km<br/>\n                    <b>FRP: </b> 22.03 MW<br/>\n                    <b>Brightness: </b> 318.71 K" }, "geometry": { "type": "Point", "coordinates": [ 71.5616, 54.82835 ] } },
{ "type": "Feature", "properties": { "sensor": "MODIS_C6.1", "description": "<b>Latitude: </b> 51.86596<br/> \n                    <b>Longitude: </b> 54.69133<br/> \n                    <b>Detection Time: </b> 2026-09-30 10:30 UTC<br/> \n                    <b>Sensor: </b> Aqua MODIS<br/>\n                    <b>Confidence [0-100%]: </b> 62%<br/> \n                    <b>Day/Night: </b> Day<br/>\n                    <b>Scan: </b> 2.8 km<br/>\n                    <b>Track: </b> 1.6 km<br/>\n                    <b>FRP: </b> 22.42 MW<br/>\n                    <b>Brightness: </b> 305.9 K" }, "geometry": { "type": "Point", "coordinates": [ 54.69133, 51.86596 ] } },
{ "type": "Feature", "properties": { "sensor": "MODIS_C6.1", "description": "<b>Latitude: </b> 51.85721<br/> \n                    <b>Longitude: </b> 54.69339<br/> \n                    <b>Detection Time: </b> 2026-09-30 10:30 UTC<br/> \n                    <b>Sensor: </b> Aqua MODIS<br/>\n                    <b>Confidence [0-100%]: </b> 59%<br/> \n                    <b>Day/Night: </b> Day<br/>\n                    <b>Scan: </b> 2.8 km<br/>\n                    <b>Track: </b> 1.6 km<br/>\n                    <b>FRP: </b> 18.36 MW<br/>\n                    <b>Brightness: </b> 304.31 K" }, "geometry": { "type": "Point", "coordinates": [ 54.69339, 51.85721 ] } },
{ "type": "Feature", "properties": { "sensor": "MODIS_C6.1", "description": "<b>Latitude: </b> 53.05542<br/> \n                    <b>Longitude: </b> 59.0662<br/> \n                    <b>Detection Time: </b> 2026-09-30 10:30 UTC<br/> \n                    <b>Sensor: </b> Aqua MODIS<br/>\n                    <b>Confidence [0-100%]: </b> 63%<br/> \n                    <b>Day/Night: </b> Day<br/>\n                    <b>Scan: </b> 1.62 km<br/>\n                    <b>Track: </b> 1.25 km<br/>\n                    <b>FRP: </b> 12.59 MW<br/>\n                    <b>Brightness: </b> 306.32 K" }, "geometry": { "type": "Point", "coordinates": [ 59.0662, 53.05542 ] } },
{ "type": "Feature", "properties": { "sensor": "MODIS_C6.1", "description": "<b>Latitude: </b> 53.34<br/> \n                    <b>Longitude: </b> 59.37251<br/> \n                    <b>Detection Time: </b> 2026-09-30 10:30 UTC<br/> \n                    <b>Sensor: </b> Aqua MODIS<br/>\n                    <b>Confidence [0-100%]: </b> 51%<br/> \n                    <b>Day/Night: </b> Day<br/>\n                    <b>Scan: </b> 1.54 km<br/>\n                    <b>Track: </b> 1.22 km<br/>\n                    <b>FRP: </b> 7.64 MW<br/>\n                    <b>Brightness: </b> 302.28 K" }, "geometry": { "type": "Point", "coordinates": [ 59.37251, 53.34 ] } },
{ "type": "Feature", "properties": { "sensor": "MODIS_C6.1", "description": "<b>Latitude: </b> 53.45078<br/> \n                    <b>Longitude: </b> 59.04655<br/> \n                    <b>Detection Time: </b> 2026-09-30 10:30 UTC<br/> \n                    <b>Sensor: </b> Aqua MODIS<br/>\n                    <b>Confidence [0-100%]: </b> 0%<br/> \n                    <b>Day/Night: </b> Day<br/>\n                    <b>Scan: </b> 1.58 km<br/>\n                    <b>Track: </b> 1.24 km<br/>\n                    <b>FRP: </b> 9.84 MW<br/>\n                    <b>Brightness: </b> 304.27 K" }, "geometry": { "type": "Point", "coordinates": [ 59.04655, 53.45078 ] } },
{ "type": "Feature", "properties": { "sensor": "MODIS_C6.1", "description": "<b>Latitude: </b> 54.8861<br/> \n                    <b>Longitude: </b> 63.93095<br/> \n                    <b>Detection Time: </b> 2026-09-30 10:30 UTC<br/> \n                    <b>Sensor: </b> Aqua MODIS<br/>\n                    <b>Confidence [0-100%]: </b> 63%<br/> \n                    <b>Day/Night: </b> Day<br/>\n                    <b>Scan: </b> 1.04 km<br/>\n                    <b>Track: </b> 1.02 km<br/>\n                    <b>FRP: </b> 6.41 MW<br/>\n                    <b>Brightness: </b> 305.96 K" }, "geometry": { "type": "Point", "coordinates": [ 63.93095, 54.8861 ] } },
{ "type": "Feature", "properties": { "sensor": "MODIS_C6.1", "description": "<b>Latitude: </b> 55.11072<br/> \n                    <b>Longitude: </b> 60.74405<br/> \n                    <b>Detection Time: </b> 2026-09-30 10:30 UTC<br/> \n                    <b>Sensor: </b> Aqua MODIS<br/>\n                    <b>Confidence [0-100%]: </b> 46%<br/> \n                    <b>Day/Night: </b> Day<br/>\n                    <b>Scan: </b> 1.23 km<br/>\n                    <b>Track: </b> 1.1 km<br/>\n                    <b>FRP: </b> 5.79 MW<br/>\n                    <b>Brightness: </b> 301.3 K" }, "geometry": { "type": "Point", "coordinates": [ 60.74405, 55.11072 ] } },
{ "type": "Feature", "properties": { "sensor": "MODIS_C6.1", "description": "<b>Latitude: </b> 55.11298<br/> \n                    <b>Longitude: </b> 60.73579<br/> \n                    <b>Detection Time: </b> 2026-09-30 10:30 UTC<br/> \n                    <b>Sensor: </b> Aqua MODIS<br/>\n                    <b>Confidence [0-100%]: </b> 49%<br/> \n                    <b>Day/Night: </b> Day<br/>\n                    <b>Scan: </b> 1.23 km<br/>\n                    <b>Track: </b> 1.1 km<br/>\n                    <b>FRP: </b> 6.32 MW<br/>\n                    <b>Brightness: </b> 301.85 K" }, "geometry": { "type": "Point", "coordinates": [ 60.73579, 55.11298 ] } },
{ "type": "Feature", "properties": { "sensor": "MODIS_C6.1", "description": "<b>Latitude: </b> 55.28249<br/> \n                    <b>Longitude: </b> 61.45481<br/> \n                    <b>Detection Time: </b> 2026-09-30 10:30 UTC<br/> \n                    <b>Sensor: </b> Aqua MODIS<br/>\n                    <b>Confidence [0-100%]: </b> 53%<br/> \n                    <b>Day/Night: </b> Day<br/>\n                    <b>Scan: </b> 1.16 km<br/>\n                    <b>Track: </b> 1.07 km<br/>\n                    <b>FRP: </b> 6.81 MW<br/>\n                    <b>Brightness: </b> 303.53 K" }, "geometry": { "type": "Point", "coordinates": [ 61.45481, 55.28249 ] } },
{ "type": "Feature", "properties": { "sensor": "MODIS_C6.1", "description": "<b>Latitude: </b> 55.12286<br/> \n                    <b>Longitude: </b> 60.62885<br/> \n                    <b>Detection Time: </b> 2026-09-30 10:30 UTC<br/> \n                    <b>Sensor: </b> Aqua MODIS<br/>\n                    <b>Confidence [0-100%]: </b> 62%<br/> \n                    <b>Day/Night: </b> Day<br/>\n                    <b>Scan: </b> 1.24 km<br/>\n                    <b>Track: </b> 1.11 km<br/>\n                    <b>FRP: </b> 9.8 MW<br/>\n                    <b>Brightness: </b> 305.68 K" }, "geometry": { "type": "Point", "coordinates": [ 60.62885, 55.12286 ] } },
{ "type": "Feature", "properties": { "sensor": "MODIS_C6.1", "description": "<b>Latitude: </b> 51.28195<br/> \n                    <b>Longitude: </b> 58.31958<br/> \n                    <b>Detection Time: </b> 2026-09-30 10:28 UTC<br/> \n                    <b>Sensor: </b> Aqua MODIS<br/>\n                    <b>Confidence [0-100%]: </b> 97%<br/> \n                    <b>Day/Night: </b> Day<br/>\n                    <b>Scan: </b> 1.98 km<br/>\n                    <b>Track: </b> 1.37 km<br/>\n                    <b>FRP: </b> 171.81 MW<br/>\n                    <b>Brightness: </b> 351.89 K" }, "geometry": { "type": "Point", "coordinates": [ 58.31958, 51.28195 ] } },
{ "type": "Feature", "properties": { "sensor": "MODIS_C6.1", "description": "<b>Latitude: </b> 51.2697<br/> \n                    <b>Longitude: </b> 58.26778<br/> \n                    <b>Detection Time: </b> 2026-09-30 10:28 UTC<br/> \n                    <b>Sensor: </b> Aqua MODIS<br/>\n                    <b>Confidence [0-100%]: </b> 95%<br/> \n                    <b>Day/Night: </b> Day<br/>\n                    <b>Scan: </b> 2 km<br/>\n                    <b>Track: </b> 1.38 km<br/>\n                    <b>FRP: </b> 155.71 MW<br/>\n                    <b>Brightness: </b> 348.29 K" }, "geometry": { "type": "Point", "coordinates": [ 58.26778, 51.2697 ] } },
{ "type": "Feature", "properties": { "sensor": "MODIS_C6.1", "description": "<b>Latitude: </b> 51.28809<br/> \n                    <b>Longitude: </b> 58.34557<br/> \n                    <b>Detection Time: </b> 2026-09-30 10:28 UTC<br/> \n                    <b>Sensor: </b> Aqua MODIS<br/>\n                    <b>Confidence [0-100%]: </b> 41%<br/> \n                    <b>Day/Night: </b> Day<br/>\n                    <b>Scan: </b> 1.98 km<br/>\n                    <b>Track: </b> 1.37 km<br/>\n                    <b>FRP: </b> 25.23 MW<br/>\n                    <b>Brightness: </b> 314.12 K" }, "geometry": { "type": "Point", "coordinates": [ 58.34557, 51.28809 ] } },
{ "type": "Feature", "properties": { "sensor": "MODIS_C6.1", "description": "<b>Latitude: </b> 51.25837<br/> \n                    <b>Longitude: </b> 58.27483<br/> \n                    <b>Detection Time: </b> 2026-09-30 10:28 UTC<br/> \n                    <b>Sensor: </b> Aqua MODIS<br/>\n                    <b>Confidence [0-100%]: </b> 89%<br/> \n                    <b>Day/Night: </b> Day<br/>\n                    <b>Scan: </b> 2 km<br/>\n                    <b>Track: </b> 1.38 km<br/>\n                    <b>FRP: </b> 92.3 MW<br/>\n                    <b>Brightness: </b> 334.98 K" }, "geometry": { "type": "Point", "coordinates": [ 58.27483, 51.25837 ] } },
{ "type": "Feature", "properties": { "sensor": "MODIS_C6.1", "description": "<b>Latitude: </b> 51.26453<br/> \n                    <b>Longitude: </b> 58.30077<br/> \n                    <b>Detection Time: </b> 2026-09-30 10:28 UTC<br/> \n                    <b>Sensor: </b> Aqua MODIS<br/>\n                    <b>Confidence [0-100%]: </b> 90%<br/> \n                    <b>Day/Night: </b> Day<br/>\n                    <b>Scan: </b> 1.99 km<br/>\n                    <b>Track: </b> 1.38 km<br/>\n                    <b>FRP: </b> 156.54 MW<br/>\n                    <b>Brightness: </b> 349.12 K" }, "geometry": { "type": "Point", "coordinates": [ 58.30077, 51.26453 ] } },
{ "type": "Feature", "properties": { "sensor": "MODIS_C6.1", "description": "<b>Latitude: </b> 51.27061<br/> \n                    <b>Longitude: </b> 58.32639<br/> \n                    <b>Detection Time: </b> 2026-09-30 10:28 UTC<br/> \n                    <b>Sensor: </b> Aqua MODIS<br/>\n                    <b>Confidence [0-100%]: </b> 60%<br/> \n                    <b>Day/Night: </b> Day<br/>\n                    <b>Scan: </b> 1.98 km<br/>\n                    <b>Track: </b> 1.37 km<br/>\n                    <b>FRP: </b> 23.56 MW<br/>\n                    <b>Brightness: </b> 312.33 K" }, "geometry": { "type": "Point", "coordinates": [ 58.32639, 51.27061 ] } },
{ "type": "Feature", "properties": { "sensor": "MODIS_C6.1", "description": "<b>Latitude: </b> 51.27673<br/> \n                    <b>Longitude: </b> 58.3522<br/> \n                    <b>Detection Time: </b> 2026-09-30 10:28 UTC<br/> \n                    <b>Sensor: </b> Aqua MODIS<br/>\n                    <b>Confidence [0-100%]: </b> 68%<br/> \n                    <b>Day/Night: </b> Day<br/>\n                    <b>Scan: </b> 1.98 km<br/>\n                    <b>Track: </b> 1.37 km<br/>\n                    <b>FRP: </b> 39.3 MW<br/>\n                    <b>Brightness: </b> 318.94 K" }, "geometry": { "type": "Point", "coordinates": [ 58.3522, 51.27673 ] } },
{ "type": "Feature", "properties": { "sensor": "MODIS_C6.1", "description": "<b>Latitude: </b> 51.24991<br/> \n                    <b>Longitude: </b> 58.45658<br/> \n                    <b>Detection Time: </b> 2026-09-30 10:28 UTC<br/> \n                    <b>Sensor: </b> Aqua MODIS<br/>\n                    <b>Confidence [0-100%]: </b> 58%<br/> \n                    <b>Day/Night: </b> Day<br/>\n                    <b>Scan: </b> 1.96 km<br/>\n                    <b>Track: </b> 1.37 km<br/>\n                    <b>FRP: </b> 11.53 MW<br/>\n                    <b>Brightness: </b> 304.51 K" }, "geometry": { "type": "Point", "coordinates": [ 58.45658, 51.24991 ] } },
{ "type": "Feature", "properties": { "sensor": "MODIS_C6.1", "description": "<b>Latitude: </b> 51.25605<br/> \n                    <b>Longitude: </b> 58.48233<br/> \n                    <b>Detection Time: </b> 2026-09-30 10:28 UTC<br/> \n                    <b>Sensor: </b> Aqua MODIS<br/>\n                    <b>Confidence [0-100%]: </b> 59%<br/> \n                    <b>Day/Night: </b> Day<br/>\n                    <b>Scan: </b> 1.95 km<br/>\n                    <b>Track: </b> 1.36 km<br/>\n                    <b>FRP: </b> 11.43 MW<br/>\n                    <b>Brightness: </b> 304.8 K" }, "geometry": { "type": "Point", "coordinates": [ 58.48233, 51.25605 ] } },
{ "type": "Feature", "properties": { "sensor": "MODIS_C6.1", "description": "<b>Latitude: </b> 51.2635<br/> \n                    <b>Longitude: </b> 58.24165<br/> \n                    <b>Detection Time: </b> 2026-09-30 10:28 UTC<br/> \n                    <b>Sensor: </b> Aqua MODIS<br/>\n                    <b>Confidence [0-100%]: </b> 96%<br/> \n                    <b>Day/Night: </b> Day<br/>\n                    <b>Scan: </b> 2 km<br/>\n                    <b>Track: </b> 1.38 km<br/>\n                    <b>FRP: </b> 163.02 MW<br/>\n                    <b>Brightness: </b> 349.02 K" }, "geometry": { "type": "Point", "coordinates": [ 58.24165, 51.2635 ] } },
{ "type": "Feature", "properties": { "sensor": "MODIS_C6.1", "description": "<b>Latitude: </b> 51.25726<br/> \n                    <b>Longitude: </b> 58.21536<br/> \n                    <b>Detection Time: </b> 2026-09-30 10:28 UTC<br/> \n                    <b>Sensor: </b> Aqua MODIS<br/>\n                    <b>Confidence [0-100%]: </b> 98%<br/> \n                    <b>Day/Night: </b> Day<br/>\n                    <b>Scan: </b> 2.01 km<br/>\n                    <b>Track: </b> 1.38 km<br/>\n                    <b>FRP: </b> 210.27 MW<br/>\n                    <b>Brightness: </b> 356.28 K" }, "geometry": { "type": "Point", "coordinates": [ 58.21536, 51.25726 ] } },
{ "type": "Feature", "properties": { "sensor": "MODIS_C6.1", "description": "<b>Latitude: </b> 51.27588<br/> \n                    <b>Longitude: </b> 58.29388<br/> \n                    <b>Detection Time: </b> 2026-09-30 10:28 UTC<br/> \n                    <b>Sensor: </b> Aqua MODIS<br/>\n                    <b>Confidence [0-100%]: </b> 99%<br/> \n                    <b>Day/Night: </b> Day<br/>\n                    <b>Scan: </b> 1.99 km<br/>\n                    <b>Track: </b> 1.38 km<br/>\n                    <b>FRP: </b> 224.83 MW<br/>\n                    <b>Brightness: </b> 359.87 K" }, "geometry": { "type": "Point", "coordinates": [ 58.29388, 51.27588 ] } },
{ "type": "Feature", "properties": { "sensor": "MODIS_C6.1", "description": "<b>Latitude: </b> 51.2622<br/> \n                    <b>Longitude: </b> 58.50811<br/> \n                    <b>Detection Time: </b> 2026-09-30 10:28 UTC<br/> \n                    <b>Sensor: </b> Aqua MODIS<br/>\n                    <b>Confidence [0-100%]: </b> 99%<br/> \n                    <b>Day/Night: </b> Day<br/>\n                    <b>Scan: </b> 1.95 km<br/>\n                    <b>Track: </b> 1.36 km<br/>\n                    <b>FRP: </b> 218.03 MW<br/>\n                    <b>Brightness: </b> 359.26 K" }, "geometry": { "type": "Point", "coordinates": [ 58.50811, 51.2622 ] } },
{ "type": "Feature", "properties": { "sensor": "MODIS_C6.1", "description": "<b>Latitude: </b> 51.26828<br/> \n                    <b>Longitude: </b> 58.53363<br/> \n                    <b>Detection Time: </b> 2026-09-30 10:28 UTC<br/> \n                    <b>Sensor: </b> Aqua MODIS<br/>\n                    <b>Confidence [0-100%]: </b> 96%<br/> \n                    <b>Day/Night: </b> Day<br/>\n                    <b>Scan: </b> 1.94 km<br/>\n                    <b>Track: </b> 1.36 km<br/>\n                    <b>FRP: </b> 167.49 MW<br/>\n                    <b>Brightness: </b> 351.5 K" }, "geometry": { "type": "Point", "coordinates": [ 58.53363, 51.26828 ] } },
{ "type": "Feature", "properties": { "sensor": "MODIS_C6.1", "description": "<b>Latitude: </b> 51.24511<br/> \n                    <b>Longitude: </b> 58.46378<br/> \n                    <b>Detection Time: </b> 2026-09-30 10:28 UTC<br/> \n                    <b>Sensor: </b> Aqua MODIS<br/>\n                    <b>Confidence [0-100%]: </b> 34%<br/> \n                    <b>Day/Night: </b> Day<br/>\n                    <b>Scan: </b> 1.96 km<br/>\n                    <b>Track: </b> 1.37 km<br/>\n                    <b>FRP: </b> 10.78 MW<br/>\n                    <b>Brightness: </b> 305.2 K" }, "geometry": { "type": "Point", "coordinates": [ 58.46378, 51.24511 ] } },
{ "type": "Feature", "properties": { "sensor": "MODIS_C6.1", "description": "<b>Latitude: </b> 51.25713<br/> \n                    <b>Longitude: </b> 58.5153<br/> \n                    <b>Detection Time: </b> 2026-09-30 10:28 UTC<br/> \n                    <b>Sensor: </b> Aqua MODIS<br/>\n                    <b>Confidence [0-100%]: </b> 97%<br/> \n                    <b>Day/Night: </b> Day<br/>\n                    <b>Scan: </b> 1.95 km<br/>\n                    <b>Track: </b> 1.36 km<br/>\n                    <b>FRP: </b> 173.09 MW<br/>\n                    <b>Brightness: </b> 352.62 K" }, "geometry": { "type": "Point", "coordinates": [ 58.5153, 51.25713 ] } },
{ "type": "Feature", "properties": { "sensor": "MODIS_C6.1", "description": "<b>Latitude: </b> 51.26307<br/> \n                    <b>Longitude: </b> 58.54079<br/> \n                    <b>Detection Time: </b> 2026-09-30 10:28 UTC<br/> \n                    <b>Sensor: </b> Aqua MODIS<br/>\n                    <b>Confidence [0-100%]: </b> 89%<br/> \n                    <b>Day/Night: </b> Day<br/>\n                    <b>Scan: </b> 1.94 km<br/>\n                    <b>Track: </b> 1.36 km<br/>\n                    <b>FRP: </b> 86.64 MW<br/>\n                    <b>Brightness: </b> 334.76 K" }, "geometry": { "type": "Point", "coordinates": [ 58.54079, 51.26307 ] } },
{ "type": "Feature", "properties": { "sensor": "MODIS_C6.1", "description": "<b>Latitude: </b> 50.82964<br/> \n                    <b>Longitude: </b> 60.25628<br/> \n                    <b>Detection Time: </b> 2026-09-30 10:28 UTC<br/> \n                    <b>Sensor: </b> Aqua MODIS<br/>\n                    <b>Confidence [0-100%]: </b> 91%<br/> \n                    <b>Day/Night: </b> Day<br/>\n                    <b>Scan: </b> 1.66 km<br/>\n                    <b>Track: </b> 1.27 km<br/>\n                    <b>FRP: </b> 85.99 MW<br/>\n                    <b>Brightness: </b> 339.23 K" }, "geometry": { "type": "Point", "coordinates": [ 60.25628, 50.82964 ] } },
{ "type": "Feature", "properties": { "sensor": "MODIS_C6.1", "description": "<b>Latitude: </b> 50.83442<br/> \n                    <b>Longitude: </b> 60.27796<br/> \n                    <b>Detection Time: </b> 2026-09-30 10:28 UTC<br/> \n                    <b>Sensor: </b> Aqua MODIS<br/>\n                    <b>Confidence [0-100%]: </b> 92%<br/> \n                    <b>Day/Night: </b> Day<br/>\n                    <b>Scan: </b> 1.66 km<br/>\n                    <b>Track: </b> 1.27 km<br/>\n                    <b>FRP: </b> 94.04 MW<br/>\n                    <b>Brightness: </b> 341.61 K" }, "geometry": { "type": "Point", "coordinates": [ 60.27796, 50.83442 ] } },
{ "type": "Feature", "properties": { "sensor": "MODIS_C6.1", "description": "<b>Latitude: </b> 50.81908<br/> \n                    <b>Longitude: </b> 60.26214<br/> \n                    <b>Detection Time: </b> 2026-09-30 10:28 UTC<br/> \n                    <b>Sensor: </b> Aqua MODIS<br/>\n                    <b>Confidence [0-100%]: </b> 99%<br/> \n                    <b>Day/Night: </b> Day<br/>\n                    <b>Scan: </b> 1.66 km<br/>\n                    <b>Track: </b> 1.27 km<br/>\n                    <b>FRP: </b> 176.13 MW<br/>\n                    <b>Brightness: </b> 359.5 K" }, "geometry": { "type": "Point", "coordinates": [ 60.26214, 50.81908 ] } },
{ "type": "Feature", "properties": { "sensor": "MODIS_C6.1", "description": "<b>Latitude: </b> 50.82389<br/> \n                    <b>Longitude: </b> 60.28387<br/> \n                    <b>Detection Time: </b> 2026-09-30 10:28 UTC<br/> \n                    <b>Sensor: </b> Aqua MODIS<br/>\n                    <b>Confidence [0-100%]: </b> 92%<br/> \n                    <b>Day/Night: </b> Day<br/>\n                    <b>Scan: </b> 1.66 km<br/>\n                    <b>Track: </b> 1.27 km<br/>\n                    <b>FRP: </b> 145.53 MW<br/>\n                    <b>Brightness: </b> 353.79 K" }, "geometry": { "type": "Point", "coordinates": [ 60.28387, 50.82389 ] } },
{ "type": "Feature", "properties": { "sensor": "SUOMI-NPP", "description": "<b>Latitude: </b> 54.29533<br/> \n                    <b>Longitude: </b> 86.13407<br/> \n                    <b>Detection Time: </b> 2026-09-30 21:10 UTC<br/> \n                    <b>Sensor: </b> Suomi-NPP VIIRS<br/>\n                    <b>Confidence: </b> Nominal<br/> \n                    <b>Day/Night: </b> Night<br/>\n                    <b>Scan: </b> 0.5 km<br/>\n                    <b>Track: </b> 0.41 km<br/>\n                    <b>FRP: </b> 1.41 MW<br/>\n                    <b>Brightness: </b> 304.36 K" }, "geometry": { "type": "Point", "coordinates": [ 86.13407, 54.29533 ] } },
{ "type": "Feature", "properties": { "sensor": "SUOMI-NPP", "description": "<b>Latitude: </b> 54.27994<br/> \n                    <b>Longitude: </b> 86.1665<br/> \n                    <b>Detection Time: </b> 2026-09-30 21:10 UTC<br/> \n                    <b>Sensor: </b> Suomi-NPP VIIRS<br/>\n                    <b>Confidence: </b> Nominal<br/> \n                    <b>Day/Night: </b> Night<br/>\n                    <b>Scan: </b> 0.5 km<br/>\n                    <b>Track: </b> 0.41 km<br/>\n                    <b>FRP: </b> 2.42 MW<br/>\n                    <b>Brightness: </b> 298.47 K" }, "geometry": { "type": "Point", "coordinates": [ 86.1665, 54.27994 ] } },
{ "type": "Feature", "properties": { "sensor": "SUOMI-NPP", "description": "<b>Latitude: </b> 54.27318<br/> \n                    <b>Longitude: </b> 86.17848<br/> \n                    <b>Detection Time: </b> 2026-09-30 21:10 UTC<br/> \n                    <b>Sensor: </b> Suomi-NPP VIIRS<br/>\n                    <b>Confidence: </b> Nominal<br/> \n                    <b>Day/Night: </b> Night<br/>\n                    <b>Scan: </b> 0.5 km<br/>\n                    <b>Track: </b> 0.41 km<br/>\n                    <b>FRP: </b> 1.23 MW<br/>\n                    <b>Brightness: </b> 303.14 K" }, "geometry": { "type": "Point", "coordinates": [ 86.17848, 54.27318 ] } },
{ "type": "Feature", "properties": { "sensor": "SUOMI-NPP", "description": "<b>Latitude: </b> 54.27291<br/> \n                    <b>Longitude: </b> 86.16147<br/> \n                    <b>Detection Time: </b> 2026-09-30 21:10 UTC<br/> \n                    <b>Sensor: </b> Suomi-NPP VIIRS<br/>\n                    <b>Confidence: </b> Nominal<br/> \n                    <b>Day/Night: </b> Night<br/>\n                    <b>Scan: </b> 0.5 km<br/>\n                    <b>Track: </b> 0.41 km<br/>\n                    <b>FRP: </b> 1.1 MW<br/>\n                    <b>Brightness: </b> 298.18 K" }, "geometry": { "type": "Point", "coordinates": [ 86.16147, 54.27291 ] } },
{ "type": "Feature", "properties": { "sensor": "SUOMI-NPP", "description": "<b>Latitude: </b> 54.26805<br/> \n                    <b>Longitude: </b> 86.18317<br/> \n                    <b>Detection Time: </b> 2026-09-30 21:10 UTC<br/> \n                    <b>Sensor: </b> Suomi-NPP VIIRS<br/>\n                    <b>Confidence: </b> Nominal<br/> \n                    <b>Day/Night: </b> Night<br/>\n                    <b>Scan: </b> 0.5 km<br/>\n                    <b>Track: </b> 0.41 km<br/>\n                    <b>FRP: </b> 2.03 MW<br/>\n                    <b>Brightness: </b> 309.71 K" }, "geometry": { "type": "Point", "coordinates": [ 86.18317, 54.26805 ] } },
{ "type": "Feature", "properties": { "sensor": "SUOMI-NPP", "description": "<b>Latitude: </b> 54.2645<br/> \n                    <b>Longitude: </b> 86.18081<br/> \n                    <b>Detection Time: </b> 2026-09-30 21:10 UTC<br/> \n                    <b>Sensor: </b> Suomi-NPP VIIRS<br/>\n                    <b>Confidence: </b> Nominal<br/> \n                    <b>Day/Night: </b> Night<br/>\n                    <b>Scan: </b> 0.5 km<br/>\n                    <b>Track: </b> 0.41 km<br/>\n                    <b>FRP: </b> 2.03 MW<br/>\n                    <b>Brightness: </b> 306.84 K" }, "geometry": { "type": "Point", "coordinates": [ 86.18081, 54.2645 ] } },
{ "type": "Feature", "properties": { "sensor": "SUOMI-NPP", "description": "<b>Latitude: </b> 54.26817<br/> \n                    <b>Longitude: </b> 86.18497<br/> \n                    <b>Detection Time: </b> 2026-09-30 21:10 UTC<br/> \n                    <b>Sensor: </b> Suomi-NPP VIIRS<br/>\n                    <b>Confidence: </b> Nominal<br/> \n                    <b>Day/Night: </b> Night<br/>\n                    <b>Scan: </b> 0.5 km<br/>\n                    <b>Track: </b> 0.41 km<br/>\n                    <b>FRP: </b> 1.48 MW<br/>\n                    <b>Brightness: </b> 300.97 K" }, "geometry": { "type": "Point", "coordinates": [ 86.18497, 54.26817 ] } },
{ "type": "Feature", "properties": { "sensor": "SUOMI-NPP", "description": "<b>Latitude: </b> 54.26461<br/> \n                    <b>Longitude: </b> 86.18265<br/> \n                    <b>Detection Time: </b> 2026-09-30 21:10 UTC<br/> \n                    <b>Sensor: </b> Suomi-NPP VIIRS<br/>\n                    <b>Confidence: </b> Nominal<br/> \n                    <b>Day/Night: </b> Night<br/>\n                    <b>Scan: </b> 0.5 km<br/>\n                    <b>Track: </b> 0.41 km<br/>\n                    <b>FRP: </b> 1.48 MW<br/>\n                    <b>Brightness: </b> 313.42 K" }, "geometry": { "type": "Point", "coordinates": [ 86.18265, 54.26461 ] } },
{ "type": "Feature", "properties": { "sensor": "SUOMI-NPP", "description": "<b>Latitude: </b> 56.86902<br/> \n                    <b>Longitude: </b> 62.04807<br/> \n                    <b>Detection Time: </b> 2026-09-30 21:10 UTC<br/> \n                    <b>Sensor: </b> Suomi-NPP VIIRS<br/>\n                    <b>Confidence: </b> Nominal<br/> \n                    <b>Day/Night: </b> Night<br/>\n                    <b>Scan: </b> 0.44 km<br/>\n                    <b>Track: </b> 0.62 km<br/>\n                    <b>FRP: </b> 2.38 MW<br/>\n                    <b>Brightness: </b> 310.87 K" }, "geometry": { "type": "Point", "coordinates": [ 62.04807, 56.86902 ] } },
{ "type": "Feature", "properties": { "sensor": "SUOMI-NPP", "description": "<b>Latitude: </b> 56.86897<br/> \n                    <b>Longitude: </b> 62.05554<br/> \n                    <b>Detection Time: </b> 2026-09-30 21:10 UTC<br/> \n                    <b>Sensor: </b> Suomi-NPP VIIRS<br/>\n                    <b>Confidence: </b> Nominal<br/> \n                    <b>Day/Night: </b> Night<br/>\n                    <b>Scan: </b> 0.44 km<br/>\n                    <b>Track: </b> 0.62 km<br/>\n                    <b>FRP: </b> 2.38 MW<br/>\n                    <b>Brightness: </b> 312.7 K" }, "geometry": { "type": "Point", "coordinates": [ 62.05554, 56.86897 ] } },
{ "type": "Feature", "properties": { "sensor": "SUOMI-NPP", "description": "<b>Latitude: </b> 56.86891<br/> \n                    <b>Longitude: </b> 62.06296<br/> \n                    <b>Detection Time: </b> 2026-09-30 21:10 UTC<br/> \n                    <b>Sensor: </b> Suomi-NPP VIIRS<br/>\n                    <b>Confidence: </b> Nominal<br/> \n                    <b>Day/Night: </b> Night<br/>\n                    <b>Scan: </b> 0.44 km<br/>\n                    <b>Track: </b> 0.62 km<br/>\n                    <b>FRP: </b> 1.39 MW<br/>\n                    <b>Brightness: </b> 303.64 K" }, "geometry": { "type": "Point", "coordinates": [ 62.06296, 56.86891 ] } },
{ "type": "Feature", "properties": { "sensor": "SUOMI-NPP", "description": "<b>Latitude: </b> 54.65832<br/> \n                    <b>Longitude: </b> 83.31087<br/> \n                    <b>Detection Time: </b> 2026-09-30 21:10 UTC<br/> \n                    <b>Sensor: </b> Suomi-NPP VIIRS<br/>\n                    <b>Confidence: </b> Nominal<br/> \n                    <b>Day/Night: </b> Night<br/>\n                    <b>Scan: </b> 0.42 km<br/>\n                    <b>Track: </b> 0.38 km<br/>\n                    <b>FRP: </b> 1.13 MW<br/>\n                    <b>Brightness: </b> 300.42 K" }, "geometry": { "type": "Point", "coordinates": [ 83.31087, 54.65832 ] } },
{ "type": "Feature", "properties": { "sensor": "SUOMI-NPP", "description": "<b>Latitude: </b> 54.655<br/> \n                    <b>Longitude: </b> 83.30896<br/> \n                    <b>Detection Time: </b> 2026-09-30 21:10 UTC<br/> \n                    <b>Sensor: </b> Suomi-NPP VIIRS<br/>\n                    <b>Confidence: </b> Nominal<br/> \n                    <b>Day/Night: </b> Night<br/>\n                    <b>Scan: </b> 0.42 km<br/>\n                    <b>Track: </b> 0.38 km<br/>\n                    <b>FRP: </b> 1.13 MW<br/>\n                    <b>Brightness: </b> 304.14 K" }, "geometry": { "type": "Point", "coordinates": [ 83.30896, 54.655 ] } },
{ "type": "Feature", "properties": { "sensor": "SUOMI-NPP", "description": "<b>Latitude: </b> 56.47706<br/> \n                    <b>Longitude: </b> 60.90926<br/> \n                    <b>Detection Time: </b> 2026-09-30 21:10 UTC<br/> \n                    <b>Sensor: </b> Suomi-NPP VIIRS<br/>\n                    <b>Confidence: </b> Nominal<br/> \n                    <b>Day/Night: </b> Night<br/>\n                    <b>Scan: </b> 0.48 km<br/>\n                    <b>Track: </b> 0.65 km<br/>\n                    <b>FRP: </b> 1.12 MW<br/>\n                    <b>Brightness: </b> 302.31 K" }, "geometry": { "type": "Point", "coordinates": [ 60.90926, 56.47706 ] } },
{ "type": "Feature", "properties": { "sensor": "SUOMI-NPP", "description": "<b>Latitude: </b> 56.47752<br/> \n                    <b>Longitude: </b> 60.90519<br/> \n                    <b>Detection Time: </b> 2026-09-30 21:10 UTC<br/> \n                    <b>Sensor: </b> Suomi-NPP VIIRS<br/>\n                    <b>Confidence: </b> Nominal<br/> \n                    <b>Day/Night: </b> Night<br/>\n                    <b>Scan: </b> 0.48 km<br/>\n                    <b>Track: </b> 0.65 km<br/>\n                    <b>FRP: </b> 1.07 MW<br/>\n                    <b>Brightness: </b> 299.68 K" }, "geometry": { "type": "Point", "coordinates": [ 60.90519, 56.47752 ] } },
{ "type": "Feature", "properties": { "sensor": "SUOMI-NPP", "description": "<b>Latitude: </b> 53.68848<br/> \n                    <b>Longitude: </b> 85.00892<br/> \n                    <b>Detection Time: </b> 2026-09-30 21:10 UTC<br/> \n                    <b>Sensor: </b> Suomi-NPP VIIRS<br/>\n                    <b>Confidence: </b> Nominal<br/> \n                    <b>Day/Night: </b> Night<br/>\n                    <b>Scan: </b> 0.48 km<br/>\n                    <b>Track: </b> 0.4 km<br/>\n                    <b>FRP: </b> 1.21 MW<br/>\n                    <b>Brightness: </b> 300.09 K" }, "geometry": { "type": "Point", "coordinates": [ 85.00892, 53.68848 ] } },
{ "type": "Feature", "properties": { "sensor": "SUOMI-NPP", "description": "<b>Latitude: </b> 53.68148<br/> \n                    <b>Longitude: </b> 85.00463<br/> \n                    <b>Detection Time: </b> 2026-09-30 21:10 UTC<br/> \n                    <b>Sensor: </b> Suomi-NPP VIIRS<br/>\n                    <b>Confidence: </b> Nominal<br/> \n                    <b>Day/Night: </b> Night<br/>\n                    <b>Scan: </b> 0.48 km<br/>\n                    <b>Track: </b> 0.4 km<br/>\n                    <b>FRP: </b> 1.01 MW<br/>\n                    <b>Brightness: </b> 296.81 K" }, "geometry": { "type": "Point", "coordinates": [ 85.00463, 53.68148 ] } },
{ "type": "Feature", "properties": { "sensor": "SUOMI-NPP", "description": "<b>Latitude: </b> 53.60254<br/> \n                    <b>Longitude: </b> 83.72236<br/> \n                    <b>Detection Time: </b> 2026-09-30 21:10 UTC<br/> \n                    <b>Sensor: </b> Suomi-NPP VIIRS<br/>\n                    <b>Confidence: </b> Nominal<br/> \n                    <b>Day/Night: </b> Night<br/>\n                    <b>Scan: </b> 0.44 km<br/>\n                    <b>Track: </b> 0.39 km<br/>\n                    <b>FRP: </b> 0.74 MW<br/>\n                    <b>Brightness: </b> 309.23 K" }, "geometry": { "type": "Point", "coordinates": [ 83.72236, 53.60254 ] } },
{ "type": "Feature", "properties": { "sensor": "SUOMI-NPP", "description": "<b>Latitude: </b> 54.94106<br/> \n                    <b>Longitude: </b> 73.48414<br/> \n                    <b>Detection Time: </b> 2026-09-30 21:10 UTC<br/> \n                    <b>Sensor: </b> Suomi-NPP VIIRS<br/>\n                    <b>Confidence: </b> Nominal<br/> \n                    <b>Day/Night: </b> Night<br/>\n                    <b>Scan: </b> 0.48 km<br/>\n                    <b>Track: </b> 0.4 km<br/>\n                    <b>FRP: </b> 0.77 MW<br/>\n                    <b>Brightness: </b> 296.07 K" }, "geometry": { "type": "Point", "coordinates": [ 73.48414, 54.94106 ] } },
{ "type": "Feature", "properties": { "sensor": "SUOMI-NPP", "description": "<b>Latitude: </b> 55.46599<br/> \n                    <b>Longitude: </b> 60.20009<br/> \n                    <b>Detection Time: </b> 2026-09-30 21:10 UTC<br/> \n                    <b>Sensor: </b> Suomi-NPP VIIRS<br/>\n                    <b>Confidence: </b> Nominal<br/> \n                    <b>Day/Night: </b> Night<br/>\n                    <b>Scan: </b> 0.51 km<br/>\n                    <b>Track: </b> 0.66 km<br/>\n                    <b>FRP: </b> 1.21 MW<br/>\n                    <b>Brightness: </b> 307.53 K" }, "geometry": { "type": "Point", "coordinates": [ 60.20009, 55.46599 ] } },
{ "type": "Feature", "properties": { "sensor": "SUOMI-NPP", "description": "<b>Latitude: </b> 55.46272<br/> \n                    <b>Longitude: </b> 60.19616<br/> \n                    <b>Detection Time: </b> 2026-09-30 21:10 UTC<br/> \n                    <b>Sensor: </b> Suomi-NPP VIIRS<br/>\n                    <b>Confidence: </b> Nominal<br/> \n                    <b>Day/Night: </b> Night<br/>\n                    <b>Scan: </b> 0.51 km<br/>\n                    <b>Track: </b> 0.66 km<br/>\n                    <b>FRP: </b> 1.82 MW<br/>\n                    <b>Brightness: </b> 303.35 K" }, "geometry": { "type": "Point", "coordinates": [ 60.19616, 55.46272 ] } },
{ "type": "Feature", "properties": { "sensor": "SUOMI-NPP", "description": "<b>Latitude: </b> 55.26073<br/> \n                    <b>Longitude: </b> 61.44498<br/> \n                    <b>Detection Time: </b> 2026-09-30 21:10 UTC<br/> \n                    <b>Sensor: </b> Suomi-NPP VIIRS<br/>\n                    <b>Confidence: </b> Nominal<br/> \n                    <b>Day/Night: </b> Night<br/>\n                    <b>Scan: </b> 0.46 km<br/>\n                    <b>Track: </b> 0.63 km<br/>\n                    <b>FRP: </b> 1.97 MW<br/>\n                    <b>Brightness: </b> 295.71 K" }, "geometry": { "type": "Point", "coordinates": [ 61.44498, 55.26073 ] } },
{ "type": "Feature", "properties": { "sensor": "SUOMI-NPP", "description": "<b>Latitude: </b> 55.20518<br/> \n                    <b>Longitude: </b> 61.43192<br/> \n                    <b>Detection Time: </b> 2026-09-30 21:10 UTC<br/> \n                    <b>Sensor: </b> Suomi-NPP VIIRS<br/>\n                    <b>Confidence: </b> Nominal<br/> \n                    <b>Day/Night: </b> Night<br/>\n                    <b>Scan: </b> 0.46 km<br/>\n                    <b>Track: </b> 0.63 km<br/>\n                    <b>FRP: </b> 1.04 MW<br/>\n                    <b>Brightness: </b> 295.42 K" }, "geometry": { "type": "Point", "coordinates": [ 61.43192, 55.20518 ] } },
{ "type": "Feature", "properties": { "sensor": "SUOMI-NPP", "description": "<b>Latitude: </b> 55.07302<br/> \n                    <b>Longitude: </b> 58.98351<br/> \n                    <b>Detection Time: </b> 2026-09-30 21:10 UTC<br/> \n                    <b>Sensor: </b> Suomi-NPP VIIRS<br/>\n                    <b>Confidence: </b> Nominal<br/> \n                    <b>Day/Night: </b> Night<br/>\n                    <b>Scan: </b> 0.57 km<br/>\n                    <b>Track: </b> 0.69 km<br/>\n                    <b>FRP: </b> 0.76 MW<br/>\n                    <b>Brightness: </b> 301.46 K" }, "geometry": { "type": "Point", "coordinates": [ 58.98351, 55.07302 ] } },
{ "type": "Feature", "properties": { "sensor": "SUOMI-NPP", "description": "<b>Latitude: </b> 54.87955<br/> \n                    <b>Longitude: </b> 56.06924<br/> \n                    <b>Detection Time: </b> 2026-09-30 21:10 UTC<br/> \n                    <b>Sensor: </b> Suomi-NPP VIIRS<br/>\n                    <b>Confidence: </b> Nominal<br/> \n                    <b>Day/Night: </b> Night<br/>\n                    <b>Scan: </b> 0.74 km<br/>\n                    <b>Track: </b> 0.76 km<br/>\n                    <b>FRP: </b> 2.74 MW<br/>\n                    <b>Brightness: </b> 297.43 K" }, "geometry": { "type": "Point", "coordinates": [ 56.06924, 54.87955 ] } },
{ "type": "Feature", "properties": { "sensor": "SUOMI-NPP", "description": "<b>Latitude: </b> 54.85223<br/> \n                    <b>Longitude: </b> 56.1077<br/> \n                    <b>Detection Time: </b> 2026-09-30 21:10 UTC<br/> \n                    <b>Sensor: </b> Suomi-NPP VIIRS<br/>\n                    <b>Confidence: </b> Nominal<br/> \n                    <b>Day/Night: </b> Night<br/>\n                    <b>Scan: </b> 0.73 km<br/>\n                    <b>Track: </b> 0.76 km<br/>\n                    <b>FRP: </b> 3.32 MW<br/>\n                    <b>Brightness: </b> 296.55 K" }, "geometry": { "type": "Point", "coordinates": [ 56.1077, 54.85223 ] } },
{ "type": "Feature", "properties": { "sensor": "SUOMI-NPP", "description": "<b>Latitude: </b> 54.8502<br/> \n                    <b>Longitude: </b> 56.10266<br/> \n                    <b>Detection Time: </b> 2026-09-30 21:10 UTC<br/> \n                    <b>Sensor: </b> Suomi-NPP VIIRS<br/>\n                    <b>Confidence: </b> Nominal<br/> \n                    <b>Day/Night: </b> Night<br/>\n                    <b>Scan: </b> 0.73 km<br/>\n                    <b>Track: </b> 0.76 km<br/>\n                    <b>FRP: </b> 2.77 MW<br/>\n                    <b>Brightness: </b> 309.99 K" }, "geometry": { "type": "Point", "coordinates": [ 56.10266, 54.8502 ] } },
{ "type": "Feature", "properties": { "sensor": "SUOMI-NPP", "description": "<b>Latitude: </b> 54.4241<br/> \n                    <b>Longitude: </b> 56.17399<br/> \n                    <b>Detection Time: </b> 2026-09-30 21:10 UTC<br/> \n                    <b>Sensor: </b> Suomi-NPP VIIRS<br/>\n                    <b>Confidence: </b> Nominal<br/> \n                    <b>Day/Night: </b> Night<br/>\n                    <b>Scan: </b> 0.73 km<br/>\n                    <b>Track: </b> 0.76 km<br/>\n                    <b>FRP: </b> 1.48 MW<br/>\n                    <b>Brightness: </b> 300.5 K" }, "geometry": { "type": "Point", "coordinates": [ 56.17399, 54.4241 ] } },
{ "type": "Feature", "properties": { "sensor": "SUOMI-NPP", "description": "<b>Latitude: </b> 53.47137<br/> \n                    <b>Longitude: </b> 58.98167<br/> \n                    <b>Detection Time: </b> 2026-09-30 21:10 UTC<br/> \n                    <b>Sensor: </b> Suomi-NPP VIIRS<br/>\n                    <b>Confidence: </b> Nominal<br/> \n                    <b>Day/Night: </b> Night<br/>\n                    <b>Scan: </b> 0.57 km<br/>\n                    <b>Track: </b> 0.69 km<br/>\n                    <b>FRP: </b> 2.54 MW<br/>\n                    <b>Brightness: </b> 312.66 K" }, "geometry": { "type": "Point", "coordinates": [ 58.98167, 53.47137 ] } },
{ "type": "Feature", "properties": { "sensor": "SUOMI-NPP", "description": "<b>Latitude: </b> 53.47202<br/> \n                    <b>Longitude: </b> 58.97658<br/> \n                    <b>Detection Time: </b> 2026-09-30 21:10 UTC<br/> \n                    <b>Sensor: </b> Suomi-NPP VIIRS<br/>\n                    <b>Confidence: </b> Nominal<br/> \n                    <b>Day/Night: </b> Night<br/>\n                    <b>Scan: </b> 0.57 km<br/>\n                    <b>Track: </b> 0.69 km<br/>\n                    <b>FRP: </b> 1.82 MW<br/>\n                    <b>Brightness: </b> 296.35 K" }, "geometry": { "type": "Point", "coordinates": [ 58.97658, 53.47202 ] } },
{ "type": "Feature", "properties": { "sensor": "SUOMI-NPP", "description": "<b>Latitude: </b> 53.47208<br/> \n                    <b>Longitude: </b> 58.98505<br/> \n                    <b>Detection Time: </b> 2026-09-30 21:10 UTC<br/> \n                    <b>Sensor: </b> Suomi-NPP VIIRS<br/>\n                    <b>Confidence: </b> Nominal<br/> \n                    <b>Day/Night: </b> Night<br/>\n                    <b>Scan: </b> 0.57 km<br/>\n                    <b>Track: </b> 0.69 km<br/>\n                    <b>FRP: </b> 0.96 MW<br/>\n                    <b>Brightness: </b> 295.09 K" }, "geometry": { "type": "Point", "coordinates": [ 58.98505, 53.47208 ] } },
{ "type": "Feature", "properties": { "sensor": "SUOMI-NPP", "description": "<b>Latitude: </b> 53.45951<br/> \n                    <b>Longitude: </b> 59.03016<br/> \n                    <b>Detection Time: </b> 2026-09-30 21:10 UTC<br/> \n                    <b>Sensor: </b> Suomi-NPP VIIRS<br/>\n                    <b>Confidence: </b> Nominal<br/> \n                    <b>Day/Night: </b> Night<br/>\n                    <b>Scan: </b> 0.56 km<br/>\n                    <b>Track: </b> 0.69 km<br/>\n                    <b>FRP: </b> 4.57 MW<br/>\n                    <b>Brightness: </b> 315.11 K" }, "geometry": { "type": "Point", "coordinates": [ 59.03016, 53.45951 ] } },
{ "type": "Feature", "properties": { "sensor": "SUOMI-NPP", "description": "<b>Latitude: </b> 53.45959<br/> \n                    <b>Longitude: </b> 59.03859<br/> \n                    <b>Detection Time: </b> 2026-09-30 21:10 UTC<br/> \n                    <b>Sensor: </b> Suomi-NPP VIIRS<br/>\n                    <b>Confidence: </b> Nominal<br/> \n                    <b>Day/Night: </b> Night<br/>\n                    <b>Scan: </b> 0.56 km<br/>\n                    <b>Track: </b> 0.69 km<br/>\n                    <b>FRP: </b> 2.41 MW<br/>\n                    <b>Brightness: </b> 305.8 K" }, "geometry": { "type": "Point", "coordinates": [ 59.03859, 53.45959 ] } },
{ "type": "Feature", "properties": { "sensor": "SUOMI-NPP", "description": "<b>Latitude: </b> 53.45303<br/> \n                    <b>Longitude: </b> 59.02983<br/> \n                    <b>Detection Time: </b> 2026-09-30 21:10 UTC<br/> \n                    <b>Sensor: </b> Suomi-NPP VIIRS<br/>\n                    <b>Confidence: </b> Nominal<br/> \n                    <b>Day/Night: </b> Night<br/>\n                    <b>Scan: </b> 0.56 km<br/>\n                    <b>Track: </b> 0.69 km<br/>\n                    <b>FRP: </b> 1.97 MW<br/>\n                    <b>Brightness: </b> 301.31 K" }, "geometry": { "type": "Point", "coordinates": [ 59.02983, 53.45303 ] } },
{ "type": "Feature", "properties": { "sensor": "SUOMI-NPP", "description": "<b>Latitude: </b> 53.43368<br/> \n                    <b>Longitude: </b> 59.03891<br/> \n                    <b>Detection Time: </b> 2026-09-30 21:10 UTC<br/> \n                    <b>Sensor: </b> Suomi-NPP VIIRS<br/>\n                    <b>Confidence: </b> Nominal<br/> \n                    <b>Day/Night: </b> Night<br/>\n                    <b>Scan: </b> 0.56 km<br/>\n                    <b>Track: </b> 0.69 km<br/>\n                    <b>FRP: </b> 1.49 MW<br/>\n                    <b>Brightness: </b> 300.03 K" }, "geometry": { "type": "Point", "coordinates": [ 59.03891, 53.43368 ] } },
{ "type": "Feature", "properties": { "sensor": "SUOMI-NPP", "description": "<b>Latitude: </b> 53.42738<br/> \n                    <b>Longitude: </b> 59.05686<br/> \n                    <b>Detection Time: </b> 2026-09-30 21:10 UTC<br/> \n                    <b>Sensor: </b> Suomi-NPP VIIRS<br/>\n                    <b>Confidence: </b> Nominal<br/> \n                    <b>Day/Night: </b> Night<br/>\n                    <b>Scan: </b> 0.56 km<br/>\n                    <b>Track: </b> 0.69 km<br/>\n                    <b>FRP: </b> 1.99 MW<br/>\n                    <b>Brightness: </b> 295.26 K" }, "geometry": { "type": "Point", "coordinates": [ 59.05686, 53.42738 ] } },
{ "type": "Feature", "properties": { "sensor": "SUOMI-NPP", "description": "<b>Latitude: </b> 54.29725<br/> \n                    <b>Longitude: </b> 86.14371<br/> \n                    <b>Detection Time: </b> 2026-09-30 21:10 UTC<br/> \n                    <b>Sensor: </b> Suomi-NPP VIIRS<br/>\n                    <b>Confidence: </b> Nominal<br/> \n                    <b>Day/Night: </b> Night<br/>\n                    <b>Scan: </b> 0.5 km<br/>\n                    <b>Track: </b> 0.41 km<br/>\n                    <b>FRP: </b> 1.63 MW<br/>\n                    <b>Brightness: </b> 310.76 K" }, "geometry": { "type": "Point", "coordinates": [ 86.14371, 54.29725 ] } },
{ "type": "Feature", "properties": { "sensor": "SUOMI-NPP", "description": "<b>Latitude: </b> 51.9189<br/> \n                    <b>Longitude: </b> 58.5884<br/> \n                    <b>Detection Time: </b> 2026-09-30 21:10 UTC<br/> \n                    <b>Sensor: </b> Suomi-NPP VIIRS<br/>\n                    <b>Confidence: </b> Nominal<br/> \n                    <b>Day/Night: </b> Night<br/>\n                    <b>Scan: </b> 0.58 km<br/>\n                    <b>Track: </b> 0.7 km<br/>\n                    <b>FRP: </b> 1.39 MW<br/>\n                    <b>Brightness: </b> 301.72 K" }, "geometry": { "type": "Point", "coordinates": [ 58.5884, 51.9189 ] } },
{ "type": "Feature", "properties": { "sensor": "SUOMI-NPP", "description": "<b>Latitude: </b> 51.90599<br/> \n                    <b>Longitude: </b> 58.61574<br/> \n                    <b>Detection Time: </b> 2026-09-30 21:10 UTC<br/> \n                    <b>Sensor: </b> Suomi-NPP VIIRS<br/>\n                    <b>Confidence: </b> Nominal<br/> \n                    <b>Day/Night: </b> Night<br/>\n                    <b>Scan: </b> 0.58 km<br/>\n                    <b>Track: </b> 0.7 km<br/>\n                    <b>FRP: </b> 4.98 MW<br/>\n                    <b>Brightness: </b> 326.48 K" }, "geometry": { "type": "Point", "coordinates": [ 58.61574, 51.90599 ] } },
{ "type": "Feature", "properties": { "sensor": "SUOMI-NPP", "description": "<b>Latitude: </b> 51.90591<br/> \n                    <b>Longitude: </b> 58.60654<br/> \n                    <b>Detection Time: </b> 2026-09-30 21:10 UTC<br/> \n                    <b>Sensor: </b> Suomi-NPP VIIRS<br/>\n                    <b>Confidence: </b> Nominal<br/> \n                    <b>Day/Night: </b> Night<br/>\n                    <b>Scan: </b> 0.58 km<br/>\n                    <b>Track: </b> 0.7 km<br/>\n                    <b>FRP: </b> 6.12 MW<br/>\n                    <b>Brightness: </b> 299.26 K" }, "geometry": { "type": "Point", "coordinates": [ 58.60654, 51.90591 ] } },
{ "type": "Feature", "properties": { "sensor": "SUOMI-NPP", "description": "<b>Latitude: </b> 51.43766<br/> \n                    <b>Longitude: </b> 57.74292<br/> \n                    <b>Detection Time: </b> 2026-09-30 21:10 UTC<br/> \n                    <b>Sensor: </b> Suomi-NPP VIIRS<br/>\n                    <b>Confidence: </b> Nominal<br/> \n                    <b>Day/Night: </b> Night<br/>\n                    <b>Scan: </b> 0.63 km<br/>\n                    <b>Track: </b> 0.72 km<br/>\n                    <b>FRP: </b> 1.38 MW<br/>\n                    <b>Brightness: </b> 302.22 K" }, "geometry": { "type": "Point", "coordinates": [ 57.74292, 51.43766 ] } },
{ "type": "Feature", "properties": { "sensor": "SUOMI-NPP", "description": "<b>Latitude: </b> 51.43781<br/> \n                    <b>Longitude: </b> 57.7524<br/> \n                    <b>Detection Time: </b> 2026-09-30 21:10 UTC<br/> \n                    <b>Sensor: </b> Suomi-NPP VIIRS<br/>\n                    <b>Confidence: </b> Nominal<br/> \n                    <b>Day/Night: </b> Night<br/>\n                    <b>Scan: </b> 0.63 km<br/>\n                    <b>Track: </b> 0.72 km<br/>\n                    <b>FRP: </b> 1.38 MW<br/>\n                    <b>Brightness: </b> 307.83 K" }, "geometry": { "type": "Point", "coordinates": [ 57.7524, 51.43781 ] } },
{ "type": "Feature", "properties": { "sensor": "SUOMI-NPP", "description": "<b>Latitude: </b> 51.43071<br/> \n                    <b>Longitude: </b> 57.73332<br/> \n                    <b>Detection Time: </b> 2026-09-30 21:10 UTC<br/> \n                    <b>Sensor: </b> Suomi-NPP VIIRS<br/>\n                    <b>Confidence: </b> Nominal<br/> \n                    <b>Day/Night: </b> Night<br/>\n                    <b>Scan: </b> 0.63 km<br/>\n                    <b>Track: </b> 0.72 km<br/>\n                    <b>FRP: </b> 5.3 MW<br/>\n                    <b>Brightness: </b> 329.41 K" }, "geometry": { "type": "Point", "coordinates": [ 57.73332, 51.43071 ] } },
{ "type": "Feature", "properties": { "sensor": "SUOMI-NPP", "description": "<b>Latitude: </b> 51.43086<br/> \n                    <b>Longitude: </b> 57.74249<br/> \n                    <b>Detection Time: </b> 2026-09-30 21:10 UTC<br/> \n                    <b>Sensor: </b> Suomi-NPP VIIRS<br/>\n                    <b>Confidence: </b> Nominal<br/> \n                    <b>Day/Night: </b> Night<br/>\n                    <b>Scan: </b> 0.63 km<br/>\n                    <b>Track: </b> 0.72 km<br/>\n                    <b>FRP: </b> 3.65 MW<br/>\n                    <b>Brightness: </b> 331.75 K" }, "geometry": { "type": "Point", "coordinates": [ 57.74249, 51.43086 ] } },
{ "type": "Feature", "properties": { "sensor": "SUOMI-NPP", "description": "<b>Latitude: </b> 51.43102<br/> \n                    <b>Longitude: </b> 57.75201<br/> \n                    <b>Detection Time: </b> 2026-09-30 21:10 UTC<br/> \n                    <b>Sensor: </b> Suomi-NPP VIIRS<br/>\n                    <b>Confidence: </b> Nominal<br/> \n                    <b>Day/Night: </b> Night<br/>\n                    <b>Scan: </b> 0.63 km<br/>\n                    <b>Track: </b> 0.72 km<br/>\n                    <b>FRP: </b> 3.65 MW<br/>\n                    <b>Brightness: </b> 316.31 K" }, "geometry": { "type": "Point", "coordinates": [ 57.75201, 51.43102 ] } },
{ "type": "Feature", "properties": { "sensor": "SUOMI-NPP", "description": "<b>Latitude: </b> 51.42391<br/> \n                    <b>Longitude: </b> 57.73304<br/> \n                    <b>Detection Time: </b> 2026-09-30 21:10 UTC<br/> \n                    <b>Sensor: </b> Suomi-NPP VIIRS<br/>\n                    <b>Confidence: </b> Nominal<br/> \n                    <b>Day/Night: </b> Night<br/>\n                    <b>Scan: </b> 0.63 km<br/>\n                    <b>Track: </b> 0.72 km<br/>\n                    <b>FRP: </b> 5.3 MW<br/>\n                    <b>Brightness: </b> 300.71 K" }, "geometry": { "type": "Point", "coordinates": [ 57.73304, 51.42391 ] } },
{ "type": "Feature", "properties": { "sensor": "SUOMI-NPP", "description": "<b>Latitude: </b> 51.42407<br/> \n                    <b>Longitude: </b> 57.74215<br/> \n                    <b>Detection Time: </b> 2026-09-30 21:10 UTC<br/> \n                    <b>Sensor: </b> Suomi-NPP VIIRS<br/>\n                    <b>Confidence: </b> Nominal<br/> \n                    <b>Day/Night: </b> Night<br/>\n                    <b>Scan: </b> 0.63 km<br/>\n                    <b>Track: </b> 0.72 km<br/>\n                    <b>FRP: </b> 3.65 MW<br/>\n                    <b>Brightness: </b> 305.71 K" }, "geometry": { "type": "Point", "coordinates": [ 57.74215, 51.42407 ] } },
{ "type": "Feature", "properties": { "sensor": "SUOMI-NPP", "description": "<b>Latitude: </b> 51.43636<br/> \n                    <b>Longitude: </b> 57.74617<br/> \n                    <b>Detection Time: </b> 2026-09-30 21:10 UTC<br/> \n                    <b>Sensor: </b> Suomi-NPP VIIRS<br/>\n                    <b>Confidence: </b> Nominal<br/> \n                    <b>Day/Night: </b> Night<br/>\n                    <b>Scan: </b> 0.63 km<br/>\n                    <b>Track: </b> 0.72 km<br/>\n                    <b>FRP: </b> 5.09 MW<br/>\n                    <b>Brightness: </b> 300.67 K" }, "geometry": { "type": "Point", "coordinates": [ 57.74617, 51.43636 ] } },
{ "type": "Feature", "properties": { "sensor": "SUOMI-NPP", "description": "<b>Latitude: </b> 51.43648<br/> \n                    <b>Longitude: </b> 57.75561<br/> \n                    <b>Detection Time: </b> 2026-09-30 21:10 UTC<br/> \n                    <b>Sensor: </b> Suomi-NPP VIIRS<br/>\n                    <b>Confidence: </b> Nominal<br/> \n                    <b>Day/Night: </b> Night<br/>\n                    <b>Scan: </b> 0.63 km<br/>\n                    <b>Track: </b> 0.72 km<br/>\n                    <b>FRP: </b> 4.01 MW<br/>\n                    <b>Brightness: </b> 309.33 K" }, "geometry": { "type": "Point", "coordinates": [ 57.75561, 51.43648 ] } },
{ "type": "Feature", "properties": { "sensor": "SUOMI-NPP", "description": "<b>Latitude: </b> 51.42945<br/> \n                    <b>Longitude: </b> 57.7365<br/> \n                    <b>Detection Time: </b> 2026-09-30 21:10 UTC<br/> \n                    <b>Sensor: </b> Suomi-NPP VIIRS<br/>\n                    <b>Confidence: </b> Nominal<br/> \n                    <b>Day/Night: </b> Night<br/>\n                    <b>Scan: </b> 0.63 km<br/>\n                    <b>Track: </b> 0.72 km<br/>\n                    <b>FRP: </b> 5.09 MW<br/>\n                    <b>Brightness: </b> 341.65 K" }, "geometry": { "type": "Point", "coordinates": [ 57.7365, 51.42945 ] } },
{ "type": "Feature", "properties": { "sensor": "SUOMI-NPP", "description": "<b>Latitude: </b> 51.42957<br/> \n                    <b>Longitude: </b> 57.74572<br/> \n                    <b>Detection Time: </b> 2026-09-30 21:10 UTC<br/> \n                    <b>Sensor: </b> Suomi-NPP VIIRS<br/>\n                    <b>Confidence: </b> Nominal<br/> \n                    <b>Day/Night: </b> Night<br/>\n                    <b>Scan: </b> 0.63 km<br/>\n                    <b>Track: </b> 0.72 km<br/>\n                    <b>FRP: </b> 5.09 MW<br/>\n                    <b>Brightness: </b> 323.68 K" }, "geometry": { "type": "Point", "coordinates": [ 57.74572, 51.42957 ] } },
{ "type": "Feature", "properties": { "sensor": "SUOMI-NPP", "description": "<b>Latitude: </b> 51.42934<br/> \n                    <b>Longitude: </b> 57.72741<br/> \n                    <b>Detection Time: </b> 2026-09-30 21:10 UTC<br/> \n                    <b>Sensor: </b> Suomi-NPP VIIRS<br/>\n                    <b>Confidence: </b> Nominal<br/> \n                    <b>Day/Night: </b> Night<br/>\n                    <b>Scan: </b> 0.63 km<br/>\n                    <b>Track: </b> 0.72 km<br/>\n                    <b>FRP: </b> 5.13 MW<br/>\n                    <b>Brightness: </b> 297.72 K" }, "geometry": { "type": "Point", "coordinates": [ 57.72741, 51.42934 ] } },
{ "type": "Feature", "properties": { "sensor": "SUOMI-NPP", "description": "<b>Latitude: </b> 51.42255<br/> \n                    <b>Longitude: </b> 57.7273<br/> \n                    <b>Detection Time: </b> 2026-09-30 21:10 UTC<br/> \n                    <b>Sensor: </b> Suomi-NPP VIIRS<br/>\n                    <b>Confidence: </b> Nominal<br/> \n                    <b>Day/Night: </b> Night<br/>\n                    <b>Scan: </b> 0.63 km<br/>\n                    <b>Track: </b> 0.72 km<br/>\n                    <b>FRP: </b> 1.34 MW<br/>\n                    <b>Brightness: </b> 295.02 K" }, "geometry": { "type": "Point", "coordinates": [ 57.7273, 51.42255 ] } },
{ "type": "Feature", "properties": { "sensor": "SUOMI-NPP", "description": "<b>Latitude: </b> 51.42279<br/> \n                    <b>Longitude: </b> 57.74549<br/> \n                    <b>Detection Time: </b> 2026-09-30 21:10 UTC<br/> \n                    <b>Sensor: </b> Suomi-NPP VIIRS<br/>\n                    <b>Confidence: </b> Nominal<br/> \n                    <b>Day/Night: </b> Night<br/>\n                    <b>Scan: </b> 0.63 km<br/>\n                    <b>Track: </b> 0.72 km<br/>\n                    <b>FRP: </b> 1.88 MW<br/>\n                    <b>Brightness: </b> 295.4 K" }, "geometry": { "type": "Point", "coordinates": [ 57.74549, 51.42279 ] } },
{ "type": "Feature", "properties": { "sensor": "SUOMI-NPP", "description": "<b>Latitude: </b> 51.26689<br/> \n                    <b>Longitude: </b> 58.35875<br/> \n                    <b>Detection Time: </b> 2026-09-30 21:10 UTC<br/> \n                    <b>Sensor: </b> Suomi-NPP VIIRS<br/>\n                    <b>Confidence: </b> Nominal<br/> \n                    <b>Day/Night: </b> Night<br/>\n                    <b>Scan: </b> 0.6 km<br/>\n                    <b>Track: </b> 0.7 km<br/>\n                    <b>FRP: </b> 2.93 MW<br/>\n                    <b>Brightness: </b> 320.11 K" }, "geometry": { "type": "Point", "coordinates": [ 58.35875, 51.26689 ] } },
{ "type": "Feature", "properties": { "sensor": "SUOMI-NPP", "description": "<b>Latitude: </b> 51.26681<br/> \n                    <b>Longitude: </b> 58.34995<br/> \n                    <b>Detection Time: </b> 2026-09-30 21:10 UTC<br/> \n                    <b>Sensor: </b> Suomi-NPP VIIRS<br/>\n                    <b>Confidence: </b> Nominal<br/> \n                    <b>Day/Night: </b> Night<br/>\n                    <b>Scan: </b> 0.6 km<br/>\n                    <b>Track: </b> 0.7 km<br/>\n                    <b>FRP: </b> 2.99 MW<br/>\n                    <b>Brightness: </b> 301.48 K" }, "geometry": { "type": "Point", "coordinates": [ 58.34995, 51.26681 ] } },
{ "type": "Feature", "properties": { "sensor": "SUOMI-NPP", "description": "<b>Latitude: </b> 51.25846<br/> \n                    <b>Longitude: </b> 58.19067<br/> \n                    <b>Detection Time: </b> 2026-09-30 21:10 UTC<br/> \n                    <b>Sensor: </b> Suomi-NPP VIIRS<br/>\n                    <b>Confidence: </b> Nominal<br/> \n                    <b>Day/Night: </b> Night<br/>\n                    <b>Scan: </b> 0.61 km<br/>\n                    <b>Track: </b> 0.71 km<br/>\n                    <b>FRP: </b> 1.45 MW<br/>\n                    <b>Brightness: </b> 296.25 K" }, "geometry": { "type": "Point", "coordinates": [ 58.19067, 51.25846 ] } },
{ "type": "Feature", "properties": { "sensor": "SUOMI-NPP", "description": "<b>Latitude: </b> 51.24434<br/> \n                    <b>Longitude: </b> 58.12712<br/> \n                    <b>Detection Time: </b> 2026-09-30 21:10 UTC<br/> \n                    <b>Sensor: </b> Suomi-NPP VIIRS<br/>\n                    <b>Confidence: </b> Nominal<br/> \n                    <b>Day/Night: </b> Night<br/>\n                    <b>Scan: </b> 0.61 km<br/>\n                    <b>Track: </b> 0.71 km<br/>\n                    <b>FRP: </b> 1.66 MW<br/>\n                    <b>Brightness: </b> 310.59 K" }, "geometry": { "type": "Point", "coordinates": [ 58.12712, 51.24434 ] } },
{ "type": "Feature", "properties": { "sensor": "SUOMI-NPP", "description": "<b>Latitude: </b> 51.23766<br/> \n                    <b>Longitude: </b> 58.12656<br/> \n                    <b>Detection Time: </b> 2026-09-30 21:10 UTC<br/> \n                    <b>Sensor: </b> Suomi-NPP VIIRS<br/>\n                    <b>Confidence: </b> Nominal<br/> \n                    <b>Day/Night: </b> Night<br/>\n                    <b>Scan: </b> 0.61 km<br/>\n                    <b>Track: </b> 0.71 km<br/>\n                    <b>FRP: </b> 1.66 MW<br/>\n                    <b>Brightness: </b> 305.39 K" }, "geometry": { "type": "Point", "coordinates": [ 58.12656, 51.23766 ] } },
{ "type": "Feature", "properties": { "sensor": "SUOMI-NPP", "description": "<b>Latitude: </b> 51.24144<br/> \n                    <b>Longitude: </b> 58.13031<br/> \n                    <b>Detection Time: </b> 2026-09-30 21:10 UTC<br/> \n                    <b>Sensor: </b> Suomi-NPP VIIRS<br/>\n                    <b>Confidence: </b> Nominal<br/> \n                    <b>Day/Night: </b> Night<br/>\n                    <b>Scan: </b> 0.61 km<br/>\n                    <b>Track: </b> 0.71 km<br/>\n                    <b>FRP: </b> 3.31 MW<br/>\n                    <b>Brightness: </b> 317.45 K" }, "geometry": { "type": "Point", "coordinates": [ 58.13031, 51.24144 ] } },
{ "type": "Feature", "properties": { "sensor": "SUOMI-NPP", "description": "<b>Latitude: </b> 51.23467<br/> \n                    <b>Longitude: </b> 58.12069<br/> \n                    <b>Detection Time: </b> 2026-09-30 21:10 UTC<br/> \n                    <b>Sensor: </b> Suomi-NPP VIIRS<br/>\n                    <b>Confidence: </b> Nominal<br/> \n                    <b>Day/Night: </b> Night<br/>\n                    <b>Scan: </b> 0.61 km<br/>\n                    <b>Track: </b> 0.71 km<br/>\n                    <b>FRP: </b> 1.71 MW<br/>\n                    <b>Brightness: </b> 306.8 K" }, "geometry": { "type": "Point", "coordinates": [ 58.12069, 51.23467 ] } },
{ "type": "Feature", "properties": { "sensor": "SUOMI-NPP", "description": "<b>Latitude: </b> 57.91941<br/> \n                    <b>Longitude: </b> 60.01474<br/> \n                    <b>Detection Time: </b> 2026-09-30 21:10 UTC<br/> \n                    <b>Sensor: </b> Suomi-NPP VIIRS<br/>\n                    <b>Confidence: </b> Nominal<br/> \n                    <b>Day/Night: </b> Night<br/>\n                    <b>Scan: </b> 0.52 km<br/>\n                    <b>Track: </b> 0.67 km<br/>\n                    <b>FRP: </b> 0.95 MW<br/>\n                    <b>Brightness: </b> 295.1 K" }, "geometry": { "type": "Point", "coordinates": [ 60.01474, 57.91941 ] } },
{ "type": "Feature", "properties": { "sensor": "SUOMI-NPP", "description": "<b>Latitude: </b> 57.94519<br/> \n                    <b>Longitude: </b> 60.06058<br/> \n                    <b>Detection Time: </b> 2026-09-30 21:10 UTC<br/> \n                    <b>Sensor: </b> Suomi-NPP VIIRS<br/>\n                    <b>Confidence: </b> Nominal<br/> \n                    <b>Day/Night: </b> Night<br/>\n                    <b>Scan: </b> 0.52 km<br/>\n                    <b>Track: </b> 0.67 km<br/>\n                    <b>FRP: </b> 3.55 MW<br/>\n                    <b>Brightness: </b> 321.02 K" }, "geometry": { "type": "Point", "coordinates": [ 60.06058, 57.94519 ] } },
{ "type": "Feature", "properties": { "sensor": "SUOMI-NPP", "description": "<b>Latitude: </b> 57.94506<br/> \n                    <b>Longitude: </b> 60.05138<br/> \n                    <b>Detection Time: </b> 2026-09-30 21:10 UTC<br/> \n                    <b>Sensor: </b> Suomi-NPP VIIRS<br/>\n                    <b>Confidence: </b> Nominal<br/> \n                    <b>Day/Night: </b> Night<br/>\n                    <b>Scan: </b> 0.52 km<br/>\n                    <b>Track: </b> 0.67 km<br/>\n                    <b>FRP: </b> 3.55 MW<br/>\n                    <b>Brightness: </b> 322.43 K" }, "geometry": { "type": "Point", "coordinates": [ 60.05138, 57.94506 ] } },
{ "type": "Feature", "properties": { "sensor": "SUOMI-NPP", "description": "<b>Latitude: </b> 57.91955<br/> \n                    <b>Longitude: </b> 60.02398<br/> \n                    <b>Detection Time: </b> 2026-09-30 21:10 UTC<br/> \n                    <b>Sensor: </b> Suomi-NPP VIIRS<br/>\n                    <b>Confidence: </b> Nominal<br/> \n                    <b>Day/Night: </b> Night<br/>\n                    <b>Scan: </b> 0.52 km<br/>\n                    <b>Track: </b> 0.67 km<br/>\n                    <b>FRP: </b> 0.95 MW<br/>\n                    <b>Brightness: </b> 297.99 K" }, "geometry": { "type": "Point", "coordinates": [ 60.02398, 57.91955 ] } },
{ "type": "Feature", "properties": { "sensor": "SUOMI-NPP", "description": "<b>Latitude: </b> 57.94279<br/> \n                    <b>Longitude: </b> 60.05238<br/> \n                    <b>Detection Time: </b> 2026-09-30 21:10 UTC<br/> \n                    <b>Sensor: </b> Suomi-NPP VIIRS<br/>\n                    <b>Confidence: </b> Nominal<br/> \n                    <b>Day/Night: </b> Night<br/>\n                    <b>Scan: </b> 0.52 km<br/>\n                    <b>Track: </b> 0.67 km<br/>\n                    <b>FRP: </b> 6.26 MW<br/>\n                    <b>Brightness: </b> 331.95 K" }, "geometry": { "type": "Point", "coordinates": [ 60.05238, 57.94279 ] } },
{ "type": "Feature", "properties": { "sensor": "SUOMI-NPP", "description": "<b>Latitude: </b> 57.94288<br/> \n                    <b>Longitude: </b> 60.06155<br/> \n                    <b>Detection Time: </b> 2026-09-30 21:10 UTC<br/> \n                    <b>Sensor: </b> Suomi-NPP VIIRS<br/>\n                    <b>Confidence: </b> Nominal<br/> \n                    <b>Day/Night: </b> Night<br/>\n                    <b>Scan: </b> 0.52 km<br/>\n                    <b>Track: </b> 0.67 km<br/>\n                    <b>FRP: </b> 3.76 MW<br/>\n                    <b>Brightness: </b> 309.28 K" }, "geometry": { "type": "Point", "coordinates": [ 60.06155, 57.94288 ] } },
{ "type": "Feature", "properties": { "sensor": "SUOMI-NPP", "description": "<b>Latitude: </b> 57.91729<br/> \n                    <b>Longitude: </b> 60.0159<br/> \n                    <b>Detection Time: </b> 2026-09-30 21:10 UTC<br/> \n                    <b>Sensor: </b> Suomi-NPP VIIRS<br/>\n                    <b>Confidence: </b> Nominal<br/> \n                    <b>Day/Night: </b> Night<br/>\n                    <b>Scan: </b> 0.52 km<br/>\n                    <b>Track: </b> 0.67 km<br/>\n                    <b>FRP: </b> 1.84 MW<br/>\n                    <b>Brightness: </b> 297.4 K" }, "geometry": { "type": "Point", "coordinates": [ 60.0159, 57.91729 ] } },
{ "type": "Feature", "properties": { "sensor": "SUOMI-NPP", "description": "<b>Latitude: </b> 57.91738<br/> \n                    <b>Longitude: </b> 60.0251<br/> \n                    <b>Detection Time: </b> 2026-09-30 21:10 UTC<br/> \n                    <b>Sensor: </b> Suomi-NPP VIIRS<br/>\n                    <b>Confidence: </b> Nominal<br/> \n                    <b>Day/Night: </b> Night<br/>\n                    <b>Scan: </b> 0.52 km<br/>\n                    <b>Track: </b> 0.67 km<br/>\n                    <b>FRP: </b> 0.91 MW<br/>\n                    <b>Brightness: </b> 296.68 K" }, "geometry": { "type": "Point", "coordinates": [ 60.0251, 57.91738 ] } },
{ "type": "Feature", "properties": { "sensor": "SUOMI-NPP", "description": "<b>Latitude: </b> 57.42109<br/> \n                    <b>Longitude: </b> 60.08158<br/> \n                    <b>Detection Time: </b> 2026-09-30 21:10 UTC<br/> \n                    <b>Sensor: </b> Suomi-NPP VIIRS<br/>\n                    <b>Confidence: </b> Nominal<br/> \n                    <b>Day/Night: </b> Night<br/>\n                    <b>Scan: </b> 0.52 km<br/>\n                    <b>Track: </b> 0.67 km<br/>\n                    <b>FRP: </b> 0.51 MW<br/>\n                    <b>Brightness: </b> 296.3 K" }, "geometry": { "type": "Point", "coordinates": [ 60.08158, 57.42109 ] } },
{ "type": "Feature", "properties": { "sensor": "SUOMI-NPP", "description": "<b>Latitude: </b> 54.17743<br/> \n                    <b>Longitude: </b> 87.18852<br/> \n                    <b>Detection Time: </b> 2026-09-30 21:10 UTC<br/> \n                    <b>Sensor: </b> Suomi-NPP VIIRS<br/>\n                    <b>Confidence: </b> Nominal<br/> \n                    <b>Day/Night: </b> Night<br/>\n                    <b>Scan: </b> 0.54 km<br/>\n                    <b>Track: </b> 0.42 km<br/>\n                    <b>FRP: </b> 2.2 MW<br/>\n                    <b>Brightness: </b> 310.61 K" }, "geometry": { "type": "Point", "coordinates": [ 87.18852, 54.17743 ] } },
{ "type": "Feature", "properties": { "sensor": "SUOMI-NPP", "description": "<b>Latitude: </b> 54.15733<br/> \n                    <b>Longitude: </b> 87.1293<br/> \n                    <b>Detection Time: </b> 2026-09-30 21:10 UTC<br/> \n                    <b>Sensor: </b> Suomi-NPP VIIRS<br/>\n                    <b>Confidence: </b> Nominal<br/> \n                    <b>Day/Night: </b> Night<br/>\n                    <b>Scan: </b> 0.54 km<br/>\n                    <b>Track: </b> 0.42 km<br/>\n                    <b>FRP: </b> 1.56 MW<br/>\n                    <b>Brightness: </b> 305.99 K" }, "geometry": { "type": "Point", "coordinates": [ 87.1293, 54.15733 ] } },
{ "type": "Feature", "properties": { "sensor": "SUOMI-NPP", "description": "<b>Latitude: </b> 54.15693<br/> \n                    <b>Longitude: </b> 87.12963<br/> \n                    <b>Detection Time: </b> 2026-09-30 21:10 UTC<br/> \n                    <b>Sensor: </b> Suomi-NPP VIIRS<br/>\n                    <b>Confidence: </b> Nominal<br/> \n                    <b>Day/Night: </b> Night<br/>\n                    <b>Scan: </b> 0.54 km<br/>\n                    <b>Track: </b> 0.42 km<br/>\n                    <b>FRP: </b> 1.62 MW<br/>\n                    <b>Brightness: </b> 308.04 K" }, "geometry": { "type": "Point", "coordinates": [ 87.12963, 54.15693 ] } },
{ "type": "Feature", "properties": { "sensor": "SUOMI-NPP", "description": "<b>Latitude: </b> 54.30244<br/> \n                    <b>Longitude: </b> 86.13869<br/> \n                    <b>Detection Time: </b> 2026-09-30 21:10 UTC<br/> \n                    <b>Sensor: </b> Suomi-NPP VIIRS<br/>\n                    <b>Confidence: </b> Nominal<br/> \n                    <b>Day/Night: </b> Night<br/>\n                    <b>Scan: </b> 0.5 km<br/>\n                    <b>Track: </b> 0.41 km<br/>\n                    <b>FRP: </b> 1.31 MW<br/>\n                    <b>Brightness: </b> 306.77 K" }, "geometry": { "type": "Point", "coordinates": [ 86.13869, 54.30244 ] } },
{ "type": "Feature", "properties": { "sensor": "SUOMI-NPP", "description": "<b>Latitude: </b> 54.30083<br/> \n                    <b>Longitude: </b> 86.14589<br/> \n                    <b>Detection Time: </b> 2026-09-30 21:10 UTC<br/> \n                    <b>Sensor: </b> Suomi-NPP VIIRS<br/>\n                    <b>Confidence: </b> Nominal<br/> \n                    <b>Day/Night: </b> Night<br/>\n                    <b>Scan: </b> 0.5 km<br/>\n                    <b>Track: </b> 0.41 km<br/>\n                    <b>FRP: </b> 1.63 MW<br/>\n                    <b>Brightness: </b> 307.86 K" }, "geometry": { "type": "Point", "coordinates": [ 86.14589, 54.30083 ] } },
{ "type": "Feature", "properties": { "sensor": "SUOMI-NPP", "description": "<b>Latitude: </b> 54.30053<br/> \n                    <b>Longitude: </b> 86.12898<br/> \n                    <b>Detection Time: </b> 2026-09-30 21:10 UTC<br/> \n                    <b>Sensor: </b> Suomi-NPP VIIRS<br/>\n                    <b>Confidence: </b> Nominal<br/> \n                    <b>Day/Night: </b> Night<br/>\n                    <b>Scan: </b> 0.5 km<br/>\n                    <b>Track: </b> 0.41 km<br/>\n                    <b>FRP: </b> 1.31 MW<br/>\n                    <b>Brightness: </b> 298.49 K" }, "geometry": { "type": "Point", "coordinates": [ 86.12898, 54.30053 ] } },
{ "type": "Feature", "properties": { "sensor": "SUOMI-NPP", "description": "<b>Latitude: </b> 54.29886<br/> \n                    <b>Longitude: </b> 86.13647<br/> \n                    <b>Detection Time: </b> 2026-09-30 21:10 UTC<br/> \n                    <b>Sensor: </b> Suomi-NPP VIIRS<br/>\n                    <b>Confidence: </b> Nominal<br/> \n                    <b>Day/Night: </b> Night<br/>\n                    <b>Scan: </b> 0.5 km<br/>\n                    <b>Track: </b> 0.41 km<br/>\n                    <b>FRP: </b> 1.31 MW<br/>\n                    <b>Brightness: </b> 307.53 K" }, "geometry": { "type": "Point", "coordinates": [ 86.13647, 54.29886 ] } },
{ "type": "Feature", "properties": { "sensor": "SUOMI-NPP", "description": "<b>Latitude: </b> 60.2361<br/> \n                    <b>Longitude: </b> 73.70264<br/> \n                    <b>Detection Time: </b> 2026-09-30 21:08 UTC<br/> \n                    <b>Sensor: </b> Suomi-NPP VIIRS<br/>\n                    <b>Confidence: </b> Nominal<br/> \n                    <b>Day/Night: </b> Night<br/>\n                    <b>Scan: </b> 0.55 km<br/>\n                    <b>Track: </b> 0.43 km<br/>\n                    <b>FRP: </b> 0.83 MW<br/>\n                    <b>Brightness: </b> 298.3 K" }, "geometry": { "type": "Point", "coordinates": [ 73.70264, 60.2361 ] } },
{ "type": "Feature", "properties": { "sensor": "SUOMI-NPP", "description": "<b>Latitude: </b> 60.84447<br/> \n                    <b>Longitude: </b> 97.3611<br/> \n                    <b>Detection Time: </b> 2026-09-30 21:08 UTC<br/> \n                    <b>Sensor: </b> Suomi-NPP VIIRS<br/>\n                    <b>Confidence: </b> Nominal<br/> \n                    <b>Day/Night: </b> Night<br/>\n                    <b>Scan: </b> 0.47 km<br/>\n                    <b>Track: </b> 0.47 km<br/>\n                    <b>FRP: </b> 2.58 MW<br/>\n                    <b>Brightness: </b> 309.46 K" }, "geometry": { "type": "Point", "coordinates": [ 97.3611, 60.84447 ] } },
{ "type": "Feature", "properties": { "sensor": "SUOMI-NPP", "description": "<b>Latitude: </b> 60.84292<br/> \n                    <b>Longitude: </b> 97.3485<br/> \n                    <b>Detection Time: </b> 2026-09-30 21:08 UTC<br/> \n                    <b>Sensor: </b> Suomi-NPP VIIRS<br/>\n                    <b>Confidence: </b> Nominal<br/> \n                    <b>Day/Night: </b> Night<br/>\n                    <b>Scan: </b> 0.47 km<br/>\n                    <b>Track: </b> 0.47 km<br/>\n                    <b>FRP: </b> 2.53 MW<br/>\n                    <b>Brightness: </b> 310.02 K" }, "geometry": { "type": "Point", "coordinates": [ 97.3485, 60.84292 ] } },
{ "type": "Feature", "properties": { "sensor": "SUOMI-NPP", "description": "<b>Latitude: </b> 60.84072<br/> \n                    <b>Longitude: </b> 97.35622<br/> \n                    <b>Detection Time: </b> 2026-09-30 21:08 UTC<br/> \n                    <b>Sensor: </b> Suomi-NPP VIIRS<br/>\n                    <b>Confidence: </b> Nominal<br/> \n                    <b>Day/Night: </b> Night<br/>\n                    <b>Scan: </b> 0.47 km<br/>\n                    <b>Track: </b> 0.47 km<br/>\n                    <b>FRP: </b> 2.74 MW<br/>\n                    <b>Brightness: </b> 311.91 K" }, "geometry": { "type": "Point", "coordinates": [ 97.35622, 60.84072 ] } },
{ "type": "Feature", "properties": { "sensor": "SUOMI-NPP", "description": "<b>Latitude: </b> 57.87586<br/> \n                    <b>Longitude: </b> 105.89202<br/> \n                    <b>Detection Time: </b> 2026-09-30 21:08 UTC<br/> \n                    <b>Sensor: </b> Suomi-NPP VIIRS<br/>\n                    <b>Confidence: </b> High<br/> \n                    <b>Day/Night: </b> Night<br/>\n                    <b>Scan: </b> 0.54 km<br/>\n                    <b>Track: </b> 0.68 km<br/>\n                    <b>FRP: </b> 8.05 MW<br/>\n                    <b>Brightness: </b> 367 K" }, "geometry": { "type": "Point", "coordinates": [ 105.89202, 57.87586 ] } },
{ "type": "Feature", "properties": { "sensor": "SUOMI-NPP", "description": "<b>Latitude: </b> 57.87923<br/> \n                    <b>Longitude: </b> 105.88381<br/> \n                    <b>Detection Time: </b> 2026-09-30 21:08 UTC<br/> \n                    <b>Sensor: </b> Suomi-NPP VIIRS<br/>\n                    <b>Confidence: </b> Nominal<br/> \n                    <b>Day/Night: </b> Night<br/>\n                    <b>Scan: </b> 0.54 km<br/>\n                    <b>Track: </b> 0.68 km<br/>\n                    <b>FRP: </b> 11.42 MW<br/>\n                    <b>Brightness: </b> 317.07 K" }, "geometry": { "type": "Point", "coordinates": [ 105.88381, 57.87923 ] } },
{ "type": "Feature", "properties": { "sensor": "SUOMI-NPP", "description": "<b>Latitude: </b> 57.87103<br/> \n                    <b>Longitude: </b> 105.88424<br/> \n                    <b>Detection Time: </b> 2026-09-30 21:08 UTC<br/> \n                    <b>Sensor: </b> Suomi-NPP VIIRS<br/>\n                    <b>Confidence: </b> Nominal<br/> \n                    <b>Day/Night: </b> Night<br/>\n                    <b>Scan: </b> 0.54 km<br/>\n                    <b>Track: </b> 0.68 km<br/>\n                    <b>FRP: </b> 8.05 MW<br/>\n                    <b>Brightness: </b> 302.4 K" }, "geometry": { "type": "Point", "coordinates": [ 105.88424, 57.87103 ] } },
{ "type": "Feature", "properties": { "sensor": "SUOMI-NPP", "description": "<b>Latitude: </b> 64.41875<br/> \n                    <b>Longitude: </b> 77.70828<br/> \n                    <b>Detection Time: </b> 2026-09-30 21:08 UTC<br/> \n                    <b>Sensor: </b> Suomi-NPP VIIRS<br/>\n                    <b>Confidence: </b> Nominal<br/> \n                    <b>Day/Night: </b> Night<br/>\n                    <b>Scan: </b> 0.49 km<br/>\n                    <b>Track: </b> 0.4 km<br/>\n                    <b>FRP: </b> 2.48 MW<br/>\n                    <b>Brightness: </b> 318.81 K" }, "geometry": { "type": "Point", "coordinates": [ 77.70828, 64.41875 ] } },
{ "type": "Feature", "properties": { "sensor": "SUOMI-NPP", "description": "<b>Latitude: </b> 57.72892<br/> \n                    <b>Longitude: </b> 106.03202<br/> \n                    <b>Detection Time: </b> 2026-09-30 21:08 UTC<br/> \n                    <b>Sensor: </b> Suomi-NPP VIIRS<br/>\n                    <b>Confidence: </b> Nominal<br/> \n                    <b>Day/Night: </b> Night<br/>\n                    <b>Scan: </b> 0.55 km<br/>\n                    <b>Track: </b> 0.68 km<br/>\n                    <b>FRP: </b> 1.09 MW<br/>\n                    <b>Brightness: </b> 298.43 K" }, "geometry": { "type": "Point", "coordinates": [ 106.03202, 57.72892 ] } },
{ "type": "Feature", "properties": { "sensor": "SUOMI-NPP", "description": "<b>Latitude: </b> 57.68423<br/> \n                    <b>Longitude: </b> 106.08024<br/> \n                    <b>Detection Time: </b> 2026-09-30 21:08 UTC<br/> \n                    <b>Sensor: </b> Suomi-NPP VIIRS<br/>\n                    <b>Confidence: </b> Nominal<br/> \n                    <b>Day/Night: </b> Night<br/>\n                    <b>Scan: </b> 0.55 km<br/>\n                    <b>Track: </b> 0.68 km<br/>\n                    <b>FRP: </b> 12.26 MW<br/>\n                    <b>Brightness: </b> 327.19 K" }, "geometry": { "type": "Point", "coordinates": [ 106.08024, 57.68423 ] } },
{ "type": "Feature", "properties": { "sensor": "SUOMI-NPP", "description": "<b>Latitude: </b> 57.68089<br/> \n                    <b>Longitude: </b> 106.0882<br/> \n                    <b>Detection Time: </b> 2026-09-30 21:08 UTC<br/> \n                    <b>Sensor: </b> Suomi-NPP VIIRS<br/>\n                    <b>Confidence: </b> Nominal<br/> \n                    <b>Day/Night: </b> Night<br/>\n                    <b>Scan: </b> 0.55 km<br/>\n                    <b>Track: </b> 0.68 km<br/>\n                    <b>FRP: </b> 12.26 MW<br/>\n                    <b>Brightness: </b> 355.25 K" }, "geometry": { "type": "Point", "coordinates": [ 106.0882, 57.68089 ] } },
{ "type": "Feature", "properties": { "sensor": "SUOMI-NPP", "description": "<b>Latitude: </b> 57.74158<br/> \n                    <b>Longitude: </b> 105.94334<br/> \n                    <b>Detection Time: </b> 2026-09-30 21:08 UTC<br/> \n                    <b>Sensor: </b> Suomi-NPP VIIRS<br/>\n                    <b>Confidence: </b> Nominal<br/> \n                    <b>Day/Night: </b> Night<br/>\n                    <b>Scan: </b> 0.55 km<br/>\n                    <b>Track: </b> 0.68 km<br/>\n                    <b>FRP: </b> 1.54 MW<br/>\n                    <b>Brightness: </b> 296.97 K" }, "geometry": { "type": "Point", "coordinates": [ 105.94334, 57.74158 ] } },
{ "type": "Feature", "properties": { "sensor": "SUOMI-NPP", "description": "<b>Latitude: </b> 57.72411<br/> \n                    <b>Longitude: </b> 106.03388<br/> \n                    <b>Detection Time: </b> 2026-09-30 21:08 UTC<br/> \n                    <b>Sensor: </b> Suomi-NPP VIIRS<br/>\n                    <b>Confidence: </b> Nominal<br/> \n                    <b>Day/Night: </b> Night<br/>\n                    <b>Scan: </b> 0.55 km<br/>\n                    <b>Track: </b> 0.68 km<br/>\n                    <b>FRP: </b> 1.46 MW<br/>\n                    <b>Brightness: </b> 316.94 K" }, "geometry": { "type": "Point", "coordinates": [ 106.03388, 57.72411 ] } },
{ "type": "Feature", "properties": { "sensor": "SUOMI-NPP", "description": "<b>Latitude: </b> 57.68507<br/> \n                    <b>Longitude: </b> 106.08904<br/> \n                    <b>Detection Time: </b> 2026-09-30 21:08 UTC<br/> \n                    <b>Sensor: </b> Suomi-NPP VIIRS<br/>\n                    <b>Confidence: </b> Nominal<br/> \n                    <b>Day/Night: </b> Night<br/>\n                    <b>Scan: </b> 0.55 km<br/>\n                    <b>Track: </b> 0.68 km<br/>\n                    <b>FRP: </b> 4.85 MW<br/>\n                    <b>Brightness: </b> 340.02 K" }, "geometry": { "type": "Point", "coordinates": [ 106.08904, 57.68507 ] } },
{ "type": "Feature", "properties": { "sensor": "SUOMI-NPP", "description": "<b>Latitude: </b> 57.68003<br/> \n                    <b>Longitude: </b> 106.08154<br/> \n                    <b>Detection Time: </b> 2026-09-30 21:08 UTC<br/> \n                    <b>Sensor: </b> Suomi-NPP VIIRS<br/>\n                    <b>Confidence: </b> High<br/> \n                    <b>Day/Night: </b> Night<br/>\n                    <b>Scan: </b> 0.55 km<br/>\n                    <b>Track: </b> 0.68 km<br/>\n                    <b>FRP: </b> 16.91 MW<br/>\n                    <b>Brightness: </b> 367 K" }, "geometry": { "type": "Point", "coordinates": [ 106.08154, 57.68003 ] } },
{ "type": "Feature", "properties": { "sensor": "SUOMI-NPP", "description": "<b>Latitude: </b> 57.73706<br/> \n                    <b>Longitude: </b> 105.94357<br/> \n                    <b>Detection Time: </b> 2026-09-30 21:08 UTC<br/> \n                    <b>Sensor: </b> Suomi-NPP VIIRS<br/>\n                    <b>Confidence: </b> Nominal<br/> \n                    <b>Day/Night: </b> Night<br/>\n                    <b>Scan: </b> 0.55 km<br/>\n                    <b>Track: </b> 0.68 km<br/>\n                    <b>FRP: </b> 0.79 MW<br/>\n                    <b>Brightness: </b> 298.16 K" }, "geometry": { "type": "Point", "coordinates": [ 105.94357, 57.73706 ] } },
{ "type": "Feature", "properties": { "sensor": "SUOMI-NPP", "description": "<b>Latitude: </b> 57.67674<br/> \n                    <b>Longitude: </b> 106.08951<br/> \n                    <b>Detection Time: </b> 2026-09-30 21:08 UTC<br/> \n                    <b>Sensor: </b> Suomi-NPP VIIRS<br/>\n                    <b>Confidence: </b> Nominal<br/> \n                    <b>Day/Night: </b> Night<br/>\n                    <b>Scan: </b> 0.56 km<br/>\n                    <b>Track: </b> 0.68 km<br/>\n                    <b>FRP: </b> 7.96 MW<br/>\n                    <b>Brightness: </b> 311.28 K" }, "geometry": { "type": "Point", "coordinates": [ 106.08951, 57.67674 ] } },
{ "type": "Feature", "properties": { "sensor": "SUOMI-NPP", "description": "<b>Latitude: </b> 60.78159<br/> \n                    <b>Longitude: </b> 97.07621<br/> \n                    <b>Detection Time: </b> 2026-09-30 21:08 UTC<br/> \n                    <b>Sensor: </b> Suomi-NPP VIIRS<br/>\n                    <b>Confidence: </b> Nominal<br/> \n                    <b>Day/Night: </b> Night<br/>\n                    <b>Scan: </b> 0.46 km<br/>\n                    <b>Track: </b> 0.47 km<br/>\n                    <b>FRP: </b> 3.47 MW<br/>\n                    <b>Brightness: </b> 344.25 K" }, "geometry": { "type": "Point", "coordinates": [ 97.07621, 60.78159 ] } },
{ "type": "Feature", "properties": { "sensor": "SUOMI-NPP", "description": "<b>Latitude: </b> 60.78378<br/> \n                    <b>Longitude: </b> 97.06848<br/> \n                    <b>Detection Time: </b> 2026-09-30 21:08 UTC<br/> \n                    <b>Sensor: </b> Suomi-NPP VIIRS<br/>\n                    <b>Confidence: </b> Nominal<br/> \n                    <b>Day/Night: </b> Night<br/>\n                    <b>Scan: </b> 0.46 km<br/>\n                    <b>Track: </b> 0.47 km<br/>\n                    <b>FRP: </b> 2.67 MW<br/>\n                    <b>Brightness: </b> 302.57 K" }, "geometry": { "type": "Point", "coordinates": [ 97.06848, 60.78378 ] } },
{ "type": "Feature", "properties": { "sensor": "SUOMI-NPP", "description": "<b>Latitude: </b> 60.77947<br/> \n                    <b>Longitude: </b> 97.08369<br/> \n                    <b>Detection Time: </b> 2026-09-30 21:08 UTC<br/> \n                    <b>Sensor: </b> Suomi-NPP VIIRS<br/>\n                    <b>Confidence: </b> Nominal<br/> \n                    <b>Day/Night: </b> Night<br/>\n                    <b>Scan: </b> 0.46 km<br/>\n                    <b>Track: </b> 0.47 km<br/>\n                    <b>FRP: </b> 3.47 MW<br/>\n                    <b>Brightness: </b> 298.74 K" }, "geometry": { "type": "Point", "coordinates": [ 97.08369, 60.77947 ] } },
{ "type": "Feature", "properties": { "sensor": "SUOMI-NPP", "description": "<b>Latitude: </b> 60.77783<br/> \n                    <b>Longitude: </b> 97.07146<br/> \n                    <b>Detection Time: </b> 2026-09-30 21:08 UTC<br/> \n                    <b>Sensor: </b> Suomi-NPP VIIRS<br/>\n                    <b>Confidence: </b> Nominal<br/> \n                    <b>Day/Night: </b> Night<br/>\n                    <b>Scan: </b> 0.46 km<br/>\n                    <b>Track: </b> 0.47 km<br/>\n                    <b>FRP: </b> 11 MW<br/>\n                    <b>Brightness: </b> 349.55 K" }, "geometry": { "type": "Point", "coordinates": [ 97.07146, 60.77783 ] } },
{ "type": "Feature", "properties": { "sensor": "SUOMI-NPP", "description": "<b>Latitude: </b> 60.77999<br/> \n                    <b>Longitude: </b> 97.06384<br/> \n                    <b>Detection Time: </b> 2026-09-30 21:08 UTC<br/> \n                    <b>Sensor: </b> Suomi-NPP VIIRS<br/>\n                    <b>Confidence: </b> Nominal<br/> \n                    <b>Day/Night: </b> Night<br/>\n                    <b>Scan: </b> 0.46 km<br/>\n                    <b>Track: </b> 0.47 km<br/>\n                    <b>FRP: </b> 6.46 MW<br/>\n                    <b>Brightness: </b> 306.22 K" }, "geometry": { "type": "Point", "coordinates": [ 97.06384, 60.77999 ] } },
{ "type": "Feature", "properties": { "sensor": "SUOMI-NPP", "description": "<b>Latitude: </b> 60.77573<br/> \n                    <b>Longitude: </b> 97.07887<br/> \n                    <b>Detection Time: </b> 2026-09-30 21:08 UTC<br/> \n                    <b>Sensor: </b> Suomi-NPP VIIRS<br/>\n                    <b>Confidence: </b> Nominal<br/> \n                    <b>Day/Night: </b> Night<br/>\n                    <b>Scan: </b> 0.46 km<br/>\n                    <b>Track: </b> 0.47 km<br/>\n                    <b>FRP: </b> 11 MW<br/>\n                    <b>Brightness: </b> 301.5 K" }, "geometry": { "type": "Point", "coordinates": [ 97.07887, 60.77573 ] } },
{ "type": "Feature", "properties": { "sensor": "SUOMI-NPP", "description": "<b>Latitude: </b> 58.85872<br/> \n                    <b>Longitude: </b> 102.92133<br/> \n                    <b>Detection Time: </b> 2026-09-30 21:08 UTC<br/> \n                    <b>Sensor: </b> Suomi-NPP VIIRS<br/>\n                    <b>Confidence: </b> Nominal<br/> \n                    <b>Day/Night: </b> Night<br/>\n                    <b>Scan: </b> 0.4 km<br/>\n                    <b>Track: </b> 0.6 km<br/>\n                    <b>FRP: </b> 1.02 MW<br/>\n                    <b>Brightness: </b> 312.39 K" }, "geometry": { "type": "Point", "coordinates": [ 102.92133, 58.85872 ] } },
{ "type": "Feature", "properties": { "sensor": "SUOMI-NPP", "description": "<b>Latitude: </b> 64.48999<br/> \n                    <b>Longitude: </b> 75.90223<br/> \n                    <b>Detection Time: </b> 2026-09-30 21:08 UTC<br/> \n                    <b>Sensor: </b> Suomi-NPP VIIRS<br/>\n                    <b>Confidence: </b> Nominal<br/> \n                    <b>Day/Night: </b> Night<br/>\n                    <b>Scan: </b> 0.54 km<br/>\n                    <b>Track: </b> 0.42 km<br/>\n                    <b>FRP: </b> 2.43 MW<br/>\n                    <b>Brightness: </b> 328.04 K" }, "geometry": { "type": "Point", "coordinates": [ 75.90223, 64.48999 ] } },
{ "type": "Feature", "properties": { "sensor": "SUOMI-NPP", "description": "<b>Latitude: </b> 57.42753<br/> \n                    <b>Longitude: </b> 78.69604<br/> \n                    <b>Detection Time: </b> 2026-09-30 21:08 UTC<br/> \n                    <b>Sensor: </b> Suomi-NPP VIIRS<br/>\n                    <b>Confidence: </b> Nominal<br/> \n                    <b>Day/Night: </b> Night<br/>\n                    <b>Scan: </b> 0.4 km<br/>\n                    <b>Track: </b> 0.37 km<br/>\n                    <b>FRP: </b> 12.68 MW<br/>\n                    <b>Brightness: </b> 331.3 K" }, "geometry": { "type": "Point", "coordinates": [ 78.69604, 57.42753 ] } },
{ "type": "Feature", "properties": { "sensor": "SUOMI-NPP", "description": "<b>Latitude: </b> 57.5135<br/> \n                    <b>Longitude: </b> 79.01517<br/> \n                    <b>Detection Time: </b> 2026-09-30 21:08 UTC<br/> \n                    <b>Sensor: </b> Suomi-NPP VIIRS<br/>\n                    <b>Confidence: </b> Nominal<br/> \n                    <b>Day/Night: </b> Night<br/>\n                    <b>Scan: </b> 0.39 km<br/>\n                    <b>Track: </b> 0.36 km<br/>\n                    <b>FRP: </b> 0.87 MW<br/>\n                    <b>Brightness: </b> 319.02 K" }, "geometry": { "type": "Point", "coordinates": [ 79.01517, 57.5135 ] } },
{ "type": "Feature", "properties": { "sensor": "SUOMI-NPP", "description": "<b>Latitude: </b> 57.67099<br/> \n                    <b>Longitude: </b> 78.92509<br/> \n                    <b>Detection Time: </b> 2026-09-30 21:08 UTC<br/> \n                    <b>Sensor: </b> Suomi-NPP VIIRS<br/>\n                    <b>Confidence: </b> Nominal<br/> \n                    <b>Day/Night: </b> Night<br/>\n                    <b>Scan: </b> 0.4 km<br/>\n                    <b>Track: </b> 0.37 km<br/>\n                    <b>FRP: </b> 0.7 MW<br/>\n                    <b>Brightness: </b> 303.75 K" }, "geometry": { "type": "Point", "coordinates": [ 78.92509, 57.67099 ] } },
{ "type": "Feature", "properties": { "sensor": "SUOMI-NPP", "description": "<b>Latitude: </b> 58.15161<br/> \n                    <b>Longitude: </b> 78.87968<br/> \n                    <b>Detection Time: </b> 2026-09-30 21:08 UTC<br/> \n                    <b>Sensor: </b> Suomi-NPP VIIRS<br/>\n                    <b>Confidence: </b> Nominal<br/> \n                    <b>Day/Night: </b> Night<br/>\n                    <b>Scan: </b> 0.4 km<br/>\n                    <b>Track: </b> 0.37 km<br/>\n                    <b>FRP: </b> 0.71 MW<br/>\n                    <b>Brightness: </b> 297.82 K" }, "geometry": { "type": "Point", "coordinates": [ 78.87968, 58.15161 ] } },
{ "type": "Feature", "properties": { "sensor": "SUOMI-NPP", "description": "<b>Latitude: </b> 58.15547<br/> \n                    <b>Longitude: </b> 78.903<br/> \n                    <b>Detection Time: </b> 2026-09-30 21:08 UTC<br/> \n                    <b>Sensor: </b> Suomi-NPP VIIRS<br/>\n                    <b>Confidence: </b> Nominal<br/> \n                    <b>Day/Night: </b> Night<br/>\n                    <b>Scan: </b> 0.4 km<br/>\n                    <b>Track: </b> 0.37 km<br/>\n                    <b>FRP: </b> 2.49 MW<br/>\n                    <b>Brightness: </b> 326.36 K" }, "geometry": { "type": "Point", "coordinates": [ 78.903, 58.15547 ] } },
{ "type": "Feature", "properties": { "sensor": "SUOMI-NPP", "description": "<b>Latitude: </b> 58.15878<br/> \n                    <b>Longitude: </b> 78.90465<br/> \n                    <b>Detection Time: </b> 2026-09-30 21:08 UTC<br/> \n                    <b>Sensor: </b> Suomi-NPP VIIRS<br/>\n                    <b>Confidence: </b> Nominal<br/> \n                    <b>Day/Night: </b> Night<br/>\n                    <b>Scan: </b> 0.4 km<br/>\n                    <b>Track: </b> 0.37 km<br/>\n                    <b>FRP: </b> 0.44 MW<br/>\n                    <b>Brightness: </b> 295.23 K" }, "geometry": { "type": "Point", "coordinates": [ 78.90465, 58.15878 ] } },
{ "type": "Feature", "properties": { "sensor": "SUOMI-NPP", "description": "<b>Latitude: </b> 59.05149<br/> \n                    <b>Longitude: </b> 71.86134<br/> \n                    <b>Detection Time: </b> 2026-09-30 21:08 UTC<br/> \n                    <b>Sensor: </b> Suomi-NPP VIIRS<br/>\n                    <b>Confidence: </b> Nominal<br/> \n                    <b>Day/Night: </b> Night<br/>\n                    <b>Scan: </b> 0.4 km<br/>\n                    <b>Track: </b> 0.44 km<br/>\n                    <b>FRP: </b> 1.15 MW<br/>\n                    <b>Brightness: </b> 310.47 K" }, "geometry": { "type": "Point", "coordinates": [ 71.86134, 59.05149 ] } },
{ "type": "Feature", "properties": { "sensor": "SUOMI-NPP", "description": "<b>Latitude: </b> 59.07147<br/> \n                    <b>Longitude: </b> 72.8762<br/> \n                    <b>Detection Time: </b> 2026-09-30 21:08 UTC<br/> \n                    <b>Sensor: </b> Suomi-NPP VIIRS<br/>\n                    <b>Confidence: </b> Nominal<br/> \n                    <b>Day/Night: </b> Night<br/>\n                    <b>Scan: </b> 0.56 km<br/>\n                    <b>Track: </b> 0.43 km<br/>\n                    <b>FRP: </b> 0.77 MW<br/>\n                    <b>Brightness: </b> 297.35 K" }, "geometry": { "type": "Point", "coordinates": [ 72.8762, 59.07147 ] } },
{ "type": "Feature", "properties": { "sensor": "SUOMI-NPP", "description": "<b>Latitude: </b> 59.19962<br/> \n                    <b>Longitude: </b> 71.36761<br/> \n                    <b>Detection Time: </b> 2026-09-30 21:08 UTC<br/> \n                    <b>Sensor: </b> Suomi-NPP VIIRS<br/>\n                    <b>Confidence: </b> Nominal<br/> \n                    <b>Day/Night: </b> Night<br/>\n                    <b>Scan: </b> 0.42 km<br/>\n                    <b>Track: </b> 0.45 km<br/>\n                    <b>FRP: </b> 4.32 MW<br/>\n                    <b>Brightness: </b> 339.2 K" }, "geometry": { "type": "Point", "coordinates": [ 71.36761, 59.19962 ] } },
{ "type": "Feature", "properties": { "sensor": "SUOMI-NPP", "description": "<b>Latitude: </b> 59.41389<br/> \n                    <b>Longitude: </b> 71.63092<br/> \n                    <b>Detection Time: </b> 2026-09-30 21:08 UTC<br/> \n                    <b>Sensor: </b> Suomi-NPP VIIRS<br/>\n                    <b>Confidence: </b> Nominal<br/> \n                    <b>Day/Night: </b> Night<br/>\n                    <b>Scan: </b> 0.41 km<br/>\n                    <b>Track: </b> 0.45 km<br/>\n                    <b>FRP: </b> 8.96 MW<br/>\n                    <b>Brightness: </b> 354.45 K" }, "geometry": { "type": "Point", "coordinates": [ 71.63092, 59.41389 ] } },
{ "type": "Feature", "properties": { "sensor": "SUOMI-NPP", "description": "<b>Latitude: </b> 59.47182<br/> \n                    <b>Longitude: </b> 71.5338<br/> \n                    <b>Detection Time: </b> 2026-09-30 21:08 UTC<br/> \n                    <b>Sensor: </b> Suomi-NPP VIIRS<br/>\n                    <b>Confidence: </b> Nominal<br/> \n                    <b>Day/Night: </b> Night<br/>\n                    <b>Scan: </b> 0.42 km<br/>\n                    <b>Track: </b> 0.45 km<br/>\n                    <b>FRP: </b> 1.24 MW<br/>\n                    <b>Brightness: </b> 308.51 K" }, "geometry": { "type": "Point", "coordinates": [ 71.5338, 59.47182 ] } },
{ "type": "Feature", "properties": { "sensor": "SUOMI-NPP", "description": "<b>Latitude: </b> 59.98748<br/> \n                    <b>Longitude: </b> 63.88754<br/> \n                    <b>Detection Time: </b> 2026-09-30 21:08 UTC<br/> \n                    <b>Sensor: </b> Suomi-NPP VIIRS<br/>\n                    <b>Confidence: </b> Nominal<br/> \n                    <b>Day/Night: </b> Night<br/>\n                    <b>Scan: </b> 0.39 km<br/>\n                    <b>Track: </b> 0.59 km<br/>\n                    <b>FRP: </b> 0.78 MW<br/>\n                    <b>Brightness: </b> 304.87 K" }, "geometry": { "type": "Point", "coordinates": [ 63.88754, 59.98748 ] } },
{ "type": "Feature", "properties": { "sensor": "SUOMI-NPP", "description": "<b>Latitude: </b> 59.99302<br/> \n                    <b>Longitude: </b> 63.8878<br/> \n                    <b>Detection Time: </b> 2026-09-30 21:08 UTC<br/> \n                    <b>Sensor: </b> Suomi-NPP VIIRS<br/>\n                    <b>Confidence: </b> Nominal<br/> \n                    <b>Day/Night: </b> Night<br/>\n                    <b>Scan: </b> 0.39 km<br/>\n                    <b>Track: </b> 0.59 km<br/>\n                    <b>FRP: </b> 0.42 MW<br/>\n                    <b>Brightness: </b> 301.17 K" }, "geometry": { "type": "Point", "coordinates": [ 63.8878, 59.99302 ] } },
{ "type": "Feature", "properties": { "sensor": "SUOMI-NPP", "description": "<b>Latitude: </b> 59.99125<br/> \n                    <b>Longitude: </b> 63.8846<br/> \n                    <b>Detection Time: </b> 2026-09-30 21:08 UTC<br/> \n                    <b>Sensor: </b> Suomi-NPP VIIRS<br/>\n                    <b>Confidence: </b> Nominal<br/> \n                    <b>Day/Night: </b> Night<br/>\n                    <b>Scan: </b> 0.39 km<br/>\n                    <b>Track: </b> 0.59 km<br/>\n                    <b>FRP: </b> 1.03 MW<br/>\n                    <b>Brightness: </b> 304.75 K" }, "geometry": { "type": "Point", "coordinates": [ 63.8846, 59.99125 ] } },
{ "type": "Feature", "properties": { "sensor": "SUOMI-NPP", "description": "<b>Latitude: </b> 59.87449<br/> \n                    <b>Longitude: </b> 68.87893<br/> \n                    <b>Detection Time: </b> 2026-09-30 21:08 UTC<br/> \n                    <b>Sensor: </b> Suomi-NPP VIIRS<br/>\n                    <b>Confidence: </b> Nominal<br/> \n                    <b>Day/Night: </b> Night<br/>\n                    <b>Scan: </b> 0.52 km<br/>\n                    <b>Track: </b> 0.5 km<br/>\n                    <b>FRP: </b> 1.41 MW<br/>\n                    <b>Brightness: </b> 310.06 K" }, "geometry": { "type": "Point", "coordinates": [ 68.87893, 59.87449 ] } },
{ "type": "Feature", "properties": { "sensor": "SUOMI-NPP", "description": "<b>Latitude: </b> 60.0821<br/> \n                    <b>Longitude: </b> 64.6834<br/> \n                    <b>Detection Time: </b> 2026-09-30 21:08 UTC<br/> \n                    <b>Sensor: </b> Suomi-NPP VIIRS<br/>\n                    <b>Confidence: </b> Nominal<br/> \n                    <b>Day/Night: </b> Night<br/>\n                    <b>Scan: </b> 0.36 km<br/>\n                    <b>Track: </b> 0.58 km<br/>\n                    <b>FRP: </b> 0.8 MW<br/>\n                    <b>Brightness: </b> 307.41 K" }, "geometry": { "type": "Point", "coordinates": [ 64.6834, 60.0821 ] } },
{ "type": "Feature", "properties": { "sensor": "SUOMI-NPP", "description": "<b>Latitude: </b> 60.08382<br/> \n                    <b>Longitude: </b> 64.68264<br/> \n                    <b>Detection Time: </b> 2026-09-30 21:08 UTC<br/> \n                    <b>Sensor: </b> Suomi-NPP VIIRS<br/>\n                    <b>Confidence: </b> Nominal<br/> \n                    <b>Day/Night: </b> Night<br/>\n                    <b>Scan: </b> 0.36 km<br/>\n                    <b>Track: </b> 0.58 km<br/>\n                    <b>FRP: </b> 0.74 MW<br/>\n                    <b>Brightness: </b> 308.56 K" }, "geometry": { "type": "Point", "coordinates": [ 64.68264, 60.08382 ] } },
{ "type": "Feature", "properties": { "sensor": "SUOMI-NPP", "description": "<b>Latitude: </b> 62.39846<br/> \n                    <b>Longitude: </b> 68.51701<br/> \n                    <b>Detection Time: </b> 2026-09-30 21:08 UTC<br/> \n                    <b>Sensor: </b> Suomi-NPP VIIRS<br/>\n                    <b>Confidence: </b> Nominal<br/> \n                    <b>Day/Night: </b> Night<br/>\n                    <b>Scan: </b> 0.56 km<br/>\n                    <b>Track: </b> 0.51 km<br/>\n                    <b>FRP: </b> 2.34 MW<br/>\n                    <b>Brightness: </b> 321.93 K" }, "geometry": { "type": "Point", "coordinates": [ 68.51701, 62.39846 ] } },
{ "type": "Feature", "properties": { "sensor": "SUOMI-NPP", "description": "<b>Latitude: </b> 61.88284<br/> \n                    <b>Longitude: </b> 75.7219<br/> \n                    <b>Detection Time: </b> 2026-09-30 21:08 UTC<br/> \n                    <b>Sensor: </b> Suomi-NPP VIIRS<br/>\n                    <b>Confidence: </b> Nominal<br/> \n                    <b>Day/Night: </b> Night<br/>\n                    <b>Scan: </b> 0.51 km<br/>\n                    <b>Track: </b> 0.41 km<br/>\n                    <b>FRP: </b> 0.65 MW<br/>\n                    <b>Brightness: </b> 302.35 K" }, "geometry": { "type": "Point", "coordinates": [ 75.7219, 61.88284 ] } },
{ "type": "Feature", "properties": { "sensor": "SUOMI-NPP", "description": "<b>Latitude: </b> 61.88455<br/> \n                    <b>Longitude: </b> 75.72513<br/> \n                    <b>Detection Time: </b> 2026-09-30 21:08 UTC<br/> \n                    <b>Sensor: </b> Suomi-NPP VIIRS<br/>\n                    <b>Confidence: </b> Nominal<br/> \n                    <b>Day/Night: </b> Night<br/>\n                    <b>Scan: </b> 0.51 km<br/>\n                    <b>Track: </b> 0.41 km<br/>\n                    <b>FRP: </b> 1.44 MW<br/>\n                    <b>Brightness: </b> 298.64 K" }, "geometry": { "type": "Point", "coordinates": [ 75.72513, 61.88455 ] } },
{ "type": "Feature", "properties": { "sensor": "SUOMI-NPP", "description": "<b>Latitude: </b> 60.84499<br/> \n                    <b>Longitude: </b> 97.35767<br/> \n                    <b>Detection Time: </b> 2026-09-30 21:08 UTC<br/> \n                    <b>Sensor: </b> Suomi-NPP VIIRS<br/>\n                    <b>Confidence: </b> Nominal<br/> \n                    <b>Day/Night: </b> Night<br/>\n                    <b>Scan: </b> 0.47 km<br/>\n                    <b>Track: </b> 0.47 km<br/>\n                    <b>FRP: </b> 1.8 MW<br/>\n                    <b>Brightness: </b> 319.32 K" }, "geometry": { "type": "Point", "coordinates": [ 97.35767, 60.84499 ] } },
{ "type": "Feature", "properties": { "sensor": "SUOMI-NPP", "description": "<b>Latitude: </b> 58.09322<br/> \n                    <b>Longitude: </b> 106.56097<br/> \n                    <b>Detection Time: </b> 2026-09-30 21:08 UTC<br/> \n                    <b>Sensor: </b> Suomi-NPP VIIRS<br/>\n                    <b>Confidence: </b> High<br/> \n                    <b>Day/Night: </b> Night<br/>\n                    <b>Scan: </b> 0.55 km<br/>\n                    <b>Track: </b> 0.68 km<br/>\n                    <b>FRP: </b> 8.42 MW<br/>\n                    <b>Brightness: </b> 367 K" }, "geometry": { "type": "Point", "coordinates": [ 106.56097, 58.09322 ] } },
{ "type": "Feature", "properties": { "sensor": "SUOMI-NPP", "description": "<b>Latitude: </b> 58.03328<br/> \n                    <b>Longitude: </b> 106.54764<br/> \n                    <b>Detection Time: </b> 2026-09-30 21:08 UTC<br/> \n                    <b>Sensor: </b> Suomi-NPP VIIRS<br/>\n                    <b>Confidence: </b> Nominal<br/> \n                    <b>Day/Night: </b> Night<br/>\n                    <b>Scan: </b> 0.55 km<br/>\n                    <b>Track: </b> 0.68 km<br/>\n                    <b>FRP: </b> 1.58 MW<br/>\n                    <b>Brightness: </b> 309.04 K" }, "geometry": { "type": "Point", "coordinates": [ 106.54764, 58.03328 ] } },
{ "type": "Feature", "properties": { "sensor": "SUOMI-NPP", "description": "<b>Latitude: </b> 58.03719<br/> \n                    <b>Longitude: </b> 106.54825<br/> \n                    <b>Detection Time: </b> 2026-09-30 21:08 UTC<br/> \n                    <b>Sensor: </b> Suomi-NPP VIIRS<br/>\n                    <b>Confidence: </b> Nominal<br/> \n                    <b>Day/Night: </b> Night<br/>\n                    <b>Scan: </b> 0.55 km<br/>\n                    <b>Track: </b> 0.68 km<br/>\n                    <b>FRP: </b> 2.01 MW<br/>\n                    <b>Brightness: </b> 318.08 K" }, "geometry": { "type": "Point", "coordinates": [ 106.54825, 58.03719 ] } },
{ "type": "Feature", "properties": { "sensor": "SUOMI-NPP", "description": "<b>Latitude: </b> 57.87548<br/> \n                    <b>Longitude: </b> 105.88395<br/> \n                    <b>Detection Time: </b> 2026-09-30 21:08 UTC<br/> \n                    <b>Sensor: </b> Suomi-NPP VIIRS<br/>\n                    <b>Confidence: </b> High<br/> \n                    <b>Day/Night: </b> Night<br/>\n                    <b>Scan: </b> 0.54 km<br/>\n                    <b>Track: </b> 0.68 km<br/>\n                    <b>FRP: </b> 15.95 MW<br/>\n                    <b>Brightness: </b> 367 K" }, "geometry": { "type": "Point", "coordinates": [ 105.88395, 57.87548 ] } },
{ "type": "Feature", "properties": { "sensor": "SUOMI-NPP", "description": "<b>Latitude: </b> 57.87215<br/> \n                    <b>Longitude: </b> 105.89194<br/> \n                    <b>Detection Time: </b> 2026-09-30 21:08 UTC<br/> \n                    <b>Sensor: </b> Suomi-NPP VIIRS<br/>\n                    <b>Confidence: </b> Nominal<br/> \n                    <b>Day/Night: </b> Night<br/>\n                    <b>Scan: </b> 0.54 km<br/>\n                    <b>Track: </b> 0.68 km<br/>\n                    <b>FRP: </b> 9.27 MW<br/>\n                    <b>Brightness: </b> 347.42 K" }, "geometry": { "type": "Point", "coordinates": [ 105.89194, 57.87215 ] } },
{ "type": "Feature", "properties": { "sensor": "SUOMI-NPP", "description": "<b>Latitude: </b> 60.84724<br/> \n                    <b>Longitude: </b> 97.34988<br/> \n                    <b>Detection Time: </b> 2026-09-30 21:08 UTC<br/> \n                    <b>Sensor: </b> Suomi-NPP VIIRS<br/>\n                    <b>Confidence: </b> Nominal<br/> \n                    <b>Day/Night: </b> Night<br/>\n                    <b>Scan: </b> 0.47 km<br/>\n                    <b>Track: </b> 0.47 km<br/>\n                    <b>FRP: </b> 1.8 MW<br/>\n                    <b>Brightness: </b> 303.89 K" }, "geometry": { "type": "Point", "coordinates": [ 97.34988, 60.84724 ] } },
{ "type": "Feature", "properties": { "sensor": "SUOMI-NPP", "description": "<b>Latitude: </b> 62.22595<br/> \n                    <b>Longitude: </b> 69.4664<br/> \n                    <b>Detection Time: </b> 2026-09-30 21:08 UTC<br/> \n                    <b>Sensor: </b> Suomi-NPP VIIRS<br/>\n                    <b>Confidence: </b> Nominal<br/> \n                    <b>Day/Night: </b> Night<br/>\n                    <b>Scan: </b> 0.52 km<br/>\n                    <b>Track: </b> 0.5 km<br/>\n                    <b>FRP: </b> 0.63 MW<br/>\n                    <b>Brightness: </b> 297.16 K" }, "geometry": { "type": "Point", "coordinates": [ 69.4664, 62.22595 ] } },
{ "type": "Feature", "properties": { "sensor": "SUOMI-NPP", "description": "<b>Latitude: </b> 61.98134<br/> \n                    <b>Longitude: </b> 68.57426<br/> \n                    <b>Detection Time: </b> 2026-09-30 21:08 UTC<br/> \n                    <b>Sensor: </b> Suomi-NPP VIIRS<br/>\n                    <b>Confidence: </b> Nominal<br/> \n                    <b>Day/Night: </b> Night<br/>\n                    <b>Scan: </b> 0.55 km<br/>\n                    <b>Track: </b> 0.51 km<br/>\n                    <b>FRP: </b> 3.83 MW<br/>\n                    <b>Brightness: </b> 331.89 K" }, "geometry": { "type": "Point", "coordinates": [ 68.57426, 61.98134 ] } },
{ "type": "Feature", "properties": { "sensor": "SUOMI-NPP", "description": "<b>Latitude: </b> 61.95195<br/> \n                    <b>Longitude: </b> 68.46941<br/> \n                    <b>Detection Time: </b> 2026-09-30 21:08 UTC<br/> \n                    <b>Sensor: </b> Suomi-NPP VIIRS<br/>\n                    <b>Confidence: </b> Nominal<br/> \n                    <b>Day/Night: </b> Night<br/>\n                    <b>Scan: </b> 0.56 km<br/>\n                    <b>Track: </b> 0.51 km<br/>\n                    <b>FRP: </b> 1.87 MW<br/>\n                    <b>Brightness: </b> 309.45 K" }, "geometry": { "type": "Point", "coordinates": [ 68.46941, 61.95195 ] } },
{ "type": "Feature", "properties": { "sensor": "SUOMI-NPP", "description": "<b>Latitude: </b> 61.94717<br/> \n                    <b>Longitude: </b> 68.46844<br/> \n                    <b>Detection Time: </b> 2026-09-30 21:08 UTC<br/> \n                    <b>Sensor: </b> Suomi-NPP VIIRS<br/>\n                    <b>Confidence: </b> Nominal<br/> \n                    <b>Day/Night: </b> Night<br/>\n                    <b>Scan: </b> 0.56 km<br/>\n                    <b>Track: </b> 0.51 km<br/>\n                    <b>FRP: </b> 12.16 MW<br/>\n                    <b>Brightness: </b> 343.14 K" }, "geometry": { "type": "Point", "coordinates": [ 68.46844, 61.94717 ] } },
{ "type": "Feature", "properties": { "sensor": "SUOMI-NPP", "description": "<b>Latitude: </b> 61.94855<br/> \n                    <b>Longitude: </b> 68.47199<br/> \n                    <b>Detection Time: </b> 2026-09-30 21:08 UTC<br/> \n                    <b>Sensor: </b> Suomi-NPP VIIRS<br/>\n                    <b>Confidence: </b> Nominal<br/> \n                    <b>Day/Night: </b> Night<br/>\n                    <b>Scan: </b> 0.56 km<br/>\n                    <b>Track: </b> 0.51 km<br/>\n                    <b>FRP: </b> 7.22 MW<br/>\n                    <b>Brightness: </b> 337.09 K" }, "geometry": { "type": "Point", "coordinates": [ 68.47199, 61.94855 ] } },
{ "type": "Feature", "properties": { "sensor": "SUOMI-NPP", "description": "<b>Latitude: </b> 61.94904<br/> \n                    <b>Longitude: </b> 68.46114<br/> \n                    <b>Detection Time: </b> 2026-09-30 21:08 UTC<br/> \n                    <b>Sensor: </b> Suomi-NPP VIIRS<br/>\n                    <b>Confidence: </b> Nominal<br/> \n                    <b>Day/Night: </b> Night<br/>\n                    <b>Scan: </b> 0.56 km<br/>\n                    <b>Track: </b> 0.51 km<br/>\n                    <b>FRP: </b> 7.06 MW<br/>\n                    <b>Brightness: </b> 317.06 K" }, "geometry": { "type": "Point", "coordinates": [ 68.46114, 61.94904 ] } },
{ "type": "Feature", "properties": { "sensor": "SUOMI-NPP", "description": "<b>Latitude: </b> 61.22522<br/> \n                    <b>Longitude: </b> 76.82471<br/> \n                    <b>Detection Time: </b> 2026-09-30 21:08 UTC<br/> \n                    <b>Sensor: </b> Suomi-NPP VIIRS<br/>\n                    <b>Confidence: </b> Nominal<br/> \n                    <b>Day/Night: </b> Night<br/>\n                    <b>Scan: </b> 0.47 km<br/>\n                    <b>Track: </b> 0.4 km<br/>\n                    <b>FRP: </b> 2.81 MW<br/>\n                    <b>Brightness: </b> 324.38 K" }, "geometry": { "type": "Point", "coordinates": [ 76.82471, 61.22522 ] } },
{ "type": "Feature", "properties": { "sensor": "SUOMI-NPP", "description": "<b>Latitude: </b> 61.22688<br/> \n                    <b>Longitude: </b> 76.81897<br/> \n                    <b>Detection Time: </b> 2026-09-30 21:08 UTC<br/> \n                    <b>Sensor: </b> Suomi-NPP VIIRS<br/>\n                    <b>Confidence: </b> Nominal<br/> \n                    <b>Day/Night: </b> Night<br/>\n                    <b>Scan: </b> 0.47 km<br/>\n                    <b>Track: </b> 0.4 km<br/>\n                    <b>FRP: </b> 1.21 MW<br/>\n                    <b>Brightness: </b> 309.79 K" }, "geometry": { "type": "Point", "coordinates": [ 76.81897, 61.22688 ] } },
{ "type": "Feature", "properties": { "sensor": "SUOMI-NPP", "description": "<b>Latitude: </b> 61.22593<br/> \n                    <b>Longitude: </b> 76.82764<br/> \n                    <b>Detection Time: </b> 2026-09-30 21:08 UTC<br/> \n                    <b>Sensor: </b> Suomi-NPP VIIRS<br/>\n                    <b>Confidence: </b> Nominal<br/> \n                    <b>Day/Night: </b> Night<br/>\n                    <b>Scan: </b> 0.47 km<br/>\n                    <b>Track: </b> 0.4 km<br/>\n                    <b>FRP: </b> 1.21 MW<br/>\n                    <b>Brightness: </b> 305.29 K" }, "geometry": { "type": "Point", "coordinates": [ 76.82764, 61.22593 ] } },
{ "type": "Feature", "properties": { "sensor": "SUOMI-NPP", "description": "<b>Latitude: </b> 61.72958<br/> \n                    <b>Longitude: </b> 68.23303<br/> \n                    <b>Detection Time: </b> 2026-09-30 21:08 UTC<br/> \n                    <b>Sensor: </b> Suomi-NPP VIIRS<br/>\n                    <b>Confidence: </b> Nominal<br/> \n                    <b>Day/Night: </b> Night<br/>\n                    <b>Scan: </b> 0.56 km<br/>\n                    <b>Track: </b> 0.52 km<br/>\n                    <b>FRP: </b> 0.54 MW<br/>\n                    <b>Brightness: </b> 295.92 K" }, "geometry": { "type": "Point", "coordinates": [ 68.23303, 61.72958 ] } },
{ "type": "Feature", "properties": { "sensor": "SUOMI-NPP", "description": "<b>Latitude: </b> 61.75232<br/> \n                    <b>Longitude: </b> 66.96047<br/> \n                    <b>Detection Time: </b> 2026-09-30 21:08 UTC<br/> \n                    <b>Sensor: </b> Suomi-NPP VIIRS<br/>\n                    <b>Confidence: </b> Nominal<br/> \n                    <b>Day/Night: </b> Night<br/>\n                    <b>Scan: </b> 0.62 km<br/>\n                    <b>Track: </b> 0.54 km<br/>\n                    <b>FRP: </b> 3.24 MW<br/>\n                    <b>Brightness: </b> 331.92 K" }, "geometry": { "type": "Point", "coordinates": [ 66.96047, 61.75232 ] } },
{ "type": "Feature", "properties": { "sensor": "SUOMI-NPP", "description": "<b>Latitude: </b> 61.7527<br/> \n                    <b>Longitude: </b> 66.94836<br/> \n                    <b>Detection Time: </b> 2026-09-30 21:08 UTC<br/> \n                    <b>Sensor: </b> Suomi-NPP VIIRS<br/>\n                    <b>Confidence: </b> Nominal<br/> \n                    <b>Day/Night: </b> Night<br/>\n                    <b>Scan: </b> 0.62 km<br/>\n                    <b>Track: </b> 0.54 km<br/>\n                    <b>FRP: </b> 3.24 MW<br/>\n                    <b>Brightness: </b> 303.5 K" }, "geometry": { "type": "Point", "coordinates": [ 66.94836, 61.7527 ] } },
{ "type": "Feature", "properties": { "sensor": "SUOMI-NPP", "description": "<b>Latitude: </b> 61.7319<br/> \n                    <b>Longitude: </b> 66.44656<br/> \n                    <b>Detection Time: </b> 2026-09-30 21:08 UTC<br/> \n                    <b>Sensor: </b> Suomi-NPP VIIRS<br/>\n                    <b>Confidence: </b> Nominal<br/> \n                    <b>Day/Night: </b> Night<br/>\n                    <b>Scan: </b> 0.32 km<br/>\n                    <b>Track: </b> 0.55 km<br/>\n                    <b>FRP: </b> 0.58 MW<br/>\n                    <b>Brightness: </b> 311.11 K" }, "geometry": { "type": "Point", "coordinates": [ 66.44656, 61.7319 ] } },
{ "type": "Feature", "properties": { "sensor": "SUOMI-NPP", "description": "<b>Latitude: </b> 61.60744<br/> \n                    <b>Longitude: </b> 67.81055<br/> \n                    <b>Detection Time: </b> 2026-09-30 21:08 UTC<br/> \n                    <b>Sensor: </b> Suomi-NPP VIIRS<br/>\n                    <b>Confidence: </b> Nominal<br/> \n                    <b>Day/Night: </b> Night<br/>\n                    <b>Scan: </b> 0.58 km<br/>\n                    <b>Track: </b> 0.52 km<br/>\n                    <b>FRP: </b> 4.42 MW<br/>\n                    <b>Brightness: </b> 336.9 K" }, "geometry": { "type": "Point", "coordinates": [ 67.81055, 61.60744 ] } },
{ "type": "Feature", "properties": { "sensor": "SUOMI-NPP", "description": "<b>Latitude: </b> 61.28285<br/> \n                    <b>Longitude: </b> 72.97445<br/> \n                    <b>Detection Time: </b> 2026-09-30 21:08 UTC<br/> \n                    <b>Sensor: </b> Suomi-NPP VIIRS<br/>\n                    <b>Confidence: </b> Nominal<br/> \n                    <b>Day/Night: </b> Night<br/>\n                    <b>Scan: </b> 0.4 km<br/>\n                    <b>Track: </b> 0.44 km<br/>\n                    <b>FRP: </b> 1.41 MW<br/>\n                    <b>Brightness: </b> 317.2 K" }, "geometry": { "type": "Point", "coordinates": [ 72.97445, 61.28285 ] } },
{ "type": "Feature", "properties": { "sensor": "SUOMI-NPP", "description": "<b>Latitude: </b> 61.51075<br/> \n                    <b>Longitude: </b> 66.13363<br/> \n                    <b>Detection Time: </b> 2026-09-30 21:08 UTC<br/> \n                    <b>Sensor: </b> Suomi-NPP VIIRS<br/>\n                    <b>Confidence: </b> Nominal<br/> \n                    <b>Day/Night: </b> Night<br/>\n                    <b>Scan: </b> 0.33 km<br/>\n                    <b>Track: </b> 0.55 km<br/>\n                    <b>FRP: </b> 0.56 MW<br/>\n                    <b>Brightness: </b> 295.47 K" }, "geometry": { "type": "Point", "coordinates": [ 66.13363, 61.51075 ] } },
{ "type": "Feature", "properties": { "sensor": "SUOMI-NPP", "description": "<b>Latitude: </b> 61.42826<br/> \n                    <b>Longitude: </b> 67.26004<br/> \n                    <b>Detection Time: </b> 2026-09-30 21:08 UTC<br/> \n                    <b>Sensor: </b> Suomi-NPP VIIRS<br/>\n                    <b>Confidence: </b> Nominal<br/> \n                    <b>Day/Night: </b> Night<br/>\n                    <b>Scan: </b> 0.6 km<br/>\n                    <b>Track: </b> 0.53 km<br/>\n                    <b>FRP: </b> 2.13 MW<br/>\n                    <b>Brightness: </b> 309.88 K" }, "geometry": { "type": "Point", "coordinates": [ 67.26004, 61.42826 ] } },
{ "type": "Feature", "properties": { "sensor": "SUOMI-NPP", "description": "<b>Latitude: </b> 61.01993<br/> \n                    <b>Longitude: </b> 72.62034<br/> \n                    <b>Detection Time: </b> 2026-09-30 21:08 UTC<br/> \n                    <b>Sensor: </b> Suomi-NPP VIIRS<br/>\n                    <b>Confidence: </b> Nominal<br/> \n                    <b>Day/Night: </b> Night<br/>\n                    <b>Scan: </b> 0.4 km<br/>\n                    <b>Track: </b> 0.44 km<br/>\n                    <b>FRP: </b> 3.26 MW<br/>\n                    <b>Brightness: </b> 334.19 K" }, "geometry": { "type": "Point", "coordinates": [ 72.62034, 61.01993 ] } },
{ "type": "Feature", "properties": { "sensor": "SUOMI-NPP", "description": "<b>Latitude: </b> 61.10541<br/> \n                    <b>Longitude: </b> 70.24295<br/> \n                    <b>Detection Time: </b> 2026-09-30 21:08 UTC<br/> \n                    <b>Sensor: </b> Suomi-NPP VIIRS<br/>\n                    <b>Confidence: </b> Nominal<br/> \n                    <b>Day/Night: </b> Night<br/>\n                    <b>Scan: </b> 0.48 km<br/>\n                    <b>Track: </b> 0.48 km<br/>\n                    <b>FRP: </b> 0.65 MW<br/>\n                    <b>Brightness: </b> 299.33 K" }, "geometry": { "type": "Point", "coordinates": [ 70.24295, 61.10541 ] } },
{ "type": "Feature", "properties": { "sensor": "SUOMI-NPP", "description": "<b>Latitude: </b> 60.95124<br/> \n                    <b>Longitude: </b> 72.3976<br/> \n                    <b>Detection Time: </b> 2026-09-30 21:08 UTC<br/> \n                    <b>Sensor: </b> Suomi-NPP VIIRS<br/>\n                    <b>Confidence: </b> Nominal<br/> \n                    <b>Day/Night: </b> Night<br/>\n                    <b>Scan: </b> 0.41 km<br/>\n                    <b>Track: </b> 0.45 km<br/>\n                    <b>FRP: </b> 2.64 MW<br/>\n                    <b>Brightness: </b> 330.25 K" }, "geometry": { "type": "Point", "coordinates": [ 72.3976, 60.95124 ] } },
{ "type": "Feature", "properties": { "sensor": "SUOMI-NPP", "description": "<b>Latitude: </b> 60.89086<br/> \n                    <b>Longitude: </b> 72.80074<br/> \n                    <b>Detection Time: </b> 2026-09-30 21:08 UTC<br/> \n                    <b>Sensor: </b> Suomi-NPP VIIRS<br/>\n                    <b>Confidence: </b> Nominal<br/> \n                    <b>Day/Night: </b> Night<br/>\n                    <b>Scan: </b> 0.4 km<br/>\n                    <b>Track: </b> 0.44 km<br/>\n                    <b>FRP: </b> 1.07 MW<br/>\n                    <b>Brightness: </b> 296.36 K" }, "geometry": { "type": "Point", "coordinates": [ 72.80074, 60.89086 ] } },
{ "type": "Feature", "properties": { "sensor": "SUOMI-NPP", "description": "<b>Latitude: </b> 60.86104<br/> \n                    <b>Longitude: </b> 72.67905<br/> \n                    <b>Detection Time: </b> 2026-09-30 21:08 UTC<br/> \n                    <b>Sensor: </b> Suomi-NPP VIIRS<br/>\n                    <b>Confidence: </b> Nominal<br/> \n                    <b>Day/Night: </b> Night<br/>\n                    <b>Scan: </b> 0.4 km<br/>\n                    <b>Track: </b> 0.44 km<br/>\n                    <b>FRP: </b> 0.47 MW<br/>\n                    <b>Brightness: </b> 298.05 K" }, "geometry": { "type": "Point", "coordinates": [ 72.67905, 60.86104 ] } },
{ "type": "Feature", "properties": { "sensor": "SUOMI-NPP", "description": "<b>Latitude: </b> 62.53202<br/> \n                    <b>Longitude: </b> 73.89397<br/> \n                    <b>Detection Time: </b> 2026-09-30 21:08 UTC<br/> \n                    <b>Sensor: </b> Suomi-NPP VIIRS<br/>\n                    <b>Confidence: </b> Nominal<br/> \n                    <b>Day/Night: </b> Night<br/>\n                    <b>Scan: </b> 0.39 km<br/>\n                    <b>Track: </b> 0.44 km<br/>\n                    <b>FRP: </b> 0.83 MW<br/>\n                    <b>Brightness: </b> 306.99 K" }, "geometry": { "type": "Point", "coordinates": [ 73.89397, 62.53202 ] } },
{ "type": "Feature", "properties": { "sensor": "SUOMI-NPP", "description": "<b>Latitude: </b> 62.33466<br/> \n                    <b>Longitude: </b> 76.7336<br/> \n                    <b>Detection Time: </b> 2026-09-30 21:08 UTC<br/> \n                    <b>Sensor: </b> Suomi-NPP VIIRS<br/>\n                    <b>Confidence: </b> Nominal<br/> \n                    <b>Day/Night: </b> Night<br/>\n                    <b>Scan: </b> 0.48 km<br/>\n                    <b>Track: </b> 0.4 km<br/>\n                    <b>FRP: </b> 0.99 MW<br/>\n                    <b>Brightness: </b> 301.63 K" }, "geometry": { "type": "Point", "coordinates": [ 76.7336, 62.33466 ] } },
{ "type": "Feature", "properties": { "sensor": "SUOMI-NPP", "description": "<b>Latitude: </b> 62.38639<br/> \n                    <b>Longitude: </b> 76.64012<br/> \n                    <b>Detection Time: </b> 2026-09-30 21:08 UTC<br/> \n                    <b>Sensor: </b> Suomi-NPP VIIRS<br/>\n                    <b>Confidence: </b> Nominal<br/> \n                    <b>Day/Night: </b> Night<br/>\n                    <b>Scan: </b> 0.49 km<br/>\n                    <b>Track: </b> 0.4 km<br/>\n                    <b>FRP: </b> 1.58 MW<br/>\n                    <b>Brightness: </b> 304.02 K" }, "geometry": { "type": "Point", "coordinates": [ 76.64012, 62.38639 ] } },
{ "type": "Feature", "properties": { "sensor": "SUOMI-NPP", "description": "<b>Latitude: </b> 62.39007<br/> \n                    <b>Longitude: </b> 76.64186<br/> \n                    <b>Detection Time: </b> 2026-09-30 21:08 UTC<br/> \n                    <b>Sensor: </b> Suomi-NPP VIIRS<br/>\n                    <b>Confidence: </b> Nominal<br/> \n                    <b>Day/Night: </b> Night<br/>\n                    <b>Scan: </b> 0.49 km<br/>\n                    <b>Track: </b> 0.4 km<br/>\n                    <b>FRP: </b> 1.46 MW<br/>\n                    <b>Brightness: </b> 302.66 K" }, "geometry": { "type": "Point", "coordinates": [ 76.64186, 62.39007 ] } },
{ "type": "Feature", "properties": { "sensor": "SUOMI-NPP", "description": "<b>Latitude: </b> 62.36756<br/> \n                    <b>Longitude: </b> 77.45782<br/> \n                    <b>Detection Time: </b> 2026-09-30 21:08 UTC<br/> \n                    <b>Sensor: </b> Suomi-NPP VIIRS<br/>\n                    <b>Confidence: </b> Nominal<br/> \n                    <b>Day/Night: </b> Night<br/>\n                    <b>Scan: </b> 0.47 km<br/>\n                    <b>Track: </b> 0.4 km<br/>\n                    <b>FRP: </b> 0.42 MW<br/>\n                    <b>Brightness: </b> 299.59 K" }, "geometry": { "type": "Point", "coordinates": [ 77.45782, 62.36756 ] } },
{ "type": "Feature", "properties": { "sensor": "SUOMI-NPP", "description": "<b>Latitude: </b> 62.33142<br/> \n                    <b>Longitude: </b> 78.16433<br/> \n                    <b>Detection Time: </b> 2026-09-30 21:08 UTC<br/> \n                    <b>Sensor: </b> Suomi-NPP VIIRS<br/>\n                    <b>Confidence: </b> Nominal<br/> \n                    <b>Day/Night: </b> Night<br/>\n                    <b>Scan: </b> 0.45 km<br/>\n                    <b>Track: </b> 0.39 km<br/>\n                    <b>FRP: </b> 0.75 MW<br/>\n                    <b>Brightness: </b> 295.97 K" }, "geometry": { "type": "Point", "coordinates": [ 78.16433, 62.33142 ] } },
{ "type": "Feature", "properties": { "sensor": "SUOMI-NPP", "description": "<b>Latitude: </b> 60.96162<br/> \n                    <b>Longitude: </b> 70.86201<br/> \n                    <b>Detection Time: </b> 2026-09-30 21:08 UTC<br/> \n                    <b>Sensor: </b> Suomi-NPP VIIRS<br/>\n                    <b>Confidence: </b> Nominal<br/> \n                    <b>Day/Night: </b> Night<br/>\n                    <b>Scan: </b> 0.46 km<br/>\n                    <b>Track: </b> 0.47 km<br/>\n                    <b>FRP: </b> 1.32 MW<br/>\n                    <b>Brightness: </b> 310.02 K" }, "geometry": { "type": "Point", "coordinates": [ 70.86201, 60.96162 ] } },
{ "type": "Feature", "properties": { "sensor": "SUOMI-NPP", "description": "<b>Latitude: </b> 60.77948<br/> \n                    <b>Longitude: </b> 72.70528<br/> \n                    <b>Detection Time: </b> 2026-09-30 21:08 UTC<br/> \n                    <b>Sensor: </b> Suomi-NPP VIIRS<br/>\n                    <b>Confidence: </b> Nominal<br/> \n                    <b>Day/Night: </b> Night<br/>\n                    <b>Scan: </b> 0.4 km<br/>\n                    <b>Track: </b> 0.44 km<br/>\n                    <b>FRP: </b> 0.44 MW<br/>\n                    <b>Brightness: </b> 295.4 K" }, "geometry": { "type": "Point", "coordinates": [ 72.70528, 60.77948 ] } },
{ "type": "Feature", "properties": { "sensor": "SUOMI-NPP", "description": "<b>Latitude: </b> 60.86404<br/> \n                    <b>Longitude: </b> 71.27995<br/> \n                    <b>Detection Time: </b> 2026-09-30 21:08 UTC<br/> \n                    <b>Sensor: </b> Suomi-NPP VIIRS<br/>\n                    <b>Confidence: </b> Nominal<br/> \n                    <b>Day/Night: </b> Night<br/>\n                    <b>Scan: </b> 0.44 km<br/>\n                    <b>Track: </b> 0.46 km<br/>\n                    <b>FRP: </b> 8.66 MW<br/>\n                    <b>Brightness: </b> 345.07 K" }, "geometry": { "type": "Point", "coordinates": [ 71.27995, 60.86404 ] } },
{ "type": "Feature", "properties": { "sensor": "SUOMI-NPP", "description": "<b>Latitude: </b> 60.85976<br/> \n                    <b>Longitude: </b> 71.27878<br/> \n                    <b>Detection Time: </b> 2026-09-30 21:08 UTC<br/> \n                    <b>Sensor: </b> Suomi-NPP VIIRS<br/>\n                    <b>Confidence: </b> Nominal<br/> \n                    <b>Day/Night: </b> Night<br/>\n                    <b>Scan: </b> 0.44 km<br/>\n                    <b>Track: </b> 0.46 km<br/>\n                    <b>FRP: </b> 4.4 MW<br/>\n                    <b>Brightness: </b> 332.19 K" }, "geometry": { "type": "Point", "coordinates": [ 71.27878, 60.85976 ] } },
{ "type": "Feature", "properties": { "sensor": "SUOMI-NPP", "description": "<b>Latitude: </b> 60.77824<br/> \n                    <b>Longitude: </b> 72.44505<br/> \n                    <b>Detection Time: </b> 2026-09-30 21:08 UTC<br/> \n                    <b>Sensor: </b> Suomi-NPP VIIRS<br/>\n                    <b>Confidence: </b> Nominal<br/> \n                    <b>Day/Night: </b> Night<br/>\n                    <b>Scan: </b> 0.4 km<br/>\n                    <b>Track: </b> 0.45 km<br/>\n                    <b>FRP: </b> 1.04 MW<br/>\n                    <b>Brightness: </b> 308.96 K" }, "geometry": { "type": "Point", "coordinates": [ 72.44505, 60.77824 ] } },
{ "type": "Feature", "properties": { "sensor": "SUOMI-NPP", "description": "<b>Latitude: </b> 60.77413<br/> \n                    <b>Longitude: </b> 72.4437<br/> \n                    <b>Detection Time: </b> 2026-09-30 21:08 UTC<br/> \n                    <b>Sensor: </b> Suomi-NPP VIIRS<br/>\n                    <b>Confidence: </b> Nominal<br/> \n                    <b>Day/Night: </b> Night<br/>\n                    <b>Scan: </b> 0.4 km<br/>\n                    <b>Track: </b> 0.45 km<br/>\n                    <b>FRP: </b> 1.04 MW<br/>\n                    <b>Brightness: </b> 312.93 K" }, "geometry": { "type": "Point", "coordinates": [ 72.4437, 60.77413 ] } },
{ "type": "Feature", "properties": { "sensor": "SUOMI-NPP", "description": "<b>Latitude: </b> 60.84271<br/> \n                    <b>Longitude: </b> 70.78654<br/> \n                    <b>Detection Time: </b> 2026-09-30 21:08 UTC<br/> \n                    <b>Sensor: </b> Suomi-NPP VIIRS<br/>\n                    <b>Confidence: </b> Nominal<br/> \n                    <b>Day/Night: </b> Night<br/>\n                    <b>Scan: </b> 0.46 km<br/>\n                    <b>Track: </b> 0.47 km<br/>\n                    <b>FRP: </b> 10.4 MW<br/>\n                    <b>Brightness: </b> 337.15 K" }, "geometry": { "type": "Point", "coordinates": [ 70.78654, 60.84271 ] } },
{ "type": "Feature", "properties": { "sensor": "SUOMI-NPP", "description": "<b>Latitude: </b> 60.84216<br/> \n                    <b>Longitude: </b> 70.79504<br/> \n                    <b>Detection Time: </b> 2026-09-30 21:08 UTC<br/> \n                    <b>Sensor: </b> Suomi-NPP VIIRS<br/>\n                    <b>Confidence: </b> Nominal<br/> \n                    <b>Day/Night: </b> Night<br/>\n                    <b>Scan: </b> 0.46 km<br/>\n                    <b>Track: </b> 0.47 km<br/>\n                    <b>FRP: </b> 10.4 MW<br/>\n                    <b>Brightness: </b> 327.53 K" }, "geometry": { "type": "Point", "coordinates": [ 70.79504, 60.84216 ] } },
{ "type": "Feature", "properties": { "sensor": "SUOMI-NPP", "description": "<b>Latitude: </b> 60.71667<br/> \n                    <b>Longitude: </b> 72.51719<br/> \n                    <b>Detection Time: </b> 2026-09-30 21:08 UTC<br/> \n                    <b>Sensor: </b> Suomi-NPP VIIRS<br/>\n                    <b>Confidence: </b> Nominal<br/> \n                    <b>Day/Night: </b> Night<br/>\n                    <b>Scan: </b> 0.4 km<br/>\n                    <b>Track: </b> 0.44 km<br/>\n                    <b>FRP: </b> 7.07 MW<br/>\n                    <b>Brightness: </b> 350.69 K" }, "geometry": { "type": "Point", "coordinates": [ 72.51719, 60.71667 ] } },
{ "type": "Feature", "properties": { "sensor": "SUOMI-NPP", "description": "<b>Latitude: </b> 60.84101<br/> \n                    <b>Longitude: </b> 70.37949<br/> \n                    <b>Detection Time: </b> 2026-09-30 21:08 UTC<br/> \n                    <b>Sensor: </b> Suomi-NPP VIIRS<br/>\n                    <b>Confidence: </b> Nominal<br/> \n                    <b>Day/Night: </b> Night<br/>\n                    <b>Scan: </b> 0.47 km<br/>\n                    <b>Track: </b> 0.48 km<br/>\n                    <b>FRP: </b> 1.31 MW<br/>\n                    <b>Brightness: </b> 309.75 K" }, "geometry": { "type": "Point", "coordinates": [ 70.37949, 60.84101 ] } },
{ "type": "Feature", "properties": { "sensor": "SUOMI-NPP", "description": "<b>Latitude: </b> 60.83731<br/> \n                    <b>Longitude: </b> 70.44119<br/> \n                    <b>Detection Time: </b> 2026-09-30 21:08 UTC<br/> \n                    <b>Sensor: </b> Suomi-NPP VIIRS<br/>\n                    <b>Confidence: </b> Nominal<br/> \n                    <b>Day/Night: </b> Night<br/>\n                    <b>Scan: </b> 0.47 km<br/>\n                    <b>Track: </b> 0.48 km<br/>\n                    <b>FRP: </b> 1.17 MW<br/>\n                    <b>Brightness: </b> 296.92 K" }, "geometry": { "type": "Point", "coordinates": [ 70.44119, 60.83731 ] } },
{ "type": "Feature", "properties": { "sensor": "SUOMI-NPP", "description": "<b>Latitude: </b> 60.62115<br/> \n                    <b>Longitude: </b> 72.64742<br/> \n                    <b>Detection Time: </b> 2026-09-30 21:08 UTC<br/> \n                    <b>Sensor: </b> Suomi-NPP VIIRS<br/>\n                    <b>Confidence: </b> Nominal<br/> \n                    <b>Day/Night: </b> Night<br/>\n                    <b>Scan: </b> 0.4 km<br/>\n                    <b>Track: </b> 0.44 km<br/>\n                    <b>FRP: </b> 1.68 MW<br/>\n                    <b>Brightness: </b> 321.01 K" }, "geometry": { "type": "Point", "coordinates": [ 72.64742, 60.62115 ] } },
{ "type": "Feature", "properties": { "sensor": "SUOMI-NPP", "description": "<b>Latitude: </b> 60.74846<br/> \n                    <b>Longitude: </b> 70.81671<br/> \n                    <b>Detection Time: </b> 2026-09-30 21:08 UTC<br/> \n                    <b>Sensor: </b> Suomi-NPP VIIRS<br/>\n                    <b>Confidence: </b> Nominal<br/> \n                    <b>Day/Night: </b> Night<br/>\n                    <b>Scan: </b> 0.46 km<br/>\n                    <b>Track: </b> 0.47 km<br/>\n                    <b>FRP: </b> 3.89 MW<br/>\n                    <b>Brightness: </b> 337.41 K" }, "geometry": { "type": "Point", "coordinates": [ 70.81671, 60.74846 ] } },
{ "type": "Feature", "properties": { "sensor": "SUOMI-NPP", "description": "<b>Latitude: </b> 60.53854<br/> \n                    <b>Longitude: </b> 72.9545<br/> \n                    <b>Detection Time: </b> 2026-09-30 21:08 UTC<br/> \n                    <b>Sensor: </b> Suomi-NPP VIIRS<br/>\n                    <b>Confidence: </b> Nominal<br/> \n                    <b>Day/Night: </b> Night<br/>\n                    <b>Scan: </b> 0.39 km<br/>\n                    <b>Track: </b> 0.44 km<br/>\n                    <b>FRP: </b> 0.35 MW<br/>\n                    <b>Brightness: </b> 295.06 K" }, "geometry": { "type": "Point", "coordinates": [ 72.9545, 60.53854 ] } },
{ "type": "Feature", "properties": { "sensor": "SUOMI-NPP", "description": "<b>Latitude: </b> 60.73198<br/> \n                    <b>Longitude: </b> 69.89208<br/> \n                    <b>Detection Time: </b> 2026-09-30 21:08 UTC<br/> \n                    <b>Sensor: </b> Suomi-NPP VIIRS<br/>\n                    <b>Confidence: </b> Nominal<br/> \n                    <b>Day/Night: </b> Night<br/>\n                    <b>Scan: </b> 0.49 km<br/>\n                    <b>Track: </b> 0.48 km<br/>\n                    <b>FRP: </b> 1.08 MW<br/>\n                    <b>Brightness: </b> 311.34 K" }, "geometry": { "type": "Point", "coordinates": [ 69.89208, 60.73198 ] } },
{ "type": "Feature", "properties": { "sensor": "SUOMI-NPP", "description": "<b>Latitude: </b> 60.72749<br/> \n                    <b>Longitude: </b> 69.89097<br/> \n                    <b>Detection Time: </b> 2026-09-30 21:08 UTC<br/> \n                    <b>Sensor: </b> Suomi-NPP VIIRS<br/>\n                    <b>Confidence: </b> Nominal<br/> \n                    <b>Day/Night: </b> Night<br/>\n                    <b>Scan: </b> 0.49 km<br/>\n                    <b>Track: </b> 0.48 km<br/>\n                    <b>FRP: </b> 1.08 MW<br/>\n                    <b>Brightness: </b> 301.73 K" }, "geometry": { "type": "Point", "coordinates": [ 69.89097, 60.72749 ] } },
{ "type": "Feature", "properties": { "sensor": "SUOMI-NPP", "description": "<b>Latitude: </b> 64.48611<br/> \n                    <b>Longitude: </b> 75.90045<br/> \n                    <b>Detection Time: </b> 2026-09-30 21:08 UTC<br/> \n                    <b>Sensor: </b> Suomi-NPP VIIRS<br/>\n                    <b>Confidence: </b> Nominal<br/> \n                    <b>Day/Night: </b> Night<br/>\n                    <b>Scan: </b> 0.54 km<br/>\n                    <b>Track: </b> 0.42 km<br/>\n                    <b>FRP: </b> 1.39 MW<br/>\n                    <b>Brightness: </b> 308.59 K" }, "geometry": { "type": "Point", "coordinates": [ 75.90045, 64.48611 ] } },
{ "type": "Feature", "properties": { "sensor": "SUOMI-NPP", "description": "<b>Latitude: </b> 60.43567<br/> \n                    <b>Longitude: </b> 97.79501<br/> \n                    <b>Detection Time: </b> 2026-09-30 21:08 UTC<br/> \n                    <b>Sensor: </b> Suomi-NPP VIIRS<br/>\n                    <b>Confidence: </b> Nominal<br/> \n                    <b>Day/Night: </b> Night<br/>\n                    <b>Scan: </b> 0.5 km<br/>\n                    <b>Track: </b> 0.49 km<br/>\n                    <b>FRP: </b> 2.67 MW<br/>\n                    <b>Brightness: </b> 320.35 K" }, "geometry": { "type": "Point", "coordinates": [ 97.79501, 60.43567 ] } },
{ "type": "Feature", "properties": { "sensor": "SUOMI-NPP", "description": "<b>Latitude: </b> 57.58438<br/> \n                    <b>Longitude: </b> 105.91383<br/> \n                    <b>Detection Time: </b> 2026-09-30 21:08 UTC<br/> \n                    <b>Sensor: </b> Suomi-NPP VIIRS<br/>\n                    <b>Confidence: </b> Nominal<br/> \n                    <b>Day/Night: </b> Night<br/>\n                    <b>Scan: </b> 0.55 km<br/>\n                    <b>Track: </b> 0.68 km<br/>\n                    <b>FRP: </b> 0.57 MW<br/>\n                    <b>Brightness: </b> 302.97 K" }, "geometry": { "type": "Point", "coordinates": [ 105.91383, 57.58438 ] } },
{ "type": "Feature", "properties": { "sensor": "SUOMI-NPP", "description": "<b>Latitude: </b> 60.44426<br/> \n                    <b>Longitude: </b> 97.54994<br/> \n                    <b>Detection Time: </b> 2026-09-30 21:08 UTC<br/> \n                    <b>Sensor: </b> Suomi-NPP VIIRS<br/>\n                    <b>Confidence: </b> Nominal<br/> \n                    <b>Day/Night: </b> Night<br/>\n                    <b>Scan: </b> 0.49 km<br/>\n                    <b>Track: </b> 0.48 km<br/>\n                    <b>FRP: </b> 2.17 MW<br/>\n                    <b>Brightness: </b> 303.71 K" }, "geometry": { "type": "Point", "coordinates": [ 97.54994, 60.44426 ] } },
{ "type": "Feature", "properties": { "sensor": "SUOMI-NPP", "description": "<b>Latitude: </b> 60.44672<br/> \n                    <b>Longitude: </b> 97.15308<br/> \n                    <b>Detection Time: </b> 2026-09-30 21:08 UTC<br/> \n                    <b>Sensor: </b> Suomi-NPP VIIRS<br/>\n                    <b>Confidence: </b> Nominal<br/> \n                    <b>Day/Night: </b> Night<br/>\n                    <b>Scan: </b> 0.47 km<br/>\n                    <b>Track: </b> 0.48 km<br/>\n                    <b>FRP: </b> 1.54 MW<br/>\n                    <b>Brightness: </b> 318.87 K" }, "geometry": { "type": "Point", "coordinates": [ 97.15308, 60.44672 ] } },
{ "type": "Feature", "properties": { "sensor": "SUOMI-NPP", "description": "<b>Latitude: </b> 60.44438<br/> \n                    <b>Longitude: </b> 97.16119<br/> \n                    <b>Detection Time: </b> 2026-09-30 21:08 UTC<br/> \n                    <b>Sensor: </b> Suomi-NPP VIIRS<br/>\n                    <b>Confidence: </b> Nominal<br/> \n                    <b>Day/Night: </b> Night<br/>\n                    <b>Scan: </b> 0.48 km<br/>\n                    <b>Track: </b> 0.48 km<br/>\n                    <b>FRP: </b> 1.54 MW<br/>\n                    <b>Brightness: </b> 295.72 K" }, "geometry": { "type": "Point", "coordinates": [ 97.16119, 60.44438 ] } },
{ "type": "Feature", "properties": { "sensor": "SUOMI-NPP", "description": "<b>Latitude: </b> 60.43332<br/> \n                    <b>Longitude: </b> 96.5191<br/> \n                    <b>Detection Time: </b> 2026-09-30 21:08 UTC<br/> \n                    <b>Sensor: </b> Suomi-NPP VIIRS<br/>\n                    <b>Confidence: </b> Nominal<br/> \n                    <b>Day/Night: </b> Night<br/>\n                    <b>Scan: </b> 0.46 km<br/>\n                    <b>Track: </b> 0.47 km<br/>\n                    <b>FRP: </b> 1.01 MW<br/>\n                    <b>Brightness: </b> 295.06 K" }, "geometry": { "type": "Point", "coordinates": [ 96.5191, 60.43332 ] } },
{ "type": "Feature", "properties": { "sensor": "SUOMI-NPP", "description": "<b>Latitude: </b> 60.4312<br/> \n                    <b>Longitude: </b> 96.52665<br/> \n                    <b>Detection Time: </b> 2026-09-30 21:08 UTC<br/> \n                    <b>Sensor: </b> Suomi-NPP VIIRS<br/>\n                    <b>Confidence: </b> Nominal<br/> \n                    <b>Day/Night: </b> Night<br/>\n                    <b>Scan: </b> 0.46 km<br/>\n                    <b>Track: </b> 0.47 km<br/>\n                    <b>FRP: </b> 1.01 MW<br/>\n                    <b>Brightness: </b> 299.3 K" }, "geometry": { "type": "Point", "coordinates": [ 96.52665, 60.4312 ] } },
{ "type": "Feature", "properties": { "sensor": "SUOMI-NPP", "description": "<b>Latitude: </b> 60.42949<br/> \n                    <b>Longitude: </b> 96.51477<br/> \n                    <b>Detection Time: </b> 2026-09-30 21:08 UTC<br/> \n                    <b>Sensor: </b> Suomi-NPP VIIRS<br/>\n                    <b>Confidence: </b> Nominal<br/> \n                    <b>Day/Night: </b> Night<br/>\n                    <b>Scan: </b> 0.46 km<br/>\n                    <b>Track: </b> 0.47 km<br/>\n                    <b>FRP: </b> 1.01 MW<br/>\n                    <b>Brightness: </b> 309.6 K" }, "geometry": { "type": "Point", "coordinates": [ 96.51477, 60.42949 ] } },
{ "type": "Feature", "properties": { "sensor": "SUOMI-NPP", "description": "<b>Latitude: </b> 60.42737<br/> \n                    <b>Longitude: </b> 96.52229<br/> \n                    <b>Detection Time: </b> 2026-09-30 21:08 UTC<br/> \n                    <b>Sensor: </b> Suomi-NPP VIIRS<br/>\n                    <b>Confidence: </b> Nominal<br/> \n                    <b>Day/Night: </b> Night<br/>\n                    <b>Scan: </b> 0.46 km<br/>\n                    <b>Track: </b> 0.47 km<br/>\n                    <b>FRP: </b> 1.01 MW<br/>\n                    <b>Brightness: </b> 316.23 K" }, "geometry": { "type": "Point", "coordinates": [ 96.52229, 60.42737 ] } },
{ "type": "Feature", "properties": { "sensor": "SUOMI-NPP", "description": "<b>Latitude: </b> 60.42564<br/> \n                    <b>Longitude: </b> 96.51046<br/> \n                    <b>Detection Time: </b> 2026-09-30 21:08 UTC<br/> \n                    <b>Sensor: </b> Suomi-NPP VIIRS<br/>\n                    <b>Confidence: </b> High<br/> \n                    <b>Day/Night: </b> Night<br/>\n                    <b>Scan: </b> 0.46 km<br/>\n                    <b>Track: </b> 0.47 km<br/>\n                    <b>FRP: </b> 3.35 MW<br/>\n                    <b>Brightness: </b> 367 K" }, "geometry": { "type": "Point", "coordinates": [ 96.51046, 60.42564 ] } },
{ "type": "Feature", "properties": { "sensor": "SUOMI-NPP", "description": "<b>Latitude: </b> 60.42357<br/> \n                    <b>Longitude: </b> 96.51783<br/> \n                    <b>Detection Time: </b> 2026-09-30 21:08 UTC<br/> \n                    <b>Sensor: </b> Suomi-NPP VIIRS<br/>\n                    <b>Confidence: </b> Nominal<br/> \n                    <b>Day/Night: </b> Night<br/>\n                    <b>Scan: </b> 0.46 km<br/>\n                    <b>Track: </b> 0.47 km<br/>\n                    <b>FRP: </b> 3.35 MW<br/>\n                    <b>Brightness: </b> 328.77 K" }, "geometry": { "type": "Point", "coordinates": [ 96.51783, 60.42357 ] } },
{ "type": "Feature", "properties": { "sensor": "SUOMI-NPP", "description": "<b>Latitude: </b> 60.42769<br/> \n                    <b>Longitude: </b> 96.50319<br/> \n                    <b>Detection Time: </b> 2026-09-30 21:08 UTC<br/> \n                    <b>Sensor: </b> Suomi-NPP VIIRS<br/>\n                    <b>Confidence: </b> Nominal<br/> \n                    <b>Day/Night: </b> Night<br/>\n                    <b>Scan: </b> 0.46 km<br/>\n                    <b>Track: </b> 0.47 km<br/>\n                    <b>FRP: </b> 2.77 MW<br/>\n                    <b>Brightness: </b> 306.6 K" }, "geometry": { "type": "Point", "coordinates": [ 96.50319, 60.42769 ] } },
{ "type": "Feature", "properties": { "sensor": "SUOMI-NPP", "description": "<b>Latitude: </b> 60.42146<br/> \n                    <b>Longitude: </b> 96.52533<br/> \n                    <b>Detection Time: </b> 2026-09-30 21:08 UTC<br/> \n                    <b>Sensor: </b> Suomi-NPP VIIRS<br/>\n                    <b>Confidence: </b> Nominal<br/> \n                    <b>Day/Night: </b> Night<br/>\n                    <b>Scan: </b> 0.46 km<br/>\n                    <b>Track: </b> 0.47 km<br/>\n                    <b>FRP: </b> 1.56 MW<br/>\n                    <b>Brightness: </b> 300.8 K" }, "geometry": { "type": "Point", "coordinates": [ 96.52533, 60.42146 ] } },
{ "type": "Feature", "properties": { "sensor": "SUOMI-NPP", "description": "<b>Latitude: </b> 60.42176<br/> \n                    <b>Longitude: </b> 96.50629<br/> \n                    <b>Detection Time: </b> 2026-09-30 21:08 UTC<br/> \n                    <b>Sensor: </b> Suomi-NPP VIIRS<br/>\n                    <b>Confidence: </b> Nominal<br/> \n                    <b>Day/Night: </b> Night<br/>\n                    <b>Scan: </b> 0.46 km<br/>\n                    <b>Track: </b> 0.47 km<br/>\n                    <b>FRP: </b> 3.35 MW<br/>\n                    <b>Brightness: </b> 307.93 K" }, "geometry": { "type": "Point", "coordinates": [ 96.50629, 60.42176 ] } },
{ "type": "Feature", "properties": { "sensor": "SUOMI-NPP", "description": "<b>Latitude: </b> 60.41972<br/> \n                    <b>Longitude: </b> 96.51353<br/> \n                    <b>Detection Time: </b> 2026-09-30 21:08 UTC<br/> \n                    <b>Sensor: </b> Suomi-NPP VIIRS<br/>\n                    <b>Confidence: </b> Nominal<br/> \n                    <b>Day/Night: </b> Night<br/>\n                    <b>Scan: </b> 0.46 km<br/>\n                    <b>Track: </b> 0.47 km<br/>\n                    <b>FRP: </b> 3.35 MW<br/>\n                    <b>Brightness: </b> 305.4 K" }, "geometry": { "type": "Point", "coordinates": [ 96.51353, 60.41972 ] } },
{ "type": "Feature", "properties": { "sensor": "SUOMI-NPP", "description": "<b>Latitude: </b> 63.12282<br/> \n                    <b>Longitude: </b> 77.85052<br/> \n                    <b>Detection Time: </b> 2026-09-30 21:08 UTC<br/> \n                    <b>Sensor: </b> Suomi-NPP VIIRS<br/>\n                    <b>Confidence: </b> Nominal<br/> \n                    <b>Day/Night: </b> Night<br/>\n                    <b>Scan: </b> 0.47 km<br/>\n                    <b>Track: </b> 0.4 km<br/>\n                    <b>FRP: </b> 3.98 MW<br/>\n                    <b>Brightness: </b> 332.28 K" }, "geometry": { "type": "Point", "coordinates": [ 77.85052, 63.12282 ] } },
{ "type": "Feature", "properties": { "sensor": "SUOMI-NPP", "description": "<b>Latitude: </b> 63.2467<br/> \n                    <b>Longitude: </b> 72.83651<br/> \n                    <b>Detection Time: </b> 2026-09-30 21:08 UTC<br/> \n                    <b>Sensor: </b> Suomi-NPP VIIRS<br/>\n                    <b>Confidence: </b> Nominal<br/> \n                    <b>Day/Night: </b> Night<br/>\n                    <b>Scan: </b> 0.42 km<br/>\n                    <b>Track: </b> 0.45 km<br/>\n                    <b>FRP: </b> 1.16 MW<br/>\n                    <b>Brightness: </b> 302.41 K" }, "geometry": { "type": "Point", "coordinates": [ 72.83651, 63.2467 ] } },
{ "type": "Feature", "properties": { "sensor": "SUOMI-NPP", "description": "<b>Latitude: </b> 62.88792<br/> \n                    <b>Longitude: </b> 73.60359<br/> \n                    <b>Detection Time: </b> 2026-09-30 21:08 UTC<br/> \n                    <b>Sensor: </b> Suomi-NPP VIIRS<br/>\n                    <b>Confidence: </b> Nominal<br/> \n                    <b>Day/Night: </b> Night<br/>\n                    <b>Scan: </b> 0.4 km<br/>\n                    <b>Track: </b> 0.44 km<br/>\n                    <b>FRP: </b> 0.24 MW<br/>\n                    <b>Brightness: </b> 295.24 K" }, "geometry": { "type": "Point", "coordinates": [ 73.60359, 62.88792 ] } },
{ "type": "Feature", "properties": { "sensor": "SUOMI-NPP", "description": "<b>Latitude: </b> 62.33493<br/> \n                    <b>Longitude: </b> 78.16618<br/> \n                    <b>Detection Time: </b> 2026-09-30 21:08 UTC<br/> \n                    <b>Sensor: </b> Suomi-NPP VIIRS<br/>\n                    <b>Confidence: </b> Nominal<br/> \n                    <b>Day/Night: </b> Night<br/>\n                    <b>Scan: </b> 0.45 km<br/>\n                    <b>Track: </b> 0.39 km<br/>\n                    <b>FRP: </b> 0.86 MW<br/>\n                    <b>Brightness: </b> 302.13 K" }, "geometry": { "type": "Point", "coordinates": [ 78.16618, 62.33493 ] } },
{ "type": "Feature", "properties": { "sensor": "SUOMI-NPP", "description": "<b>Latitude: </b> 60.75158<br/> \n                    <b>Longitude: </b> 69.34802<br/> \n                    <b>Detection Time: </b> 2026-09-30 21:08 UTC<br/> \n                    <b>Sensor: </b> Suomi-NPP VIIRS<br/>\n                    <b>Confidence: </b> Nominal<br/> \n                    <b>Day/Night: </b> Night<br/>\n                    <b>Scan: </b> 0.51 km<br/>\n                    <b>Track: </b> 0.49 km<br/>\n                    <b>FRP: </b> 11.95 MW<br/>\n                    <b>Brightness: </b> 343.78 K" }, "geometry": { "type": "Point", "coordinates": [ 69.34802, 60.75158 ] } },
{ "type": "Feature", "properties": { "sensor": "SUOMI-NPP", "description": "<b>Latitude: </b> 60.731<br/> \n                    <b>Longitude: </b> 69.89494<br/> \n                    <b>Detection Time: </b> 2026-09-30 21:08 UTC<br/> \n                    <b>Sensor: </b> Suomi-NPP VIIRS<br/>\n                    <b>Confidence: </b> Nominal<br/> \n                    <b>Day/Night: </b> Night<br/>\n                    <b>Scan: </b> 0.49 km<br/>\n                    <b>Track: </b> 0.48 km<br/>\n                    <b>FRP: </b> 2.02 MW<br/>\n                    <b>Brightness: </b> 322.48 K" }, "geometry": { "type": "Point", "coordinates": [ 69.89494, 60.731 ] } },
{ "type": "Feature", "properties": { "sensor": "SUOMI-NPP", "description": "<b>Latitude: </b> 60.75316<br/> \n                    <b>Longitude: </b> 69.34237<br/> \n                    <b>Detection Time: </b> 2026-09-30 21:08 UTC<br/> \n                    <b>Sensor: </b> Suomi-NPP VIIRS<br/>\n                    <b>Confidence: </b> Nominal<br/> \n                    <b>Day/Night: </b> Night<br/>\n                    <b>Scan: </b> 0.51 km<br/>\n                    <b>Track: </b> 0.49 km<br/>\n                    <b>FRP: </b> 9.26 MW<br/>\n                    <b>Brightness: </b> 336.67 K" }, "geometry": { "type": "Point", "coordinates": [ 69.34237, 60.75316 ] } },
{ "type": "Feature", "properties": { "sensor": "SUOMI-NPP", "description": "<b>Latitude: </b> 60.75265<br/> \n                    <b>Longitude: </b> 69.35187<br/> \n                    <b>Detection Time: </b> 2026-09-30 21:08 UTC<br/> \n                    <b>Sensor: </b> Suomi-NPP VIIRS<br/>\n                    <b>Confidence: </b> Nominal<br/> \n                    <b>Day/Night: </b> Night<br/>\n                    <b>Scan: </b> 0.51 km<br/>\n                    <b>Track: </b> 0.49 km<br/>\n                    <b>FRP: </b> 9.26 MW<br/>\n                    <b>Brightness: </b> 331.19 K" }, "geometry": { "type": "Point", "coordinates": [ 69.35187, 60.75265 ] } },
{ "type": "Feature", "properties": { "sensor": "SUOMI-NPP", "description": "<b>Latitude: </b> 60.57365<br/> \n                    <b>Longitude: </b> 71.9874<br/> \n                    <b>Detection Time: </b> 2026-09-30 21:08 UTC<br/> \n                    <b>Sensor: </b> Suomi-NPP VIIRS<br/>\n                    <b>Confidence: </b> Nominal<br/> \n                    <b>Day/Night: </b> Night<br/>\n                    <b>Scan: </b> 0.42 km<br/>\n                    <b>Track: </b> 0.45 km<br/>\n                    <b>FRP: </b> 1.16 MW<br/>\n                    <b>Brightness: </b> 316.18 K" }, "geometry": { "type": "Point", "coordinates": [ 71.9874, 60.57365 ] } },
{ "type": "Feature", "properties": { "sensor": "SUOMI-NPP", "description": "<b>Latitude: </b> 60.54887<br/> \n                    <b>Longitude: </b> 72.31393<br/> \n                    <b>Detection Time: </b> 2026-09-30 21:08 UTC<br/> \n                    <b>Sensor: </b> Suomi-NPP VIIRS<br/>\n                    <b>Confidence: </b> Nominal<br/> \n                    <b>Day/Night: </b> Night<br/>\n                    <b>Scan: </b> 0.41 km<br/>\n                    <b>Track: </b> 0.45 km<br/>\n                    <b>FRP: </b> 0.75 MW<br/>\n                    <b>Brightness: </b> 307.25 K" }, "geometry": { "type": "Point", "coordinates": [ 72.31393, 60.54887 ] } },
{ "type": "Feature", "properties": { "sensor": "SUOMI-NPP", "description": "<b>Latitude: </b> 60.84669<br/> \n                    <b>Longitude: </b> 97.35329<br/> \n                    <b>Detection Time: </b> 2026-09-30 21:08 UTC<br/> \n                    <b>Sensor: </b> Suomi-NPP VIIRS<br/>\n                    <b>Confidence: </b> Nominal<br/> \n                    <b>Day/Night: </b> Night<br/>\n                    <b>Scan: </b> 0.47 km<br/>\n                    <b>Track: </b> 0.47 km<br/>\n                    <b>FRP: </b> 2.79 MW<br/>\n                    <b>Brightness: </b> 317.75 K" }, "geometry": { "type": "Point", "coordinates": [ 97.35329, 60.84669 ] } },
{ "type": "Feature", "properties": { "sensor": "SUOMI-NPP", "description": "<b>Latitude: </b> 60.15868<br/> \n                    <b>Longitude: </b> 73.572<br/> \n                    <b>Detection Time: </b> 2026-09-30 21:08 UTC<br/> \n                    <b>Sensor: </b> Suomi-NPP VIIRS<br/>\n                    <b>Confidence: </b> Nominal<br/> \n                    <b>Day/Night: </b> Night<br/>\n                    <b>Scan: </b> 0.55 km<br/>\n                    <b>Track: </b> 0.43 km<br/>\n                    <b>FRP: </b> 0.75 MW<br/>\n                    <b>Brightness: </b> 299.01 K" }, "geometry": { "type": "Point", "coordinates": [ 73.572, 60.15868 ] } },
{ "type": "Feature", "properties": { "sensor": "SUOMI-NPP", "description": "<b>Latitude: </b> 60.18247<br/> \n                    <b>Longitude: </b> 69.29767<br/> \n                    <b>Detection Time: </b> 2026-09-30 21:08 UTC<br/> \n                    <b>Sensor: </b> Suomi-NPP VIIRS<br/>\n                    <b>Confidence: </b> Nominal<br/> \n                    <b>Day/Night: </b> Night<br/>\n                    <b>Scan: </b> 0.5 km<br/>\n                    <b>Track: </b> 0.49 km<br/>\n                    <b>FRP: </b> 1.34 MW<br/>\n                    <b>Brightness: </b> 322.38 K" }, "geometry": { "type": "Point", "coordinates": [ 69.29767, 60.18247 ] } },
{ "type": "Feature", "properties": { "sensor": "SUOMI-NPP", "description": "<b>Latitude: </b> 60.04272<br/> \n                    <b>Longitude: </b> 71.01553<br/> \n                    <b>Detection Time: </b> 2026-09-30 21:08 UTC<br/> \n                    <b>Sensor: </b> Suomi-NPP VIIRS<br/>\n                    <b>Confidence: </b> Nominal<br/> \n                    <b>Day/Night: </b> Night<br/>\n                    <b>Scan: </b> 0.44 km<br/>\n                    <b>Track: </b> 0.46 km<br/>\n                    <b>FRP: </b> 0.4 MW<br/>\n                    <b>Brightness: </b> 295.32 K" }, "geometry": { "type": "Point", "coordinates": [ 71.01553, 60.04272 ] } },
{ "type": "Feature", "properties": { "sensor": "SUOMI-NPP", "description": "<b>Latitude: </b> 60.03897<br/> \n                    <b>Longitude: </b> 71.07159<br/> \n                    <b>Detection Time: </b> 2026-09-30 21:08 UTC<br/> \n                    <b>Sensor: </b> Suomi-NPP VIIRS<br/>\n                    <b>Confidence: </b> Nominal<br/> \n                    <b>Day/Night: </b> Night<br/>\n                    <b>Scan: </b> 0.44 km<br/>\n                    <b>Track: </b> 0.46 km<br/>\n                    <b>FRP: </b> 1.52 MW<br/>\n                    <b>Brightness: </b> 306.02 K" }, "geometry": { "type": "Point", "coordinates": [ 71.07159, 60.03897 ] } },
{ "type": "Feature", "properties": { "sensor": "SUOMI-NPP", "description": "<b>Latitude: </b> 59.27002<br/> \n                    <b>Longitude: </b> 77.03248<br/> \n                    <b>Detection Time: </b> 2026-09-30 21:08 UTC<br/> \n                    <b>Sensor: </b> Suomi-NPP VIIRS<br/>\n                    <b>Confidence: </b> Nominal<br/> \n                    <b>Day/Night: </b> Night<br/>\n                    <b>Scan: </b> 0.44 km<br/>\n                    <b>Track: </b> 0.38 km<br/>\n                    <b>FRP: </b> 0.87 MW<br/>\n                    <b>Brightness: </b> 304.86 K" }, "geometry": { "type": "Point", "coordinates": [ 77.03248, 59.27002 ] } },
{ "type": "Feature", "properties": { "sensor": "SUOMI-NPP", "description": "<b>Latitude: </b> 59.79392<br/> \n                    <b>Longitude: </b> 72.43267<br/> \n                    <b>Detection Time: </b> 2026-09-30 21:08 UTC<br/> \n                    <b>Sensor: </b> Suomi-NPP VIIRS<br/>\n                    <b>Confidence: </b> Nominal<br/> \n                    <b>Day/Night: </b> Night<br/>\n                    <b>Scan: </b> 0.39 km<br/>\n                    <b>Track: </b> 0.44 km<br/>\n                    <b>FRP: </b> 0.35 MW<br/>\n                    <b>Brightness: </b> 295.69 K" }, "geometry": { "type": "Point", "coordinates": [ 72.43267, 59.79392 ] } },
{ "type": "Feature", "properties": { "sensor": "SUOMI-NPP", "description": "<b>Latitude: </b> 59.89056<br/> \n                    <b>Longitude: </b> 71.73535<br/> \n                    <b>Detection Time: </b> 2026-09-30 21:08 UTC<br/> \n                    <b>Sensor: </b> Suomi-NPP VIIRS<br/>\n                    <b>Confidence: </b> Nominal<br/> \n                    <b>Day/Night: </b> Night<br/>\n                    <b>Scan: </b> 0.42 km<br/>\n                    <b>Track: </b> 0.45 km<br/>\n                    <b>FRP: </b> 11.3 MW<br/>\n                    <b>Brightness: </b> 338.45 K" }, "geometry": { "type": "Point", "coordinates": [ 71.73535, 59.89056 ] } },
{ "type": "Feature", "properties": { "sensor": "SUOMI-NPP", "description": "<b>Latitude: </b> 58.26886<br/> \n                    <b>Longitude: </b> 68.45164<br/> \n                    <b>Detection Time: </b> 2026-09-30 21:08 UTC<br/> \n                    <b>Sensor: </b> Suomi-NPP VIIRS<br/>\n                    <b>Confidence: </b> Nominal<br/> \n                    <b>Day/Night: </b> Night<br/>\n                    <b>Scan: </b> 0.52 km<br/>\n                    <b>Track: </b> 0.5 km<br/>\n                    <b>FRP: </b> 1.03 MW<br/>\n                    <b>Brightness: </b> 301.6 K" }, "geometry": { "type": "Point", "coordinates": [ 68.45164, 58.26886 ] } },
{ "type": "Feature", "properties": { "sensor": "SUOMI-NPP", "description": "<b>Latitude: </b> 58.26648<br/> \n                    <b>Longitude: </b> 68.45721<br/> \n                    <b>Detection Time: </b> 2026-09-30 21:08 UTC<br/> \n                    <b>Sensor: </b> Suomi-NPP VIIRS<br/>\n                    <b>Confidence: </b> Nominal<br/> \n                    <b>Day/Night: </b> Night<br/>\n                    <b>Scan: </b> 0.52 km<br/>\n                    <b>Track: </b> 0.5 km<br/>\n                    <b>FRP: </b> 1.04 MW<br/>\n                    <b>Brightness: </b> 298.98 K" }, "geometry": { "type": "Point", "coordinates": [ 68.45721, 58.26648 ] } },
{ "type": "Feature", "properties": { "sensor": "SUOMI-NPP", "description": "<b>Latitude: </b> 57.27119<br/> \n                    <b>Longitude: </b> 79.38992<br/> \n                    <b>Detection Time: </b> 2026-09-30 21:08 UTC<br/> \n                    <b>Sensor: </b> Suomi-NPP VIIRS<br/>\n                    <b>Confidence: </b> Nominal<br/> \n                    <b>Day/Night: </b> Night<br/>\n                    <b>Scan: </b> 0.39 km<br/>\n                    <b>Track: </b> 0.36 km<br/>\n                    <b>FRP: </b> 0.8 MW<br/>\n                    <b>Brightness: </b> 296.39 K" }, "geometry": { "type": "Point", "coordinates": [ 79.38992, 57.27119 ] } },
{ "type": "Feature", "properties": { "sensor": "SUOMI-NPP", "description": "<b>Latitude: </b> 61.40103<br/> \n                    <b>Longitude: </b> 112.89384<br/> \n                    <b>Detection Time: </b> 2026-09-30 21:06 UTC<br/> \n                    <b>Sensor: </b> Suomi-NPP VIIRS<br/>\n                    <b>Confidence: </b> Nominal<br/> \n                    <b>Day/Night: </b> Night<br/>\n                    <b>Scan: </b> 0.56 km<br/>\n                    <b>Track: </b> 0.68 km<br/>\n                    <b>FRP: </b> 2.6 MW<br/>\n                    <b>Brightness: </b> 307.08 K" }, "geometry": { "type": "Point", "coordinates": [ 112.89384, 61.40103 ] } },
{ "type": "Feature", "properties": { "sensor": "SUOMI-NPP", "description": "<b>Latitude: </b> 61.34023<br/> \n                    <b>Longitude: </b> 112.81194<br/> \n                    <b>Detection Time: </b> 2026-09-30 21:06 UTC<br/> \n                    <b>Sensor: </b> Suomi-NPP VIIRS<br/>\n                    <b>Confidence: </b> Nominal<br/> \n                    <b>Day/Night: </b> Night<br/>\n                    <b>Scan: </b> 0.56 km<br/>\n                    <b>Track: </b> 0.69 km<br/>\n                    <b>FRP: </b> 2.98 MW<br/>\n                    <b>Brightness: </b> 324.44 K" }, "geometry": { "type": "Point", "coordinates": [ 112.81194, 61.34023 ] } },
{ "type": "Feature", "properties": { "sensor": "SUOMI-NPP", "description": "<b>Latitude: </b> 61.34394<br/> \n                    <b>Longitude: </b> 112.80406<br/> \n                    <b>Detection Time: </b> 2026-09-30 21:06 UTC<br/> \n                    <b>Sensor: </b> Suomi-NPP VIIRS<br/>\n                    <b>Confidence: </b> Nominal<br/> \n                    <b>Day/Night: </b> Night<br/>\n                    <b>Scan: </b> 0.56 km<br/>\n                    <b>Track: </b> 0.69 km<br/>\n                    <b>FRP: </b> 3.34 MW<br/>\n                    <b>Brightness: </b> 299.7 K" }, "geometry": { "type": "Point", "coordinates": [ 112.80406, 61.34394 ] } },
{ "type": "Feature", "properties": { "sensor": "SUOMI-NPP", "description": "<b>Latitude: </b> 61.33672<br/> \n                    <b>Longitude: </b> 112.8194<br/> \n                    <b>Detection Time: </b> 2026-09-30 21:06 UTC<br/> \n                    <b>Sensor: </b> Suomi-NPP VIIRS<br/>\n                    <b>Confidence: </b> Nominal<br/> \n                    <b>Day/Night: </b> Night<br/>\n                    <b>Scan: </b> 0.56 km<br/>\n                    <b>Track: </b> 0.69 km<br/>\n                    <b>FRP: </b> 2.98 MW<br/>\n                    <b>Brightness: </b> 312.85 K" }, "geometry": { "type": "Point", "coordinates": [ 112.8194, 61.33672 ] } },
{ "type": "Feature", "properties": { "sensor": "SUOMI-NPP", "description": "<b>Latitude: </b> 61.4016<br/> \n                    <b>Longitude: </b> 112.90051<br/> \n                    <b>Detection Time: </b> 2026-09-30 21:06 UTC<br/> \n                    <b>Sensor: </b> Suomi-NPP VIIRS<br/>\n                    <b>Confidence: </b> Nominal<br/> \n                    <b>Day/Night: </b> Night<br/>\n                    <b>Scan: </b> 0.56 km<br/>\n                    <b>Track: </b> 0.68 km<br/>\n                    <b>FRP: </b> 3.52 MW<br/>\n                    <b>Brightness: </b> 304.97 K" }, "geometry": { "type": "Point", "coordinates": [ 112.90051, 61.4016 ] } },
{ "type": "Feature", "properties": { "sensor": "SUOMI-NPP", "description": "<b>Latitude: </b> 61.53442<br/> \n                    <b>Longitude: </b> 113.18116<br/> \n                    <b>Detection Time: </b> 2026-09-30 21:06 UTC<br/> \n                    <b>Sensor: </b> Suomi-NPP VIIRS<br/>\n                    <b>Confidence: </b> Nominal<br/> \n                    <b>Day/Night: </b> Night<br/>\n                    <b>Scan: </b> 0.56 km<br/>\n                    <b>Track: </b> 0.68 km<br/>\n                    <b>FRP: </b> 2 MW<br/>\n                    <b>Brightness: </b> 297.4 K" }, "geometry": { "type": "Point", "coordinates": [ 113.18116, 61.53442 ] } },
{ "type": "Feature", "properties": { "sensor": "SUOMI-NPP", "description": "<b>Latitude: </b> 61.40464<br/> \n                    <b>Longitude: </b> 112.88613<br/> \n                    <b>Detection Time: </b> 2026-09-30 21:06 UTC<br/> \n                    <b>Sensor: </b> Suomi-NPP VIIRS<br/>\n                    <b>Confidence: </b> Nominal<br/> \n                    <b>Day/Night: </b> Night<br/>\n                    <b>Scan: </b> 0.56 km<br/>\n                    <b>Track: </b> 0.68 km<br/>\n                    <b>FRP: </b> 2.6 MW<br/>\n                    <b>Brightness: </b> 328.16 K" }, "geometry": { "type": "Point", "coordinates": [ 112.88613, 61.40464 ] } },
{ "type": "Feature", "properties": { "sensor": "SUOMI-NPP", "description": "<b>Latitude: </b> 61.34127<br/> \n                    <b>Longitude: </b> 112.82893<br/> \n                    <b>Detection Time: </b> 2026-09-30 21:06 UTC<br/> \n                    <b>Sensor: </b> Suomi-NPP VIIRS<br/>\n                    <b>Confidence: </b> Nominal<br/> \n                    <b>Day/Night: </b> Night<br/>\n                    <b>Scan: </b> 0.56 km<br/>\n                    <b>Track: </b> 0.69 km<br/>\n                    <b>FRP: </b> 2.98 MW<br/>\n                    <b>Brightness: </b> 311.01 K" }, "geometry": { "type": "Point", "coordinates": [ 112.82893, 61.34127 ] } },
{ "type": "Feature", "properties": { "sensor": "SUOMI-NPP", "description": "<b>Latitude: </b> 66.70952<br/> \n                    <b>Longitude: </b> 80.44118<br/> \n                    <b>Detection Time: </b> 2026-09-30 21:06 UTC<br/> \n                    <b>Sensor: </b> Suomi-NPP VIIRS<br/>\n                    <b>Confidence: </b> Nominal<br/> \n                    <b>Day/Night: </b> Night<br/>\n                    <b>Scan: </b> 0.46 km<br/>\n                    <b>Track: </b> 0.39 km<br/>\n                    <b>FRP: </b> 6.45 MW<br/>\n                    <b>Brightness: </b> 327.29 K" }, "geometry": { "type": "Point", "coordinates": [ 80.44118, 66.70952 ] } },
{ "type": "Feature", "properties": { "sensor": "SUOMI-NPP", "description": "<b>Latitude: </b> 66.70645<br/> \n                    <b>Longitude: </b> 80.44202<br/> \n                    <b>Detection Time: </b> 2026-09-30 21:06 UTC<br/> \n                    <b>Sensor: </b> Suomi-NPP VIIRS<br/>\n                    <b>Confidence: </b> Nominal<br/> \n                    <b>Day/Night: </b> Night<br/>\n                    <b>Scan: </b> 0.46 km<br/>\n                    <b>Track: </b> 0.39 km<br/>\n                    <b>FRP: </b> 4.04 MW<br/>\n                    <b>Brightness: </b> 335.93 K" }, "geometry": { "type": "Point", "coordinates": [ 80.44202, 66.70645 ] } },
{ "type": "Feature", "properties": { "sensor": "SUOMI-NPP", "description": "<b>Latitude: </b> 66.59927<br/> \n                    <b>Longitude: </b> 80.41289<br/> \n                    <b>Detection Time: </b> 2026-09-30 21:06 UTC<br/> \n                    <b>Sensor: </b> Suomi-NPP VIIRS<br/>\n                    <b>Confidence: </b> Nominal<br/> \n                    <b>Day/Night: </b> Night<br/>\n                    <b>Scan: </b> 0.46 km<br/>\n                    <b>Track: </b> 0.39 km<br/>\n                    <b>FRP: </b> 2.98 MW<br/>\n                    <b>Brightness: </b> 320.31 K" }, "geometry": { "type": "Point", "coordinates": [ 80.41289, 66.59927 ] } },
{ "type": "Feature", "properties": { "sensor": "SUOMI-NPP", "description": "<b>Latitude: </b> 66.60087<br/> \n                    <b>Longitude: </b> 80.40826<br/> \n                    <b>Detection Time: </b> 2026-09-30 21:06 UTC<br/> \n                    <b>Sensor: </b> Suomi-NPP VIIRS<br/>\n                    <b>Confidence: </b> Nominal<br/> \n                    <b>Day/Night: </b> Night<br/>\n                    <b>Scan: </b> 0.46 km<br/>\n                    <b>Track: </b> 0.39 km<br/>\n                    <b>FRP: </b> 1.98 MW<br/>\n                    <b>Brightness: </b> 326.96 K" }, "geometry": { "type": "Point", "coordinates": [ 80.40826, 66.60087 ] } },
{ "type": "Feature", "properties": { "sensor": "SUOMI-NPP", "description": "<b>Latitude: </b> 66.82716<br/> \n                    <b>Longitude: </b> 77.35503<br/> \n                    <b>Detection Time: </b> 2026-09-30 21:06 UTC<br/> \n                    <b>Sensor: </b> Suomi-NPP VIIRS<br/>\n                    <b>Confidence: </b> Nominal<br/> \n                    <b>Day/Night: </b> Night<br/>\n                    <b>Scan: </b> 0.54 km<br/>\n                    <b>Track: </b> 0.42 km<br/>\n                    <b>FRP: </b> 8.41 MW<br/>\n                    <b>Brightness: </b> 339.55 K" }, "geometry": { "type": "Point", "coordinates": [ 77.35503, 66.82716 ] } },
{ "type": "Feature", "properties": { "sensor": "SUOMI-NPP", "description": "<b>Latitude: </b> 66.82331<br/> \n                    <b>Longitude: </b> 77.35292<br/> \n                    <b>Detection Time: </b> 2026-09-30 21:06 UTC<br/> \n                    <b>Sensor: </b> Suomi-NPP VIIRS<br/>\n                    <b>Confidence: </b> Nominal<br/> \n                    <b>Day/Night: </b> Night<br/>\n                    <b>Scan: </b> 0.54 km<br/>\n                    <b>Track: </b> 0.42 km<br/>\n                    <b>FRP: </b> 8.41 MW<br/>\n                    <b>Brightness: </b> 307.85 K" }, "geometry": { "type": "Point", "coordinates": [ 77.35292, 66.82331 ] } },
{ "type": "Feature", "properties": { "sensor": "SUOMI-NPP", "description": "<b>Latitude: </b> 61.34483<br/> \n                    <b>Longitude: </b> 112.82137<br/> \n                    <b>Detection Time: </b> 2026-09-30 21:06 UTC<br/> \n                    <b>Sensor: </b> Suomi-NPP VIIRS<br/>\n                    <b>Confidence: </b> Nominal<br/> \n                    <b>Day/Night: </b> Night<br/>\n                    <b>Scan: </b> 0.56 km<br/>\n                    <b>Track: </b> 0.69 km<br/>\n                    <b>FRP: </b> 2.98 MW<br/>\n                    <b>Brightness: </b> 337.19 K" }, "geometry": { "type": "Point", "coordinates": [ 112.82137, 61.34483 ] } },
{ "type": "Feature", "properties": { "sensor": "SUOMI-NPP", "description": "<b>Latitude: </b> 61.34849<br/> \n                    <b>Longitude: </b> 112.81358<br/> \n                    <b>Detection Time: </b> 2026-09-30 21:06 UTC<br/> \n                    <b>Sensor: </b> Suomi-NPP VIIRS<br/>\n                    <b>Confidence: </b> Nominal<br/> \n                    <b>Day/Night: </b> Night<br/>\n                    <b>Scan: </b> 0.56 km<br/>\n                    <b>Track: </b> 0.69 km<br/>\n                    <b>FRP: </b> 3.34 MW<br/>\n                    <b>Brightness: </b> 310.37 K" }, "geometry": { "type": "Point", "coordinates": [ 112.81358, 61.34849 ] } },
{ "type": "Feature", "properties": { "sensor": "SUOMI-NPP", "description": "<b>Latitude: </b> 61.40525<br/> \n                    <b>Longitude: </b> 112.89281<br/> \n                    <b>Detection Time: </b> 2026-09-30 21:06 UTC<br/> \n                    <b>Sensor: </b> Suomi-NPP VIIRS<br/>\n                    <b>Confidence: </b> Nominal<br/> \n                    <b>Day/Night: </b> Night<br/>\n                    <b>Scan: </b> 0.56 km<br/>\n                    <b>Track: </b> 0.68 km<br/>\n                    <b>FRP: </b> 3.52 MW<br/>\n                    <b>Brightness: </b> 344.18 K" }, "geometry": { "type": "Point", "coordinates": [ 112.89281, 61.40525 ] } },
{ "type": "Feature", "properties": { "sensor": "SUOMI-NPP", "description": "<b>Latitude: </b> 54.26295<br/> \n                    <b>Longitude: </b> 86.17774<br/> \n                    <b>Detection Time: </b> 2026-09-30 19:28 UTC<br/> \n                    <b>Sensor: </b> Suomi-NPP VIIRS<br/>\n                    <b>Confidence: </b> Nominal<br/> \n                    <b>Day/Night: </b> Night<br/>\n                    <b>Scan: </b> 0.48 km<br/>\n                    <b>Track: </b> 0.65 km<br/>\n                    <b>FRP: </b> 1.33 MW<br/>\n                    <b>Brightness: </b> 297.49 K" }, "geometry": { "type": "Point", "coordinates": [ 86.17774, 54.26295 ] } },
{ "type": "Feature", "properties": { "sensor": "SUOMI-NPP", "description": "<b>Latitude: </b> 54.2873<br/> \n                    <b>Longitude: </b> 86.15376<br/> \n                    <b>Detection Time: </b> 2026-09-30 19:28 UTC<br/> \n                    <b>Sensor: </b> Suomi-NPP VIIRS<br/>\n                    <b>Confidence: </b> Nominal<br/> \n                    <b>Day/Night: </b> Night<br/>\n                    <b>Scan: </b> 0.48 km<br/>\n                    <b>Track: </b> 0.65 km<br/>\n                    <b>FRP: </b> 3.45 MW<br/>\n                    <b>Brightness: </b> 315.84 K" }, "geometry": { "type": "Point", "coordinates": [ 86.15376, 54.2873 ] } },
{ "type": "Feature", "properties": { "sensor": "SUOMI-NPP", "description": "<b>Latitude: </b> 54.41706<br/> \n                    <b>Longitude: </b> 86.77925<br/> \n                    <b>Detection Time: </b> 2026-09-30 19:28 UTC<br/> \n                    <b>Sensor: </b> Suomi-NPP VIIRS<br/>\n                    <b>Confidence: </b> Nominal<br/> \n                    <b>Day/Night: </b> Night<br/>\n                    <b>Scan: </b> 0.45 km<br/>\n                    <b>Track: </b> 0.63 km<br/>\n                    <b>FRP: </b> 0.94 MW<br/>\n                    <b>Brightness: </b> 297.1 K" }, "geometry": { "type": "Point", "coordinates": [ 86.77925, 54.41706 ] } },
{ "type": "Feature", "properties": { "sensor": "SUOMI-NPP", "description": "<b>Latitude: </b> 54.65616<br/> \n                    <b>Longitude: </b> 83.3065<br/> \n                    <b>Detection Time: </b> 2026-09-30 19:28 UTC<br/> \n                    <b>Sensor: </b> Suomi-NPP VIIRS<br/>\n                    <b>Confidence: </b> Nominal<br/> \n                    <b>Day/Night: </b> Night<br/>\n                    <b>Scan: </b> 0.62 km<br/>\n                    <b>Track: </b> 0.72 km<br/>\n                    <b>FRP: </b> 0.9 MW<br/>\n                    <b>Brightness: </b> 296.17 K" }, "geometry": { "type": "Point", "coordinates": [ 83.3065, 54.65616 ] } },
{ "type": "Feature", "properties": { "sensor": "SUOMI-NPP", "description": "<b>Latitude: </b> 57.87273<br/> \n                    <b>Longitude: </b> 105.88691<br/> \n                    <b>Detection Time: </b> 2026-09-30 19:28 UTC<br/> \n                    <b>Sensor: </b> Suomi-NPP VIIRS<br/>\n                    <b>Confidence: </b> Nominal<br/> \n                    <b>Day/Night: </b> Night<br/>\n                    <b>Scan: </b> 0.39 km<br/>\n                    <b>Track: </b> 0.36 km<br/>\n                    <b>FRP: </b> 2.17 MW<br/>\n                    <b>Brightness: </b> 298.46 K" }, "geometry": { "type": "Point", "coordinates": [ 105.88691, 57.87273 ] } },
{ "type": "Feature", "properties": { "sensor": "SUOMI-NPP", "description": "<b>Latitude: </b> 57.87596<br/> \n                    <b>Longitude: </b> 105.88865<br/> \n                    <b>Detection Time: </b> 2026-09-30 19:28 UTC<br/> \n                    <b>Sensor: </b> Suomi-NPP VIIRS<br/>\n                    <b>Confidence: </b> Nominal<br/> \n                    <b>Day/Night: </b> Night<br/>\n                    <b>Scan: </b> 0.39 km<br/>\n                    <b>Track: </b> 0.36 km<br/>\n                    <b>FRP: </b> 2.17 MW<br/>\n                    <b>Brightness: </b> 339.84 K" }, "geometry": { "type": "Point", "coordinates": [ 105.88865, 57.87596 ] } },
{ "type": "Feature", "properties": { "sensor": "SUOMI-NPP", "description": "<b>Latitude: </b> 57.87693<br/> \n                    <b>Longitude: </b> 105.88231<br/> \n                    <b>Detection Time: </b> 2026-09-30 19:28 UTC<br/> \n                    <b>Sensor: </b> Suomi-NPP VIIRS<br/>\n                    <b>Confidence: </b> Nominal<br/> \n                    <b>Day/Night: </b> Night<br/>\n                    <b>Scan: </b> 0.39 km<br/>\n                    <b>Track: </b> 0.36 km<br/>\n                    <b>FRP: </b> 2.17 MW<br/>\n                    <b>Brightness: </b> 326.8 K" }, "geometry": { "type": "Point", "coordinates": [ 105.88231, 57.87693 ] } },
{ "type": "Feature", "properties": { "sensor": "SUOMI-NPP", "description": "<b>Latitude: </b> 58.09277<br/> \n                    <b>Longitude: </b> 106.55997<br/> \n                    <b>Detection Time: </b> 2026-09-30 19:28 UTC<br/> \n                    <b>Sensor: </b> Suomi-NPP VIIRS<br/>\n                    <b>Confidence: </b> Nominal<br/> \n                    <b>Day/Night: </b> Night<br/>\n                    <b>Scan: </b> 0.38 km<br/>\n                    <b>Track: </b> 0.36 km<br/>\n                    <b>FRP: </b> 3.14 MW<br/>\n                    <b>Brightness: </b> 327.65 K" }, "geometry": { "type": "Point", "coordinates": [ 106.55997, 58.09277 ] } },
{ "type": "Feature", "properties": { "sensor": "SUOMI-NPP", "description": "<b>Latitude: </b> 58.09599<br/> \n                    <b>Longitude: </b> 106.56179<br/> \n                    <b>Detection Time: </b> 2026-09-30 19:28 UTC<br/> \n                    <b>Sensor: </b> Suomi-NPP VIIRS<br/>\n                    <b>Confidence: </b> Nominal<br/> \n                    <b>Day/Night: </b> Night<br/>\n                    <b>Scan: </b> 0.38 km<br/>\n                    <b>Track: </b> 0.36 km<br/>\n                    <b>FRP: </b> 3.14 MW<br/>\n                    <b>Brightness: </b> 343.48 K" }, "geometry": { "type": "Point", "coordinates": [ 106.56179, 58.09599 ] } },
{ "type": "Feature", "properties": { "sensor": "SUOMI-NPP", "description": "<b>Latitude: </b> 58.29209<br/> \n                    <b>Longitude: </b> 106.9225<br/> \n                    <b>Detection Time: </b> 2026-09-30 19:28 UTC<br/> \n                    <b>Sensor: </b> Suomi-NPP VIIRS<br/>\n                    <b>Confidence: </b> Nominal<br/> \n                    <b>Day/Night: </b> Night<br/>\n                    <b>Scan: </b> 0.38 km<br/>\n                    <b>Track: </b> 0.36 km<br/>\n                    <b>FRP: </b> 1.23 MW<br/>\n                    <b>Brightness: </b> 323.14 K" }, "geometry": { "type": "Point", "coordinates": [ 106.9225, 58.29209 ] } },
{ "type": "Feature", "properties": { "sensor": "SUOMI-NPP", "description": "<b>Latitude: </b> 58.86068<br/> \n                    <b>Longitude: </b> 102.92088<br/> \n                    <b>Detection Time: </b> 2026-09-30 19:28 UTC<br/> \n                    <b>Sensor: </b> Suomi-NPP VIIRS<br/>\n                    <b>Confidence: </b> Nominal<br/> \n                    <b>Day/Night: </b> Night<br/>\n                    <b>Scan: </b> 0.42 km<br/>\n                    <b>Track: </b> 0.38 km<br/>\n                    <b>FRP: </b> 1.27 MW<br/>\n                    <b>Brightness: </b> 311.58 K" }, "geometry": { "type": "Point", "coordinates": [ 102.92088, 58.86068 ] } },
{ "type": "Feature", "properties": { "sensor": "SUOMI-NPP", "description": "<b>Latitude: </b> 58.85724<br/> \n                    <b>Longitude: </b> 102.91935<br/> \n                    <b>Detection Time: </b> 2026-09-30 19:28 UTC<br/> \n                    <b>Sensor: </b> Suomi-NPP VIIRS<br/>\n                    <b>Confidence: </b> Nominal<br/> \n                    <b>Day/Night: </b> Night<br/>\n                    <b>Scan: </b> 0.42 km<br/>\n                    <b>Track: </b> 0.38 km<br/>\n                    <b>FRP: </b> 1.91 MW<br/>\n                    <b>Brightness: </b> 318.57 K" }, "geometry": { "type": "Point", "coordinates": [ 102.91935, 58.85724 ] } },
{ "type": "Feature", "properties": { "sensor": "SUOMI-NPP", "description": "<b>Latitude: </b> 58.14099<br/> \n                    <b>Longitude: </b> 107.10677<br/> \n                    <b>Detection Time: </b> 2026-09-30 19:28 UTC<br/> \n                    <b>Sensor: </b> Suomi-NPP VIIRS<br/>\n                    <b>Confidence: </b> Nominal<br/> \n                    <b>Day/Night: </b> Night<br/>\n                    <b>Scan: </b> 0.38 km<br/>\n                    <b>Track: </b> 0.36 km<br/>\n                    <b>FRP: </b> 0.63 MW<br/>\n                    <b>Brightness: </b> 299.02 K" }, "geometry": { "type": "Point", "coordinates": [ 107.10677, 58.14099 ] } },
{ "type": "Feature", "properties": { "sensor": "SUOMI-NPP", "description": "<b>Latitude: </b> 61.40604<br/> \n                    <b>Longitude: </b> 112.88989<br/> \n                    <b>Detection Time: </b> 2026-09-30 19:25 UTC<br/> \n                    <b>Sensor: </b> Suomi-NPP VIIRS<br/>\n                    <b>Confidence: </b> Nominal<br/> \n                    <b>Day/Night: </b> Night<br/>\n                    <b>Scan: </b> 0.41 km<br/>\n                    <b>Track: </b> 0.37 km<br/>\n                    <b>FRP: </b> 1.07 MW<br/>\n                    <b>Brightness: </b> 324.93 K" }, "geometry": { "type": "Point", "coordinates": [ 112.88989, 61.40604 ] } },
{ "type": "Feature", "properties": { "sensor": "SUOMI-NPP", "description": "<b>Latitude: </b> 61.40283<br/> \n                    <b>Longitude: </b> 112.88724<br/> \n                    <b>Detection Time: </b> 2026-09-30 19:25 UTC<br/> \n                    <b>Sensor: </b> Suomi-NPP VIIRS<br/>\n                    <b>Confidence: </b> Nominal<br/> \n                    <b>Day/Night: </b> Night<br/>\n                    <b>Scan: </b> 0.41 km<br/>\n                    <b>Track: </b> 0.37 km<br/>\n                    <b>FRP: </b> 1.07 MW<br/>\n                    <b>Brightness: </b> 299.32 K" }, "geometry": { "type": "Point", "coordinates": [ 112.88724, 61.40283 ] } },
{ "type": "Feature", "properties": { "sensor": "SUOMI-NPP", "description": "<b>Latitude: </b> 61.35402<br/> \n                    <b>Longitude: </b> 112.81296<br/> \n                    <b>Detection Time: </b> 2026-09-30 19:25 UTC<br/> \n                    <b>Sensor: </b> Suomi-NPP VIIRS<br/>\n                    <b>Confidence: </b> Nominal<br/> \n                    <b>Day/Night: </b> Night<br/>\n                    <b>Scan: </b> 0.4 km<br/>\n                    <b>Track: </b> 0.37 km<br/>\n                    <b>FRP: </b> 1.49 MW<br/>\n                    <b>Brightness: </b> 298.73 K" }, "geometry": { "type": "Point", "coordinates": [ 112.81296, 61.35402 ] } },
{ "type": "Feature", "properties": { "sensor": "SUOMI-NPP", "description": "<b>Latitude: </b> 61.35081<br/> \n                    <b>Longitude: </b> 112.8103<br/> \n                    <b>Detection Time: </b> 2026-09-30 19:25 UTC<br/> \n                    <b>Sensor: </b> Suomi-NPP VIIRS<br/>\n                    <b>Confidence: </b> Nominal<br/> \n                    <b>Day/Night: </b> Night<br/>\n                    <b>Scan: </b> 0.4 km<br/>\n                    <b>Track: </b> 0.37 km<br/>\n                    <b>FRP: </b> 1.49 MW<br/>\n                    <b>Brightness: </b> 335.62 K" }, "geometry": { "type": "Point", "coordinates": [ 112.8103, 61.35081 ] } },
{ "type": "Feature", "properties": { "sensor": "SUOMI-NPP", "description": "<b>Latitude: </b> 61.3522<br/> \n                    <b>Longitude: </b> 112.80313<br/> \n                    <b>Detection Time: </b> 2026-09-30 19:25 UTC<br/> \n                    <b>Sensor: </b> Suomi-NPP VIIRS<br/>\n                    <b>Confidence: </b> Nominal<br/> \n                    <b>Day/Night: </b> Night<br/>\n                    <b>Scan: </b> 0.4 km<br/>\n                    <b>Track: </b> 0.37 km<br/>\n                    <b>FRP: </b> 2.62 MW<br/>\n                    <b>Brightness: </b> 317.91 K" }, "geometry": { "type": "Point", "coordinates": [ 112.80313, 61.3522 ] } },
{ "type": "Feature", "properties": { "sensor": "SUOMI-NPP", "description": "<b>Latitude: </b> 61.34943<br/> \n                    <b>Longitude: </b> 112.81746<br/> \n                    <b>Detection Time: </b> 2026-09-30 19:25 UTC<br/> \n                    <b>Sensor: </b> Suomi-NPP VIIRS<br/>\n                    <b>Confidence: </b> Nominal<br/> \n                    <b>Day/Night: </b> Night<br/>\n                    <b>Scan: </b> 0.41 km<br/>\n                    <b>Track: </b> 0.37 km<br/>\n                    <b>FRP: </b> 1.49 MW<br/>\n                    <b>Brightness: </b> 309.47 K" }, "geometry": { "type": "Point", "coordinates": [ 112.81746, 61.34943 ] } },
{ "type": "Feature", "properties": { "sensor": "SUOMI-NPP", "description": "<b>Latitude: </b> 61.34901<br/> \n                    <b>Longitude: </b> 112.80046<br/> \n                    <b>Detection Time: </b> 2026-09-30 19:25 UTC<br/> \n                    <b>Sensor: </b> Suomi-NPP VIIRS<br/>\n                    <b>Confidence: </b> Nominal<br/> \n                    <b>Day/Night: </b> Night<br/>\n                    <b>Scan: </b> 0.4 km<br/>\n                    <b>Track: </b> 0.37 km<br/>\n                    <b>FRP: </b> 2.07 MW<br/>\n                    <b>Brightness: </b> 330.58 K" }, "geometry": { "type": "Point", "coordinates": [ 112.80046, 61.34901 ] } },
{ "type": "Feature", "properties": { "sensor": "SUOMI-NPP", "description": "<b>Latitude: </b> 61.34762<br/> \n                    <b>Longitude: </b> 112.80764<br/> \n                    <b>Detection Time: </b> 2026-09-30 19:25 UTC<br/> \n                    <b>Sensor: </b> Suomi-NPP VIIRS<br/>\n                    <b>Confidence: </b> Nominal<br/> \n                    <b>Day/Night: </b> Night<br/>\n                    <b>Scan: </b> 0.4 km<br/>\n                    <b>Track: </b> 0.37 km<br/>\n                    <b>FRP: </b> 4.81 MW<br/>\n                    <b>Brightness: </b> 356.69 K" }, "geometry": { "type": "Point", "coordinates": [ 112.80764, 61.34762 ] } },
{ "type": "Feature", "properties": { "sensor": "SUOMI-NPP", "description": "<b>Latitude: </b> 61.34623<br/> \n                    <b>Longitude: </b> 112.8148<br/> \n                    <b>Detection Time: </b> 2026-09-30 19:25 UTC<br/> \n                    <b>Sensor: </b> Suomi-NPP VIIRS<br/>\n                    <b>Confidence: </b> Nominal<br/> \n                    <b>Day/Night: </b> Night<br/>\n                    <b>Scan: </b> 0.41 km<br/>\n                    <b>Track: </b> 0.37 km<br/>\n                    <b>FRP: </b> 4.81 MW<br/>\n                    <b>Brightness: </b> 324.68 K" }, "geometry": { "type": "Point", "coordinates": [ 112.8148, 61.34623 ] } },
{ "type": "Feature", "properties": { "sensor": "SUOMI-NPP", "description": "<b>Latitude: </b> 61.35038<br/> \n                    <b>Longitude: </b> 112.7933<br/> \n                    <b>Detection Time: </b> 2026-09-30 19:25 UTC<br/> \n                    <b>Sensor: </b> Suomi-NPP VIIRS<br/>\n                    <b>Confidence: </b> Nominal<br/> \n                    <b>Day/Night: </b> Night<br/>\n                    <b>Scan: </b> 0.4 km<br/>\n                    <b>Track: </b> 0.37 km<br/>\n                    <b>FRP: </b> 2.07 MW<br/>\n                    <b>Brightness: </b> 297.33 K" }, "geometry": { "type": "Point", "coordinates": [ 112.7933, 61.35038 ] } },
{ "type": "Feature", "properties": { "sensor": "SUOMI-NPP", "description": "<b>Latitude: </b> 61.34442<br/> \n                    <b>Longitude: </b> 112.80497<br/> \n                    <b>Detection Time: </b> 2026-09-30 19:25 UTC<br/> \n                    <b>Sensor: </b> Suomi-NPP VIIRS<br/>\n                    <b>Confidence: </b> Nominal<br/> \n                    <b>Day/Night: </b> Night<br/>\n                    <b>Scan: </b> 0.4 km<br/>\n                    <b>Track: </b> 0.37 km<br/>\n                    <b>FRP: </b> 4.81 MW<br/>\n                    <b>Brightness: </b> 351.02 K" }, "geometry": { "type": "Point", "coordinates": [ 112.80497, 61.34442 ] } },
{ "type": "Feature", "properties": { "sensor": "SUOMI-NPP", "description": "<b>Latitude: </b> 61.34304<br/> \n                    <b>Longitude: </b> 112.81213<br/> \n                    <b>Detection Time: </b> 2026-09-30 19:25 UTC<br/> \n                    <b>Sensor: </b> Suomi-NPP VIIRS<br/>\n                    <b>Confidence: </b> Nominal<br/> \n                    <b>Day/Night: </b> Night<br/>\n                    <b>Scan: </b> 0.41 km<br/>\n                    <b>Track: </b> 0.37 km<br/>\n                    <b>FRP: </b> 4.81 MW<br/>\n                    <b>Brightness: </b> 320.16 K" }, "geometry": { "type": "Point", "coordinates": [ 112.81213, 61.34304 ] } },
{ "type": "Feature", "properties": { "sensor": "SUOMI-NPP", "description": "<b>Latitude: </b> 61.3458<br/> \n                    <b>Longitude: </b> 112.7978<br/> \n                    <b>Detection Time: </b> 2026-09-30 19:25 UTC<br/> \n                    <b>Sensor: </b> Suomi-NPP VIIRS<br/>\n                    <b>Confidence: </b> Nominal<br/> \n                    <b>Day/Night: </b> Night<br/>\n                    <b>Scan: </b> 0.4 km<br/>\n                    <b>Track: </b> 0.37 km<br/>\n                    <b>FRP: </b> 2.07 MW<br/>\n                    <b>Brightness: </b> 315.12 K" }, "geometry": { "type": "Point", "coordinates": [ 112.7978, 61.3458 ] } },
{ "type": "Feature", "properties": { "sensor": "SUOMI-NPP", "description": "<b>Latitude: </b> 61.34461<br/> \n                    <b>Longitude: </b> 112.80527<br/> \n                    <b>Detection Time: </b> 2026-09-30 19:25 UTC<br/> \n                    <b>Sensor: </b> Suomi-NPP VIIRS<br/>\n                    <b>Confidence: </b> Nominal<br/> \n                    <b>Day/Night: </b> Night<br/>\n                    <b>Scan: </b> 0.41 km<br/>\n                    <b>Track: </b> 0.37 km<br/>\n                    <b>FRP: </b> 1.89 MW<br/>\n                    <b>Brightness: </b> 350.14 K" }, "geometry": { "type": "Point", "coordinates": [ 112.80527, 61.34461 ] } },
{ "type": "Feature", "properties": { "sensor": "SUOMI-NPP", "description": "<b>Latitude: </b> 61.34599<br/> \n                    <b>Longitude: </b> 112.7981<br/> \n                    <b>Detection Time: </b> 2026-09-30 19:25 UTC<br/> \n                    <b>Sensor: </b> Suomi-NPP VIIRS<br/>\n                    <b>Confidence: </b> Nominal<br/> \n                    <b>Day/Night: </b> Night<br/>\n                    <b>Scan: </b> 0.4 km<br/>\n                    <b>Track: </b> 0.37 km<br/>\n                    <b>FRP: </b> 1.89 MW<br/>\n                    <b>Brightness: </b> 313.58 K" }, "geometry": { "type": "Point", "coordinates": [ 112.7981, 61.34599 ] } },
{ "type": "Feature", "properties": { "sensor": "SUOMI-NPP", "description": "<b>Latitude: </b> 61.34324<br/> \n                    <b>Longitude: </b> 112.81244<br/> \n                    <b>Detection Time: </b> 2026-09-30 19:25 UTC<br/> \n                    <b>Sensor: </b> Suomi-NPP VIIRS<br/>\n                    <b>Confidence: </b> Nominal<br/> \n                    <b>Day/Night: </b> Night<br/>\n                    <b>Scan: </b> 0.41 km<br/>\n                    <b>Track: </b> 0.37 km<br/>\n                    <b>FRP: </b> 1.37 MW<br/>\n                    <b>Brightness: </b> 318.01 K" }, "geometry": { "type": "Point", "coordinates": [ 112.81244, 61.34324 ] } },
{ "type": "Feature", "properties": { "sensor": "SUOMI-NPP", "description": "<b>Latitude: </b> 61.34278<br/> \n                    <b>Longitude: </b> 112.79543<br/> \n                    <b>Detection Time: </b> 2026-09-30 19:25 UTC<br/> \n                    <b>Sensor: </b> Suomi-NPP VIIRS<br/>\n                    <b>Confidence: </b> Nominal<br/> \n                    <b>Day/Night: </b> Night<br/>\n                    <b>Scan: </b> 0.4 km<br/>\n                    <b>Track: </b> 0.37 km<br/>\n                    <b>FRP: </b> 1.89 MW<br/>\n                    <b>Brightness: </b> 297.02 K" }, "geometry": { "type": "Point", "coordinates": [ 112.79543, 61.34278 ] } },
{ "type": "Feature", "properties": { "sensor": "SUOMI-NPP", "description": "<b>Latitude: </b> 61.34142<br/> \n                    <b>Longitude: </b> 112.8026<br/> \n                    <b>Detection Time: </b> 2026-09-30 19:25 UTC<br/> \n                    <b>Sensor: </b> Suomi-NPP VIIRS<br/>\n                    <b>Confidence: </b> Nominal<br/> \n                    <b>Day/Night: </b> Night<br/>\n                    <b>Scan: </b> 0.41 km<br/>\n                    <b>Track: </b> 0.37 km<br/>\n                    <b>FRP: </b> 1.89 MW<br/>\n                    <b>Brightness: </b> 308.42 K" }, "geometry": { "type": "Point", "coordinates": [ 112.8026, 61.34142 ] } },
{ "type": "Feature", "properties": { "sensor": "SUOMI-NPP", "description": "<b>Latitude: </b> 61.34004<br/> \n                    <b>Longitude: </b> 112.80978<br/> \n                    <b>Detection Time: </b> 2026-09-30 19:25 UTC<br/> \n                    <b>Sensor: </b> Suomi-NPP VIIRS<br/>\n                    <b>Confidence: </b> Nominal<br/> \n                    <b>Day/Night: </b> Night<br/>\n                    <b>Scan: </b> 0.41 km<br/>\n                    <b>Track: </b> 0.37 km<br/>\n                    <b>FRP: </b> 1.37 MW<br/>\n                    <b>Brightness: </b> 299.87 K" }, "geometry": { "type": "Point", "coordinates": [ 112.80978, 61.34004 ] } },
{ "type": "Feature", "properties": { "sensor": "SUOMI-NPP", "description": "<b>Latitude: </b> 60.78064<br/> \n                    <b>Longitude: </b> 97.0695<br/> \n                    <b>Detection Time: </b> 2026-09-30 19:25 UTC<br/> \n                    <b>Sensor: </b> Suomi-NPP VIIRS<br/>\n                    <b>Confidence: </b> Nominal<br/> \n                    <b>Day/Night: </b> Night<br/>\n                    <b>Scan: </b> 0.43 km<br/>\n                    <b>Track: </b> 0.46 km<br/>\n                    <b>FRP: </b> 2.25 MW<br/>\n                    <b>Brightness: </b> 304.13 K" }, "geometry": { "type": "Point", "coordinates": [ 97.0695, 60.78064 ] } },
{ "type": "Feature", "properties": { "sensor": "SUOMI-NPP", "description": "<b>Latitude: </b> 60.44464<br/> \n                    <b>Longitude: </b> 97.54203<br/> \n                    <b>Detection Time: </b> 2026-09-30 19:25 UTC<br/> \n                    <b>Sensor: </b> Suomi-NPP VIIRS<br/>\n                    <b>Confidence: </b> Nominal<br/> \n                    <b>Day/Night: </b> Night<br/>\n                    <b>Scan: </b> 0.41 km<br/>\n                    <b>Track: </b> 0.45 km<br/>\n                    <b>FRP: </b> 0.88 MW<br/>\n                    <b>Brightness: </b> 296.07 K" }, "geometry": { "type": "Point", "coordinates": [ 97.54203, 60.44464 ] } },
{ "type": "Feature", "properties": { "sensor": "SUOMI-NPP", "description": "<b>Latitude: </b> 60.44407<br/> \n                    <b>Longitude: </b> 97.54958<br/> \n                    <b>Detection Time: </b> 2026-09-30 19:25 UTC<br/> \n                    <b>Sensor: </b> Suomi-NPP VIIRS<br/>\n                    <b>Confidence: </b> Nominal<br/> \n                    <b>Day/Night: </b> Night<br/>\n                    <b>Scan: </b> 0.41 km<br/>\n                    <b>Track: </b> 0.45 km<br/>\n                    <b>FRP: </b> 0.88 MW<br/>\n                    <b>Brightness: </b> 312.24 K" }, "geometry": { "type": "Point", "coordinates": [ 97.54958, 60.44407 ] } },
{ "type": "Feature", "properties": { "sensor": "SUOMI-NPP", "description": "<b>Latitude: </b> 60.43994<br/> \n                    <b>Longitude: </b> 97.54829<br/> \n                    <b>Detection Time: </b> 2026-09-30 19:25 UTC<br/> \n                    <b>Sensor: </b> Suomi-NPP VIIRS<br/>\n                    <b>Confidence: </b> Nominal<br/> \n                    <b>Day/Night: </b> Night<br/>\n                    <b>Scan: </b> 0.41 km<br/>\n                    <b>Track: </b> 0.45 km<br/>\n                    <b>FRP: </b> 0.88 MW<br/>\n                    <b>Brightness: </b> 296.14 K" }, "geometry": { "type": "Point", "coordinates": [ 97.54829, 60.43994 ] } },
{ "type": "Feature", "properties": { "sensor": "SUOMI-NPP", "description": "<b>Latitude: </b> 61.46177<br/> \n                    <b>Longitude: </b> 113.00149<br/> \n                    <b>Detection Time: </b> 2026-09-30 19:25 UTC<br/> \n                    <b>Sensor: </b> Suomi-NPP VIIRS<br/>\n                    <b>Confidence: </b> Nominal<br/> \n                    <b>Day/Night: </b> Night<br/>\n                    <b>Scan: </b> 0.41 km<br/>\n                    <b>Track: </b> 0.37 km<br/>\n                    <b>FRP: </b> 1.26 MW<br/>\n                    <b>Brightness: </b> 305.42 K" }, "geometry": { "type": "Point", "coordinates": [ 113.00149, 61.46177 ] } },
{ "type": "Feature", "properties": { "sensor": "SUOMI-NPP", "description": "<b>Latitude: </b> 61.46037<br/> \n                    <b>Longitude: </b> 113.00868<br/> \n                    <b>Detection Time: </b> 2026-09-30 19:25 UTC<br/> \n                    <b>Sensor: </b> Suomi-NPP VIIRS<br/>\n                    <b>Confidence: </b> Nominal<br/> \n                    <b>Day/Night: </b> Night<br/>\n                    <b>Scan: </b> 0.41 km<br/>\n                    <b>Track: </b> 0.37 km<br/>\n                    <b>FRP: </b> 1.02 MW<br/>\n                    <b>Brightness: </b> 305.63 K" }, "geometry": { "type": "Point", "coordinates": [ 113.00868, 61.46037 ] } },
{ "type": "Feature", "properties": { "sensor": "SUOMI-NPP", "description": "<b>Latitude: </b> 61.40466<br/> \n                    <b>Longitude: </b> 112.89703<br/> \n                    <b>Detection Time: </b> 2026-09-30 19:25 UTC<br/> \n                    <b>Sensor: </b> Suomi-NPP VIIRS<br/>\n                    <b>Confidence: </b> Nominal<br/> \n                    <b>Day/Night: </b> Night<br/>\n                    <b>Scan: </b> 0.41 km<br/>\n                    <b>Track: </b> 0.37 km<br/>\n                    <b>FRP: </b> 1.07 MW<br/>\n                    <b>Brightness: </b> 300.08 K" }, "geometry": { "type": "Point", "coordinates": [ 112.89703, 61.40466 ] } },
{ "type": "Feature", "properties": { "sensor": "SUOMI-NPP", "description": "<b>Latitude: </b> 62.44613<br/> \n                    <b>Longitude: </b> 113.66171<br/> \n                    <b>Detection Time: </b> 2026-09-30 19:25 UTC<br/> \n                    <b>Sensor: </b> Suomi-NPP VIIRS<br/>\n                    <b>Confidence: </b> Nominal<br/> \n                    <b>Day/Night: </b> Night<br/>\n                    <b>Scan: </b> 0.4 km<br/>\n                    <b>Track: </b> 0.37 km<br/>\n                    <b>FRP: </b> 0.99 MW<br/>\n                    <b>Brightness: </b> 314.72 K" }, "geometry": { "type": "Point", "coordinates": [ 113.66171, 62.44613 ] } },
{ "type": "Feature", "properties": { "sensor": "SUOMI-NPP", "description": "<b>Latitude: </b> 61.54224<br/> \n                    <b>Longitude: </b> 113.16042<br/> \n                    <b>Detection Time: </b> 2026-09-30 19:25 UTC<br/> \n                    <b>Sensor: </b> Suomi-NPP VIIRS<br/>\n                    <b>Confidence: </b> Nominal<br/> \n                    <b>Day/Night: </b> Night<br/>\n                    <b>Scan: </b> 0.41 km<br/>\n                    <b>Track: </b> 0.37 km<br/>\n                    <b>FRP: </b> 1.55 MW<br/>\n                    <b>Brightness: </b> 306.59 K" }, "geometry": { "type": "Point", "coordinates": [ 113.16042, 61.54224 ] } },
{ "type": "Feature", "properties": { "sensor": "SUOMI-NPP", "description": "<b>Latitude: </b> 62.35162<br/> \n                    <b>Longitude: </b> 113.69128<br/> \n                    <b>Detection Time: </b> 2026-09-30 19:25 UTC<br/> \n                    <b>Sensor: </b> Suomi-NPP VIIRS<br/>\n                    <b>Confidence: </b> Nominal<br/> \n                    <b>Day/Night: </b> Night<br/>\n                    <b>Scan: </b> 0.4 km<br/>\n                    <b>Track: </b> 0.37 km<br/>\n                    <b>FRP: </b> 1.84 MW<br/>\n                    <b>Brightness: </b> 308.62 K" }, "geometry": { "type": "Point", "coordinates": [ 113.69128, 62.35162 ] } },
{ "type": "Feature", "properties": { "sensor": "SUOMI-NPP", "description": "<b>Latitude: </b> 62.35339<br/> \n                    <b>Longitude: </b> 113.70145<br/> \n                    <b>Detection Time: </b> 2026-09-30 19:25 UTC<br/> \n                    <b>Sensor: </b> Suomi-NPP VIIRS<br/>\n                    <b>Confidence: </b> Nominal<br/> \n                    <b>Day/Night: </b> Night<br/>\n                    <b>Scan: </b> 0.4 km<br/>\n                    <b>Track: </b> 0.37 km<br/>\n                    <b>FRP: </b> 1.84 MW<br/>\n                    <b>Brightness: </b> 308.98 K" }, "geometry": { "type": "Point", "coordinates": [ 113.70145, 62.35339 ] } },
{ "type": "Feature", "properties": { "sensor": "SUOMI-NPP", "description": "<b>Latitude: </b> 62.3548<br/> \n                    <b>Longitude: </b> 113.69411<br/> \n                    <b>Detection Time: </b> 2026-09-30 19:25 UTC<br/> \n                    <b>Sensor: </b> Suomi-NPP VIIRS<br/>\n                    <b>Confidence: </b> Nominal<br/> \n                    <b>Day/Night: </b> Night<br/>\n                    <b>Scan: </b> 0.4 km<br/>\n                    <b>Track: </b> 0.37 km<br/>\n                    <b>FRP: </b> 1.84 MW<br/>\n                    <b>Brightness: </b> 341.78 K" }, "geometry": { "type": "Point", "coordinates": [ 113.69411, 62.3548 ] } },
{ "type": "Feature", "properties": { "sensor": "SUOMI-NPP", "description": "<b>Latitude: </b> 62.35799<br/> \n                    <b>Longitude: </b> 113.69693<br/> \n                    <b>Detection Time: </b> 2026-09-30 19:25 UTC<br/> \n                    <b>Sensor: </b> Suomi-NPP VIIRS<br/>\n                    <b>Confidence: </b> Nominal<br/> \n                    <b>Day/Night: </b> Night<br/>\n                    <b>Scan: </b> 0.4 km<br/>\n                    <b>Track: </b> 0.37 km<br/>\n                    <b>FRP: </b> 0.72 MW<br/>\n                    <b>Brightness: </b> 296.73 K" }, "geometry": { "type": "Point", "coordinates": [ 113.69693, 62.35799 ] } },
{ "type": "Feature", "properties": { "sensor": "SUOMI-NPP", "description": "<b>Latitude: </b> 62.40423<br/> \n                    <b>Longitude: </b> 113.592<br/> \n                    <b>Detection Time: </b> 2026-09-30 19:25 UTC<br/> \n                    <b>Sensor: </b> Suomi-NPP VIIRS<br/>\n                    <b>Confidence: </b> Nominal<br/> \n                    <b>Day/Night: </b> Night<br/>\n                    <b>Scan: </b> 0.4 km<br/>\n                    <b>Track: </b> 0.37 km<br/>\n                    <b>FRP: </b> 1.81 MW<br/>\n                    <b>Brightness: </b> 314.97 K" }, "geometry": { "type": "Point", "coordinates": [ 113.592, 62.40423 ] } },
{ "type": "Feature", "properties": { "sensor": "SUOMI-NPP", "description": "<b>Latitude: </b> 62.44305<br/> \n                    <b>Longitude: </b> 113.66114<br/> \n                    <b>Detection Time: </b> 2026-09-30 19:25 UTC<br/> \n                    <b>Sensor: </b> Suomi-NPP VIIRS<br/>\n                    <b>Confidence: </b> Nominal<br/> \n                    <b>Day/Night: </b> Night<br/>\n                    <b>Scan: </b> 0.4 km<br/>\n                    <b>Track: </b> 0.37 km<br/>\n                    <b>FRP: </b> 1.34 MW<br/>\n                    <b>Brightness: </b> 306.64 K" }, "geometry": { "type": "Point", "coordinates": [ 113.66114, 62.44305 ] } },
{ "type": "Feature", "properties": { "sensor": "SUOMI-NPP", "description": "<b>Latitude: </b> 62.44294<br/> \n                    <b>Longitude: </b> 113.6589<br/> \n                    <b>Detection Time: </b> 2026-09-30 19:25 UTC<br/> \n                    <b>Sensor: </b> Suomi-NPP VIIRS<br/>\n                    <b>Confidence: </b> Nominal<br/> \n                    <b>Day/Night: </b> Night<br/>\n                    <b>Scan: </b> 0.4 km<br/>\n                    <b>Track: </b> 0.37 km<br/>\n                    <b>FRP: </b> 0.99 MW<br/>\n                    <b>Brightness: </b> 300.69 K" }, "geometry": { "type": "Point", "coordinates": [ 113.6589, 62.44294 ] } },
{ "type": "Feature", "properties": { "sensor": "SUOMI-NPP", "description": "<b>Latitude: </b> 61.54084<br/> \n                    <b>Longitude: </b> 113.16765<br/> \n                    <b>Detection Time: </b> 2026-09-30 19:25 UTC<br/> \n                    <b>Sensor: </b> Suomi-NPP VIIRS<br/>\n                    <b>Confidence: </b> Nominal<br/> \n                    <b>Day/Night: </b> Night<br/>\n                    <b>Scan: </b> 0.41 km<br/>\n                    <b>Track: </b> 0.37 km<br/>\n                    <b>FRP: </b> 1.56 MW<br/>\n                    <b>Brightness: </b> 313.36 K" }, "geometry": { "type": "Point", "coordinates": [ 113.16765, 61.54084 ] } },
{ "type": "Feature", "properties": { "sensor": "SUOMI-NPP", "description": "<b>Latitude: </b> 62.75861<br/> \n                    <b>Longitude: </b> 126.9813<br/> \n                    <b>Detection Time: </b> 2026-09-30 19:23 UTC<br/> \n                    <b>Sensor: </b> Suomi-NPP VIIRS<br/>\n                    <b>Confidence: </b> Nominal<br/> \n                    <b>Day/Night: </b> Night<br/>\n                    <b>Scan: </b> 0.51 km<br/>\n                    <b>Track: </b> 0.49 km<br/>\n                    <b>FRP: </b> 1.13 MW<br/>\n                    <b>Brightness: </b> 301.39 K" }, "geometry": { "type": "Point", "coordinates": [ 126.9813, 62.75861 ] } },
{ "type": "Feature", "properties": { "sensor": "SUOMI-NPP", "description": "<b>Latitude: </b> 62.75767<br/> \n                    <b>Longitude: </b> 126.98671<br/> \n                    <b>Detection Time: </b> 2026-09-30 19:23 UTC<br/> \n                    <b>Sensor: </b> Suomi-NPP VIIRS<br/>\n                    <b>Confidence: </b> Nominal<br/> \n                    <b>Day/Night: </b> Night<br/>\n                    <b>Scan: </b> 0.51 km<br/>\n                    <b>Track: </b> 0.49 km<br/>\n                    <b>FRP: </b> 1.71 MW<br/>\n                    <b>Brightness: </b> 302.9 K" }, "geometry": { "type": "Point", "coordinates": [ 126.98671, 62.75767 ] } },
{ "type": "Feature", "properties": { "sensor": "SUOMI-NPP", "description": "<b>Latitude: </b> 44.53439<br/> \n                    <b>Longitude: </b> 132.757<br/> \n                    <b>Detection Time: </b> 2026-09-30 17:49 UTC<br/> \n                    <b>Sensor: </b> Suomi-NPP VIIRS<br/>\n                    <b>Confidence: </b> Nominal<br/> \n                    <b>Day/Night: </b> Night<br/>\n                    <b>Scan: </b> 0.39 km<br/>\n                    <b>Track: </b> 0.44 km<br/>\n                    <b>FRP: </b> 1.1 MW<br/>\n                    <b>Brightness: </b> 297.1 K" }, "geometry": { "type": "Point", "coordinates": [ 132.757, 44.53439 ] } },
{ "type": "Feature", "properties": { "sensor": "SUOMI-NPP", "description": "<b>Latitude: </b> 58.09704<br/> \n                    <b>Longitude: </b> 106.55997<br/> \n                    <b>Detection Time: </b> 2026-09-30 17:45 UTC<br/> \n                    <b>Sensor: </b> Suomi-NPP VIIRS<br/>\n                    <b>Confidence: </b> Nominal<br/> \n                    <b>Day/Night: </b> Night<br/>\n                    <b>Scan: </b> 0.74 km<br/>\n                    <b>Track: </b> 0.76 km<br/>\n                    <b>FRP: </b> 3.68 MW<br/>\n                    <b>Brightness: </b> 331.18 K" }, "geometry": { "type": "Point", "coordinates": [ 106.55997, 58.09704 ] } },
{ "type": "Feature", "properties": { "sensor": "SUOMI-NPP", "description": "<b>Latitude: </b> 51.39619<br/> \n                    <b>Longitude: </b> 143.25058<br/> \n                    <b>Detection Time: </b> 2026-09-30 17:45 UTC<br/> \n                    <b>Sensor: </b> Suomi-NPP VIIRS<br/>\n                    <b>Confidence: </b> Nominal<br/> \n                    <b>Day/Night: </b> Night<br/>\n                    <b>Scan: </b> 0.34 km<br/>\n                    <b>Track: </b> 0.56 km<br/>\n                    <b>FRP: </b> 0.39 MW<br/>\n                    <b>Brightness: </b> 295.46 K" }, "geometry": { "type": "Point", "coordinates": [ 143.25058, 51.39619 ] } },
{ "type": "Feature", "properties": { "sensor": "SUOMI-NPP", "description": "<b>Latitude: </b> 58.09576<br/> \n                    <b>Longitude: </b> 106.54572<br/> \n                    <b>Detection Time: </b> 2026-09-30 17:45 UTC<br/> \n                    <b>Sensor: </b> Suomi-NPP VIIRS<br/>\n                    <b>Confidence: </b> Nominal<br/> \n                    <b>Day/Night: </b> Night<br/>\n                    <b>Scan: </b> 0.74 km<br/>\n                    <b>Track: </b> 0.76 km<br/>\n                    <b>FRP: </b> 9.14 MW<br/>\n                    <b>Brightness: </b> 296.94 K" }, "geometry": { "type": "Point", "coordinates": [ 106.54572, 58.09576 ] } },
{ "type": "Feature", "properties": { "sensor": "SUOMI-NPP", "description": "<b>Latitude: </b> 58.09632<br/> \n                    <b>Longitude: </b> 106.55869<br/> \n                    <b>Detection Time: </b> 2026-09-30 17:45 UTC<br/> \n                    <b>Sensor: </b> Suomi-NPP VIIRS<br/>\n                    <b>Confidence: </b> Nominal<br/> \n                    <b>Day/Night: </b> Night<br/>\n                    <b>Scan: </b> 0.74 km<br/>\n                    <b>Track: </b> 0.76 km<br/>\n                    <b>FRP: </b> 8.88 MW<br/>\n                    <b>Brightness: </b> 350.25 K" }, "geometry": { "type": "Point", "coordinates": [ 106.55869, 58.09632 ] } },
{ "type": "Feature", "properties": { "sensor": "SUOMI-NPP", "description": "<b>Latitude: </b> 58.08984<br/> \n                    <b>Longitude: </b> 106.56075<br/> \n                    <b>Detection Time: </b> 2026-09-30 17:45 UTC<br/> \n                    <b>Sensor: </b> Suomi-NPP VIIRS<br/>\n                    <b>Confidence: </b> Nominal<br/> \n                    <b>Day/Night: </b> Night<br/>\n                    <b>Scan: </b> 0.74 km<br/>\n                    <b>Track: </b> 0.76 km<br/>\n                    <b>FRP: </b> 3.68 MW<br/>\n                    <b>Brightness: </b> 309.77 K" }, "geometry": { "type": "Point", "coordinates": [ 106.56075, 58.08984 ] } },
{ "type": "Feature", "properties": { "sensor": "SUOMI-NPP", "description": "<b>Latitude: </b> 58.09644<br/> \n                    <b>Longitude: </b> 106.54707<br/> \n                    <b>Detection Time: </b> 2026-09-30 17:45 UTC<br/> \n                    <b>Sensor: </b> Suomi-NPP VIIRS<br/>\n                    <b>Confidence: </b> Nominal<br/> \n                    <b>Day/Night: </b> Night<br/>\n                    <b>Scan: </b> 0.74 km<br/>\n                    <b>Track: </b> 0.76 km<br/>\n                    <b>FRP: </b> 9.82 MW<br/>\n                    <b>Brightness: </b> 310.87 K" }, "geometry": { "type": "Point", "coordinates": [ 106.54707, 58.09644 ] } },
{ "type": "Feature", "properties": { "sensor": "SUOMI-NPP", "description": "<b>Latitude: </b> 58.29432<br/> \n                    <b>Longitude: </b> 106.91476<br/> \n                    <b>Detection Time: </b> 2026-09-30 17:45 UTC<br/> \n                    <b>Sensor: </b> Suomi-NPP VIIRS<br/>\n                    <b>Confidence: </b> Nominal<br/> \n                    <b>Day/Night: </b> Night<br/>\n                    <b>Scan: </b> 0.72 km<br/>\n                    <b>Track: </b> 0.75 km<br/>\n                    <b>FRP: </b> 2.5 MW<br/>\n                    <b>Brightness: </b> 308.39 K" }, "geometry": { "type": "Point", "coordinates": [ 106.91476, 58.29432 ] } },
{ "type": "Feature", "properties": { "sensor": "SUOMI-NPP", "description": "<b>Latitude: </b> 58.28914<br/> \n                    <b>Longitude: </b> 106.91711<br/> \n                    <b>Detection Time: </b> 2026-09-30 17:45 UTC<br/> \n                    <b>Sensor: </b> Suomi-NPP VIIRS<br/>\n                    <b>Confidence: </b> Nominal<br/> \n                    <b>Day/Night: </b> Night<br/>\n                    <b>Scan: </b> 0.72 km<br/>\n                    <b>Track: </b> 0.75 km<br/>\n                    <b>FRP: </b> 1.86 MW<br/>\n                    <b>Brightness: </b> 302.6 K" }, "geometry": { "type": "Point", "coordinates": [ 106.91711, 58.28914 ] } },
{ "type": "Feature", "properties": { "sensor": "SUOMI-NPP", "description": "<b>Latitude: </b> 58.29626<br/> \n                    <b>Longitude: </b> 106.91632<br/> \n                    <b>Detection Time: </b> 2026-09-30 17:45 UTC<br/> \n                    <b>Sensor: </b> Suomi-NPP VIIRS<br/>\n                    <b>Confidence: </b> Nominal<br/> \n                    <b>Day/Night: </b> Night<br/>\n                    <b>Scan: </b> 0.72 km<br/>\n                    <b>Track: </b> 0.75 km<br/>\n                    <b>FRP: </b> 1.41 MW<br/>\n                    <b>Brightness: </b> 303.26 K" }, "geometry": { "type": "Point", "coordinates": [ 106.91632, 58.29626 ] } },
{ "type": "Feature", "properties": { "sensor": "SUOMI-NPP", "description": "<b>Latitude: </b> 58.42193<br/> \n                    <b>Longitude: </b> 107.57466<br/> \n                    <b>Detection Time: </b> 2026-09-30 17:45 UTC<br/> \n                    <b>Sensor: </b> Suomi-NPP VIIRS<br/>\n                    <b>Confidence: </b> Nominal<br/> \n                    <b>Day/Night: </b> Night<br/>\n                    <b>Scan: </b> 0.68 km<br/>\n                    <b>Track: </b> 0.74 km<br/>\n                    <b>FRP: </b> 9.05 MW<br/>\n                    <b>Brightness: </b> 345.41 K" }, "geometry": { "type": "Point", "coordinates": [ 107.57466, 58.42193 ] } },
{ "type": "Feature", "properties": { "sensor": "SUOMI-NPP", "description": "<b>Latitude: </b> 58.45057<br/> \n                    <b>Longitude: </b> 107.59379<br/> \n                    <b>Detection Time: </b> 2026-09-30 17:45 UTC<br/> \n                    <b>Sensor: </b> Suomi-NPP VIIRS<br/>\n                    <b>Confidence: </b> Nominal<br/> \n                    <b>Day/Night: </b> Night<br/>\n                    <b>Scan: </b> 0.68 km<br/>\n                    <b>Track: </b> 0.74 km<br/>\n                    <b>FRP: </b> 0.79 MW<br/>\n                    <b>Brightness: </b> 298.06 K" }, "geometry": { "type": "Point", "coordinates": [ 107.59379, 58.45057 ] } },
{ "type": "Feature", "properties": { "sensor": "SUOMI-NPP", "description": "<b>Latitude: </b> 58.42154<br/> \n                    <b>Longitude: </b> 107.44495<br/> \n                    <b>Detection Time: </b> 2026-09-30 17:45 UTC<br/> \n                    <b>Sensor: </b> Suomi-NPP VIIRS<br/>\n                    <b>Confidence: </b> Nominal<br/> \n                    <b>Day/Night: </b> Night<br/>\n                    <b>Scan: </b> 0.69 km<br/>\n                    <b>Track: </b> 0.74 km<br/>\n                    <b>FRP: </b> 1.05 MW<br/>\n                    <b>Brightness: </b> 295.66 K" }, "geometry": { "type": "Point", "coordinates": [ 107.44495, 58.42154 ] } },
{ "type": "Feature", "properties": { "sensor": "SUOMI-NPP", "description": "<b>Latitude: </b> 58.42665<br/> \n                    <b>Longitude: </b> 107.57216<br/> \n                    <b>Detection Time: </b> 2026-09-30 17:45 UTC<br/> \n                    <b>Sensor: </b> Suomi-NPP VIIRS<br/>\n                    <b>Confidence: </b> Nominal<br/> \n                    <b>Day/Night: </b> Night<br/>\n                    <b>Scan: </b> 0.68 km<br/>\n                    <b>Track: </b> 0.74 km<br/>\n                    <b>FRP: </b> 3.69 MW<br/>\n                    <b>Brightness: </b> 324.71 K" }, "geometry": { "type": "Point", "coordinates": [ 107.57216, 58.42665 ] } },
{ "type": "Feature", "properties": { "sensor": "SUOMI-NPP", "description": "<b>Latitude: </b> 57.63984<br/> \n                    <b>Longitude: </b> 135.66406<br/> \n                    <b>Detection Time: </b> 2026-09-30 17:45 UTC<br/> \n                    <b>Sensor: </b> Suomi-NPP VIIRS<br/>\n                    <b>Confidence: </b> Nominal<br/> \n                    <b>Day/Night: </b> Night<br/>\n                    <b>Scan: </b> 0.41 km<br/>\n                    <b>Track: </b> 0.37 km<br/>\n                    <b>FRP: </b> 2.18 MW<br/>\n                    <b>Brightness: </b> 315.12 K" }, "geometry": { "type": "Point", "coordinates": [ 135.66406, 57.63984 ] } },
{ "type": "Feature", "properties": { "sensor": "SUOMI-NPP", "description": "<b>Latitude: </b> 57.63869<br/> \n                    <b>Longitude: </b> 135.70854<br/> \n                    <b>Detection Time: </b> 2026-09-30 17:45 UTC<br/> \n                    <b>Sensor: </b> Suomi-NPP VIIRS<br/>\n                    <b>Confidence: </b> Nominal<br/> \n                    <b>Day/Night: </b> Night<br/>\n                    <b>Scan: </b> 0.41 km<br/>\n                    <b>Track: </b> 0.37 km<br/>\n                    <b>FRP: </b> 0.83 MW<br/>\n                    <b>Brightness: </b> 296.14 K" }, "geometry": { "type": "Point", "coordinates": [ 135.70854, 57.63869 ] } },
{ "type": "Feature", "properties": { "sensor": "SUOMI-NPP", "description": "<b>Latitude: </b> 57.64199<br/> \n                    <b>Longitude: </b> 135.71046<br/> \n                    <b>Detection Time: </b> 2026-09-30 17:45 UTC<br/> \n                    <b>Sensor: </b> Suomi-NPP VIIRS<br/>\n                    <b>Confidence: </b> Nominal<br/> \n                    <b>Day/Night: </b> Night<br/>\n                    <b>Scan: </b> 0.41 km<br/>\n                    <b>Track: </b> 0.37 km<br/>\n                    <b>FRP: </b> 1.1 MW<br/>\n                    <b>Brightness: </b> 306.69 K" }, "geometry": { "type": "Point", "coordinates": [ 135.71046, 57.64199 ] } },
{ "type": "Feature", "properties": { "sensor": "SUOMI-NPP", "description": "<b>Latitude: </b> 57.59112<br/> \n                    <b>Longitude: </b> 139.27553<br/> \n                    <b>Detection Time: </b> 2026-09-30 17:45 UTC<br/> \n                    <b>Sensor: </b> Suomi-NPP VIIRS<br/>\n                    <b>Confidence: </b> Nominal<br/> \n                    <b>Day/Night: </b> Night<br/>\n                    <b>Scan: </b> 0.49 km<br/>\n                    <b>Track: </b> 0.41 km<br/>\n                    <b>FRP: </b> 2.08 MW<br/>\n                    <b>Brightness: </b> 307.63 K" }, "geometry": { "type": "Point", "coordinates": [ 139.27553, 57.59112 ] } },
{ "type": "Feature", "properties": { "sensor": "SUOMI-NPP", "description": "<b>Latitude: </b> 57.58843<br/> \n                    <b>Longitude: </b> 139.27333<br/> \n                    <b>Detection Time: </b> 2026-09-30 17:45 UTC<br/> \n                    <b>Sensor: </b> Suomi-NPP VIIRS<br/>\n                    <b>Confidence: </b> Nominal<br/> \n                    <b>Day/Night: </b> Night<br/>\n                    <b>Scan: </b> 0.49 km<br/>\n                    <b>Track: </b> 0.41 km<br/>\n                    <b>FRP: </b> 1.02 MW<br/>\n                    <b>Brightness: </b> 301.44 K" }, "geometry": { "type": "Point", "coordinates": [ 139.27333, 57.58843 ] } },
{ "type": "Feature", "properties": { "sensor": "SUOMI-NPP", "description": "<b>Latitude: </b> 57.59207<br/> \n                    <b>Longitude: </b> 139.27539<br/> \n                    <b>Detection Time: </b> 2026-09-30 17:45 UTC<br/> \n                    <b>Sensor: </b> Suomi-NPP VIIRS<br/>\n                    <b>Confidence: </b> Nominal<br/> \n                    <b>Day/Night: </b> Night<br/>\n                    <b>Scan: </b> 0.49 km<br/>\n                    <b>Track: </b> 0.41 km<br/>\n                    <b>FRP: </b> 1.02 MW<br/>\n                    <b>Brightness: </b> 301.16 K" }, "geometry": { "type": "Point", "coordinates": [ 139.27539, 57.59207 ] } },
{ "type": "Feature", "properties": { "sensor": "SUOMI-NPP", "description": "<b>Latitude: </b> 57.59578<br/> \n                    <b>Longitude: </b> 139.27716<br/> \n                    <b>Detection Time: </b> 2026-09-30 17:45 UTC<br/> \n                    <b>Sensor: </b> Suomi-NPP VIIRS<br/>\n                    <b>Confidence: </b> Nominal<br/> \n                    <b>Day/Night: </b> Night<br/>\n                    <b>Scan: </b> 0.49 km<br/>\n                    <b>Track: </b> 0.41 km<br/>\n                    <b>FRP: </b> 0.94 MW<br/>\n                    <b>Brightness: </b> 295.52 K" }, "geometry": { "type": "Point", "coordinates": [ 139.27716, 57.59578 ] } },
{ "type": "Feature", "properties": { "sensor": "SUOMI-NPP", "description": "<b>Latitude: </b> 63.18561<br/> \n                    <b>Longitude: </b> 125.70716<br/> \n                    <b>Detection Time: </b> 2026-09-30 17:43 UTC<br/> \n                    <b>Sensor: </b> Suomi-NPP VIIRS<br/>\n                    <b>Confidence: </b> Nominal<br/> \n                    <b>Day/Night: </b> Night<br/>\n                    <b>Scan: </b> 0.55 km<br/>\n                    <b>Track: </b> 0.43 km<br/>\n                    <b>FRP: </b> 0.66 MW<br/>\n                    <b>Brightness: </b> 298.72 K" }, "geometry": { "type": "Point", "coordinates": [ 125.70716, 63.18561 ] } },
{ "type": "Feature", "properties": { "sensor": "SUOMI-NPP", "description": "<b>Latitude: </b> 62.34791<br/> \n                    <b>Longitude: </b> 113.76528<br/> \n                    <b>Detection Time: </b> 2026-09-30 17:43 UTC<br/> \n                    <b>Sensor: </b> Suomi-NPP VIIRS<br/>\n                    <b>Confidence: </b> Nominal<br/> \n                    <b>Day/Night: </b> Night<br/>\n                    <b>Scan: </b> 0.42 km<br/>\n                    <b>Track: </b> 0.61 km<br/>\n                    <b>FRP: </b> 1.64 MW<br/>\n                    <b>Brightness: </b> 314.79 K" }, "geometry": { "type": "Point", "coordinates": [ 113.76528, 62.34791 ] } },
{ "type": "Feature", "properties": { "sensor": "SUOMI-NPP", "description": "<b>Latitude: </b> 62.35389<br/> \n                    <b>Longitude: </b> 113.70614<br/> \n                    <b>Detection Time: </b> 2026-09-30 17:43 UTC<br/> \n                    <b>Sensor: </b> Suomi-NPP VIIRS<br/>\n                    <b>Confidence: </b> Nominal<br/> \n                    <b>Day/Night: </b> Night<br/>\n                    <b>Scan: </b> 0.42 km<br/>\n                    <b>Track: </b> 0.61 km<br/>\n                    <b>FRP: </b> 6.93 MW<br/>\n                    <b>Brightness: </b> 298.09 K" }, "geometry": { "type": "Point", "coordinates": [ 113.70614, 62.35389 ] } },
{ "type": "Feature", "properties": { "sensor": "SUOMI-NPP", "description": "<b>Latitude: </b> 62.35392<br/> \n                    <b>Longitude: </b> 113.69769<br/> \n                    <b>Detection Time: </b> 2026-09-30 17:43 UTC<br/> \n                    <b>Sensor: </b> Suomi-NPP VIIRS<br/>\n                    <b>Confidence: </b> Nominal<br/> \n                    <b>Day/Night: </b> Night<br/>\n                    <b>Scan: </b> 0.42 km<br/>\n                    <b>Track: </b> 0.61 km<br/>\n                    <b>FRP: </b> 6.93 MW<br/>\n                    <b>Brightness: </b> 355.54 K" }, "geometry": { "type": "Point", "coordinates": [ 113.69769, 62.35392 ] } },
{ "type": "Feature", "properties": { "sensor": "SUOMI-NPP", "description": "<b>Latitude: </b> 62.35395<br/> \n                    <b>Longitude: </b> 113.68903<br/> \n                    <b>Detection Time: </b> 2026-09-30 17:43 UTC<br/> \n                    <b>Sensor: </b> Suomi-NPP VIIRS<br/>\n                    <b>Confidence: </b> Nominal<br/> \n                    <b>Day/Night: </b> Night<br/>\n                    <b>Scan: </b> 0.42 km<br/>\n                    <b>Track: </b> 0.61 km<br/>\n                    <b>FRP: </b> 11.12 MW<br/>\n                    <b>Brightness: </b> 321.39 K" }, "geometry": { "type": "Point", "coordinates": [ 113.68903, 62.35395 ] } },
{ "type": "Feature", "properties": { "sensor": "SUOMI-NPP", "description": "<b>Latitude: </b> 62.34771<br/> \n                    <b>Longitude: </b> 113.76852<br/> \n                    <b>Detection Time: </b> 2026-09-30 17:43 UTC<br/> \n                    <b>Sensor: </b> Suomi-NPP VIIRS<br/>\n                    <b>Confidence: </b> Nominal<br/> \n                    <b>Day/Night: </b> Night<br/>\n                    <b>Scan: </b> 0.42 km<br/>\n                    <b>Track: </b> 0.61 km<br/>\n                    <b>FRP: </b> 1.5 MW<br/>\n                    <b>Brightness: </b> 311.7 K" }, "geometry": { "type": "Point", "coordinates": [ 113.76852, 62.34771 ] } },
{ "type": "Feature", "properties": { "sensor": "SUOMI-NPP", "description": "<b>Latitude: </b> 62.35349<br/> \n                    <b>Longitude: </b> 113.701<br/> \n                    <b>Detection Time: </b> 2026-09-30 17:43 UTC<br/> \n                    <b>Sensor: </b> Suomi-NPP VIIRS<br/>\n                    <b>Confidence: </b> Nominal<br/> \n                    <b>Day/Night: </b> Night<br/>\n                    <b>Scan: </b> 0.42 km<br/>\n                    <b>Track: </b> 0.61 km<br/>\n                    <b>FRP: </b> 6.42 MW<br/>\n                    <b>Brightness: </b> 328.42 K" }, "geometry": { "type": "Point", "coordinates": [ 113.701, 62.35349 ] } },
{ "type": "Feature", "properties": { "sensor": "SUOMI-NPP", "description": "<b>Latitude: </b> 62.35349<br/> \n                    <b>Longitude: </b> 113.69241<br/> \n                    <b>Detection Time: </b> 2026-09-30 17:43 UTC<br/> \n                    <b>Sensor: </b> Suomi-NPP VIIRS<br/>\n                    <b>Confidence: </b> High<br/> \n                    <b>Day/Night: </b> Night<br/>\n                    <b>Scan: </b> 0.42 km<br/>\n                    <b>Track: </b> 0.61 km<br/>\n                    <b>FRP: </b> 11.65 MW<br/>\n                    <b>Brightness: </b> 367 K" }, "geometry": { "type": "Point", "coordinates": [ 113.69241, 62.35349 ] } },
{ "type": "Feature", "properties": { "sensor": "SUOMI-NPP", "description": "<b>Latitude: </b> 62.39396<br/> \n                    <b>Longitude: </b> 113.49627<br/> \n                    <b>Detection Time: </b> 2026-09-30 17:43 UTC<br/> \n                    <b>Sensor: </b> Suomi-NPP VIIRS<br/>\n                    <b>Confidence: </b> Nominal<br/> \n                    <b>Day/Night: </b> Night<br/>\n                    <b>Scan: </b> 0.43 km<br/>\n                    <b>Track: </b> 0.62 km<br/>\n                    <b>FRP: </b> 2.02 MW<br/>\n                    <b>Brightness: </b> 324.68 K" }, "geometry": { "type": "Point", "coordinates": [ 113.49627, 62.39396 ] } },
{ "type": "Feature", "properties": { "sensor": "SUOMI-NPP", "description": "<b>Latitude: </b> 62.39969<br/> \n                    <b>Longitude: </b> 113.59068<br/> \n                    <b>Detection Time: </b> 2026-09-30 17:43 UTC<br/> \n                    <b>Sensor: </b> Suomi-NPP VIIRS<br/>\n                    <b>Confidence: </b> Nominal<br/> \n                    <b>Day/Night: </b> Night<br/>\n                    <b>Scan: </b> 0.43 km<br/>\n                    <b>Track: </b> 0.62 km<br/>\n                    <b>FRP: </b> 0.87 MW<br/>\n                    <b>Brightness: </b> 302.38 K" }, "geometry": { "type": "Point", "coordinates": [ 113.59068, 62.39969 ] } },
{ "type": "Feature", "properties": { "sensor": "SUOMI-NPP", "description": "<b>Latitude: </b> 62.39971<br/> \n                    <b>Longitude: </b> 113.58224<br/> \n                    <b>Detection Time: </b> 2026-09-30 17:43 UTC<br/> \n                    <b>Sensor: </b> Suomi-NPP VIIRS<br/>\n                    <b>Confidence: </b> Nominal<br/> \n                    <b>Day/Night: </b> Night<br/>\n                    <b>Scan: </b> 0.43 km<br/>\n                    <b>Track: </b> 0.62 km<br/>\n                    <b>FRP: </b> 0.87 MW<br/>\n                    <b>Brightness: </b> 295.61 K" }, "geometry": { "type": "Point", "coordinates": [ 113.58224, 62.39971 ] } },
{ "type": "Feature", "properties": { "sensor": "SUOMI-NPP", "description": "<b>Latitude: </b> 62.40547<br/> \n                    <b>Longitude: </b> 113.59112<br/> \n                    <b>Detection Time: </b> 2026-09-30 17:43 UTC<br/> \n                    <b>Sensor: </b> Suomi-NPP VIIRS<br/>\n                    <b>Confidence: </b> Nominal<br/> \n                    <b>Day/Night: </b> Night<br/>\n                    <b>Scan: </b> 0.43 km<br/>\n                    <b>Track: </b> 0.62 km<br/>\n                    <b>FRP: </b> 0.87 MW<br/>\n                    <b>Brightness: </b> 313.13 K" }, "geometry": { "type": "Point", "coordinates": [ 113.59112, 62.40547 ] } },
{ "type": "Feature", "properties": { "sensor": "SUOMI-NPP", "description": "<b>Latitude: </b> 62.40548<br/> \n                    <b>Longitude: </b> 113.58252<br/> \n                    <b>Detection Time: </b> 2026-09-30 17:43 UTC<br/> \n                    <b>Sensor: </b> Suomi-NPP VIIRS<br/>\n                    <b>Confidence: </b> Nominal<br/> \n                    <b>Day/Night: </b> Night<br/>\n                    <b>Scan: </b> 0.43 km<br/>\n                    <b>Track: </b> 0.62 km<br/>\n                    <b>FRP: </b> 0.87 MW<br/>\n                    <b>Brightness: </b> 296.4 K" }, "geometry": { "type": "Point", "coordinates": [ 113.58252, 62.40548 ] } },
{ "type": "Feature", "properties": { "sensor": "SUOMI-NPP", "description": "<b>Latitude: </b> 62.44574<br/> \n                    <b>Longitude: </b> 113.65961<br/> \n                    <b>Detection Time: </b> 2026-09-30 17:43 UTC<br/> \n                    <b>Sensor: </b> Suomi-NPP VIIRS<br/>\n                    <b>Confidence: </b> Nominal<br/> \n                    <b>Day/Night: </b> Night<br/>\n                    <b>Scan: </b> 0.42 km<br/>\n                    <b>Track: </b> 0.61 km<br/>\n                    <b>FRP: </b> 3.62 MW<br/>\n                    <b>Brightness: </b> 333.81 K" }, "geometry": { "type": "Point", "coordinates": [ 113.65961, 62.44574 ] } },
{ "type": "Feature", "properties": { "sensor": "SUOMI-NPP", "description": "<b>Latitude: </b> 62.44557<br/> \n                    <b>Longitude: </b> 113.66541<br/> \n                    <b>Detection Time: </b> 2026-09-30 17:43 UTC<br/> \n                    <b>Sensor: </b> Suomi-NPP VIIRS<br/>\n                    <b>Confidence: </b> Nominal<br/> \n                    <b>Day/Night: </b> Night<br/>\n                    <b>Scan: </b> 0.42 km<br/>\n                    <b>Track: </b> 0.61 km<br/>\n                    <b>FRP: </b> 2.12 MW<br/>\n                    <b>Brightness: </b> 310.73 K" }, "geometry": { "type": "Point", "coordinates": [ 113.66541, 62.44557 ] } },
{ "type": "Feature", "properties": { "sensor": "SUOMI-NPP", "description": "<b>Latitude: </b> 62.44557<br/> \n                    <b>Longitude: </b> 113.65659<br/> \n                    <b>Detection Time: </b> 2026-09-30 17:43 UTC<br/> \n                    <b>Sensor: </b> Suomi-NPP VIIRS<br/>\n                    <b>Confidence: </b> Nominal<br/> \n                    <b>Day/Night: </b> Night<br/>\n                    <b>Scan: </b> 0.42 km<br/>\n                    <b>Track: </b> 0.61 km<br/>\n                    <b>FRP: </b> 2.12 MW<br/>\n                    <b>Brightness: </b> 330.92 K" }, "geometry": { "type": "Point", "coordinates": [ 113.65659, 62.44557 ] } },
{ "type": "Feature", "properties": { "sensor": "SUOMI-NPP", "description": "<b>Latitude: </b> 62.49702<br/> \n                    <b>Longitude: </b> 113.90256<br/> \n                    <b>Detection Time: </b> 2026-09-30 17:43 UTC<br/> \n                    <b>Sensor: </b> Suomi-NPP VIIRS<br/>\n                    <b>Confidence: </b> Nominal<br/> \n                    <b>Day/Night: </b> Night<br/>\n                    <b>Scan: </b> 0.42 km<br/>\n                    <b>Track: </b> 0.61 km<br/>\n                    <b>FRP: </b> 1.25 MW<br/>\n                    <b>Brightness: </b> 318.7 K" }, "geometry": { "type": "Point", "coordinates": [ 113.90256, 62.49702 ] } },
{ "type": "Feature", "properties": { "sensor": "SUOMI-NPP", "description": "<b>Latitude: </b> 63.1842<br/> \n                    <b>Longitude: </b> 125.70034<br/> \n                    <b>Detection Time: </b> 2026-09-30 17:43 UTC<br/> \n                    <b>Sensor: </b> Suomi-NPP VIIRS<br/>\n                    <b>Confidence: </b> Nominal<br/> \n                    <b>Day/Night: </b> Night<br/>\n                    <b>Scan: </b> 0.55 km<br/>\n                    <b>Track: </b> 0.43 km<br/>\n                    <b>FRP: </b> 0.92 MW<br/>\n                    <b>Brightness: </b> 295.91 K" }, "geometry": { "type": "Point", "coordinates": [ 125.70034, 63.1842 ] } },
{ "type": "Feature", "properties": { "sensor": "SUOMI-NPP", "description": "<b>Latitude: </b> 45.38506<br/> \n                    <b>Longitude: </b> 148.81638<br/> \n                    <b>Detection Time: </b> 2026-09-30 16:07 UTC<br/> \n                    <b>Sensor: </b> Suomi-NPP VIIRS<br/>\n                    <b>Confidence: </b> Nominal<br/> \n                    <b>Day/Night: </b> Night<br/>\n                    <b>Scan: </b> 0.41 km<br/>\n                    <b>Track: </b> 0.37 km<br/>\n                    <b>FRP: </b> 0.87 MW<br/>\n                    <b>Brightness: </b> 296.41 K" }, "geometry": { "type": "Point", "coordinates": [ 148.81638, 45.38506 ] } },
{ "type": "Feature", "properties": { "sensor": "SUOMI-NPP", "description": "<b>Latitude: </b> 53.26553<br/> \n                    <b>Longitude: </b> 143.21896<br/> \n                    <b>Detection Time: </b> 2026-09-30 16:05 UTC<br/> \n                    <b>Sensor: </b> Suomi-NPP VIIRS<br/>\n                    <b>Confidence: </b> Nominal<br/> \n                    <b>Day/Night: </b> Night<br/>\n                    <b>Scan: </b> 0.52 km<br/>\n                    <b>Track: </b> 0.5 km<br/>\n                    <b>FRP: </b> 0.58 MW<br/>\n                    <b>Brightness: </b> 295.12 K" }, "geometry": { "type": "Point", "coordinates": [ 143.21896, 53.26553 ] } },
{ "type": "Feature", "properties": { "sensor": "SUOMI-NPP", "description": "<b>Latitude: </b> 53.20322<br/> \n                    <b>Longitude: </b> 143.24066<br/> \n                    <b>Detection Time: </b> 2026-09-30 16:05 UTC<br/> \n                    <b>Sensor: </b> Suomi-NPP VIIRS<br/>\n                    <b>Confidence: </b> Nominal<br/> \n                    <b>Day/Night: </b> Night<br/>\n                    <b>Scan: </b> 0.52 km<br/>\n                    <b>Track: </b> 0.5 km<br/>\n                    <b>FRP: </b> 3.05 MW<br/>\n                    <b>Brightness: </b> 329.98 K" }, "geometry": { "type": "Point", "coordinates": [ 143.24066, 53.20322 ] } },
{ "type": "Feature", "properties": { "sensor": "SUOMI-NPP", "description": "<b>Latitude: </b> 57.64167<br/> \n                    <b>Longitude: </b> 135.70999<br/> \n                    <b>Detection Time: </b> 2026-09-30 16:03 UTC<br/> \n                    <b>Sensor: </b> Suomi-NPP VIIRS<br/>\n                    <b>Confidence: </b> Nominal<br/> \n                    <b>Day/Night: </b> Night<br/>\n                    <b>Scan: </b> 0.54 km<br/>\n                    <b>Track: </b> 0.68 km<br/>\n                    <b>FRP: </b> 0.8 MW<br/>\n                    <b>Brightness: </b> 298.9 K" }, "geometry": { "type": "Point", "coordinates": [ 135.70999, 57.64167 ] } },
{ "type": "Feature", "properties": { "sensor": "SUOMI-NPP", "description": "<b>Latitude: </b> 49.627<br/> \n                    <b>Longitude: </b> 28.82377<br/> \n                    <b>Detection Time: </b> 2026-09-30 12:19 UTC<br/> \n                    <b>Sensor: </b> Suomi-NPP VIIRS<br/>\n                    <b>Confidence: </b> Nominal<br/> \n                    <b>Day/Night: </b> Day<br/>\n                    <b>Scan: </b> 0.69 km<br/>\n                    <b>Track: </b> 0.74 km<br/>\n                    <b>FRP: </b> 9.68 MW<br/>\n                    <b>Brightness: </b> 337.87 K" }, "geometry": { "type": "Point", "coordinates": [ 28.82377, 49.627 ] } },
{ "type": "Feature", "properties": { "sensor": "SUOMI-NPP", "description": "<b>Latitude: </b> 49.62229<br/> \n                    <b>Longitude: </b> 28.82191<br/> \n                    <b>Detection Time: </b> 2026-09-30 12:19 UTC<br/> \n                    <b>Sensor: </b> Suomi-NPP VIIRS<br/>\n                    <b>Confidence: </b> Nominal<br/> \n                    <b>Day/Night: </b> Day<br/>\n                    <b>Scan: </b> 0.69 km<br/>\n                    <b>Track: </b> 0.74 km<br/>\n                    <b>FRP: </b> 5.75 MW<br/>\n                    <b>Brightness: </b> 340.74 K" }, "geometry": { "type": "Point", "coordinates": [ 28.82191, 49.62229 ] } },
{ "type": "Feature", "properties": { "sensor": "SUOMI-NPP", "description": "<b>Latitude: </b> 46.26462<br/> \n                    <b>Longitude: </b> 29.70883<br/> \n                    <b>Detection Time: </b> 2026-09-30 12:19 UTC<br/> \n                    <b>Sensor: </b> Suomi-NPP VIIRS<br/>\n                    <b>Confidence: </b> Nominal<br/> \n                    <b>Day/Night: </b> Day<br/>\n                    <b>Scan: </b> 0.75 km<br/>\n                    <b>Track: </b> 0.77 km<br/>\n                    <b>FRP: </b> 4.62 MW<br/>\n                    <b>Brightness: </b> 335.99 K" }, "geometry": { "type": "Point", "coordinates": [ 29.70883, 46.26462 ] } },
{ "type": "Feature", "properties": { "sensor": "SUOMI-NPP", "description": "<b>Latitude: </b> 55.1102<br/> \n                    <b>Longitude: </b> 33.59774<br/> \n                    <b>Detection Time: </b> 2026-09-30 10:43 UTC<br/> \n                    <b>Sensor: </b> Suomi-NPP VIIRS<br/>\n                    <b>Confidence: </b> Nominal<br/> \n                    <b>Day/Night: </b> Day<br/>\n                    <b>Scan: </b> 0.4 km<br/>\n                    <b>Track: </b> 0.37 km<br/>\n                    <b>FRP: </b> 2 MW<br/>\n                    <b>Brightness: </b> 326.02 K" }, "geometry": { "type": "Point", "coordinates": [ 33.59774, 55.1102 ] } },
{ "type": "Feature", "properties": { "sensor": "SUOMI-NPP", "description": "<b>Latitude: </b> 57.00967<br/> \n                    <b>Longitude: </b> 34.68396<br/> \n                    <b>Detection Time: </b> 2026-09-30 10:43 UTC<br/> \n                    <b>Sensor: </b> Suomi-NPP VIIRS<br/>\n                    <b>Confidence: </b> Nominal<br/> \n                    <b>Day/Night: </b> Day<br/>\n                    <b>Scan: </b> 0.43 km<br/>\n                    <b>Track: </b> 0.38 km<br/>\n                    <b>FRP: </b> 15.19 MW<br/>\n                    <b>Brightness: </b> 345.77 K" }, "geometry": { "type": "Point", "coordinates": [ 34.68396, 57.00967 ] } },
{ "type": "Feature", "properties": { "sensor": "SUOMI-NPP", "description": "<b>Latitude: </b> 57.01227<br/> \n                    <b>Longitude: </b> 34.67555<br/> \n                    <b>Detection Time: </b> 2026-09-30 10:43 UTC<br/> \n                    <b>Sensor: </b> Suomi-NPP VIIRS<br/>\n                    <b>Confidence: </b> Nominal<br/> \n                    <b>Day/Night: </b> Day<br/>\n                    <b>Scan: </b> 0.43 km<br/>\n                    <b>Track: </b> 0.38 km<br/>\n                    <b>FRP: </b> 4.3 MW<br/>\n                    <b>Brightness: </b> 326.74 K" }, "geometry": { "type": "Point", "coordinates": [ 34.67555, 57.01227 ] } },
{ "type": "Feature", "properties": { "sensor": "SUOMI-NPP", "description": "<b>Latitude: </b> 57.00882<br/> \n                    <b>Longitude: </b> 34.67694<br/> \n                    <b>Detection Time: </b> 2026-09-30 10:43 UTC<br/> \n                    <b>Sensor: </b> Suomi-NPP VIIRS<br/>\n                    <b>Confidence: </b> Nominal<br/> \n                    <b>Day/Night: </b> Day<br/>\n                    <b>Scan: </b> 0.43 km<br/>\n                    <b>Track: </b> 0.38 km<br/>\n                    <b>FRP: </b> 4.3 MW<br/>\n                    <b>Brightness: </b> 328.23 K" }, "geometry": { "type": "Point", "coordinates": [ 34.67694, 57.00882 ] } },
{ "type": "Feature", "properties": { "sensor": "SUOMI-NPP", "description": "<b>Latitude: </b> 55.10773<br/> \n                    <b>Longitude: </b> 33.60528<br/> \n                    <b>Detection Time: </b> 2026-09-30 10:43 UTC<br/> \n                    <b>Sensor: </b> Suomi-NPP VIIRS<br/>\n                    <b>Confidence: </b> Nominal<br/> \n                    <b>Day/Night: </b> Day<br/>\n                    <b>Scan: </b> 0.4 km<br/>\n                    <b>Track: </b> 0.37 km<br/>\n                    <b>FRP: </b> 4.53 MW<br/>\n                    <b>Brightness: </b> 343.51 K" }, "geometry": { "type": "Point", "coordinates": [ 33.60528, 55.10773 ] } },
{ "type": "Feature", "properties": { "sensor": "SUOMI-NPP", "description": "<b>Latitude: </b> 55.11105<br/> \n                    <b>Longitude: </b> 33.6039<br/> \n                    <b>Detection Time: </b> 2026-09-30 10:43 UTC<br/> \n                    <b>Sensor: </b> Suomi-NPP VIIRS<br/>\n                    <b>Confidence: </b> Nominal<br/> \n                    <b>Day/Night: </b> Day<br/>\n                    <b>Scan: </b> 0.4 km<br/>\n                    <b>Track: </b> 0.37 km<br/>\n                    <b>FRP: </b> 4.53 MW<br/>\n                    <b>Brightness: </b> 346.46 K" }, "geometry": { "type": "Point", "coordinates": [ 33.6039, 55.11105 ] } },
{ "type": "Feature", "properties": { "sensor": "SUOMI-NPP", "description": "<b>Latitude: </b> 56.0993<br/> \n                    <b>Longitude: </b> 41.25637<br/> \n                    <b>Detection Time: </b> 2026-09-30 10:43 UTC<br/> \n                    <b>Sensor: </b> Suomi-NPP VIIRS<br/>\n                    <b>Confidence: </b> Nominal<br/> \n                    <b>Day/Night: </b> Day<br/>\n                    <b>Scan: </b> 0.44 km<br/>\n                    <b>Track: </b> 0.46 km<br/>\n                    <b>FRP: </b> 2.83 MW<br/>\n                    <b>Brightness: </b> 326.57 K" }, "geometry": { "type": "Point", "coordinates": [ 41.25637, 56.0993 ] } },
{ "type": "Feature", "properties": { "sensor": "SUOMI-NPP", "description": "<b>Latitude: </b> 47.70002<br/> \n                    <b>Longitude: </b> 30.88319<br/> \n                    <b>Detection Time: </b> 2026-09-30 10:41 UTC<br/> \n                    <b>Sensor: </b> Suomi-NPP VIIRS<br/>\n                    <b>Confidence: </b> Nominal<br/> \n                    <b>Day/Night: </b> Day<br/>\n                    <b>Scan: </b> 0.44 km<br/>\n                    <b>Track: </b> 0.38 km<br/>\n                    <b>FRP: </b> 4.12 MW<br/>\n                    <b>Brightness: </b> 344.14 K" }, "geometry": { "type": "Point", "coordinates": [ 30.88319, 47.70002 ] } },
{ "type": "Feature", "properties": { "sensor": "SUOMI-NPP", "description": "<b>Latitude: </b> 55.40811<br/> \n                    <b>Longitude: </b> 42.33303<br/> \n                    <b>Detection Time: </b> 2026-09-30 10:41 UTC<br/> \n                    <b>Sensor: </b> Suomi-NPP VIIRS<br/>\n                    <b>Confidence: </b> Nominal<br/> \n                    <b>Day/Night: </b> Day<br/>\n                    <b>Scan: </b> 0.48 km<br/>\n                    <b>Track: </b> 0.48 km<br/>\n                    <b>FRP: </b> 5.12 MW<br/>\n                    <b>Brightness: </b> 344.98 K" }, "geometry": { "type": "Point", "coordinates": [ 42.33303, 55.40811 ] } },
{ "type": "Feature", "properties": { "sensor": "SUOMI-NPP", "description": "<b>Latitude: </b> 55.25994<br/> \n                    <b>Longitude: </b> 40.53546<br/> \n                    <b>Detection Time: </b> 2026-09-30 10:41 UTC<br/> \n                    <b>Sensor: </b> Suomi-NPP VIIRS<br/>\n                    <b>Confidence: </b> Nominal<br/> \n                    <b>Day/Night: </b> Day<br/>\n                    <b>Scan: </b> 0.41 km<br/>\n                    <b>Track: </b> 0.45 km<br/>\n                    <b>FRP: </b> 3.98 MW<br/>\n                    <b>Brightness: </b> 337.29 K" }, "geometry": { "type": "Point", "coordinates": [ 40.53546, 55.25994 ] } },
{ "type": "Feature", "properties": { "sensor": "SUOMI-NPP", "description": "<b>Latitude: </b> 54.86527<br/> \n                    <b>Longitude: </b> 36.79688<br/> \n                    <b>Detection Time: </b> 2026-09-30 10:41 UTC<br/> \n                    <b>Sensor: </b> Suomi-NPP VIIRS<br/>\n                    <b>Confidence: </b> Nominal<br/> \n                    <b>Day/Night: </b> Day<br/>\n                    <b>Scan: </b> 0.46 km<br/>\n                    <b>Track: </b> 0.39 km<br/>\n                    <b>FRP: </b> 5.09 MW<br/>\n                    <b>Brightness: </b> 335.18 K" }, "geometry": { "type": "Point", "coordinates": [ 36.79688, 54.86527 ] } },
{ "type": "Feature", "properties": { "sensor": "SUOMI-NPP", "description": "<b>Latitude: </b> 55.17178<br/> \n                    <b>Longitude: </b> 40.7688<br/> \n                    <b>Detection Time: </b> 2026-09-30 10:41 UTC<br/> \n                    <b>Sensor: </b> Suomi-NPP VIIRS<br/>\n                    <b>Confidence: </b> Nominal<br/> \n                    <b>Day/Night: </b> Day<br/>\n                    <b>Scan: </b> 0.41 km<br/>\n                    <b>Track: </b> 0.45 km<br/>\n                    <b>FRP: </b> 7.71 MW<br/>\n                    <b>Brightness: </b> 339.84 K" }, "geometry": { "type": "Point", "coordinates": [ 40.7688, 55.17178 ] } },
{ "type": "Feature", "properties": { "sensor": "SUOMI-NPP", "description": "<b>Latitude: </b> 55.16724<br/> \n                    <b>Longitude: </b> 40.99248<br/> \n                    <b>Detection Time: </b> 2026-09-30 10:41 UTC<br/> \n                    <b>Sensor: </b> Suomi-NPP VIIRS<br/>\n                    <b>Confidence: </b> Nominal<br/> \n                    <b>Day/Night: </b> Day<br/>\n                    <b>Scan: </b> 0.42 km<br/>\n                    <b>Track: </b> 0.45 km<br/>\n                    <b>FRP: </b> 3.43 MW<br/>\n                    <b>Brightness: </b> 327.58 K" }, "geometry": { "type": "Point", "coordinates": [ 40.99248, 55.16724 ] } },
{ "type": "Feature", "properties": { "sensor": "SUOMI-NPP", "description": "<b>Latitude: </b> 54.79292<br/> \n                    <b>Longitude: </b> 41.20896<br/> \n                    <b>Detection Time: </b> 2026-09-30 10:41 UTC<br/> \n                    <b>Sensor: </b> Suomi-NPP VIIRS<br/>\n                    <b>Confidence: </b> Nominal<br/> \n                    <b>Day/Night: </b> Day<br/>\n                    <b>Scan: </b> 0.42 km<br/>\n                    <b>Track: </b> 0.46 km<br/>\n                    <b>FRP: </b> 1.71 MW<br/>\n                    <b>Brightness: </b> 327.36 K" }, "geometry": { "type": "Point", "coordinates": [ 41.20896, 54.79292 ] } },
{ "type": "Feature", "properties": { "sensor": "SUOMI-NPP", "description": "<b>Latitude: </b> 54.78722<br/> \n                    <b>Longitude: </b> 41.18985<br/> \n                    <b>Detection Time: </b> 2026-09-30 10:41 UTC<br/> \n                    <b>Sensor: </b> Suomi-NPP VIIRS<br/>\n                    <b>Confidence: </b> Nominal<br/> \n                    <b>Day/Night: </b> Day<br/>\n                    <b>Scan: </b> 0.42 km<br/>\n                    <b>Track: </b> 0.45 km<br/>\n                    <b>FRP: </b> 2.72 MW<br/>\n                    <b>Brightness: </b> 333.6 K" }, "geometry": { "type": "Point", "coordinates": [ 41.18985, 54.78722 ] } },
{ "type": "Feature", "properties": { "sensor": "SUOMI-NPP", "description": "<b>Latitude: </b> 54.78302<br/> \n                    <b>Longitude: </b> 41.1908<br/> \n                    <b>Detection Time: </b> 2026-09-30 10:41 UTC<br/> \n                    <b>Sensor: </b> Suomi-NPP VIIRS<br/>\n                    <b>Confidence: </b> Nominal<br/> \n                    <b>Day/Night: </b> Day<br/>\n                    <b>Scan: </b> 0.42 km<br/>\n                    <b>Track: </b> 0.45 km<br/>\n                    <b>FRP: </b> 3.12 MW<br/>\n                    <b>Brightness: </b> 338.41 K" }, "geometry": { "type": "Point", "coordinates": [ 41.1908, 54.78302 ] } },
{ "type": "Feature", "properties": { "sensor": "SUOMI-NPP", "description": "<b>Latitude: </b> 53.79942<br/> \n                    <b>Longitude: </b> 33.57267<br/> \n                    <b>Detection Time: </b> 2026-09-30 10:41 UTC<br/> \n                    <b>Sensor: </b> Suomi-NPP VIIRS<br/>\n                    <b>Confidence: </b> Nominal<br/> \n                    <b>Day/Night: </b> Day<br/>\n                    <b>Scan: </b> 0.39 km<br/>\n                    <b>Track: </b> 0.36 km<br/>\n                    <b>FRP: </b> 6.66 MW<br/>\n                    <b>Brightness: </b> 333.47 K" }, "geometry": { "type": "Point", "coordinates": [ 33.57267, 53.79942 ] } },
{ "type": "Feature", "properties": { "sensor": "SUOMI-NPP", "description": "<b>Latitude: </b> 54.17043<br/> \n                    <b>Longitude: </b> 37.71624<br/> \n                    <b>Detection Time: </b> 2026-09-30 10:41 UTC<br/> \n                    <b>Sensor: </b> Suomi-NPP VIIRS<br/>\n                    <b>Confidence: </b> Nominal<br/> \n                    <b>Day/Night: </b> Day<br/>\n                    <b>Scan: </b> 0.48 km<br/>\n                    <b>Track: </b> 0.4 km<br/>\n                    <b>FRP: </b> 4.15 MW<br/>\n                    <b>Brightness: </b> 329.97 K" }, "geometry": { "type": "Point", "coordinates": [ 37.71624, 54.17043 ] } },
{ "type": "Feature", "properties": { "sensor": "SUOMI-NPP", "description": "<b>Latitude: </b> 54.16677<br/> \n                    <b>Longitude: </b> 37.71733<br/> \n                    <b>Detection Time: </b> 2026-09-30 10:41 UTC<br/> \n                    <b>Sensor: </b> Suomi-NPP VIIRS<br/>\n                    <b>Confidence: </b> Nominal<br/> \n                    <b>Day/Night: </b> Day<br/>\n                    <b>Scan: </b> 0.48 km<br/>\n                    <b>Track: </b> 0.4 km<br/>\n                    <b>FRP: </b> 3.49 MW<br/>\n                    <b>Brightness: </b> 327.52 K" }, "geometry": { "type": "Point", "coordinates": [ 37.71733, 54.16677 ] } },
{ "type": "Feature", "properties": { "sensor": "SUOMI-NPP", "description": "<b>Latitude: </b> 54.56837<br/> \n                    <b>Longitude: </b> 42.93082<br/> \n                    <b>Detection Time: </b> 2026-09-30 10:41 UTC<br/> \n                    <b>Sensor: </b> Suomi-NPP VIIRS<br/>\n                    <b>Confidence: </b> Nominal<br/> \n                    <b>Day/Night: </b> Day<br/>\n                    <b>Scan: </b> 0.49 km<br/>\n                    <b>Track: </b> 0.49 km<br/>\n                    <b>FRP: </b> 2.99 MW<br/>\n                    <b>Brightness: </b> 325.53 K" }, "geometry": { "type": "Point", "coordinates": [ 42.93082, 54.56837 ] } },
{ "type": "Feature", "properties": { "sensor": "SUOMI-NPP", "description": "<b>Latitude: </b> 54.56805<br/> \n                    <b>Longitude: </b> 42.93169<br/> \n                    <b>Detection Time: </b> 2026-09-30 10:41 UTC<br/> \n                    <b>Sensor: </b> Suomi-NPP VIIRS<br/>\n                    <b>Confidence: </b> Nominal<br/> \n                    <b>Day/Night: </b> Day<br/>\n                    <b>Scan: </b> 0.49 km<br/>\n                    <b>Track: </b> 0.49 km<br/>\n                    <b>FRP: </b> 5.63 MW<br/>\n                    <b>Brightness: </b> 327.41 K" }, "geometry": { "type": "Point", "coordinates": [ 42.93169, 54.56805 ] } },
{ "type": "Feature", "properties": { "sensor": "SUOMI-NPP", "description": "<b>Latitude: </b> 53.05537<br/> \n                    <b>Longitude: </b> 31.79428<br/> \n                    <b>Detection Time: </b> 2026-09-30 10:41 UTC<br/> \n                    <b>Sensor: </b> Suomi-NPP VIIRS<br/>\n                    <b>Confidence: </b> Nominal<br/> \n                    <b>Day/Night: </b> Day<br/>\n                    <b>Scan: </b> 0.38 km<br/>\n                    <b>Track: </b> 0.36 km<br/>\n                    <b>FRP: </b> 4.77 MW<br/>\n                    <b>Brightness: </b> 343.55 K" }, "geometry": { "type": "Point", "coordinates": [ 31.79428, 53.05537 ] } },
{ "type": "Feature", "properties": { "sensor": "SUOMI-NPP", "description": "<b>Latitude: </b> 53.05212<br/> \n                    <b>Longitude: </b> 31.79572<br/> \n                    <b>Detection Time: </b> 2026-09-30 10:41 UTC<br/> \n                    <b>Sensor: </b> Suomi-NPP VIIRS<br/>\n                    <b>Confidence: </b> Nominal<br/> \n                    <b>Day/Night: </b> Day<br/>\n                    <b>Scan: </b> 0.38 km<br/>\n                    <b>Track: </b> 0.36 km<br/>\n                    <b>FRP: </b> 1.75 MW<br/>\n                    <b>Brightness: </b> 325.55 K" }, "geometry": { "type": "Point", "coordinates": [ 31.79572, 53.05212 ] } },
{ "type": "Feature", "properties": { "sensor": "SUOMI-NPP", "description": "<b>Latitude: </b> 54.04834<br/> \n                    <b>Longitude: </b> 41.24734<br/> \n                    <b>Detection Time: </b> 2026-09-30 10:41 UTC<br/> \n                    <b>Sensor: </b> Suomi-NPP VIIRS<br/>\n                    <b>Confidence: </b> Nominal<br/> \n                    <b>Day/Night: </b> Day<br/>\n                    <b>Scan: </b> 0.42 km<br/>\n                    <b>Track: </b> 0.45 km<br/>\n                    <b>FRP: </b> 2.8 MW<br/>\n                    <b>Brightness: </b> 331.26 K" }, "geometry": { "type": "Point", "coordinates": [ 41.24734, 54.04834 ] } },
{ "type": "Feature", "properties": { "sensor": "SUOMI-NPP", "description": "<b>Latitude: </b> 53.28665<br/> \n                    <b>Longitude: </b> 35.11175<br/> \n                    <b>Detection Time: </b> 2026-09-30 10:41 UTC<br/> \n                    <b>Sensor: </b> Suomi-NPP VIIRS<br/>\n                    <b>Confidence: </b> Nominal<br/> \n                    <b>Day/Night: </b> Day<br/>\n                    <b>Scan: </b> 0.41 km<br/>\n                    <b>Track: </b> 0.37 km<br/>\n                    <b>FRP: </b> 2.45 MW<br/>\n                    <b>Brightness: </b> 328.57 K" }, "geometry": { "type": "Point", "coordinates": [ 35.11175, 53.28665 ] } },
{ "type": "Feature", "properties": { "sensor": "SUOMI-NPP", "description": "<b>Latitude: </b> 53.83548<br/> \n                    <b>Longitude: </b> 41.18537<br/> \n                    <b>Detection Time: </b> 2026-09-30 10:41 UTC<br/> \n                    <b>Sensor: </b> Suomi-NPP VIIRS<br/>\n                    <b>Confidence: </b> Nominal<br/> \n                    <b>Day/Night: </b> Day<br/>\n                    <b>Scan: </b> 0.41 km<br/>\n                    <b>Track: </b> 0.45 km<br/>\n                    <b>FRP: </b> 2.6 MW<br/>\n                    <b>Brightness: </b> 329.57 K" }, "geometry": { "type": "Point", "coordinates": [ 41.18537, 53.83548 ] } },
{ "type": "Feature", "properties": { "sensor": "SUOMI-NPP", "description": "<b>Latitude: </b> 51.71242<br/> \n                    <b>Longitude: </b> 26.71862<br/> \n                    <b>Detection Time: </b> 2026-09-30 10:41 UTC<br/> \n                    <b>Sensor: </b> Suomi-NPP VIIRS<br/>\n                    <b>Confidence: </b> Nominal<br/> \n                    <b>Day/Night: </b> Day<br/>\n                    <b>Scan: </b> 0.5 km<br/>\n                    <b>Track: </b> 0.41 km<br/>\n                    <b>FRP: </b> 3.58 MW<br/>\n                    <b>Brightness: </b> 325.25 K" }, "geometry": { "type": "Point", "coordinates": [ 26.71862, 51.71242 ] } },
{ "type": "Feature", "properties": { "sensor": "SUOMI-NPP", "description": "<b>Latitude: </b> 52.55302<br/> \n                    <b>Longitude: </b> 32.24515<br/> \n                    <b>Detection Time: </b> 2026-09-30 10:41 UTC<br/> \n                    <b>Sensor: </b> Suomi-NPP VIIRS<br/>\n                    <b>Confidence: </b> Nominal<br/> \n                    <b>Day/Night: </b> Day<br/>\n                    <b>Scan: </b> 0.38 km<br/>\n                    <b>Track: </b> 0.36 km<br/>\n                    <b>FRP: </b> 5.03 MW<br/>\n                    <b>Brightness: </b> 341.81 K" }, "geometry": { "type": "Point", "coordinates": [ 32.24515, 52.55302 ] } },
{ "type": "Feature", "properties": { "sensor": "SUOMI-NPP", "description": "<b>Latitude: </b> 53.05285<br/> \n                    <b>Longitude: </b> 35.91546<br/> \n                    <b>Detection Time: </b> 2026-09-30 10:41 UTC<br/> \n                    <b>Sensor: </b> Suomi-NPP VIIRS<br/>\n                    <b>Confidence: </b> Nominal<br/> \n                    <b>Day/Night: </b> Day<br/>\n                    <b>Scan: </b> 0.42 km<br/>\n                    <b>Track: </b> 0.38 km<br/>\n                    <b>FRP: </b> 10.04 MW<br/>\n                    <b>Brightness: </b> 346.18 K" }, "geometry": { "type": "Point", "coordinates": [ 35.91546, 53.05285 ] } },
{ "type": "Feature", "properties": { "sensor": "SUOMI-NPP", "description": "<b>Latitude: </b> 53.05198<br/> \n                    <b>Longitude: </b> 35.91756<br/> \n                    <b>Detection Time: </b> 2026-09-30 10:41 UTC<br/> \n                    <b>Sensor: </b> Suomi-NPP VIIRS<br/>\n                    <b>Confidence: </b> Nominal<br/> \n                    <b>Day/Night: </b> Day<br/>\n                    <b>Scan: </b> 0.42 km<br/>\n                    <b>Track: </b> 0.38 km<br/>\n                    <b>FRP: </b> 9.34 MW<br/>\n                    <b>Brightness: </b> 345.8 K" }, "geometry": { "type": "Point", "coordinates": [ 35.91756, 53.05198 ] } },
{ "type": "Feature", "properties": { "sensor": "SUOMI-NPP", "description": "<b>Latitude: </b> 52.5288<br/> \n                    <b>Longitude: </b> 33.6768<br/> \n                    <b>Detection Time: </b> 2026-09-30 10:41 UTC<br/> \n                    <b>Sensor: </b> Suomi-NPP VIIRS<br/>\n                    <b>Confidence: </b> Nominal<br/> \n                    <b>Day/Night: </b> Day<br/>\n                    <b>Scan: </b> 0.39 km<br/>\n                    <b>Track: </b> 0.36 km<br/>\n                    <b>FRP: </b> 4.43 MW<br/>\n                    <b>Brightness: </b> 343.97 K" }, "geometry": { "type": "Point", "coordinates": [ 33.6768, 52.5288 ] } },
{ "type": "Feature", "properties": { "sensor": "SUOMI-NPP", "description": "<b>Latitude: </b> 52.29472<br/> \n                    <b>Longitude: </b> 32.91198<br/> \n                    <b>Detection Time: </b> 2026-09-30 10:41 UTC<br/> \n                    <b>Sensor: </b> Suomi-NPP VIIRS<br/>\n                    <b>Confidence: </b> Nominal<br/> \n                    <b>Day/Night: </b> Day<br/>\n                    <b>Scan: </b> 0.38 km<br/>\n                    <b>Track: </b> 0.36 km<br/>\n                    <b>FRP: </b> 2.32 MW<br/>\n                    <b>Brightness: </b> 331.83 K" }, "geometry": { "type": "Point", "coordinates": [ 32.91198, 52.29472 ] } },
{ "type": "Feature", "properties": { "sensor": "SUOMI-NPP", "description": "<b>Latitude: </b> 52.65838<br/> \n                    <b>Longitude: </b> 35.94096<br/> \n                    <b>Detection Time: </b> 2026-09-30 10:41 UTC<br/> \n                    <b>Sensor: </b> Suomi-NPP VIIRS<br/>\n                    <b>Confidence: </b> Nominal<br/> \n                    <b>Day/Night: </b> Day<br/>\n                    <b>Scan: </b> 0.42 km<br/>\n                    <b>Track: </b> 0.37 km<br/>\n                    <b>FRP: </b> 3.42 MW<br/>\n                    <b>Brightness: </b> 336.18 K" }, "geometry": { "type": "Point", "coordinates": [ 35.94096, 52.65838 ] } },
{ "type": "Feature", "properties": { "sensor": "SUOMI-NPP", "description": "<b>Latitude: </b> 52.19593<br/> \n                    <b>Longitude: </b> 34.03485<br/> \n                    <b>Detection Time: </b> 2026-09-30 10:41 UTC<br/> \n                    <b>Sensor: </b> Suomi-NPP VIIRS<br/>\n                    <b>Confidence: </b> Nominal<br/> \n                    <b>Day/Night: </b> Day<br/>\n                    <b>Scan: </b> 0.39 km<br/>\n                    <b>Track: </b> 0.36 km<br/>\n                    <b>FRP: </b> 3.17 MW<br/>\n                    <b>Brightness: </b> 330.34 K" }, "geometry": { "type": "Point", "coordinates": [ 34.03485, 52.19593 ] } },
{ "type": "Feature", "properties": { "sensor": "SUOMI-NPP", "description": "<b>Latitude: </b> 52.65951<br/> \n                    <b>Longitude: </b> 39.08993<br/> \n                    <b>Detection Time: </b> 2026-09-30 10:41 UTC<br/> \n                    <b>Sensor: </b> Suomi-NPP VIIRS<br/>\n                    <b>Confidence: </b> Nominal<br/> \n                    <b>Day/Night: </b> Day<br/>\n                    <b>Scan: </b> 0.51 km<br/>\n                    <b>Track: </b> 0.41 km<br/>\n                    <b>FRP: </b> 3.38 MW<br/>\n                    <b>Brightness: </b> 332.74 K" }, "geometry": { "type": "Point", "coordinates": [ 39.08993, 52.65951 ] } },
{ "type": "Feature", "properties": { "sensor": "SUOMI-NPP", "description": "<b>Latitude: </b> 52.66038<br/> \n                    <b>Longitude: </b> 39.08986<br/> \n                    <b>Detection Time: </b> 2026-09-30 10:41 UTC<br/> \n                    <b>Sensor: </b> Suomi-NPP VIIRS<br/>\n                    <b>Confidence: </b> Nominal<br/> \n                    <b>Day/Night: </b> Day<br/>\n                    <b>Scan: </b> 0.51 km<br/>\n                    <b>Track: </b> 0.41 km<br/>\n                    <b>FRP: </b> 6.53 MW<br/>\n                    <b>Brightness: </b> 332.64 K" }, "geometry": { "type": "Point", "coordinates": [ 39.08986, 52.66038 ] } },
{ "type": "Feature", "properties": { "sensor": "SUOMI-NPP", "description": "<b>Latitude: </b> 52.55862<br/> \n                    <b>Longitude: </b> 39.57242<br/> \n                    <b>Detection Time: </b> 2026-09-30 10:41 UTC<br/> \n                    <b>Sensor: </b> Suomi-NPP VIIRS<br/>\n                    <b>Confidence: </b> Nominal<br/> \n                    <b>Day/Night: </b> Day<br/>\n                    <b>Scan: </b> 0.52 km<br/>\n                    <b>Track: </b> 0.42 km<br/>\n                    <b>FRP: </b> 2.87 MW<br/>\n                    <b>Brightness: </b> 330.32 K" }, "geometry": { "type": "Point", "coordinates": [ 39.57242, 52.55862 ] } },
{ "type": "Feature", "properties": { "sensor": "SUOMI-NPP", "description": "<b>Latitude: </b> 52.55471<br/> \n                    <b>Longitude: </b> 39.61323<br/> \n                    <b>Detection Time: </b> 2026-09-30 10:41 UTC<br/> \n                    <b>Sensor: </b> Suomi-NPP VIIRS<br/>\n                    <b>Confidence: </b> Nominal<br/> \n                    <b>Day/Night: </b> Day<br/>\n                    <b>Scan: </b> 0.53 km<br/>\n                    <b>Track: </b> 0.42 km<br/>\n                    <b>FRP: </b> 7.33 MW<br/>\n                    <b>Brightness: </b> 335.28 K" }, "geometry": { "type": "Point", "coordinates": [ 39.61323, 52.55471 ] } },
{ "type": "Feature", "properties": { "sensor": "SUOMI-NPP", "description": "<b>Latitude: </b> 52.55226<br/> \n                    <b>Longitude: </b> 40.05273<br/> \n                    <b>Detection Time: </b> 2026-09-30 10:41 UTC<br/> \n                    <b>Sensor: </b> Suomi-NPP VIIRS<br/>\n                    <b>Confidence: </b> Nominal<br/> \n                    <b>Day/Night: </b> Day<br/>\n                    <b>Scan: </b> 0.55 km<br/>\n                    <b>Track: </b> 0.42 km<br/>\n                    <b>FRP: </b> 24.04 MW<br/>\n                    <b>Brightness: </b> 330.52 K" }, "geometry": { "type": "Point", "coordinates": [ 40.05273, 52.55226 ] } },
{ "type": "Feature", "properties": { "sensor": "SUOMI-NPP", "description": "<b>Latitude: </b> 52.55299<br/> \n                    <b>Longitude: </b> 40.06082<br/> \n                    <b>Detection Time: </b> 2026-09-30 10:41 UTC<br/> \n                    <b>Sensor: </b> Suomi-NPP VIIRS<br/>\n                    <b>Confidence: </b> Nominal<br/> \n                    <b>Day/Night: </b> Day<br/>\n                    <b>Scan: </b> 0.55 km<br/>\n                    <b>Track: </b> 0.42 km<br/>\n                    <b>FRP: </b> 24.04 MW<br/>\n                    <b>Brightness: </b> 351.46 K" }, "geometry": { "type": "Point", "coordinates": [ 40.06082, 52.55299 ] } },
{ "type": "Feature", "properties": { "sensor": "SUOMI-NPP", "description": "<b>Latitude: </b> 52.54908<br/> \n                    <b>Longitude: </b> 40.06173<br/> \n                    <b>Detection Time: </b> 2026-09-30 10:41 UTC<br/> \n                    <b>Sensor: </b> Suomi-NPP VIIRS<br/>\n                    <b>Confidence: </b> Nominal<br/> \n                    <b>Day/Night: </b> Day<br/>\n                    <b>Scan: </b> 0.55 km<br/>\n                    <b>Track: </b> 0.42 km<br/>\n                    <b>FRP: </b> 24.04 MW<br/>\n                    <b>Brightness: </b> 348.65 K" }, "geometry": { "type": "Point", "coordinates": [ 40.06173, 52.54908 ] } },
{ "type": "Feature", "properties": { "sensor": "SUOMI-NPP", "description": "<b>Latitude: </b> 51.77555<br/> \n                    <b>Longitude: </b> 35.03733<br/> \n                    <b>Detection Time: </b> 2026-09-30 10:41 UTC<br/> \n                    <b>Sensor: </b> Suomi-NPP VIIRS<br/>\n                    <b>Confidence: </b> Nominal<br/> \n                    <b>Day/Night: </b> Day<br/>\n                    <b>Scan: </b> 0.4 km<br/>\n                    <b>Track: </b> 0.37 km<br/>\n                    <b>FRP: </b> 3.42 MW<br/>\n                    <b>Brightness: </b> 339.98 K" }, "geometry": { "type": "Point", "coordinates": [ 35.03733, 51.77555 ] } },
{ "type": "Feature", "properties": { "sensor": "SUOMI-NPP", "description": "<b>Latitude: </b> 51.77301<br/> \n                    <b>Longitude: </b> 35.04421<br/> \n                    <b>Detection Time: </b> 2026-09-30 10:41 UTC<br/> \n                    <b>Sensor: </b> Suomi-NPP VIIRS<br/>\n                    <b>Confidence: </b> Nominal<br/> \n                    <b>Day/Night: </b> Day<br/>\n                    <b>Scan: </b> 0.4 km<br/>\n                    <b>Track: </b> 0.37 km<br/>\n                    <b>FRP: </b> 4.34 MW<br/>\n                    <b>Brightness: </b> 331.84 K" }, "geometry": { "type": "Point", "coordinates": [ 35.04421, 51.77301 ] } },
{ "type": "Feature", "properties": { "sensor": "SUOMI-NPP", "description": "<b>Latitude: </b> 52.60859<br/> \n                    <b>Longitude: </b> 52.72427<br/> \n                    <b>Detection Time: </b> 2026-09-30 10:41 UTC<br/> \n                    <b>Sensor: </b> Suomi-NPP VIIRS<br/>\n                    <b>Confidence: </b> Nominal<br/> \n                    <b>Day/Night: </b> Day<br/>\n                    <b>Scan: </b> 0.6 km<br/>\n                    <b>Track: </b> 0.71 km<br/>\n                    <b>FRP: </b> 2.81 MW<br/>\n                    <b>Brightness: </b> 333.15 K" }, "geometry": { "type": "Point", "coordinates": [ 52.72427, 52.60859 ] } },
{ "type": "Feature", "properties": { "sensor": "SUOMI-NPP", "description": "<b>Latitude: </b> 51.78983<br/> \n                    <b>Longitude: </b> 37.54196<br/> \n                    <b>Detection Time: </b> 2026-09-30 10:41 UTC<br/> \n                    <b>Sensor: </b> Suomi-NPP VIIRS<br/>\n                    <b>Confidence: </b> Nominal<br/> \n                    <b>Day/Night: </b> Day<br/>\n                    <b>Scan: </b> 0.44 km<br/>\n                    <b>Track: </b> 0.39 km<br/>\n                    <b>FRP: </b> 6.5 MW<br/>\n                    <b>Brightness: </b> 343.11 K" }, "geometry": { "type": "Point", "coordinates": [ 37.54196, 51.78983 ] } },
{ "type": "Feature", "properties": { "sensor": "SUOMI-NPP", "description": "<b>Latitude: </b> 51.50186<br/> \n                    <b>Longitude: </b> 35.89259<br/> \n                    <b>Detection Time: </b> 2026-09-30 10:41 UTC<br/> \n                    <b>Sensor: </b> Suomi-NPP VIIRS<br/>\n                    <b>Confidence: </b> Nominal<br/> \n                    <b>Day/Night: </b> Day<br/>\n                    <b>Scan: </b> 0.41 km<br/>\n                    <b>Track: </b> 0.37 km<br/>\n                    <b>FRP: </b> 3.69 MW<br/>\n                    <b>Brightness: </b> 328.37 K" }, "geometry": { "type": "Point", "coordinates": [ 35.89259, 51.50186 ] } },
{ "type": "Feature", "properties": { "sensor": "SUOMI-NPP", "description": "<b>Latitude: </b> 51.24036<br/> \n                    <b>Longitude: </b> 34.36156<br/> \n                    <b>Detection Time: </b> 2026-09-30 10:41 UTC<br/> \n                    <b>Sensor: </b> Suomi-NPP VIIRS<br/>\n                    <b>Confidence: </b> Nominal<br/> \n                    <b>Day/Night: </b> Day<br/>\n                    <b>Scan: </b> 0.39 km<br/>\n                    <b>Track: </b> 0.36 km<br/>\n                    <b>FRP: </b> 2.67 MW<br/>\n                    <b>Brightness: </b> 327.5 K" }, "geometry": { "type": "Point", "coordinates": [ 34.36156, 51.24036 ] } },
{ "type": "Feature", "properties": { "sensor": "SUOMI-NPP", "description": "<b>Latitude: </b> 51.24116<br/> \n                    <b>Longitude: </b> 34.36704<br/> \n                    <b>Detection Time: </b> 2026-09-30 10:41 UTC<br/> \n                    <b>Sensor: </b> Suomi-NPP VIIRS<br/>\n                    <b>Confidence: </b> Nominal<br/> \n                    <b>Day/Night: </b> Day<br/>\n                    <b>Scan: </b> 0.39 km<br/>\n                    <b>Track: </b> 0.36 km<br/>\n                    <b>FRP: </b> 5.41 MW<br/>\n                    <b>Brightness: </b> 329.54 K" }, "geometry": { "type": "Point", "coordinates": [ 34.36704, 51.24116 ] } },
{ "type": "Feature", "properties": { "sensor": "SUOMI-NPP", "description": "<b>Latitude: </b> 51.23708<br/> \n                    <b>Longitude: </b> 34.36277<br/> \n                    <b>Detection Time: </b> 2026-09-30 10:41 UTC<br/> \n                    <b>Sensor: </b> Suomi-NPP VIIRS<br/>\n                    <b>Confidence: </b> Nominal<br/> \n                    <b>Day/Night: </b> Day<br/>\n                    <b>Scan: </b> 0.39 km<br/>\n                    <b>Track: </b> 0.36 km<br/>\n                    <b>FRP: </b> 2.67 MW<br/>\n                    <b>Brightness: </b> 326.65 K" }, "geometry": { "type": "Point", "coordinates": [ 34.36277, 51.23708 ] } },
{ "type": "Feature", "properties": { "sensor": "SUOMI-NPP", "description": "<b>Latitude: </b> 50.61781<br/> \n                    <b>Longitude: </b> 30.87288<br/> \n                    <b>Detection Time: </b> 2026-09-30 10:41 UTC<br/> \n                    <b>Sensor: </b> Suomi-NPP VIIRS<br/>\n                    <b>Confidence: </b> Nominal<br/> \n                    <b>Day/Night: </b> Day<br/>\n                    <b>Scan: </b> 0.41 km<br/>\n                    <b>Track: </b> 0.37 km<br/>\n                    <b>FRP: </b> 8.53 MW<br/>\n                    <b>Brightness: </b> 335.52 K" }, "geometry": { "type": "Point", "coordinates": [ 30.87288, 50.61781 ] } },
{ "type": "Feature", "properties": { "sensor": "SUOMI-NPP", "description": "<b>Latitude: </b> 50.61321<br/> \n                    <b>Longitude: </b> 30.88702<br/> \n                    <b>Detection Time: </b> 2026-09-30 10:41 UTC<br/> \n                    <b>Sensor: </b> Suomi-NPP VIIRS<br/>\n                    <b>Confidence: </b> Low<br/> \n                    <b>Day/Night: </b> Day<br/>\n                    <b>Scan: </b> 0.41 km<br/>\n                    <b>Track: </b> 0.37 km<br/>\n                    <b>FRP: </b> 10.78 MW<br/>\n                    <b>Brightness: </b> 356.46 K" }, "geometry": { "type": "Point", "coordinates": [ 30.88702, 50.61321 ] } },
{ "type": "Feature", "properties": { "sensor": "SUOMI-NPP", "description": "<b>Latitude: </b> 50.6122<br/> \n                    <b>Longitude: </b> 30.88143<br/> \n                    <b>Detection Time: </b> 2026-09-30 10:41 UTC<br/> \n                    <b>Sensor: </b> Suomi-NPP VIIRS<br/>\n                    <b>Confidence: </b> Nominal<br/> \n                    <b>Day/Night: </b> Day<br/>\n                    <b>Scan: </b> 0.41 km<br/>\n                    <b>Track: </b> 0.37 km<br/>\n                    <b>FRP: </b> 10.78 MW<br/>\n                    <b>Brightness: </b> 355.66 K" }, "geometry": { "type": "Point", "coordinates": [ 30.88143, 50.6122 ] } },
{ "type": "Feature", "properties": { "sensor": "SUOMI-NPP", "description": "<b>Latitude: </b> 51.17417<br/> \n                    <b>Longitude: </b> 35.23283<br/> \n                    <b>Detection Time: </b> 2026-09-30 10:41 UTC<br/> \n                    <b>Sensor: </b> Suomi-NPP VIIRS<br/>\n                    <b>Confidence: </b> Nominal<br/> \n                    <b>Day/Night: </b> Day<br/>\n                    <b>Scan: </b> 0.4 km<br/>\n                    <b>Track: </b> 0.37 km<br/>\n                    <b>FRP: </b> 7.42 MW<br/>\n                    <b>Brightness: </b> 332.53 K" }, "geometry": { "type": "Point", "coordinates": [ 35.23283, 51.17417 ] } },
{ "type": "Feature", "properties": { "sensor": "SUOMI-NPP", "description": "<b>Latitude: </b> 51.17495<br/> \n                    <b>Longitude: </b> 35.23843<br/> \n                    <b>Detection Time: </b> 2026-09-30 10:41 UTC<br/> \n                    <b>Sensor: </b> Suomi-NPP VIIRS<br/>\n                    <b>Confidence: </b> Nominal<br/> \n                    <b>Day/Night: </b> Day<br/>\n                    <b>Scan: </b> 0.4 km<br/>\n                    <b>Track: </b> 0.37 km<br/>\n                    <b>FRP: </b> 7.42 MW<br/>\n                    <b>Brightness: </b> 342.07 K" }, "geometry": { "type": "Point", "coordinates": [ 35.23843, 51.17495 ] } },
{ "type": "Feature", "properties": { "sensor": "SUOMI-NPP", "description": "<b>Latitude: </b> 51.16676<br/> \n                    <b>Longitude: </b> 35.22954<br/> \n                    <b>Detection Time: </b> 2026-09-30 10:41 UTC<br/> \n                    <b>Sensor: </b> Suomi-NPP VIIRS<br/>\n                    <b>Confidence: </b> Nominal<br/> \n                    <b>Day/Night: </b> Day<br/>\n                    <b>Scan: </b> 0.4 km<br/>\n                    <b>Track: </b> 0.37 km<br/>\n                    <b>FRP: </b> 12.16 MW<br/>\n                    <b>Brightness: </b> 341.91 K" }, "geometry": { "type": "Point", "coordinates": [ 35.22954, 51.16676 ] } },
{ "type": "Feature", "properties": { "sensor": "SUOMI-NPP", "description": "<b>Latitude: </b> 50.44978<br/> \n                    <b>Longitude: </b> 30.79232<br/> \n                    <b>Detection Time: </b> 2026-09-30 10:41 UTC<br/> \n                    <b>Sensor: </b> Suomi-NPP VIIRS<br/>\n                    <b>Confidence: </b> Nominal<br/> \n                    <b>Day/Night: </b> Day<br/>\n                    <b>Scan: </b> 0.41 km<br/>\n                    <b>Track: </b> 0.37 km<br/>\n                    <b>FRP: </b> 62.17 MW<br/>\n                    <b>Brightness: </b> 341.43 K" }, "geometry": { "type": "Point", "coordinates": [ 30.79232, 50.44978 ] } },
{ "type": "Feature", "properties": { "sensor": "SUOMI-NPP", "description": "<b>Latitude: </b> 51.15271<br/> \n                    <b>Longitude: </b> 35.22855<br/> \n                    <b>Detection Time: </b> 2026-09-30 10:41 UTC<br/> \n                    <b>Sensor: </b> Suomi-NPP VIIRS<br/>\n                    <b>Confidence: </b> Nominal<br/> \n                    <b>Day/Night: </b> Day<br/>\n                    <b>Scan: </b> 0.4 km<br/>\n                    <b>Track: </b> 0.37 km<br/>\n                    <b>FRP: </b> 4.77 MW<br/>\n                    <b>Brightness: </b> 347.12 K" }, "geometry": { "type": "Point", "coordinates": [ 35.22855, 51.15271 ] } },
{ "type": "Feature", "properties": { "sensor": "SUOMI-NPP", "description": "<b>Latitude: </b> 51.07061<br/> \n                    <b>Longitude: </b> 35.3475<br/> \n                    <b>Detection Time: </b> 2026-09-30 10:41 UTC<br/> \n                    <b>Sensor: </b> Suomi-NPP VIIRS<br/>\n                    <b>Confidence: </b> Nominal<br/> \n                    <b>Day/Night: </b> Day<br/>\n                    <b>Scan: </b> 0.4 km<br/>\n                    <b>Track: </b> 0.37 km<br/>\n                    <b>FRP: </b> 3.61 MW<br/>\n                    <b>Brightness: </b> 336.53 K" }, "geometry": { "type": "Point", "coordinates": [ 35.3475, 51.07061 ] } },
{ "type": "Feature", "properties": { "sensor": "SUOMI-NPP", "description": "<b>Latitude: </b> 51.07138<br/> \n                    <b>Longitude: </b> 35.35308<br/> \n                    <b>Detection Time: </b> 2026-09-30 10:41 UTC<br/> \n                    <b>Sensor: </b> Suomi-NPP VIIRS<br/>\n                    <b>Confidence: </b> Nominal<br/> \n                    <b>Day/Night: </b> Day<br/>\n                    <b>Scan: </b> 0.4 km<br/>\n                    <b>Track: </b> 0.37 km<br/>\n                    <b>FRP: </b> 3.61 MW<br/>\n                    <b>Brightness: </b> 339.83 K" }, "geometry": { "type": "Point", "coordinates": [ 35.35308, 51.07138 ] } },
{ "type": "Feature", "properties": { "sensor": "SUOMI-NPP", "description": "<b>Latitude: </b> 51.06729<br/> \n                    <b>Longitude: </b> 35.34867<br/> \n                    <b>Detection Time: </b> 2026-09-30 10:41 UTC<br/> \n                    <b>Sensor: </b> Suomi-NPP VIIRS<br/>\n                    <b>Confidence: </b> Nominal<br/> \n                    <b>Day/Night: </b> Day<br/>\n                    <b>Scan: </b> 0.4 km<br/>\n                    <b>Track: </b> 0.37 km<br/>\n                    <b>FRP: </b> 6.66 MW<br/>\n                    <b>Brightness: </b> 348.59 K" }, "geometry": { "type": "Point", "coordinates": [ 35.34867, 51.06729 ] } },
{ "type": "Feature", "properties": { "sensor": "SUOMI-NPP", "description": "<b>Latitude: </b> 50.31993<br/> \n                    <b>Longitude: </b> 31.04125<br/> \n                    <b>Detection Time: </b> 2026-09-30 10:41 UTC<br/> \n                    <b>Sensor: </b> Suomi-NPP VIIRS<br/>\n                    <b>Confidence: </b> Low<br/> \n                    <b>Day/Night: </b> Day<br/>\n                    <b>Scan: </b> 0.41 km<br/>\n                    <b>Track: </b> 0.37 km<br/>\n                    <b>FRP: </b> 5.62 MW<br/>\n                    <b>Brightness: </b> 357.61 K" }, "geometry": { "type": "Point", "coordinates": [ 31.04125, 50.31993 ] } },
{ "type": "Feature", "properties": { "sensor": "SUOMI-NPP", "description": "<b>Latitude: </b> 50.31894<br/> \n                    <b>Longitude: </b> 31.03569<br/> \n                    <b>Detection Time: </b> 2026-09-30 10:41 UTC<br/> \n                    <b>Sensor: </b> Suomi-NPP VIIRS<br/>\n                    <b>Confidence: </b> Nominal<br/> \n                    <b>Day/Night: </b> Day<br/>\n                    <b>Scan: </b> 0.41 km<br/>\n                    <b>Track: </b> 0.37 km<br/>\n                    <b>FRP: </b> 5.62 MW<br/>\n                    <b>Brightness: </b> 339.55 K" }, "geometry": { "type": "Point", "coordinates": [ 31.03569, 50.31894 ] } },
{ "type": "Feature", "properties": { "sensor": "SUOMI-NPP", "description": "<b>Latitude: </b> 51.2588<br/> \n                    <b>Longitude: </b> 37.76587<br/> \n                    <b>Detection Time: </b> 2026-09-30 10:41 UTC<br/> \n                    <b>Sensor: </b> Suomi-NPP VIIRS<br/>\n                    <b>Confidence: </b> Nominal<br/> \n                    <b>Day/Night: </b> Day<br/>\n                    <b>Scan: </b> 0.45 km<br/>\n                    <b>Track: </b> 0.39 km<br/>\n                    <b>FRP: </b> 2.33 MW<br/>\n                    <b>Brightness: </b> 325.03 K" }, "geometry": { "type": "Point", "coordinates": [ 37.76587, 51.2588 ] } },
{ "type": "Feature", "properties": { "sensor": "SUOMI-NPP", "description": "<b>Latitude: </b> 50.58668<br/> \n                    <b>Longitude: </b> 33.386<br/> \n                    <b>Detection Time: </b> 2026-09-30 10:41 UTC<br/> \n                    <b>Sensor: </b> Suomi-NPP VIIRS<br/>\n                    <b>Confidence: </b> Nominal<br/> \n                    <b>Day/Night: </b> Day<br/>\n                    <b>Scan: </b> 0.38 km<br/>\n                    <b>Track: </b> 0.36 km<br/>\n                    <b>FRP: </b> 3 MW<br/>\n                    <b>Brightness: </b> 332.15 K" }, "geometry": { "type": "Point", "coordinates": [ 33.386, 50.58668 ] } },
{ "type": "Feature", "properties": { "sensor": "SUOMI-NPP", "description": "<b>Latitude: </b> 51.86567<br/> \n                    <b>Longitude: </b> 54.69705<br/> \n                    <b>Detection Time: </b> 2026-09-30 10:41 UTC<br/> \n                    <b>Sensor: </b> Suomi-NPP VIIRS<br/>\n                    <b>Confidence: </b> Nominal<br/> \n                    <b>Day/Night: </b> Day<br/>\n                    <b>Scan: </b> 0.73 km<br/>\n                    <b>Track: </b> 0.76 km<br/>\n                    <b>FRP: </b> 5.59 MW<br/>\n                    <b>Brightness: </b> 349.93 K" }, "geometry": { "type": "Point", "coordinates": [ 54.69705, 51.86567 ] } },
{ "type": "Feature", "properties": { "sensor": "SUOMI-NPP", "description": "<b>Latitude: </b> 51.13721<br/> \n                    <b>Longitude: </b> 37.9341<br/> \n                    <b>Detection Time: </b> 2026-09-30 10:41 UTC<br/> \n                    <b>Sensor: </b> Suomi-NPP VIIRS<br/>\n                    <b>Confidence: </b> Nominal<br/> \n                    <b>Day/Night: </b> Day<br/>\n                    <b>Scan: </b> 0.45 km<br/>\n                    <b>Track: </b> 0.39 km<br/>\n                    <b>FRP: </b> 3.82 MW<br/>\n                    <b>Brightness: </b> 327.64 K" }, "geometry": { "type": "Point", "coordinates": [ 37.9341, 51.13721 ] } },
{ "type": "Feature", "properties": { "sensor": "SUOMI-NPP", "description": "<b>Latitude: </b> 51.8707<br/> \n                    <b>Longitude: </b> 54.69658<br/> \n                    <b>Detection Time: </b> 2026-09-30 10:41 UTC<br/> \n                    <b>Sensor: </b> Suomi-NPP VIIRS<br/>\n                    <b>Confidence: </b> Nominal<br/> \n                    <b>Day/Night: </b> Day<br/>\n                    <b>Scan: </b> 0.73 km<br/>\n                    <b>Track: </b> 0.76 km<br/>\n                    <b>FRP: </b> 6.73 MW<br/>\n                    <b>Brightness: </b> 342.63 K" }, "geometry": { "type": "Point", "coordinates": [ 54.69658, 51.8707 ] } },
{ "type": "Feature", "properties": { "sensor": "SUOMI-NPP", "description": "<b>Latitude: </b> 51.81454<br/> \n                    <b>Longitude: </b> 52.55256<br/> \n                    <b>Detection Time: </b> 2026-09-30 10:41 UTC<br/> \n                    <b>Sensor: </b> Suomi-NPP VIIRS<br/>\n                    <b>Confidence: </b> Nominal<br/> \n                    <b>Day/Night: </b> Day<br/>\n                    <b>Scan: </b> 0.59 km<br/>\n                    <b>Track: </b> 0.7 km<br/>\n                    <b>FRP: </b> 4.2 MW<br/>\n                    <b>Brightness: </b> 329.76 K" }, "geometry": { "type": "Point", "coordinates": [ 52.55256, 51.81454 ] } },
{ "type": "Feature", "properties": { "sensor": "SUOMI-NPP", "description": "<b>Latitude: </b> 51.81016<br/> \n                    <b>Longitude: </b> 52.55153<br/> \n                    <b>Detection Time: </b> 2026-09-30 10:41 UTC<br/> \n                    <b>Sensor: </b> Suomi-NPP VIIRS<br/>\n                    <b>Confidence: </b> Nominal<br/> \n                    <b>Day/Night: </b> Day<br/>\n                    <b>Scan: </b> 0.59 km<br/>\n                    <b>Track: </b> 0.7 km<br/>\n                    <b>FRP: </b> 2.84 MW<br/>\n                    <b>Brightness: </b> 332.01 K" }, "geometry": { "type": "Point", "coordinates": [ 52.55153, 51.81016 ] } },
{ "type": "Feature", "properties": { "sensor": "SUOMI-NPP", "description": "<b>Latitude: </b> 51.60401<br/> \n                    <b>Longitude: </b> 52.92872<br/> \n                    <b>Detection Time: </b> 2026-09-30 10:41 UTC<br/> \n                    <b>Sensor: </b> Suomi-NPP VIIRS<br/>\n                    <b>Confidence: </b> High<br/> \n                    <b>Day/Night: </b> Day<br/>\n                    <b>Scan: </b> 0.61 km<br/>\n                    <b>Track: </b> 0.71 km<br/>\n                    <b>FRP: </b> 8.99 MW<br/>\n                    <b>Brightness: </b> 367 K" }, "geometry": { "type": "Point", "coordinates": [ 52.92872, 51.60401 ] } },
{ "type": "Feature", "properties": { "sensor": "SUOMI-NPP", "description": "<b>Latitude: </b> 51.5665<br/> \n                    <b>Longitude: </b> 52.75316<br/> \n                    <b>Detection Time: </b> 2026-09-30 10:41 UTC<br/> \n                    <b>Sensor: </b> Suomi-NPP VIIRS<br/>\n                    <b>Confidence: </b> Nominal<br/> \n                    <b>Day/Night: </b> Day<br/>\n                    <b>Scan: </b> 0.6 km<br/>\n                    <b>Track: </b> 0.71 km<br/>\n                    <b>FRP: </b> 7.26 MW<br/>\n                    <b>Brightness: </b> 347.23 K" }, "geometry": { "type": "Point", "coordinates": [ 52.75316, 51.5665 ] } },
{ "type": "Feature", "properties": { "sensor": "SUOMI-NPP", "description": "<b>Latitude: </b> 51.60112<br/> \n                    <b>Longitude: </b> 52.92783<br/> \n                    <b>Detection Time: </b> 2026-09-30 10:41 UTC<br/> \n                    <b>Sensor: </b> Suomi-NPP VIIRS<br/>\n                    <b>Confidence: </b> Nominal<br/> \n                    <b>Day/Night: </b> Day<br/>\n                    <b>Scan: </b> 0.61 km<br/>\n                    <b>Track: </b> 0.71 km<br/>\n                    <b>FRP: </b> 9.69 MW<br/>\n                    <b>Brightness: </b> 350.85 K" }, "geometry": { "type": "Point", "coordinates": [ 52.92783, 51.60112 ] } },
{ "type": "Feature", "properties": { "sensor": "SUOMI-NPP", "description": "<b>Latitude: </b> 51.5629<br/> \n                    <b>Longitude: </b> 52.75217<br/> \n                    <b>Detection Time: </b> 2026-09-30 10:41 UTC<br/> \n                    <b>Sensor: </b> Suomi-NPP VIIRS<br/>\n                    <b>Confidence: </b> Nominal<br/> \n                    <b>Day/Night: </b> Day<br/>\n                    <b>Scan: </b> 0.6 km<br/>\n                    <b>Track: </b> 0.71 km<br/>\n                    <b>FRP: </b> 4.62 MW<br/>\n                    <b>Brightness: </b> 345.51 K" }, "geometry": { "type": "Point", "coordinates": [ 52.75217, 51.5629 ] } },
{ "type": "Feature", "properties": { "sensor": "SUOMI-NPP", "description": "<b>Latitude: </b> 49.75557<br/> \n                    <b>Longitude: </b> 31.69749<br/> \n                    <b>Detection Time: </b> 2026-09-30 10:41 UTC<br/> \n                    <b>Sensor: </b> Suomi-NPP VIIRS<br/>\n                    <b>Confidence: </b> Nominal<br/> \n                    <b>Day/Night: </b> Day<br/>\n                    <b>Scan: </b> 0.4 km<br/>\n                    <b>Track: </b> 0.37 km<br/>\n                    <b>FRP: </b> 0.66 MW<br/>\n                    <b>Brightness: </b> 326.23 K" }, "geometry": { "type": "Point", "coordinates": [ 31.69749, 49.75557 ] } },
{ "type": "Feature", "properties": { "sensor": "SUOMI-NPP", "description": "<b>Latitude: </b> 49.75003<br/> \n                    <b>Longitude: </b> 31.74647<br/> \n                    <b>Detection Time: </b> 2026-09-30 10:41 UTC<br/> \n                    <b>Sensor: </b> Suomi-NPP VIIRS<br/>\n                    <b>Confidence: </b> Nominal<br/> \n                    <b>Day/Night: </b> Day<br/>\n                    <b>Scan: </b> 0.4 km<br/>\n                    <b>Track: </b> 0.37 km<br/>\n                    <b>FRP: </b> 1.73 MW<br/>\n                    <b>Brightness: </b> 337.28 K" }, "geometry": { "type": "Point", "coordinates": [ 31.74647, 49.75003 ] } },
{ "type": "Feature", "properties": { "sensor": "SUOMI-NPP", "description": "<b>Latitude: </b> 50.39684<br/> \n                    <b>Longitude: </b> 36.08719<br/> \n                    <b>Detection Time: </b> 2026-09-30 10:41 UTC<br/> \n                    <b>Sensor: </b> Suomi-NPP VIIRS<br/>\n                    <b>Confidence: </b> Nominal<br/> \n                    <b>Day/Night: </b> Day<br/>\n                    <b>Scan: </b> 0.4 km<br/>\n                    <b>Track: </b> 0.37 km<br/>\n                    <b>FRP: </b> 2.28 MW<br/>\n                    <b>Brightness: </b> 330 K" }, "geometry": { "type": "Point", "coordinates": [ 36.08719, 50.39684 ] } },
{ "type": "Feature", "properties": { "sensor": "SUOMI-NPP", "description": "<b>Latitude: </b> 50.37173<br/> \n                    <b>Longitude: </b> 35.97824<br/> \n                    <b>Detection Time: </b> 2026-09-30 10:41 UTC<br/> \n                    <b>Sensor: </b> Suomi-NPP VIIRS<br/>\n                    <b>Confidence: </b> Nominal<br/> \n                    <b>Day/Night: </b> Day<br/>\n                    <b>Scan: </b> 0.4 km<br/>\n                    <b>Track: </b> 0.37 km<br/>\n                    <b>FRP: </b> 2.58 MW<br/>\n                    <b>Brightness: </b> 329.9 K" }, "geometry": { "type": "Point", "coordinates": [ 35.97824, 50.37173 ] } },
{ "type": "Feature", "properties": { "sensor": "SUOMI-NPP", "description": "<b>Latitude: </b> 48.4934<br/> \n                    <b>Longitude: </b> 26.80391<br/> \n                    <b>Detection Time: </b> 2026-09-30 10:41 UTC<br/> \n                    <b>Sensor: </b> Suomi-NPP VIIRS<br/>\n                    <b>Confidence: </b> Nominal<br/> \n                    <b>Day/Night: </b> Day<br/>\n                    <b>Scan: </b> 0.39 km<br/>\n                    <b>Track: </b> 0.44 km<br/>\n                    <b>FRP: </b> 2.41 MW<br/>\n                    <b>Brightness: </b> 330.05 K" }, "geometry": { "type": "Point", "coordinates": [ 26.80391, 48.4934 ] } },
{ "type": "Feature", "properties": { "sensor": "SUOMI-NPP", "description": "<b>Latitude: </b> 50.88321<br/> \n                    <b>Longitude: </b> 49.0288<br/> \n                    <b>Detection Time: </b> 2026-09-30 10:41 UTC<br/> \n                    <b>Sensor: </b> Suomi-NPP VIIRS<br/>\n                    <b>Confidence: </b> Nominal<br/> \n                    <b>Day/Night: </b> Day<br/>\n                    <b>Scan: </b> 0.41 km<br/>\n                    <b>Track: </b> 0.61 km<br/>\n                    <b>FRP: </b> 6.6 MW<br/>\n                    <b>Brightness: </b> 339.32 K" }, "geometry": { "type": "Point", "coordinates": [ 49.0288, 50.88321 ] } },
{ "type": "Feature", "properties": { "sensor": "SUOMI-NPP", "description": "<b>Latitude: </b> 49.4182<br/> \n                    <b>Longitude: </b> 34.40944<br/> \n                    <b>Detection Time: </b> 2026-09-30 10:41 UTC<br/> \n                    <b>Sensor: </b> Suomi-NPP VIIRS<br/>\n                    <b>Confidence: </b> Nominal<br/> \n                    <b>Day/Night: </b> Day<br/>\n                    <b>Scan: </b> 0.38 km<br/>\n                    <b>Track: </b> 0.36 km<br/>\n                    <b>FRP: </b> 1.66 MW<br/>\n                    <b>Brightness: </b> 326.44 K" }, "geometry": { "type": "Point", "coordinates": [ 34.40944, 49.4182 ] } },
{ "type": "Feature", "properties": { "sensor": "SUOMI-NPP", "description": "<b>Latitude: </b> 49.06696<br/> \n                    <b>Longitude: </b> 35.09209<br/> \n                    <b>Detection Time: </b> 2026-09-30 10:41 UTC<br/> \n                    <b>Sensor: </b> Suomi-NPP VIIRS<br/>\n                    <b>Confidence: </b> Nominal<br/> \n                    <b>Day/Night: </b> Day<br/>\n                    <b>Scan: </b> 0.39 km<br/>\n                    <b>Track: </b> 0.36 km<br/>\n                    <b>FRP: </b> 2.79 MW<br/>\n                    <b>Brightness: </b> 328.45 K" }, "geometry": { "type": "Point", "coordinates": [ 35.09209, 49.06696 ] } },
{ "type": "Feature", "properties": { "sensor": "SUOMI-NPP", "description": "<b>Latitude: </b> 48.2767<br/> \n                    <b>Longitude: </b> 32.53627<br/> \n                    <b>Detection Time: </b> 2026-09-30 10:41 UTC<br/> \n                    <b>Sensor: </b> Suomi-NPP VIIRS<br/>\n                    <b>Confidence: </b> Nominal<br/> \n                    <b>Day/Night: </b> Day<br/>\n                    <b>Scan: </b> 0.4 km<br/>\n                    <b>Track: </b> 0.37 km<br/>\n                    <b>FRP: </b> 2.59 MW<br/>\n                    <b>Brightness: </b> 341.04 K" }, "geometry": { "type": "Point", "coordinates": [ 32.53627, 48.2767 ] } },
{ "type": "Feature", "properties": { "sensor": "SUOMI-NPP", "description": "<b>Latitude: </b> 48.27248<br/> \n                    <b>Longitude: </b> 32.53226<br/> \n                    <b>Detection Time: </b> 2026-09-30 10:41 UTC<br/> \n                    <b>Sensor: </b> Suomi-NPP VIIRS<br/>\n                    <b>Confidence: </b> Nominal<br/> \n                    <b>Day/Night: </b> Day<br/>\n                    <b>Scan: </b> 0.4 km<br/>\n                    <b>Track: </b> 0.37 km<br/>\n                    <b>FRP: </b> 5.66 MW<br/>\n                    <b>Brightness: </b> 342.39 K" }, "geometry": { "type": "Point", "coordinates": [ 32.53226, 48.27248 ] } },
{ "type": "Feature", "properties": { "sensor": "SUOMI-NPP", "description": "<b>Latitude: </b> 48.27339<br/> \n                    <b>Longitude: </b> 32.53756<br/> \n                    <b>Detection Time: </b> 2026-09-30 10:41 UTC<br/> \n                    <b>Sensor: </b> Suomi-NPP VIIRS<br/>\n                    <b>Confidence: </b> Nominal<br/> \n                    <b>Day/Night: </b> Day<br/>\n                    <b>Scan: </b> 0.4 km<br/>\n                    <b>Track: </b> 0.37 km<br/>\n                    <b>FRP: </b> 2.59 MW<br/>\n                    <b>Brightness: </b> 340.85 K" }, "geometry": { "type": "Point", "coordinates": [ 32.53756, 48.27339 ] } },
{ "type": "Feature", "properties": { "sensor": "SUOMI-NPP", "description": "<b>Latitude: </b> 47.72418<br/> \n                    <b>Longitude: </b> 30.18533<br/> \n                    <b>Detection Time: </b> 2026-09-30 10:41 UTC<br/> \n                    <b>Sensor: </b> Suomi-NPP VIIRS<br/>\n                    <b>Confidence: </b> Nominal<br/> \n                    <b>Day/Night: </b> Day<br/>\n                    <b>Scan: </b> 0.46 km<br/>\n                    <b>Track: </b> 0.39 km<br/>\n                    <b>FRP: </b> 9.78 MW<br/>\n                    <b>Brightness: </b> 348.82 K" }, "geometry": { "type": "Point", "coordinates": [ 30.18533, 47.72418 ] } },
{ "type": "Feature", "properties": { "sensor": "SUOMI-NPP", "description": "<b>Latitude: </b> 49.1876<br/> \n                    <b>Longitude: </b> 42.69334<br/> \n                    <b>Detection Time: </b> 2026-09-30 10:41 UTC<br/> \n                    <b>Sensor: </b> Suomi-NPP VIIRS<br/>\n                    <b>Confidence: </b> Nominal<br/> \n                    <b>Day/Night: </b> Day<br/>\n                    <b>Scan: </b> 0.42 km<br/>\n                    <b>Track: </b> 0.45 km<br/>\n                    <b>FRP: </b> 4.95 MW<br/>\n                    <b>Brightness: </b> 334.7 K" }, "geometry": { "type": "Point", "coordinates": [ 42.69334, 49.1876 ] } },
{ "type": "Feature", "properties": { "sensor": "SUOMI-NPP", "description": "<b>Latitude: </b> 49.1834<br/> \n                    <b>Longitude: </b> 42.69411<br/> \n                    <b>Detection Time: </b> 2026-09-30 10:41 UTC<br/> \n                    <b>Sensor: </b> Suomi-NPP VIIRS<br/>\n                    <b>Confidence: </b> Nominal<br/> \n                    <b>Day/Night: </b> Day<br/>\n                    <b>Scan: </b> 0.42 km<br/>\n                    <b>Track: </b> 0.45 km<br/>\n                    <b>FRP: </b> 5.14 MW<br/>\n                    <b>Brightness: </b> 338.06 K" }, "geometry": { "type": "Point", "coordinates": [ 42.69411, 49.1834 ] } },
{ "type": "Feature", "properties": { "sensor": "SUOMI-NPP", "description": "<b>Latitude: </b> 49.18387<br/> \n                    <b>Longitude: </b> 42.69992<br/> \n                    <b>Detection Time: </b> 2026-09-30 10:41 UTC<br/> \n                    <b>Sensor: </b> Suomi-NPP VIIRS<br/>\n                    <b>Confidence: </b> Nominal<br/> \n                    <b>Day/Night: </b> Day<br/>\n                    <b>Scan: </b> 0.42 km<br/>\n                    <b>Track: </b> 0.45 km<br/>\n                    <b>FRP: </b> 5.14 MW<br/>\n                    <b>Brightness: </b> 343.86 K" }, "geometry": { "type": "Point", "coordinates": [ 42.69992, 49.18387 ] } },
{ "type": "Feature", "properties": { "sensor": "SUOMI-NPP", "description": "<b>Latitude: </b> 47.64686<br/> \n                    <b>Longitude: </b> 32.67112<br/> \n                    <b>Detection Time: </b> 2026-09-30 10:41 UTC<br/> \n                    <b>Sensor: </b> Suomi-NPP VIIRS<br/>\n                    <b>Confidence: </b> Nominal<br/> \n                    <b>Day/Night: </b> Day<br/>\n                    <b>Scan: </b> 0.4 km<br/>\n                    <b>Track: </b> 0.37 km<br/>\n                    <b>FRP: </b> 1.97 MW<br/>\n                    <b>Brightness: </b> 335.43 K" }, "geometry": { "type": "Point", "coordinates": [ 32.67112, 47.64686 ] } },
{ "type": "Feature", "properties": { "sensor": "SUOMI-NPP", "description": "<b>Latitude: </b> 47.49353<br/> \n                    <b>Longitude: </b> 33.07704<br/> \n                    <b>Detection Time: </b> 2026-09-30 10:41 UTC<br/> \n                    <b>Sensor: </b> Suomi-NPP VIIRS<br/>\n                    <b>Confidence: </b> Nominal<br/> \n                    <b>Day/Night: </b> Day<br/>\n                    <b>Scan: </b> 0.4 km<br/>\n                    <b>Track: </b> 0.37 km<br/>\n                    <b>FRP: </b> 2.83 MW<br/>\n                    <b>Brightness: </b> 335.65 K" }, "geometry": { "type": "Point", "coordinates": [ 33.07704, 47.49353 ] } },
{ "type": "Feature", "properties": { "sensor": "SUOMI-NPP", "description": "<b>Latitude: </b> 48.7212<br/> \n                    <b>Longitude: </b> 44.07271<br/> \n                    <b>Detection Time: </b> 2026-09-30 10:41 UTC<br/> \n                    <b>Sensor: </b> Suomi-NPP VIIRS<br/>\n                    <b>Confidence: </b> Nominal<br/> \n                    <b>Day/Night: </b> Day<br/>\n                    <b>Scan: </b> 0.48 km<br/>\n                    <b>Track: </b> 0.48 km<br/>\n                    <b>FRP: </b> 8.85 MW<br/>\n                    <b>Brightness: </b> 340.8 K" }, "geometry": { "type": "Point", "coordinates": [ 44.07271, 48.7212 ] } },
{ "type": "Feature", "properties": { "sensor": "SUOMI-NPP", "description": "<b>Latitude: </b> 48.72166<br/> \n                    <b>Longitude: </b> 44.07931<br/> \n                    <b>Detection Time: </b> 2026-09-30 10:41 UTC<br/> \n                    <b>Sensor: </b> Suomi-NPP VIIRS<br/>\n                    <b>Confidence: </b> Nominal<br/> \n                    <b>Day/Night: </b> Day<br/>\n                    <b>Scan: </b> 0.48 km<br/>\n                    <b>Track: </b> 0.48 km<br/>\n                    <b>FRP: </b> 8.85 MW<br/>\n                    <b>Brightness: </b> 346.48 K" }, "geometry": { "type": "Point", "coordinates": [ 44.07931, 48.72166 ] } },
{ "type": "Feature", "properties": { "sensor": "SUOMI-NPP", "description": "<b>Latitude: </b> 48.71675<br/> \n                    <b>Longitude: </b> 44.07345<br/> \n                    <b>Detection Time: </b> 2026-09-30 10:41 UTC<br/> \n                    <b>Sensor: </b> Suomi-NPP VIIRS<br/>\n                    <b>Confidence: </b> Nominal<br/> \n                    <b>Day/Night: </b> Day<br/>\n                    <b>Scan: </b> 0.48 km<br/>\n                    <b>Track: </b> 0.48 km<br/>\n                    <b>FRP: </b> 8.85 MW<br/>\n                    <b>Brightness: </b> 351.98 K" }, "geometry": { "type": "Point", "coordinates": [ 44.07345, 48.71675 ] } },
{ "type": "Feature", "properties": { "sensor": "SUOMI-NPP", "description": "<b>Latitude: </b> 47.4561<br/> \n                    <b>Longitude: </b> 33.5029<br/> \n                    <b>Detection Time: </b> 2026-09-30 10:41 UTC<br/> \n                    <b>Sensor: </b> Suomi-NPP VIIRS<br/>\n                    <b>Confidence: </b> Nominal<br/> \n                    <b>Day/Night: </b> Day<br/>\n                    <b>Scan: </b> 0.39 km<br/>\n                    <b>Track: </b> 0.36 km<br/>\n                    <b>FRP: </b> 3.1 MW<br/>\n                    <b>Brightness: </b> 330.12 K" }, "geometry": { "type": "Point", "coordinates": [ 33.5029, 47.4561 ] } },
{ "type": "Feature", "properties": { "sensor": "SUOMI-NPP", "description": "<b>Latitude: </b> 47.45695<br/> \n                    <b>Longitude: </b> 33.50801<br/> \n                    <b>Detection Time: </b> 2026-09-30 10:41 UTC<br/> \n                    <b>Sensor: </b> Suomi-NPP VIIRS<br/>\n                    <b>Confidence: </b> Nominal<br/> \n                    <b>Day/Night: </b> Day<br/>\n                    <b>Scan: </b> 0.39 km<br/>\n                    <b>Track: </b> 0.36 km<br/>\n                    <b>FRP: </b> 3.1 MW<br/>\n                    <b>Brightness: </b> 335.4 K" }, "geometry": { "type": "Point", "coordinates": [ 33.50801, 47.45695 ] } },
{ "type": "Feature", "properties": { "sensor": "SUOMI-NPP", "description": "<b>Latitude: </b> 48.71987<br/> \n                    <b>Longitude: </b> 44.08145<br/> \n                    <b>Detection Time: </b> 2026-09-30 10:41 UTC<br/> \n                    <b>Sensor: </b> Suomi-NPP VIIRS<br/>\n                    <b>Confidence: </b> Nominal<br/> \n                    <b>Day/Night: </b> Day<br/>\n                    <b>Scan: </b> 0.48 km<br/>\n                    <b>Track: </b> 0.48 km<br/>\n                    <b>FRP: </b> 10.06 MW<br/>\n                    <b>Brightness: </b> 344.7 K" }, "geometry": { "type": "Point", "coordinates": [ 44.08145, 48.71987 ] } },
{ "type": "Feature", "properties": { "sensor": "SUOMI-NPP", "description": "<b>Latitude: </b> 48.71939<br/> \n                    <b>Longitude: </b> 44.07488<br/> \n                    <b>Detection Time: </b> 2026-09-30 10:41 UTC<br/> \n                    <b>Sensor: </b> Suomi-NPP VIIRS<br/>\n                    <b>Confidence: </b> High<br/> \n                    <b>Day/Night: </b> Day<br/>\n                    <b>Scan: </b> 0.48 km<br/>\n                    <b>Track: </b> 0.48 km<br/>\n                    <b>FRP: </b> 18.49 MW<br/>\n                    <b>Brightness: </b> 367 K" }, "geometry": { "type": "Point", "coordinates": [ 44.07488, 48.71939 ] } },
{ "type": "Feature", "properties": { "sensor": "SUOMI-NPP", "description": "<b>Latitude: </b> 47.32093<br/> \n                    <b>Longitude: </b> 32.83546<br/> \n                    <b>Detection Time: </b> 2026-09-30 10:41 UTC<br/> \n                    <b>Sensor: </b> Suomi-NPP VIIRS<br/>\n                    <b>Confidence: </b> Low<br/> \n                    <b>Day/Night: </b> Day<br/>\n                    <b>Scan: </b> 0.4 km<br/>\n                    <b>Track: </b> 0.37 km<br/>\n                    <b>FRP: </b> 9.54 MW<br/>\n                    <b>Brightness: </b> 356.97 K" }, "geometry": { "type": "Point", "coordinates": [ 32.83546, 47.32093 ] } },
{ "type": "Feature", "properties": { "sensor": "SUOMI-NPP", "description": "<b>Latitude: </b> 47.32183<br/> \n                    <b>Longitude: </b> 32.84069<br/> \n                    <b>Detection Time: </b> 2026-09-30 10:41 UTC<br/> \n                    <b>Sensor: </b> Suomi-NPP VIIRS<br/>\n                    <b>Confidence: </b> Nominal<br/> \n                    <b>Day/Night: </b> Day<br/>\n                    <b>Scan: </b> 0.4 km<br/>\n                    <b>Track: </b> 0.37 km<br/>\n                    <b>FRP: </b> 4.74 MW<br/>\n                    <b>Brightness: </b> 338.89 K" }, "geometry": { "type": "Point", "coordinates": [ 32.84069, 47.32183 ] } },
{ "type": "Feature", "properties": { "sensor": "SUOMI-NPP", "description": "<b>Latitude: </b> 47.31761<br/> \n                    <b>Longitude: </b> 32.83672<br/> \n                    <b>Detection Time: </b> 2026-09-30 10:41 UTC<br/> \n                    <b>Sensor: </b> Suomi-NPP VIIRS<br/>\n                    <b>Confidence: </b> Nominal<br/> \n                    <b>Day/Night: </b> Day<br/>\n                    <b>Scan: </b> 0.4 km<br/>\n                    <b>Track: </b> 0.37 km<br/>\n                    <b>FRP: </b> 3.51 MW<br/>\n                    <b>Brightness: </b> 349.8 K" }, "geometry": { "type": "Point", "coordinates": [ 32.83672, 47.31761 ] } },
{ "type": "Feature", "properties": { "sensor": "SUOMI-NPP", "description": "<b>Latitude: </b> 47.61129<br/> \n                    <b>Longitude: </b> 34.75919<br/> \n                    <b>Detection Time: </b> 2026-09-30 10:41 UTC<br/> \n                    <b>Sensor: </b> Suomi-NPP VIIRS<br/>\n                    <b>Confidence: </b> Nominal<br/> \n                    <b>Day/Night: </b> Day<br/>\n                    <b>Scan: </b> 0.38 km<br/>\n                    <b>Track: </b> 0.36 km<br/>\n                    <b>FRP: </b> 2.12 MW<br/>\n                    <b>Brightness: </b> 330.27 K" }, "geometry": { "type": "Point", "coordinates": [ 34.75919, 47.61129 ] } },
{ "type": "Feature", "properties": { "sensor": "SUOMI-NPP", "description": "<b>Latitude: </b> 48.54314<br/> \n                    <b>Longitude: </b> 43.33619<br/> \n                    <b>Detection Time: </b> 2026-09-30 10:41 UTC<br/> \n                    <b>Sensor: </b> Suomi-NPP VIIRS<br/>\n                    <b>Confidence: </b> Nominal<br/> \n                    <b>Day/Night: </b> Day<br/>\n                    <b>Scan: </b> 0.44 km<br/>\n                    <b>Track: </b> 0.46 km<br/>\n                    <b>FRP: </b> 6.77 MW<br/>\n                    <b>Brightness: </b> 349.64 K" }, "geometry": { "type": "Point", "coordinates": [ 43.33619, 48.54314 ] } },
{ "type": "Feature", "properties": { "sensor": "SUOMI-NPP", "description": "<b>Latitude: </b> 47.35662<br/> \n                    <b>Longitude: </b> 33.77365<br/> \n                    <b>Detection Time: </b> 2026-09-30 10:41 UTC<br/> \n                    <b>Sensor: </b> Suomi-NPP VIIRS<br/>\n                    <b>Confidence: </b> Nominal<br/> \n                    <b>Day/Night: </b> Day<br/>\n                    <b>Scan: </b> 0.39 km<br/>\n                    <b>Track: </b> 0.36 km<br/>\n                    <b>FRP: </b> 4.89 MW<br/>\n                    <b>Brightness: </b> 343.98 K" }, "geometry": { "type": "Point", "coordinates": [ 33.77365, 47.35662 ] } },
{ "type": "Feature", "properties": { "sensor": "SUOMI-NPP", "description": "<b>Latitude: </b> 47.35746<br/> \n                    <b>Longitude: </b> 33.77873<br/> \n                    <b>Detection Time: </b> 2026-09-30 10:41 UTC<br/> \n                    <b>Sensor: </b> Suomi-NPP VIIRS<br/>\n                    <b>Confidence: </b> Nominal<br/> \n                    <b>Day/Night: </b> Day<br/>\n                    <b>Scan: </b> 0.39 km<br/>\n                    <b>Track: </b> 0.36 km<br/>\n                    <b>FRP: </b> 4.89 MW<br/>\n                    <b>Brightness: </b> 331.61 K" }, "geometry": { "type": "Point", "coordinates": [ 33.77873, 47.35746 ] } },
{ "type": "Feature", "properties": { "sensor": "SUOMI-NPP", "description": "<b>Latitude: </b> 47.3525<br/> \n                    <b>Longitude: </b> 33.76976<br/> \n                    <b>Detection Time: </b> 2026-09-30 10:41 UTC<br/> \n                    <b>Sensor: </b> Suomi-NPP VIIRS<br/>\n                    <b>Confidence: </b> Nominal<br/> \n                    <b>Day/Night: </b> Day<br/>\n                    <b>Scan: </b> 0.39 km<br/>\n                    <b>Track: </b> 0.36 km<br/>\n                    <b>FRP: </b> 23.55 MW<br/>\n                    <b>Brightness: </b> 342.97 K" }, "geometry": { "type": "Point", "coordinates": [ 33.76976, 47.3525 ] } },
{ "type": "Feature", "properties": { "sensor": "SUOMI-NPP", "description": "<b>Latitude: </b> 47.35334<br/> \n                    <b>Longitude: </b> 33.77483<br/> \n                    <b>Detection Time: </b> 2026-09-30 10:41 UTC<br/> \n                    <b>Sensor: </b> Suomi-NPP VIIRS<br/>\n                    <b>Confidence: </b> Nominal<br/> \n                    <b>Day/Night: </b> Day<br/>\n                    <b>Scan: </b> 0.39 km<br/>\n                    <b>Track: </b> 0.36 km<br/>\n                    <b>FRP: </b> 4.97 MW<br/>\n                    <b>Brightness: </b> 333.72 K" }, "geometry": { "type": "Point", "coordinates": [ 33.77483, 47.35334 ] } },
{ "type": "Feature", "properties": { "sensor": "SUOMI-NPP", "description": "<b>Latitude: </b> 46.70641<br/> \n                    <b>Longitude: </b> 30.3443<br/> \n                    <b>Detection Time: </b> 2026-09-30 10:41 UTC<br/> \n                    <b>Sensor: </b> Suomi-NPP VIIRS<br/>\n                    <b>Confidence: </b> Nominal<br/> \n                    <b>Day/Night: </b> Day<br/>\n                    <b>Scan: </b> 0.47 km<br/>\n                    <b>Track: </b> 0.4 km<br/>\n                    <b>FRP: </b> 5.45 MW<br/>\n                    <b>Brightness: </b> 334.34 K" }, "geometry": { "type": "Point", "coordinates": [ 30.3443, 46.70641 ] } },
{ "type": "Feature", "properties": { "sensor": "SUOMI-NPP", "description": "<b>Latitude: </b> 46.70167<br/> \n                    <b>Longitude: </b> 30.33983<br/> \n                    <b>Detection Time: </b> 2026-09-30 10:41 UTC<br/> \n                    <b>Sensor: </b> Suomi-NPP VIIRS<br/>\n                    <b>Confidence: </b> Nominal<br/> \n                    <b>Day/Night: </b> Day<br/>\n                    <b>Scan: </b> 0.47 km<br/>\n                    <b>Track: </b> 0.4 km<br/>\n                    <b>FRP: </b> 9.09 MW<br/>\n                    <b>Brightness: </b> 346.6 K" }, "geometry": { "type": "Point", "coordinates": [ 30.33983, 46.70167 ] } },
{ "type": "Feature", "properties": { "sensor": "SUOMI-NPP", "description": "<b>Latitude: </b> 48.36254<br/> \n                    <b>Longitude: </b> 42.79162<br/> \n                    <b>Detection Time: </b> 2026-09-30 10:41 UTC<br/> \n                    <b>Sensor: </b> Suomi-NPP VIIRS<br/>\n                    <b>Confidence: </b> Nominal<br/> \n                    <b>Day/Night: </b> Day<br/>\n                    <b>Scan: </b> 0.42 km<br/>\n                    <b>Track: </b> 0.45 km<br/>\n                    <b>FRP: </b> 5.29 MW<br/>\n                    <b>Brightness: </b> 337.23 K" }, "geometry": { "type": "Point", "coordinates": [ 42.79162, 48.36254 ] } },
{ "type": "Feature", "properties": { "sensor": "SUOMI-NPP", "description": "<b>Latitude: </b> 47.0118<br/> \n                    <b>Longitude: </b> 32.81469<br/> \n                    <b>Detection Time: </b> 2026-09-30 10:41 UTC<br/> \n                    <b>Sensor: </b> Suomi-NPP VIIRS<br/>\n                    <b>Confidence: </b> Nominal<br/> \n                    <b>Day/Night: </b> Day<br/>\n                    <b>Scan: </b> 0.4 km<br/>\n                    <b>Track: </b> 0.37 km<br/>\n                    <b>FRP: </b> 3.01 MW<br/>\n                    <b>Brightness: </b> 341.76 K" }, "geometry": { "type": "Point", "coordinates": [ 32.81469, 47.0118 ] } },
{ "type": "Feature", "properties": { "sensor": "SUOMI-NPP", "description": "<b>Latitude: </b> 48.25549<br/> \n                    <b>Longitude: </b> 42.63639<br/> \n                    <b>Detection Time: </b> 2026-09-30 10:41 UTC<br/> \n                    <b>Sensor: </b> Suomi-NPP VIIRS<br/>\n                    <b>Confidence: </b> Nominal<br/> \n                    <b>Day/Night: </b> Day<br/>\n                    <b>Scan: </b> 0.41 km<br/>\n                    <b>Track: </b> 0.45 km<br/>\n                    <b>FRP: </b> 3.33 MW<br/>\n                    <b>Brightness: </b> 335.79 K" }, "geometry": { "type": "Point", "coordinates": [ 42.63639, 48.25549 ] } },
{ "type": "Feature", "properties": { "sensor": "SUOMI-NPP", "description": "<b>Latitude: </b> 48.25184<br/> \n                    <b>Longitude: </b> 42.64282<br/> \n                    <b>Detection Time: </b> 2026-09-30 10:41 UTC<br/> \n                    <b>Sensor: </b> Suomi-NPP VIIRS<br/>\n                    <b>Confidence: </b> Nominal<br/> \n                    <b>Day/Night: </b> Day<br/>\n                    <b>Scan: </b> 0.41 km<br/>\n                    <b>Track: </b> 0.45 km<br/>\n                    <b>FRP: </b> 3.33 MW<br/>\n                    <b>Brightness: </b> 335.52 K" }, "geometry": { "type": "Point", "coordinates": [ 42.64282, 48.25184 ] } },
{ "type": "Feature", "properties": { "sensor": "SUOMI-NPP", "description": "<b>Latitude: </b> 47.1432<br/> \n                    <b>Longitude: </b> 33.91361<br/> \n                    <b>Detection Time: </b> 2026-09-30 10:41 UTC<br/> \n                    <b>Sensor: </b> Suomi-NPP VIIRS<br/>\n                    <b>Confidence: </b> Nominal<br/> \n                    <b>Day/Night: </b> Day<br/>\n                    <b>Scan: </b> 0.39 km<br/>\n                    <b>Track: </b> 0.36 km<br/>\n                    <b>FRP: </b> 5.24 MW<br/>\n                    <b>Brightness: </b> 339.61 K" }, "geometry": { "type": "Point", "coordinates": [ 33.91361, 47.1432 ] } },
{ "type": "Feature", "properties": { "sensor": "SUOMI-NPP", "description": "<b>Latitude: </b> 47.14936<br/> \n                    <b>Longitude: </b> 34.40874<br/> \n                    <b>Detection Time: </b> 2026-09-30 10:41 UTC<br/> \n                    <b>Sensor: </b> Suomi-NPP VIIRS<br/>\n                    <b>Confidence: </b> Nominal<br/> \n                    <b>Day/Night: </b> Day<br/>\n                    <b>Scan: </b> 0.39 km<br/>\n                    <b>Track: </b> 0.36 km<br/>\n                    <b>FRP: </b> 4.27 MW<br/>\n                    <b>Brightness: </b> 334.63 K" }, "geometry": { "type": "Point", "coordinates": [ 34.40874, 47.14936 ] } },
{ "type": "Feature", "properties": { "sensor": "SUOMI-NPP", "description": "<b>Latitude: </b> 47.01512<br/> \n                    <b>Longitude: </b> 34.19332<br/> \n                    <b>Detection Time: </b> 2026-09-30 10:41 UTC<br/> \n                    <b>Sensor: </b> Suomi-NPP VIIRS<br/>\n                    <b>Confidence: </b> Nominal<br/> \n                    <b>Day/Night: </b> Day<br/>\n                    <b>Scan: </b> 0.39 km<br/>\n                    <b>Track: </b> 0.36 km<br/>\n                    <b>FRP: </b> 2.85 MW<br/>\n                    <b>Brightness: </b> 337.25 K" }, "geometry": { "type": "Point", "coordinates": [ 34.19332, 47.01512 ] } },
{ "type": "Feature", "properties": { "sensor": "SUOMI-NPP", "description": "<b>Latitude: </b> 46.93318<br/> \n                    <b>Longitude: </b> 34.38248<br/> \n                    <b>Detection Time: </b> 2026-09-30 10:41 UTC<br/> \n                    <b>Sensor: </b> Suomi-NPP VIIRS<br/>\n                    <b>Confidence: </b> Nominal<br/> \n                    <b>Day/Night: </b> Day<br/>\n                    <b>Scan: </b> 0.39 km<br/>\n                    <b>Track: </b> 0.36 km<br/>\n                    <b>FRP: </b> 5.92 MW<br/>\n                    <b>Brightness: </b> 329.47 K" }, "geometry": { "type": "Point", "coordinates": [ 34.38248, 46.93318 ] } },
{ "type": "Feature", "properties": { "sensor": "SUOMI-NPP", "description": "<b>Latitude: </b> 46.93399<br/> \n                    <b>Longitude: </b> 34.38748<br/> \n                    <b>Detection Time: </b> 2026-09-30 10:41 UTC<br/> \n                    <b>Sensor: </b> Suomi-NPP VIIRS<br/>\n                    <b>Confidence: </b> Nominal<br/> \n                    <b>Day/Night: </b> Day<br/>\n                    <b>Scan: </b> 0.39 km<br/>\n                    <b>Track: </b> 0.36 km<br/>\n                    <b>FRP: </b> 19.83 MW<br/>\n                    <b>Brightness: </b> 343.83 K" }, "geometry": { "type": "Point", "coordinates": [ 34.38748, 46.93399 ] } },
{ "type": "Feature", "properties": { "sensor": "SUOMI-NPP", "description": "<b>Latitude: </b> 46.17053<br/> \n                    <b>Longitude: </b> 30.20912<br/> \n                    <b>Detection Time: </b> 2026-09-30 10:41 UTC<br/> \n                    <b>Sensor: </b> Suomi-NPP VIIRS<br/>\n                    <b>Confidence: </b> Nominal<br/> \n                    <b>Day/Night: </b> Day<br/>\n                    <b>Scan: </b> 0.49 km<br/>\n                    <b>Track: </b> 0.4 km<br/>\n                    <b>FRP: </b> 2.63 MW<br/>\n                    <b>Brightness: </b> 332.17 K" }, "geometry": { "type": "Point", "coordinates": [ 30.20912, 46.17053 ] } },
{ "type": "Feature", "properties": { "sensor": "SUOMI-NPP", "description": "<b>Latitude: </b> 46.5907<br/> \n                    <b>Longitude: </b> 34.7232<br/> \n                    <b>Detection Time: </b> 2026-09-30 10:38 UTC<br/> \n                    <b>Sensor: </b> Suomi-NPP VIIRS<br/>\n                    <b>Confidence: </b> Nominal<br/> \n                    <b>Day/Night: </b> Day<br/>\n                    <b>Scan: </b> 0.39 km<br/>\n                    <b>Track: </b> 0.36 km<br/>\n                    <b>FRP: </b> 5.07 MW<br/>\n                    <b>Brightness: </b> 351.7 K" }, "geometry": { "type": "Point", "coordinates": [ 34.7232, 46.5907 ] } },
{ "type": "Feature", "properties": { "sensor": "SUOMI-NPP", "description": "<b>Latitude: </b> 46.59397<br/> \n                    <b>Longitude: </b> 34.7221<br/> \n                    <b>Detection Time: </b> 2026-09-30 10:38 UTC<br/> \n                    <b>Sensor: </b> Suomi-NPP VIIRS<br/>\n                    <b>Confidence: </b> Nominal<br/> \n                    <b>Day/Night: </b> Day<br/>\n                    <b>Scan: </b> 0.39 km<br/>\n                    <b>Track: </b> 0.36 km<br/>\n                    <b>FRP: </b> 6.97 MW<br/>\n                    <b>Brightness: </b> 352.2 K" }, "geometry": { "type": "Point", "coordinates": [ 34.7221, 46.59397 ] } },
{ "type": "Feature", "properties": { "sensor": "SUOMI-NPP", "description": "<b>Latitude: </b> 46.59723<br/> \n                    <b>Longitude: </b> 34.72099<br/> \n                    <b>Detection Time: </b> 2026-09-30 10:38 UTC<br/> \n                    <b>Sensor: </b> Suomi-NPP VIIRS<br/>\n                    <b>Confidence: </b> Nominal<br/> \n                    <b>Day/Night: </b> Day<br/>\n                    <b>Scan: </b> 0.39 km<br/>\n                    <b>Track: </b> 0.36 km<br/>\n                    <b>FRP: </b> 6.97 MW<br/>\n                    <b>Brightness: </b> 335.42 K" }, "geometry": { "type": "Point", "coordinates": [ 34.72099, 46.59723 ] } },
{ "type": "Feature", "properties": { "sensor": "SUOMI-NPP", "description": "<b>Latitude: </b> 46.88199<br/> \n                    <b>Longitude: </b> 34.68181<br/> \n                    <b>Detection Time: </b> 2026-09-30 10:38 UTC<br/> \n                    <b>Sensor: </b> Suomi-NPP VIIRS<br/>\n                    <b>Confidence: </b> Nominal<br/> \n                    <b>Day/Night: </b> Day<br/>\n                    <b>Scan: </b> 0.38 km<br/>\n                    <b>Track: </b> 0.36 km<br/>\n                    <b>FRP: </b> 6.02 MW<br/>\n                    <b>Brightness: </b> 347.08 K" }, "geometry": { "type": "Point", "coordinates": [ 34.68181, 46.88199 ] } },
{ "type": "Feature", "properties": { "sensor": "SUOMI-NPP", "description": "<b>Latitude: </b> 46.88525<br/> \n                    <b>Longitude: </b> 34.6807<br/> \n                    <b>Detection Time: </b> 2026-09-30 10:38 UTC<br/> \n                    <b>Sensor: </b> Suomi-NPP VIIRS<br/>\n                    <b>Confidence: </b> Nominal<br/> \n                    <b>Day/Night: </b> Day<br/>\n                    <b>Scan: </b> 0.38 km<br/>\n                    <b>Track: </b> 0.36 km<br/>\n                    <b>FRP: </b> 6.02 MW<br/>\n                    <b>Brightness: </b> 339.62 K" }, "geometry": { "type": "Point", "coordinates": [ 34.6807, 46.88525 ] } },
{ "type": "Feature", "properties": { "sensor": "SUOMI-NPP", "description": "<b>Latitude: </b> 46.8883<br/> \n                    <b>Longitude: </b> 34.68229<br/> \n                    <b>Detection Time: </b> 2026-09-30 10:38 UTC<br/> \n                    <b>Sensor: </b> Suomi-NPP VIIRS<br/>\n                    <b>Confidence: </b> Nominal<br/> \n                    <b>Day/Night: </b> Day<br/>\n                    <b>Scan: </b> 0.38 km<br/>\n                    <b>Track: </b> 0.36 km<br/>\n                    <b>FRP: </b> 6.06 MW<br/>\n                    <b>Brightness: </b> 332.95 K" }, "geometry": { "type": "Point", "coordinates": [ 34.68229, 46.8883 ] } },
{ "type": "Feature", "properties": { "sensor": "SUOMI-NPP", "description": "<b>Latitude: </b> 46.89157<br/> \n                    <b>Longitude: </b> 34.68118<br/> \n                    <b>Detection Time: </b> 2026-09-30 10:38 UTC<br/> \n                    <b>Sensor: </b> Suomi-NPP VIIRS<br/>\n                    <b>Confidence: </b> Nominal<br/> \n                    <b>Day/Night: </b> Day<br/>\n                    <b>Scan: </b> 0.38 km<br/>\n                    <b>Track: </b> 0.36 km<br/>\n                    <b>FRP: </b> 6.06 MW<br/>\n                    <b>Brightness: </b> 349.57 K" }, "geometry": { "type": "Point", "coordinates": [ 34.68118, 46.89157 ] } },
{ "type": "Feature", "properties": { "sensor": "SUOMI-NPP", "description": "<b>Latitude: </b> 46.89513<br/> \n                    <b>Longitude: </b> 34.59584<br/> \n                    <b>Detection Time: </b> 2026-09-30 10:38 UTC<br/> \n                    <b>Sensor: </b> Suomi-NPP VIIRS<br/>\n                    <b>Confidence: </b> Nominal<br/> \n                    <b>Day/Night: </b> Day<br/>\n                    <b>Scan: </b> 0.39 km<br/>\n                    <b>Track: </b> 0.36 km<br/>\n                    <b>FRP: </b> 3.86 MW<br/>\n                    <b>Brightness: </b> 344.76 K" }, "geometry": { "type": "Point", "coordinates": [ 34.59584, 46.89513 ] } },
{ "type": "Feature", "properties": { "sensor": "SUOMI-NPP", "description": "<b>Latitude: </b> 47.11038<br/> \n                    <b>Longitude: </b> 35.81171<br/> \n                    <b>Detection Time: </b> 2026-09-30 10:38 UTC<br/> \n                    <b>Sensor: </b> Suomi-NPP VIIRS<br/>\n                    <b>Confidence: </b> Nominal<br/> \n                    <b>Day/Night: </b> Day<br/>\n                    <b>Scan: </b> 0.39 km<br/>\n                    <b>Track: </b> 0.36 km<br/>\n                    <b>FRP: </b> 6.3 MW<br/>\n                    <b>Brightness: </b> 338.93 K" }, "geometry": { "type": "Point", "coordinates": [ 35.81171, 47.11038 ] } },
{ "type": "Feature", "properties": { "sensor": "SUOMI-NPP", "description": "<b>Latitude: </b> 47.11292<br/> \n                    <b>Longitude: </b> 35.80564<br/> \n                    <b>Detection Time: </b> 2026-09-30 10:38 UTC<br/> \n                    <b>Sensor: </b> Suomi-NPP VIIRS<br/>\n                    <b>Confidence: </b> Nominal<br/> \n                    <b>Day/Night: </b> Day<br/>\n                    <b>Scan: </b> 0.39 km<br/>\n                    <b>Track: </b> 0.36 km<br/>\n                    <b>FRP: </b> 51.31 MW<br/>\n                    <b>Brightness: </b> 329.93 K" }, "geometry": { "type": "Point", "coordinates": [ 35.80564, 47.11292 ] } },
{ "type": "Feature", "properties": { "sensor": "SUOMI-NPP", "description": "<b>Latitude: </b> 45.37006<br/> \n                    <b>Longitude: </b> 36.37038<br/> \n                    <b>Detection Time: </b> 2026-09-30 10:38 UTC<br/> \n                    <b>Sensor: </b> Suomi-NPP VIIRS<br/>\n                    <b>Confidence: </b> Nominal<br/> \n                    <b>Day/Night: </b> Day<br/>\n                    <b>Scan: </b> 0.39 km<br/>\n                    <b>Track: </b> 0.36 km<br/>\n                    <b>FRP: </b> 11.28 MW<br/>\n                    <b>Brightness: </b> 331.77 K" }, "geometry": { "type": "Point", "coordinates": [ 36.37038, 45.37006 ] } },
{ "type": "Feature", "properties": { "sensor": "SUOMI-NPP", "description": "<b>Latitude: </b> 45.36934<br/> \n                    <b>Longitude: </b> 36.36551<br/> \n                    <b>Detection Time: </b> 2026-09-30 10:38 UTC<br/> \n                    <b>Sensor: </b> Suomi-NPP VIIRS<br/>\n                    <b>Confidence: </b> Nominal<br/> \n                    <b>Day/Night: </b> Day<br/>\n                    <b>Scan: </b> 0.39 km<br/>\n                    <b>Track: </b> 0.36 km<br/>\n                    <b>FRP: </b> 16.86 MW<br/>\n                    <b>Brightness: </b> 341.69 K" }, "geometry": { "type": "Point", "coordinates": [ 36.36551, 45.36934 ] } },
{ "type": "Feature", "properties": { "sensor": "SUOMI-NPP", "description": "<b>Latitude: </b> 45.37334<br/> \n                    <b>Longitude: </b> 36.36938<br/> \n                    <b>Detection Time: </b> 2026-09-30 10:38 UTC<br/> \n                    <b>Sensor: </b> Suomi-NPP VIIRS<br/>\n                    <b>Confidence: </b> Nominal<br/> \n                    <b>Day/Night: </b> Day<br/>\n                    <b>Scan: </b> 0.39 km<br/>\n                    <b>Track: </b> 0.36 km<br/>\n                    <b>FRP: </b> 11.28 MW<br/>\n                    <b>Brightness: </b> 346.07 K" }, "geometry": { "type": "Point", "coordinates": [ 36.36938, 45.37334 ] } },
{ "type": "Feature", "properties": { "sensor": "SUOMI-NPP", "description": "<b>Latitude: </b> 45.37262<br/> \n                    <b>Longitude: </b> 36.36451<br/> \n                    <b>Detection Time: </b> 2026-09-30 10:38 UTC<br/> \n                    <b>Sensor: </b> Suomi-NPP VIIRS<br/>\n                    <b>Confidence: </b> Nominal<br/> \n                    <b>Day/Night: </b> Day<br/>\n                    <b>Scan: </b> 0.39 km<br/>\n                    <b>Track: </b> 0.36 km<br/>\n                    <b>FRP: </b> 16.86 MW<br/>\n                    <b>Brightness: </b> 339.8 K" }, "geometry": { "type": "Point", "coordinates": [ 36.36451, 45.37262 ] } },
{ "type": "Feature", "properties": { "sensor": "SUOMI-NPP", "description": "<b>Latitude: </b> 45.37662<br/> \n                    <b>Longitude: </b> 36.36838<br/> \n                    <b>Detection Time: </b> 2026-09-30 10:38 UTC<br/> \n                    <b>Sensor: </b> Suomi-NPP VIIRS<br/>\n                    <b>Confidence: </b> High<br/> \n                    <b>Day/Night: </b> Day<br/>\n                    <b>Scan: </b> 0.39 km<br/>\n                    <b>Track: </b> 0.36 km<br/>\n                    <b>FRP: </b> 11.78 MW<br/>\n                    <b>Brightness: </b> 367 K" }, "geometry": { "type": "Point", "coordinates": [ 36.36838, 45.37662 ] } },
{ "type": "Feature", "properties": { "sensor": "SUOMI-NPP", "description": "<b>Latitude: </b> 45.37881<br/> \n                    <b>Longitude: </b> 36.38301<br/> \n                    <b>Detection Time: </b> 2026-09-30 10:38 UTC<br/> \n                    <b>Sensor: </b> Suomi-NPP VIIRS<br/>\n                    <b>Confidence: </b> Nominal<br/> \n                    <b>Day/Night: </b> Day<br/>\n                    <b>Scan: </b> 0.39 km<br/>\n                    <b>Track: </b> 0.36 km<br/>\n                    <b>FRP: </b> 7.06 MW<br/>\n                    <b>Brightness: </b> 331.68 K" }, "geometry": { "type": "Point", "coordinates": [ 36.38301, 45.37881 ] } },
{ "type": "Feature", "properties": { "sensor": "SUOMI-NPP", "description": "<b>Latitude: </b> 45.38137<br/> \n                    <b>Longitude: </b> 36.37715<br/> \n                    <b>Detection Time: </b> 2026-09-30 10:38 UTC<br/> \n                    <b>Sensor: </b> Suomi-NPP VIIRS<br/>\n                    <b>Confidence: </b> Nominal<br/> \n                    <b>Day/Night: </b> Day<br/>\n                    <b>Scan: </b> 0.39 km<br/>\n                    <b>Track: </b> 0.36 km<br/>\n                    <b>FRP: </b> 7.06 MW<br/>\n                    <b>Brightness: </b> 351.05 K" }, "geometry": { "type": "Point", "coordinates": [ 36.37715, 45.38137 ] } },
{ "type": "Feature", "properties": { "sensor": "SUOMI-NPP", "description": "<b>Latitude: </b> 45.38063<br/> \n                    <b>Longitude: </b> 36.37226<br/> \n                    <b>Detection Time: </b> 2026-09-30 10:38 UTC<br/> \n                    <b>Sensor: </b> Suomi-NPP VIIRS<br/>\n                    <b>Confidence: </b> Nominal<br/> \n                    <b>Day/Night: </b> Day<br/>\n                    <b>Scan: </b> 0.39 km<br/>\n                    <b>Track: </b> 0.36 km<br/>\n                    <b>FRP: </b> 11.78 MW<br/>\n                    <b>Brightness: </b> 345.6 K" }, "geometry": { "type": "Point", "coordinates": [ 36.37226, 45.38063 ] } },
{ "type": "Feature", "properties": { "sensor": "SUOMI-NPP", "description": "<b>Latitude: </b> 45.3799<br/> \n                    <b>Longitude: </b> 36.36739<br/> \n                    <b>Detection Time: </b> 2026-09-30 10:38 UTC<br/> \n                    <b>Sensor: </b> Suomi-NPP VIIRS<br/>\n                    <b>Confidence: </b> Nominal<br/> \n                    <b>Day/Night: </b> Day<br/>\n                    <b>Scan: </b> 0.39 km<br/>\n                    <b>Track: </b> 0.36 km<br/>\n                    <b>FRP: </b> 11.78 MW<br/>\n                    <b>Brightness: </b> 327.59 K" }, "geometry": { "type": "Point", "coordinates": [ 36.36739, 45.3799 ] } },
{ "type": "Feature", "properties": { "sensor": "SUOMI-NPP", "description": "<b>Latitude: </b> 46.23882<br/> \n                    <b>Longitude: </b> 34.72411<br/> \n                    <b>Detection Time: </b> 2026-09-30 10:38 UTC<br/> \n                    <b>Sensor: </b> Suomi-NPP VIIRS<br/>\n                    <b>Confidence: </b> Nominal<br/> \n                    <b>Day/Night: </b> Day<br/>\n                    <b>Scan: </b> 0.39 km<br/>\n                    <b>Track: </b> 0.36 km<br/>\n                    <b>FRP: </b> 7.9 MW<br/>\n                    <b>Brightness: </b> 346.3 K" }, "geometry": { "type": "Point", "coordinates": [ 34.72411, 46.23882 ] } },
{ "type": "Feature", "properties": { "sensor": "SUOMI-NPP", "description": "<b>Latitude: </b> 46.22632<br/> \n                    <b>Longitude: </b> 34.49887<br/> \n                    <b>Detection Time: </b> 2026-09-30 10:38 UTC<br/> \n                    <b>Sensor: </b> Suomi-NPP VIIRS<br/>\n                    <b>Confidence: </b> Nominal<br/> \n                    <b>Day/Night: </b> Day<br/>\n                    <b>Scan: </b> 0.39 km<br/>\n                    <b>Track: </b> 0.36 km<br/>\n                    <b>FRP: </b> 4.61 MW<br/>\n                    <b>Brightness: </b> 331.69 K" }, "geometry": { "type": "Point", "coordinates": [ 34.49887, 46.22632 ] } },
{ "type": "Feature", "properties": { "sensor": "SUOMI-NPP", "description": "<b>Latitude: </b> 46.22959<br/> \n                    <b>Longitude: </b> 34.49776<br/> \n                    <b>Detection Time: </b> 2026-09-30 10:38 UTC<br/> \n                    <b>Sensor: </b> Suomi-NPP VIIRS<br/>\n                    <b>Confidence: </b> Nominal<br/> \n                    <b>Day/Night: </b> Day<br/>\n                    <b>Scan: </b> 0.39 km<br/>\n                    <b>Track: </b> 0.36 km<br/>\n                    <b>FRP: </b> 3.12 MW<br/>\n                    <b>Brightness: </b> 330.75 K" }, "geometry": { "type": "Point", "coordinates": [ 34.49776, 46.22959 ] } },
{ "type": "Feature", "properties": { "sensor": "SUOMI-NPP", "description": "<b>Latitude: </b> 45.35463<br/> \n                    <b>Longitude: </b> 28.52044<br/> \n                    <b>Detection Time: </b> 2026-09-30 10:38 UTC<br/> \n                    <b>Sensor: </b> Suomi-NPP VIIRS<br/>\n                    <b>Confidence: </b> Nominal<br/> \n                    <b>Day/Night: </b> Day<br/>\n                    <b>Scan: </b> 0.39 km<br/>\n                    <b>Track: </b> 0.44 km<br/>\n                    <b>FRP: </b> 4.09 MW<br/>\n                    <b>Brightness: </b> 340.61 K" }, "geometry": { "type": "Point", "coordinates": [ 28.52044, 45.35463 ] } },
{ "type": "Feature", "properties": { "sensor": "SUOMI-NPP", "description": "<b>Latitude: </b> 46.58743<br/> \n                    <b>Longitude: </b> 34.7243<br/> \n                    <b>Detection Time: </b> 2026-09-30 10:38 UTC<br/> \n                    <b>Sensor: </b> Suomi-NPP VIIRS<br/>\n                    <b>Confidence: </b> Nominal<br/> \n                    <b>Day/Night: </b> Day<br/>\n                    <b>Scan: </b> 0.39 km<br/>\n                    <b>Track: </b> 0.36 km<br/>\n                    <b>FRP: </b> 5.07 MW<br/>\n                    <b>Brightness: </b> 332.52 K" }, "geometry": { "type": "Point", "coordinates": [ 34.7243, 46.58743 ] } },
{ "type": "Feature", "properties": { "sensor": "NOAA-20", "description": "<b>Latitude: </b> 52.71945<br/> \n                    <b>Longitude: </b> 81.57054<br/> \n                    <b>Detection Time: </b> 2026-09-30 19:49 UTC<br/> \n                    <b>Sensor: </b> NOAA-20 VIIRS<br/>\n                    <b>Confidence: </b> Nominal<br/> \n                    <b>Day/Night: </b> Night<br/>\n                    <b>Scan: </b> 0.39 km<br/>\n                    <b>Track: </b> 0.6 km<br/>\n                    <b>FRP: </b> 0.67 MW<br/>\n                    <b>Brightness: </b> 297.79 K" }, "geometry": { "type": "Point", "coordinates": [ 81.57054, 52.71945 ] } },
{ "type": "Feature", "properties": { "sensor": "NOAA-20", "description": "<b>Latitude: </b> 58.15662<br/> \n                    <b>Longitude: </b> 78.89326<br/> \n                    <b>Detection Time: </b> 2026-09-30 19:49 UTC<br/> \n                    <b>Sensor: </b> NOAA-20 VIIRS<br/>\n                    <b>Confidence: </b> Nominal<br/> \n                    <b>Day/Night: </b> Night<br/>\n                    <b>Scan: </b> 0.52 km<br/>\n                    <b>Track: </b> 0.67 km<br/>\n                    <b>FRP: </b> 3.27 MW<br/>\n                    <b>Brightness: </b> 331.94 K" }, "geometry": { "type": "Point", "coordinates": [ 78.89326, 58.15662 ] } },
{ "type": "Feature", "properties": { "sensor": "NOAA-20", "description": "<b>Latitude: </b> 58.15637<br/> \n                    <b>Longitude: </b> 78.87499<br/> \n                    <b>Detection Time: </b> 2026-09-30 19:49 UTC<br/> \n                    <b>Sensor: </b> NOAA-20 VIIRS<br/>\n                    <b>Confidence: </b> Nominal<br/> \n                    <b>Day/Night: </b> Night<br/>\n                    <b>Scan: </b> 0.53 km<br/>\n                    <b>Track: </b> 0.67 km<br/>\n                    <b>FRP: </b> 0.61 MW<br/>\n                    <b>Brightness: </b> 297.4 K" }, "geometry": { "type": "Point", "coordinates": [ 78.87499, 58.15637 ] } },
{ "type": "Feature", "properties": { "sensor": "NOAA-20", "description": "<b>Latitude: </b> 58.15937<br/> \n                    <b>Longitude: </b> 78.89759<br/> \n                    <b>Detection Time: </b> 2026-09-30 19:49 UTC<br/> \n                    <b>Sensor: </b> NOAA-20 VIIRS<br/>\n                    <b>Confidence: </b> Nominal<br/> \n                    <b>Day/Night: </b> Night<br/>\n                    <b>Scan: </b> 0.52 km<br/>\n                    <b>Track: </b> 0.67 km<br/>\n                    <b>FRP: </b> 2 MW<br/>\n                    <b>Brightness: </b> 322.96 K" }, "geometry": { "type": "Point", "coordinates": [ 78.89759, 58.15937 ] } },
{ "type": "Feature", "properties": { "sensor": "NOAA-20", "description": "<b>Latitude: </b> 58.15294<br/> \n                    <b>Longitude: </b> 78.87945<br/> \n                    <b>Detection Time: </b> 2026-09-30 19:49 UTC<br/> \n                    <b>Sensor: </b> NOAA-20 VIIRS<br/>\n                    <b>Confidence: </b> Nominal<br/> \n                    <b>Day/Night: </b> Night<br/>\n                    <b>Scan: </b> 0.52 km<br/>\n                    <b>Track: </b> 0.67 km<br/>\n                    <b>FRP: </b> 2.64 MW<br/>\n                    <b>Brightness: </b> 314.93 K" }, "geometry": { "type": "Point", "coordinates": [ 78.87945, 58.15294 ] } },
{ "type": "Feature", "properties": { "sensor": "NOAA-20", "description": "<b>Latitude: </b> 57.51446<br/> \n                    <b>Longitude: </b> 79.01022<br/> \n                    <b>Detection Time: </b> 2026-09-30 19:49 UTC<br/> \n                    <b>Sensor: </b> NOAA-20 VIIRS<br/>\n                    <b>Confidence: </b> Nominal<br/> \n                    <b>Day/Night: </b> Night<br/>\n                    <b>Scan: </b> 0.52 km<br/>\n                    <b>Track: </b> 0.67 km<br/>\n                    <b>FRP: </b> 1.04 MW<br/>\n                    <b>Brightness: </b> 306.79 K" }, "geometry": { "type": "Point", "coordinates": [ 79.01022, 57.51446 ] } },
{ "type": "Feature", "properties": { "sensor": "NOAA-20", "description": "<b>Latitude: </b> 57.42952<br/> \n                    <b>Longitude: </b> 78.68785<br/> \n                    <b>Detection Time: </b> 2026-09-30 19:49 UTC<br/> \n                    <b>Sensor: </b> NOAA-20 VIIRS<br/>\n                    <b>Confidence: </b> Nominal<br/> \n                    <b>Day/Night: </b> Night<br/>\n                    <b>Scan: </b> 0.53 km<br/>\n                    <b>Track: </b> 0.67 km<br/>\n                    <b>FRP: </b> 4.88 MW<br/>\n                    <b>Brightness: </b> 349.92 K" }, "geometry": { "type": "Point", "coordinates": [ 78.68785, 57.42952 ] } },
{ "type": "Feature", "properties": { "sensor": "NOAA-20", "description": "<b>Latitude: </b> 57.42965<br/> \n                    <b>Longitude: </b> 78.69693<br/> \n                    <b>Detection Time: </b> 2026-09-30 19:49 UTC<br/> \n                    <b>Sensor: </b> NOAA-20 VIIRS<br/>\n                    <b>Confidence: </b> Nominal<br/> \n                    <b>Day/Night: </b> Night<br/>\n                    <b>Scan: </b> 0.53 km<br/>\n                    <b>Track: </b> 0.67 km<br/>\n                    <b>FRP: </b> 4.88 MW<br/>\n                    <b>Brightness: </b> 309.12 K" }, "geometry": { "type": "Point", "coordinates": [ 78.69693, 57.42965 ] } },
{ "type": "Feature", "properties": { "sensor": "NOAA-20", "description": "<b>Latitude: </b> 57.42649<br/> \n                    <b>Longitude: </b> 78.6897<br/> \n                    <b>Detection Time: </b> 2026-09-30 19:49 UTC<br/> \n                    <b>Sensor: </b> NOAA-20 VIIRS<br/>\n                    <b>Confidence: </b> High<br/> \n                    <b>Day/Night: </b> Night<br/>\n                    <b>Scan: </b> 0.53 km<br/>\n                    <b>Track: </b> 0.67 km<br/>\n                    <b>FRP: </b> 7.51 MW<br/>\n                    <b>Brightness: </b> 367 K" }, "geometry": { "type": "Point", "coordinates": [ 78.6897, 57.42649 ] } },
{ "type": "Feature", "properties": { "sensor": "NOAA-20", "description": "<b>Latitude: </b> 57.27331<br/> \n                    <b>Longitude: </b> 79.38429<br/> \n                    <b>Detection Time: </b> 2026-09-30 19:49 UTC<br/> \n                    <b>Sensor: </b> NOAA-20 VIIRS<br/>\n                    <b>Confidence: </b> Nominal<br/> \n                    <b>Day/Night: </b> Night<br/>\n                    <b>Scan: </b> 0.5 km<br/>\n                    <b>Track: </b> 0.66 km<br/>\n                    <b>FRP: </b> 1.02 MW<br/>\n                    <b>Brightness: </b> 299.08 K" }, "geometry": { "type": "Point", "coordinates": [ 79.38429, 57.27331 ] } },
{ "type": "Feature", "properties": { "sensor": "NOAA-20", "description": "<b>Latitude: </b> 60.44796<br/> \n                    <b>Longitude: </b> 97.14364<br/> \n                    <b>Detection Time: </b> 2026-09-30 19:47 UTC<br/> \n                    <b>Sensor: </b> NOAA-20 VIIRS<br/>\n                    <b>Confidence: </b> Nominal<br/> \n                    <b>Day/Night: </b> Night<br/>\n                    <b>Scan: </b> 0.43 km<br/>\n                    <b>Track: </b> 0.38 km<br/>\n                    <b>FRP: </b> 1.28 MW<br/>\n                    <b>Brightness: </b> 299.36 K" }, "geometry": { "type": "Point", "coordinates": [ 97.14364, 60.44796 ] } },
{ "type": "Feature", "properties": { "sensor": "NOAA-20", "description": "<b>Latitude: </b> 60.44932<br/> \n                    <b>Longitude: </b> 97.15298<br/> \n                    <b>Detection Time: </b> 2026-09-30 19:47 UTC<br/> \n                    <b>Sensor: </b> NOAA-20 VIIRS<br/>\n                    <b>Confidence: </b> Nominal<br/> \n                    <b>Day/Night: </b> Night<br/>\n                    <b>Scan: </b> 0.43 km<br/>\n                    <b>Track: </b> 0.38 km<br/>\n                    <b>FRP: </b> 3.11 MW<br/>\n                    <b>Brightness: </b> 308.99 K" }, "geometry": { "type": "Point", "coordinates": [ 97.15298, 60.44932 ] } },
{ "type": "Feature", "properties": { "sensor": "NOAA-20", "description": "<b>Latitude: </b> 60.4459<br/> \n                    <b>Longitude: </b> 97.15141<br/> \n                    <b>Detection Time: </b> 2026-09-30 19:47 UTC<br/> \n                    <b>Sensor: </b> NOAA-20 VIIRS<br/>\n                    <b>Confidence: </b> Nominal<br/> \n                    <b>Day/Night: </b> Night<br/>\n                    <b>Scan: </b> 0.43 km<br/>\n                    <b>Track: </b> 0.38 km<br/>\n                    <b>FRP: </b> 3.11 MW<br/>\n                    <b>Brightness: </b> 341.03 K" }, "geometry": { "type": "Point", "coordinates": [ 97.15141, 60.4459 ] } },
{ "type": "Feature", "properties": { "sensor": "NOAA-20", "description": "<b>Latitude: </b> 60.44683<br/> \n                    <b>Longitude: </b> 97.14394<br/> \n                    <b>Detection Time: </b> 2026-09-30 19:47 UTC<br/> \n                    <b>Sensor: </b> NOAA-20 VIIRS<br/>\n                    <b>Confidence: </b> Nominal<br/> \n                    <b>Day/Night: </b> Night<br/>\n                    <b>Scan: </b> 0.43 km<br/>\n                    <b>Track: </b> 0.38 km<br/>\n                    <b>FRP: </b> 3.11 MW<br/>\n                    <b>Brightness: </b> 299.45 K" }, "geometry": { "type": "Point", "coordinates": [ 97.14394, 60.44683 ] } },
{ "type": "Feature", "properties": { "sensor": "NOAA-20", "description": "<b>Latitude: </b> 60.4294<br/> \n                    <b>Longitude: </b> 96.5054<br/> \n                    <b>Detection Time: </b> 2026-09-30 19:47 UTC<br/> \n                    <b>Sensor: </b> NOAA-20 VIIRS<br/>\n                    <b>Confidence: </b> Nominal<br/> \n                    <b>Day/Night: </b> Night<br/>\n                    <b>Scan: </b> 0.44 km<br/>\n                    <b>Track: </b> 0.38 km<br/>\n                    <b>FRP: </b> 3.41 MW<br/>\n                    <b>Brightness: </b> 333.92 K" }, "geometry": { "type": "Point", "coordinates": [ 96.5054, 60.4294 ] } },
{ "type": "Feature", "properties": { "sensor": "NOAA-20", "description": "<b>Latitude: </b> 60.42847<br/> \n                    <b>Longitude: </b> 96.5133<br/> \n                    <b>Detection Time: </b> 2026-09-30 19:47 UTC<br/> \n                    <b>Sensor: </b> NOAA-20 VIIRS<br/>\n                    <b>Confidence: </b> Nominal<br/> \n                    <b>Day/Night: </b> Night<br/>\n                    <b>Scan: </b> 0.44 km<br/>\n                    <b>Track: </b> 0.38 km<br/>\n                    <b>FRP: </b> 3.27 MW<br/>\n                    <b>Brightness: </b> 330.91 K" }, "geometry": { "type": "Point", "coordinates": [ 96.5133, 60.42847 ] } },
{ "type": "Feature", "properties": { "sensor": "NOAA-20", "description": "<b>Latitude: </b> 60.42595<br/> \n                    <b>Longitude: </b> 96.50367<br/> \n                    <b>Detection Time: </b> 2026-09-30 19:47 UTC<br/> \n                    <b>Sensor: </b> NOAA-20 VIIRS<br/>\n                    <b>Confidence: </b> Nominal<br/> \n                    <b>Day/Night: </b> Night<br/>\n                    <b>Scan: </b> 0.44 km<br/>\n                    <b>Track: </b> 0.38 km<br/>\n                    <b>FRP: </b> 1.98 MW<br/>\n                    <b>Brightness: </b> 316.75 K" }, "geometry": { "type": "Point", "coordinates": [ 96.50367, 60.42595 ] } },
{ "type": "Feature", "properties": { "sensor": "NOAA-20", "description": "<b>Latitude: </b> 60.42502<br/> \n                    <b>Longitude: </b> 96.51157<br/> \n                    <b>Detection Time: </b> 2026-09-30 19:47 UTC<br/> \n                    <b>Sensor: </b> NOAA-20 VIIRS<br/>\n                    <b>Confidence: </b> Nominal<br/> \n                    <b>Day/Night: </b> Night<br/>\n                    <b>Scan: </b> 0.44 km<br/>\n                    <b>Track: </b> 0.38 km<br/>\n                    <b>FRP: </b> 1.99 MW<br/>\n                    <b>Brightness: </b> 312.94 K" }, "geometry": { "type": "Point", "coordinates": [ 96.51157, 60.42502 ] } },
{ "type": "Feature", "properties": { "sensor": "NOAA-20", "description": "<b>Latitude: </b> 60.43796<br/> \n                    <b>Longitude: </b> 96.25214<br/> \n                    <b>Detection Time: </b> 2026-09-30 19:47 UTC<br/> \n                    <b>Sensor: </b> NOAA-20 VIIRS<br/>\n                    <b>Confidence: </b> Nominal<br/> \n                    <b>Day/Night: </b> Night<br/>\n                    <b>Scan: </b> 0.44 km<br/>\n                    <b>Track: </b> 0.39 km<br/>\n                    <b>FRP: </b> 3.04 MW<br/>\n                    <b>Brightness: </b> 334.57 K" }, "geometry": { "type": "Point", "coordinates": [ 96.25214, 60.43796 ] } },
{ "type": "Feature", "properties": { "sensor": "NOAA-20", "description": "<b>Latitude: </b> 60.43888<br/> \n                    <b>Longitude: </b> 96.24431<br/> \n                    <b>Detection Time: </b> 2026-09-30 19:47 UTC<br/> \n                    <b>Sensor: </b> NOAA-20 VIIRS<br/>\n                    <b>Confidence: </b> Nominal<br/> \n                    <b>Day/Night: </b> Night<br/>\n                    <b>Scan: </b> 0.44 km<br/>\n                    <b>Track: </b> 0.39 km<br/>\n                    <b>FRP: </b> 3.04 MW<br/>\n                    <b>Brightness: </b> 306.48 K" }, "geometry": { "type": "Point", "coordinates": [ 96.24431, 60.43888 ] } },
{ "type": "Feature", "properties": { "sensor": "NOAA-20", "description": "<b>Latitude: </b> 58.14035<br/> \n                    <b>Longitude: </b> 107.10616<br/> \n                    <b>Detection Time: </b> 2026-09-30 19:47 UTC<br/> \n                    <b>Sensor: </b> NOAA-20 VIIRS<br/>\n                    <b>Confidence: </b> Nominal<br/> \n                    <b>Day/Night: </b> Night<br/>\n                    <b>Scan: </b> 0.48 km<br/>\n                    <b>Track: </b> 0.4 km<br/>\n                    <b>FRP: </b> 0.98 MW<br/>\n                    <b>Brightness: </b> 304.8 K" }, "geometry": { "type": "Point", "coordinates": [ 107.10616, 58.14035 ] } },
{ "type": "Feature", "properties": { "sensor": "NOAA-20", "description": "<b>Latitude: </b> 58.85972<br/> \n                    <b>Longitude: </b> 102.91866<br/> \n                    <b>Detection Time: </b> 2026-09-30 19:47 UTC<br/> \n                    <b>Sensor: </b> NOAA-20 VIIRS<br/>\n                    <b>Confidence: </b> Nominal<br/> \n                    <b>Day/Night: </b> Night<br/>\n                    <b>Scan: </b> 0.39 km<br/>\n                    <b>Track: </b> 0.36 km<br/>\n                    <b>FRP: </b> 1.69 MW<br/>\n                    <b>Brightness: </b> 313.61 K" }, "geometry": { "type": "Point", "coordinates": [ 102.91866, 58.85972 ] } },
{ "type": "Feature", "properties": { "sensor": "NOAA-20", "description": "<b>Latitude: </b> 58.85653<br/> \n                    <b>Longitude: </b> 102.9165<br/> \n                    <b>Detection Time: </b> 2026-09-30 19:47 UTC<br/> \n                    <b>Sensor: </b> NOAA-20 VIIRS<br/>\n                    <b>Confidence: </b> Nominal<br/> \n                    <b>Day/Night: </b> Night<br/>\n                    <b>Scan: </b> 0.39 km<br/>\n                    <b>Track: </b> 0.36 km<br/>\n                    <b>FRP: </b> 0.95 MW<br/>\n                    <b>Brightness: </b> 302.32 K" }, "geometry": { "type": "Point", "coordinates": [ 102.9165, 58.85653 ] } },
{ "type": "Feature", "properties": { "sensor": "NOAA-20", "description": "<b>Latitude: </b> 58.09671<br/> \n                    <b>Longitude: </b> 106.55786<br/> \n                    <b>Detection Time: </b> 2026-09-30 19:47 UTC<br/> \n                    <b>Sensor: </b> NOAA-20 VIIRS<br/>\n                    <b>Confidence: </b> Nominal<br/> \n                    <b>Day/Night: </b> Night<br/>\n                    <b>Scan: </b> 0.46 km<br/>\n                    <b>Track: </b> 0.39 km<br/>\n                    <b>FRP: </b> 4.69 MW<br/>\n                    <b>Brightness: </b> 328.26 K" }, "geometry": { "type": "Point", "coordinates": [ 106.55786, 58.09671 ] } },
{ "type": "Feature", "properties": { "sensor": "NOAA-20", "description": "<b>Latitude: </b> 58.0951<br/> \n                    <b>Longitude: </b> 106.56532<br/> \n                    <b>Detection Time: </b> 2026-09-30 19:47 UTC<br/> \n                    <b>Sensor: </b> NOAA-20 VIIRS<br/>\n                    <b>Confidence: </b> Nominal<br/> \n                    <b>Day/Night: </b> Night<br/>\n                    <b>Scan: </b> 0.46 km<br/>\n                    <b>Track: </b> 0.39 km<br/>\n                    <b>FRP: </b> 4.69 MW<br/>\n                    <b>Brightness: </b> 295.4 K" }, "geometry": { "type": "Point", "coordinates": [ 106.56532, 58.0951 ] } },
{ "type": "Feature", "properties": { "sensor": "NOAA-20", "description": "<b>Latitude: </b> 58.09333<br/> \n                    <b>Longitude: </b> 106.55524<br/> \n                    <b>Detection Time: </b> 2026-09-30 19:47 UTC<br/> \n                    <b>Sensor: </b> NOAA-20 VIIRS<br/>\n                    <b>Confidence: </b> Nominal<br/> \n                    <b>Day/Night: </b> Night<br/>\n                    <b>Scan: </b> 0.46 km<br/>\n                    <b>Track: </b> 0.39 km<br/>\n                    <b>FRP: </b> 1.91 MW<br/>\n                    <b>Brightness: </b> 301.39 K" }, "geometry": { "type": "Point", "coordinates": [ 106.55524, 58.09333 ] } },
{ "type": "Feature", "properties": { "sensor": "NOAA-20", "description": "<b>Latitude: </b> 57.87754<br/> \n                    <b>Longitude: </b> 105.88322<br/> \n                    <b>Detection Time: </b> 2026-09-30 19:47 UTC<br/> \n                    <b>Sensor: </b> NOAA-20 VIIRS<br/>\n                    <b>Confidence: </b> Nominal<br/> \n                    <b>Day/Night: </b> Night<br/>\n                    <b>Scan: </b> 0.45 km<br/>\n                    <b>Track: </b> 0.39 km<br/>\n                    <b>FRP: </b> 3.94 MW<br/>\n                    <b>Brightness: </b> 338.28 K" }, "geometry": { "type": "Point", "coordinates": [ 105.88322, 57.87754 ] } },
{ "type": "Feature", "properties": { "sensor": "NOAA-20", "description": "<b>Latitude: </b> 57.87602<br/> \n                    <b>Longitude: </b> 105.89053<br/> \n                    <b>Detection Time: </b> 2026-09-30 19:47 UTC<br/> \n                    <b>Sensor: </b> NOAA-20 VIIRS<br/>\n                    <b>Confidence: </b> Nominal<br/> \n                    <b>Day/Night: </b> Night<br/>\n                    <b>Scan: </b> 0.45 km<br/>\n                    <b>Track: </b> 0.39 km<br/>\n                    <b>FRP: </b> 5.78 MW<br/>\n                    <b>Brightness: </b> 330.32 K" }, "geometry": { "type": "Point", "coordinates": [ 105.89053, 57.87602 ] } },
{ "type": "Feature", "properties": { "sensor": "NOAA-20", "description": "<b>Latitude: </b> 57.87419<br/> \n                    <b>Longitude: </b> 105.88074<br/> \n                    <b>Detection Time: </b> 2026-09-30 19:47 UTC<br/> \n                    <b>Sensor: </b> NOAA-20 VIIRS<br/>\n                    <b>Confidence: </b> Nominal<br/> \n                    <b>Day/Night: </b> Night<br/>\n                    <b>Scan: </b> 0.45 km<br/>\n                    <b>Track: </b> 0.39 km<br/>\n                    <b>FRP: </b> 3.94 MW<br/>\n                    <b>Brightness: </b> 295.22 K" }, "geometry": { "type": "Point", "coordinates": [ 105.88074, 57.87419 ] } },
{ "type": "Feature", "properties": { "sensor": "NOAA-20", "description": "<b>Latitude: </b> 57.87268<br/> \n                    <b>Longitude: </b> 105.88796<br/> \n                    <b>Detection Time: </b> 2026-09-30 19:47 UTC<br/> \n                    <b>Sensor: </b> NOAA-20 VIIRS<br/>\n                    <b>Confidence: </b> Nominal<br/> \n                    <b>Day/Night: </b> Night<br/>\n                    <b>Scan: </b> 0.45 km<br/>\n                    <b>Track: </b> 0.39 km<br/>\n                    <b>FRP: </b> 5.78 MW<br/>\n                    <b>Brightness: </b> 297.05 K" }, "geometry": { "type": "Point", "coordinates": [ 105.88796, 57.87268 ] } },
{ "type": "Feature", "properties": { "sensor": "NOAA-20", "description": "<b>Latitude: </b> 57.68172<br/> \n                    <b>Longitude: </b> 106.08271<br/> \n                    <b>Detection Time: </b> 2026-09-30 19:47 UTC<br/> \n                    <b>Sensor: </b> NOAA-20 VIIRS<br/>\n                    <b>Confidence: </b> Nominal<br/> \n                    <b>Day/Night: </b> Night<br/>\n                    <b>Scan: </b> 0.46 km<br/>\n                    <b>Track: </b> 0.39 km<br/>\n                    <b>FRP: </b> 13.13 MW<br/>\n                    <b>Brightness: </b> 338.64 K" }, "geometry": { "type": "Point", "coordinates": [ 106.08271, 57.68172 ] } },
{ "type": "Feature", "properties": { "sensor": "NOAA-20", "description": "<b>Latitude: </b> 59.27024<br/> \n                    <b>Longitude: </b> 77.0237<br/> \n                    <b>Detection Time: </b> 2026-09-30 19:47 UTC<br/> \n                    <b>Sensor: </b> NOAA-20 VIIRS<br/>\n                    <b>Confidence: </b> Nominal<br/> \n                    <b>Day/Night: </b> Night<br/>\n                    <b>Scan: </b> 0.61 km<br/>\n                    <b>Track: </b> 0.71 km<br/>\n                    <b>FRP: </b> 1.19 MW<br/>\n                    <b>Brightness: </b> 297.27 K" }, "geometry": { "type": "Point", "coordinates": [ 77.0237, 59.27024 ] } },
{ "type": "Feature", "properties": { "sensor": "NOAA-20", "description": "<b>Latitude: </b> 59.26676<br/> \n                    <b>Longitude: </b> 77.0274<br/> \n                    <b>Detection Time: </b> 2026-09-30 19:47 UTC<br/> \n                    <b>Sensor: </b> NOAA-20 VIIRS<br/>\n                    <b>Confidence: </b> Nominal<br/> \n                    <b>Day/Night: </b> Night<br/>\n                    <b>Scan: </b> 0.61 km<br/>\n                    <b>Track: </b> 0.71 km<br/>\n                    <b>FRP: </b> 0.71 MW<br/>\n                    <b>Brightness: </b> 298.8 K" }, "geometry": { "type": "Point", "coordinates": [ 77.0274, 59.26676 ] } },
{ "type": "Feature", "properties": { "sensor": "NOAA-20", "description": "<b>Latitude: </b> 58.89227<br/> \n                    <b>Longitude: </b> 76.82997<br/> \n                    <b>Detection Time: </b> 2026-09-30 19:47 UTC<br/> \n                    <b>Sensor: </b> NOAA-20 VIIRS<br/>\n                    <b>Confidence: </b> Nominal<br/> \n                    <b>Day/Night: </b> Night<br/>\n                    <b>Scan: </b> 0.62 km<br/>\n                    <b>Track: </b> 0.72 km<br/>\n                    <b>FRP: </b> 0.56 MW<br/>\n                    <b>Brightness: </b> 297.21 K" }, "geometry": { "type": "Point", "coordinates": [ 76.82997, 58.89227 ] } },
{ "type": "Feature", "properties": { "sensor": "NOAA-20", "description": "<b>Latitude: </b> 53.68823<br/> \n                    <b>Longitude: </b> 85.00475<br/> \n                    <b>Detection Time: </b> 2026-09-30 19:47 UTC<br/> \n                    <b>Sensor: </b> NOAA-20 VIIRS<br/>\n                    <b>Confidence: </b> Nominal<br/> \n                    <b>Day/Night: </b> Night<br/>\n                    <b>Scan: </b> 0.58 km<br/>\n                    <b>Track: </b> 0.52 km<br/>\n                    <b>FRP: </b> 1.39 MW<br/>\n                    <b>Brightness: </b> 295.22 K" }, "geometry": { "type": "Point", "coordinates": [ 85.00475, 53.68823 ] } },
{ "type": "Feature", "properties": { "sensor": "NOAA-20", "description": "<b>Latitude: </b> 54.26336<br/> \n                    <b>Longitude: </b> 86.18378<br/> \n                    <b>Detection Time: </b> 2026-09-30 19:47 UTC<br/> \n                    <b>Sensor: </b> NOAA-20 VIIRS<br/>\n                    <b>Confidence: </b> Nominal<br/> \n                    <b>Day/Night: </b> Night<br/>\n                    <b>Scan: </b> 0.52 km<br/>\n                    <b>Track: </b> 0.5 km<br/>\n                    <b>FRP: </b> 1.88 MW<br/>\n                    <b>Brightness: </b> 300.3 K" }, "geometry": { "type": "Point", "coordinates": [ 86.18378, 54.26336 ] } },
{ "type": "Feature", "properties": { "sensor": "NOAA-20", "description": "<b>Latitude: </b> 54.26798<br/> \n                    <b>Longitude: </b> 86.18446<br/> \n                    <b>Detection Time: </b> 2026-09-30 19:47 UTC<br/> \n                    <b>Sensor: </b> NOAA-20 VIIRS<br/>\n                    <b>Confidence: </b> Nominal<br/> \n                    <b>Day/Night: </b> Night<br/>\n                    <b>Scan: </b> 0.52 km<br/>\n                    <b>Track: </b> 0.5 km<br/>\n                    <b>FRP: </b> 0.98 MW<br/>\n                    <b>Brightness: </b> 298.08 K" }, "geometry": { "type": "Point", "coordinates": [ 86.18446, 54.26798 ] } },
{ "type": "Feature", "properties": { "sensor": "NOAA-20", "description": "<b>Latitude: </b> 54.28371<br/> \n                    <b>Longitude: </b> 86.15356<br/> \n                    <b>Detection Time: </b> 2026-09-30 19:47 UTC<br/> \n                    <b>Sensor: </b> NOAA-20 VIIRS<br/>\n                    <b>Confidence: </b> Nominal<br/> \n                    <b>Day/Night: </b> Night<br/>\n                    <b>Scan: </b> 0.52 km<br/>\n                    <b>Track: </b> 0.5 km<br/>\n                    <b>FRP: </b> 2.19 MW<br/>\n                    <b>Brightness: </b> 299.9 K" }, "geometry": { "type": "Point", "coordinates": [ 86.15356, 54.28371 ] } },
{ "type": "Feature", "properties": { "sensor": "NOAA-20", "description": "<b>Latitude: </b> 54.28415<br/> \n                    <b>Longitude: </b> 86.14609<br/> \n                    <b>Detection Time: </b> 2026-09-30 19:47 UTC<br/> \n                    <b>Sensor: </b> NOAA-20 VIIRS<br/>\n                    <b>Confidence: </b> Nominal<br/> \n                    <b>Day/Night: </b> Night<br/>\n                    <b>Scan: </b> 0.52 km<br/>\n                    <b>Track: </b> 0.5 km<br/>\n                    <b>FRP: </b> 2.02 MW<br/>\n                    <b>Brightness: </b> 309.41 K" }, "geometry": { "type": "Point", "coordinates": [ 86.14609, 54.28415 ] } },
{ "type": "Feature", "properties": { "sensor": "NOAA-20", "description": "<b>Latitude: </b> 54.28879<br/> \n                    <b>Longitude: </b> 86.14645<br/> \n                    <b>Detection Time: </b> 2026-09-30 19:47 UTC<br/> \n                    <b>Sensor: </b> NOAA-20 VIIRS<br/>\n                    <b>Confidence: </b> Nominal<br/> \n                    <b>Day/Night: </b> Night<br/>\n                    <b>Scan: </b> 0.52 km<br/>\n                    <b>Track: </b> 0.5 km<br/>\n                    <b>FRP: </b> 2.91 MW<br/>\n                    <b>Brightness: </b> 303.58 K" }, "geometry": { "type": "Point", "coordinates": [ 86.14645, 54.28879 ] } },
{ "type": "Feature", "properties": { "sensor": "NOAA-20", "description": "<b>Latitude: </b> 54.30312<br/> \n                    <b>Longitude: </b> 86.14078<br/> \n                    <b>Detection Time: </b> 2026-09-30 19:47 UTC<br/> \n                    <b>Sensor: </b> NOAA-20 VIIRS<br/>\n                    <b>Confidence: </b> Nominal<br/> \n                    <b>Day/Night: </b> Night<br/>\n                    <b>Scan: </b> 0.52 km<br/>\n                    <b>Track: </b> 0.5 km<br/>\n                    <b>FRP: </b> 5.52 MW<br/>\n                    <b>Brightness: </b> 315.5 K" }, "geometry": { "type": "Point", "coordinates": [ 86.14078, 54.30312 ] } },
{ "type": "Feature", "properties": { "sensor": "NOAA-20", "description": "<b>Latitude: </b> 54.30436<br/> \n                    <b>Longitude: </b> 86.2001<br/> \n                    <b>Detection Time: </b> 2026-09-30 19:47 UTC<br/> \n                    <b>Sensor: </b> NOAA-20 VIIRS<br/>\n                    <b>Confidence: </b> Nominal<br/> \n                    <b>Day/Night: </b> Night<br/>\n                    <b>Scan: </b> 0.52 km<br/>\n                    <b>Track: </b> 0.5 km<br/>\n                    <b>FRP: </b> 1 MW<br/>\n                    <b>Brightness: </b> 302.37 K" }, "geometry": { "type": "Point", "coordinates": [ 86.2001, 54.30436 ] } },
{ "type": "Feature", "properties": { "sensor": "NOAA-20", "description": "<b>Latitude: </b> 54.41651<br/> \n                    <b>Longitude: </b> 86.77677<br/> \n                    <b>Detection Time: </b> 2026-09-30 19:47 UTC<br/> \n                    <b>Sensor: </b> NOAA-20 VIIRS<br/>\n                    <b>Confidence: </b> Nominal<br/> \n                    <b>Day/Night: </b> Night<br/>\n                    <b>Scan: </b> 0.5 km<br/>\n                    <b>Track: </b> 0.49 km<br/>\n                    <b>FRP: </b> 0.93 MW<br/>\n                    <b>Brightness: </b> 297.22 K" }, "geometry": { "type": "Point", "coordinates": [ 86.77677, 54.41651 ] } },
{ "type": "Feature", "properties": { "sensor": "NOAA-20", "description": "<b>Latitude: </b> 54.65734<br/> \n                    <b>Longitude: </b> 83.30631<br/> \n                    <b>Detection Time: </b> 2026-09-30 19:47 UTC<br/> \n                    <b>Sensor: </b> NOAA-20 VIIRS<br/>\n                    <b>Confidence: </b> Nominal<br/> \n                    <b>Day/Night: </b> Night<br/>\n                    <b>Scan: </b> 0.34 km<br/>\n                    <b>Track: </b> 0.56 km<br/>\n                    <b>FRP: </b> 1.24 MW<br/>\n                    <b>Brightness: </b> 303.01 K" }, "geometry": { "type": "Point", "coordinates": [ 83.30631, 54.65734 ] } },
{ "type": "Feature", "properties": { "sensor": "NOAA-20", "description": "<b>Latitude: </b> 54.66105<br/> \n                    <b>Longitude: </b> 83.35136<br/> \n                    <b>Detection Time: </b> 2026-09-30 19:47 UTC<br/> \n                    <b>Sensor: </b> NOAA-20 VIIRS<br/>\n                    <b>Confidence: </b> Nominal<br/> \n                    <b>Day/Night: </b> Night<br/>\n                    <b>Scan: </b> 0.34 km<br/>\n                    <b>Track: </b> 0.56 km<br/>\n                    <b>FRP: </b> 0.62 MW<br/>\n                    <b>Brightness: </b> 302.14 K" }, "geometry": { "type": "Point", "coordinates": [ 83.35136, 54.66105 ] } },
{ "type": "Feature", "properties": { "sensor": "NOAA-20", "description": "<b>Latitude: </b> 62.44379<br/> \n                    <b>Longitude: </b> 113.66386<br/> \n                    <b>Detection Time: </b> 2026-09-30 19:47 UTC<br/> \n                    <b>Sensor: </b> NOAA-20 VIIRS<br/>\n                    <b>Confidence: </b> Nominal<br/> \n                    <b>Day/Night: </b> Night<br/>\n                    <b>Scan: </b> 0.54 km<br/>\n                    <b>Track: </b> 0.42 km<br/>\n                    <b>FRP: </b> 3.03 MW<br/>\n                    <b>Brightness: </b> 312.83 K" }, "geometry": { "type": "Point", "coordinates": [ 113.66386, 62.44379 ] } },
{ "type": "Feature", "properties": { "sensor": "NOAA-20", "description": "<b>Latitude: </b> 62.4476<br/> \n                    <b>Longitude: </b> 113.66016<br/> \n                    <b>Detection Time: </b> 2026-09-30 19:47 UTC<br/> \n                    <b>Sensor: </b> NOAA-20 VIIRS<br/>\n                    <b>Confidence: </b> Nominal<br/> \n                    <b>Day/Night: </b> Night<br/>\n                    <b>Scan: </b> 0.54 km<br/>\n                    <b>Track: </b> 0.42 km<br/>\n                    <b>FRP: </b> 0.82 MW<br/>\n                    <b>Brightness: </b> 301.91 K" }, "geometry": { "type": "Point", "coordinates": [ 113.66016, 62.4476 ] } },
{ "type": "Feature", "properties": { "sensor": "NOAA-20", "description": "<b>Latitude: </b> 62.44413<br/> \n                    <b>Longitude: </b> 113.65627<br/> \n                    <b>Detection Time: </b> 2026-09-30 19:47 UTC<br/> \n                    <b>Sensor: </b> NOAA-20 VIIRS<br/>\n                    <b>Confidence: </b> Nominal<br/> \n                    <b>Day/Night: </b> Night<br/>\n                    <b>Scan: </b> 0.54 km<br/>\n                    <b>Track: </b> 0.42 km<br/>\n                    <b>FRP: </b> 0.85 MW<br/>\n                    <b>Brightness: </b> 299.41 K" }, "geometry": { "type": "Point", "coordinates": [ 113.65627, 62.44413 ] } },
{ "type": "Feature", "properties": { "sensor": "NOAA-20", "description": "<b>Latitude: </b> 62.35425<br/> \n                    <b>Longitude: </b> 113.69569<br/> \n                    <b>Detection Time: </b> 2026-09-30 19:47 UTC<br/> \n                    <b>Sensor: </b> NOAA-20 VIIRS<br/>\n                    <b>Confidence: </b> Nominal<br/> \n                    <b>Day/Night: </b> Night<br/>\n                    <b>Scan: </b> 0.54 km<br/>\n                    <b>Track: </b> 0.42 km<br/>\n                    <b>FRP: </b> 2.51 MW<br/>\n                    <b>Brightness: </b> 317.52 K" }, "geometry": { "type": "Point", "coordinates": [ 113.69569, 62.35425 ] } },
{ "type": "Feature", "properties": { "sensor": "NOAA-20", "description": "<b>Latitude: </b> 61.59564<br/> \n                    <b>Longitude: </b> 113.05598<br/> \n                    <b>Detection Time: </b> 2026-09-30 19:47 UTC<br/> \n                    <b>Sensor: </b> NOAA-20 VIIRS<br/>\n                    <b>Confidence: </b> Nominal<br/> \n                    <b>Day/Night: </b> Night<br/>\n                    <b>Scan: </b> 0.55 km<br/>\n                    <b>Track: </b> 0.43 km<br/>\n                    <b>FRP: </b> 1.44 MW<br/>\n                    <b>Brightness: </b> 303.36 K" }, "geometry": { "type": "Point", "coordinates": [ 113.05598, 61.59564 ] } },
{ "type": "Feature", "properties": { "sensor": "NOAA-20", "description": "<b>Latitude: </b> 61.54529<br/> \n                    <b>Longitude: </b> 113.16736<br/> \n                    <b>Detection Time: </b> 2026-09-30 19:47 UTC<br/> \n                    <b>Sensor: </b> NOAA-20 VIIRS<br/>\n                    <b>Confidence: </b> Nominal<br/> \n                    <b>Day/Night: </b> Night<br/>\n                    <b>Scan: </b> 0.56 km<br/>\n                    <b>Track: </b> 0.43 km<br/>\n                    <b>FRP: </b> 3.62 MW<br/>\n                    <b>Brightness: </b> 298.85 K" }, "geometry": { "type": "Point", "coordinates": [ 113.16736, 61.54529 ] } },
{ "type": "Feature", "properties": { "sensor": "NOAA-20", "description": "<b>Latitude: </b> 61.5418<br/> \n                    <b>Longitude: </b> 113.16341<br/> \n                    <b>Detection Time: </b> 2026-09-30 19:47 UTC<br/> \n                    <b>Sensor: </b> NOAA-20 VIIRS<br/>\n                    <b>Confidence: </b> Nominal<br/> \n                    <b>Day/Night: </b> Night<br/>\n                    <b>Scan: </b> 0.56 km<br/>\n                    <b>Track: </b> 0.43 km<br/>\n                    <b>FRP: </b> 3.62 MW<br/>\n                    <b>Brightness: </b> 346.38 K" }, "geometry": { "type": "Point", "coordinates": [ 113.16341, 61.5418 ] } },
{ "type": "Feature", "properties": { "sensor": "NOAA-20", "description": "<b>Latitude: </b> 61.53944<br/> \n                    <b>Longitude: </b> 113.17276<br/> \n                    <b>Detection Time: </b> 2026-09-30 19:47 UTC<br/> \n                    <b>Sensor: </b> NOAA-20 VIIRS<br/>\n                    <b>Confidence: </b> Nominal<br/> \n                    <b>Day/Night: </b> Night<br/>\n                    <b>Scan: </b> 0.56 km<br/>\n                    <b>Track: </b> 0.43 km<br/>\n                    <b>FRP: </b> 3.62 MW<br/>\n                    <b>Brightness: </b> 309.46 K" }, "geometry": { "type": "Point", "coordinates": [ 113.17276, 61.53944 ] } },
{ "type": "Feature", "properties": { "sensor": "NOAA-20", "description": "<b>Latitude: </b> 61.5383<br/> \n                    <b>Longitude: </b> 113.15946<br/> \n                    <b>Detection Time: </b> 2026-09-30 19:47 UTC<br/> \n                    <b>Sensor: </b> NOAA-20 VIIRS<br/>\n                    <b>Confidence: </b> Nominal<br/> \n                    <b>Day/Night: </b> Night<br/>\n                    <b>Scan: </b> 0.56 km<br/>\n                    <b>Track: </b> 0.43 km<br/>\n                    <b>FRP: </b> 1.6 MW<br/>\n                    <b>Brightness: </b> 295.52 K" }, "geometry": { "type": "Point", "coordinates": [ 113.15946, 61.5383 ] } },
{ "type": "Feature", "properties": { "sensor": "NOAA-20", "description": "<b>Latitude: </b> 61.46059<br/> \n                    <b>Longitude: </b> 113.00713<br/> \n                    <b>Detection Time: </b> 2026-09-30 19:47 UTC<br/> \n                    <b>Sensor: </b> NOAA-20 VIIRS<br/>\n                    <b>Confidence: </b> Nominal<br/> \n                    <b>Day/Night: </b> Night<br/>\n                    <b>Scan: </b> 0.55 km<br/>\n                    <b>Track: </b> 0.43 km<br/>\n                    <b>FRP: </b> 2.56 MW<br/>\n                    <b>Brightness: </b> 308.91 K" }, "geometry": { "type": "Point", "coordinates": [ 113.00713, 61.46059 ] } },
{ "type": "Feature", "properties": { "sensor": "NOAA-20", "description": "<b>Latitude: </b> 61.40838<br/> \n                    <b>Longitude: </b> 112.89457<br/> \n                    <b>Detection Time: </b> 2026-09-30 19:47 UTC<br/> \n                    <b>Sensor: </b> NOAA-20 VIIRS<br/>\n                    <b>Confidence: </b> Nominal<br/> \n                    <b>Day/Night: </b> Night<br/>\n                    <b>Scan: </b> 0.55 km<br/>\n                    <b>Track: </b> 0.43 km<br/>\n                    <b>FRP: </b> 9.04 MW<br/>\n                    <b>Brightness: </b> 302.68 K" }, "geometry": { "type": "Point", "coordinates": [ 112.89457, 61.40838 ] } },
{ "type": "Feature", "properties": { "sensor": "NOAA-20", "description": "<b>Latitude: </b> 61.40485<br/> \n                    <b>Longitude: </b> 112.89082<br/> \n                    <b>Detection Time: </b> 2026-09-30 19:47 UTC<br/> \n                    <b>Sensor: </b> NOAA-20 VIIRS<br/>\n                    <b>Confidence: </b> Nominal<br/> \n                    <b>Day/Night: </b> Night<br/>\n                    <b>Scan: </b> 0.55 km<br/>\n                    <b>Track: </b> 0.43 km<br/>\n                    <b>FRP: </b> 9.04 MW<br/>\n                    <b>Brightness: </b> 339.84 K" }, "geometry": { "type": "Point", "coordinates": [ 112.89082, 61.40485 ] } },
{ "type": "Feature", "properties": { "sensor": "NOAA-20", "description": "<b>Latitude: </b> 61.40717<br/> \n                    <b>Longitude: </b> 112.88157<br/> \n                    <b>Detection Time: </b> 2026-09-30 19:47 UTC<br/> \n                    <b>Sensor: </b> NOAA-20 VIIRS<br/>\n                    <b>Confidence: </b> Nominal<br/> \n                    <b>Day/Night: </b> Night<br/>\n                    <b>Scan: </b> 0.55 km<br/>\n                    <b>Track: </b> 0.43 km<br/>\n                    <b>FRP: </b> 9.04 MW<br/>\n                    <b>Brightness: </b> 302.06 K" }, "geometry": { "type": "Point", "coordinates": [ 112.88157, 61.40717 ] } },
{ "type": "Feature", "properties": { "sensor": "NOAA-20", "description": "<b>Latitude: </b> 61.35353<br/> \n                    <b>Longitude: </b> 112.8107<br/> \n                    <b>Detection Time: </b> 2026-09-30 19:47 UTC<br/> \n                    <b>Sensor: </b> NOAA-20 VIIRS<br/>\n                    <b>Confidence: </b> Nominal<br/> \n                    <b>Day/Night: </b> Night<br/>\n                    <b>Scan: </b> 0.55 km<br/>\n                    <b>Track: </b> 0.43 km<br/>\n                    <b>FRP: </b> 1.8 MW<br/>\n                    <b>Brightness: </b> 305.63 K" }, "geometry": { "type": "Point", "coordinates": [ 112.8107, 61.35353 ] } },
{ "type": "Feature", "properties": { "sensor": "NOAA-20", "description": "<b>Latitude: </b> 61.3512<br/> \n                    <b>Longitude: </b> 112.81996<br/> \n                    <b>Detection Time: </b> 2026-09-30 19:47 UTC<br/> \n                    <b>Sensor: </b> NOAA-20 VIIRS<br/>\n                    <b>Confidence: </b> Nominal<br/> \n                    <b>Day/Night: </b> Night<br/>\n                    <b>Scan: </b> 0.55 km<br/>\n                    <b>Track: </b> 0.43 km<br/>\n                    <b>FRP: </b> 1.51 MW<br/>\n                    <b>Brightness: </b> 300.67 K" }, "geometry": { "type": "Point", "coordinates": [ 112.81996, 61.3512 ] } },
{ "type": "Feature", "properties": { "sensor": "NOAA-20", "description": "<b>Latitude: </b> 61.35002<br/> \n                    <b>Longitude: </b> 112.80688<br/> \n                    <b>Detection Time: </b> 2026-09-30 19:47 UTC<br/> \n                    <b>Sensor: </b> NOAA-20 VIIRS<br/>\n                    <b>Confidence: </b> Nominal<br/> \n                    <b>Day/Night: </b> Night<br/>\n                    <b>Scan: </b> 0.55 km<br/>\n                    <b>Track: </b> 0.43 km<br/>\n                    <b>FRP: </b> 5.19 MW<br/>\n                    <b>Brightness: </b> 349.12 K" }, "geometry": { "type": "Point", "coordinates": [ 112.80688, 61.35002 ] } },
{ "type": "Feature", "properties": { "sensor": "NOAA-20", "description": "<b>Latitude: </b> 61.34768<br/> \n                    <b>Longitude: </b> 112.81618<br/> \n                    <b>Detection Time: </b> 2026-09-30 19:47 UTC<br/> \n                    <b>Sensor: </b> NOAA-20 VIIRS<br/>\n                    <b>Confidence: </b> Nominal<br/> \n                    <b>Day/Night: </b> Night<br/>\n                    <b>Scan: </b> 0.55 km<br/>\n                    <b>Track: </b> 0.43 km<br/>\n                    <b>FRP: </b> 6.64 MW<br/>\n                    <b>Brightness: </b> 329.44 K" }, "geometry": { "type": "Point", "coordinates": [ 112.81618, 61.34768 ] } },
{ "type": "Feature", "properties": { "sensor": "NOAA-20", "description": "<b>Latitude: </b> 61.35235<br/> \n                    <b>Longitude: </b> 112.79762<br/> \n                    <b>Detection Time: </b> 2026-09-30 19:47 UTC<br/> \n                    <b>Sensor: </b> NOAA-20 VIIRS<br/>\n                    <b>Confidence: </b> Nominal<br/> \n                    <b>Day/Night: </b> Night<br/>\n                    <b>Scan: </b> 0.55 km<br/>\n                    <b>Track: </b> 0.43 km<br/>\n                    <b>FRP: </b> 5.19 MW<br/>\n                    <b>Brightness: </b> 302.27 K" }, "geometry": { "type": "Point", "coordinates": [ 112.79762, 61.35235 ] } },
{ "type": "Feature", "properties": { "sensor": "NOAA-20", "description": "<b>Latitude: </b> 61.34652<br/> \n                    <b>Longitude: </b> 112.80307<br/> \n                    <b>Detection Time: </b> 2026-09-30 19:47 UTC<br/> \n                    <b>Sensor: </b> NOAA-20 VIIRS<br/>\n                    <b>Confidence: </b> Nominal<br/> \n                    <b>Day/Night: </b> Night<br/>\n                    <b>Scan: </b> 0.55 km<br/>\n                    <b>Track: </b> 0.43 km<br/>\n                    <b>FRP: </b> 5.19 MW<br/>\n                    <b>Brightness: </b> 351.02 K" }, "geometry": { "type": "Point", "coordinates": [ 112.80307, 61.34652 ] } },
{ "type": "Feature", "properties": { "sensor": "NOAA-20", "description": "<b>Latitude: </b> 61.34418<br/> \n                    <b>Longitude: </b> 112.81236<br/> \n                    <b>Detection Time: </b> 2026-09-30 19:47 UTC<br/> \n                    <b>Sensor: </b> NOAA-20 VIIRS<br/>\n                    <b>Confidence: </b> Nominal<br/> \n                    <b>Day/Night: </b> Night<br/>\n                    <b>Scan: </b> 0.55 km<br/>\n                    <b>Track: </b> 0.43 km<br/>\n                    <b>FRP: </b> 6.64 MW<br/>\n                    <b>Brightness: </b> 341.21 K" }, "geometry": { "type": "Point", "coordinates": [ 112.81236, 61.34418 ] } },
{ "type": "Feature", "properties": { "sensor": "NOAA-20", "description": "<b>Latitude: </b> 61.34885<br/> \n                    <b>Longitude: </b> 112.79382<br/> \n                    <b>Detection Time: </b> 2026-09-30 19:47 UTC<br/> \n                    <b>Sensor: </b> NOAA-20 VIIRS<br/>\n                    <b>Confidence: </b> Nominal<br/> \n                    <b>Day/Night: </b> Night<br/>\n                    <b>Scan: </b> 0.55 km<br/>\n                    <b>Track: </b> 0.43 km<br/>\n                    <b>FRP: </b> 5.19 MW<br/>\n                    <b>Brightness: </b> 303.79 K" }, "geometry": { "type": "Point", "coordinates": [ 112.79382, 61.34885 ] } },
{ "type": "Feature", "properties": { "sensor": "NOAA-20", "description": "<b>Latitude: </b> 61.34534<br/> \n                    <b>Longitude: </b> 112.79001<br/> \n                    <b>Detection Time: </b> 2026-09-30 19:47 UTC<br/> \n                    <b>Sensor: </b> NOAA-20 VIIRS<br/>\n                    <b>Confidence: </b> Nominal<br/> \n                    <b>Day/Night: </b> Night<br/>\n                    <b>Scan: </b> 0.55 km<br/>\n                    <b>Track: </b> 0.43 km<br/>\n                    <b>FRP: </b> 1.94 MW<br/>\n                    <b>Brightness: </b> 296.15 K" }, "geometry": { "type": "Point", "coordinates": [ 112.79001, 61.34534 ] } },
{ "type": "Feature", "properties": { "sensor": "NOAA-20", "description": "<b>Latitude: </b> 61.34301<br/> \n                    <b>Longitude: </b> 112.79926<br/> \n                    <b>Detection Time: </b> 2026-09-30 19:47 UTC<br/> \n                    <b>Sensor: </b> NOAA-20 VIIRS<br/>\n                    <b>Confidence: </b> Nominal<br/> \n                    <b>Day/Night: </b> Night<br/>\n                    <b>Scan: </b> 0.55 km<br/>\n                    <b>Track: </b> 0.43 km<br/>\n                    <b>FRP: </b> 1.94 MW<br/>\n                    <b>Brightness: </b> 318.66 K" }, "geometry": { "type": "Point", "coordinates": [ 112.79926, 61.34301 ] } },
{ "type": "Feature", "properties": { "sensor": "NOAA-20", "description": "<b>Latitude: </b> 61.34066<br/> \n                    <b>Longitude: </b> 112.80856<br/> \n                    <b>Detection Time: </b> 2026-09-30 19:47 UTC<br/> \n                    <b>Sensor: </b> NOAA-20 VIIRS<br/>\n                    <b>Confidence: </b> Nominal<br/> \n                    <b>Day/Night: </b> Night<br/>\n                    <b>Scan: </b> 0.55 km<br/>\n                    <b>Track: </b> 0.43 km<br/>\n                    <b>FRP: </b> 3.42 MW<br/>\n                    <b>Brightness: </b> 317.42 K" }, "geometry": { "type": "Point", "coordinates": [ 112.80856, 61.34066 ] } },
{ "type": "Feature", "properties": { "sensor": "NOAA-20", "description": "<b>Latitude: </b> 61.34796<br/> \n                    <b>Longitude: </b> 112.79766<br/> \n                    <b>Detection Time: </b> 2026-09-30 19:47 UTC<br/> \n                    <b>Sensor: </b> NOAA-20 VIIRS<br/>\n                    <b>Confidence: </b> Nominal<br/> \n                    <b>Day/Night: </b> Night<br/>\n                    <b>Scan: </b> 0.55 km<br/>\n                    <b>Track: </b> 0.43 km<br/>\n                    <b>FRP: </b> 2.29 MW<br/>\n                    <b>Brightness: </b> 320.28 K" }, "geometry": { "type": "Point", "coordinates": [ 112.79766, 61.34796 ] } },
{ "type": "Feature", "properties": { "sensor": "NOAA-20", "description": "<b>Latitude: </b> 61.34565<br/> \n                    <b>Longitude: </b> 112.80698<br/> \n                    <b>Detection Time: </b> 2026-09-30 19:47 UTC<br/> \n                    <b>Sensor: </b> NOAA-20 VIIRS<br/>\n                    <b>Confidence: </b> High<br/> \n                    <b>Day/Night: </b> Night<br/>\n                    <b>Scan: </b> 0.55 km<br/>\n                    <b>Track: </b> 0.43 km<br/>\n                    <b>FRP: </b> 4.19 MW<br/>\n                    <b>Brightness: </b> 367 K" }, "geometry": { "type": "Point", "coordinates": [ 112.80698, 61.34565 ] } },
{ "type": "Feature", "properties": { "sensor": "NOAA-20", "description": "<b>Latitude: </b> 61.34334<br/> \n                    <b>Longitude: </b> 112.81629<br/> \n                    <b>Detection Time: </b> 2026-09-30 19:47 UTC<br/> \n                    <b>Sensor: </b> NOAA-20 VIIRS<br/>\n                    <b>Confidence: </b> Nominal<br/> \n                    <b>Day/Night: </b> Night<br/>\n                    <b>Scan: </b> 0.55 km<br/>\n                    <b>Track: </b> 0.43 km<br/>\n                    <b>FRP: </b> 4.19 MW<br/>\n                    <b>Brightness: </b> 316.03 K" }, "geometry": { "type": "Point", "coordinates": [ 112.81629, 61.34334 ] } },
{ "type": "Feature", "properties": { "sensor": "NOAA-20", "description": "<b>Latitude: </b> 61.34446<br/> \n                    <b>Longitude: </b> 112.79385<br/> \n                    <b>Detection Time: </b> 2026-09-30 19:47 UTC<br/> \n                    <b>Sensor: </b> NOAA-20 VIIRS<br/>\n                    <b>Confidence: </b> Nominal<br/> \n                    <b>Day/Night: </b> Night<br/>\n                    <b>Scan: </b> 0.55 km<br/>\n                    <b>Track: </b> 0.43 km<br/>\n                    <b>FRP: </b> 2.29 MW<br/>\n                    <b>Brightness: </b> 301.21 K" }, "geometry": { "type": "Point", "coordinates": [ 112.79385, 61.34446 ] } },
{ "type": "Feature", "properties": { "sensor": "NOAA-20", "description": "<b>Latitude: </b> 61.34215<br/> \n                    <b>Longitude: </b> 112.80316<br/> \n                    <b>Detection Time: </b> 2026-09-30 19:47 UTC<br/> \n                    <b>Sensor: </b> NOAA-20 VIIRS<br/>\n                    <b>Confidence: </b> Nominal<br/> \n                    <b>Day/Night: </b> Night<br/>\n                    <b>Scan: </b> 0.55 km<br/>\n                    <b>Track: </b> 0.43 km<br/>\n                    <b>FRP: </b> 4.19 MW<br/>\n                    <b>Brightness: </b> 315.42 K" }, "geometry": { "type": "Point", "coordinates": [ 112.80316, 61.34215 ] } },
{ "type": "Feature", "properties": { "sensor": "NOAA-20", "description": "<b>Latitude: </b> 61.33983<br/> \n                    <b>Longitude: </b> 112.81249<br/> \n                    <b>Detection Time: </b> 2026-09-30 19:47 UTC<br/> \n                    <b>Sensor: </b> NOAA-20 VIIRS<br/>\n                    <b>Confidence: </b> Nominal<br/> \n                    <b>Day/Night: </b> Night<br/>\n                    <b>Scan: </b> 0.55 km<br/>\n                    <b>Track: </b> 0.43 km<br/>\n                    <b>FRP: </b> 4.19 MW<br/>\n                    <b>Brightness: </b> 302.6 K" }, "geometry": { "type": "Point", "coordinates": [ 112.81249, 61.33983 ] } },
{ "type": "Feature", "properties": { "sensor": "NOAA-20", "description": "<b>Latitude: </b> 64.49068<br/> \n                    <b>Longitude: </b> 75.9025<br/> \n                    <b>Detection Time: </b> 2026-09-30 19:47 UTC<br/> \n                    <b>Sensor: </b> NOAA-20 VIIRS<br/>\n                    <b>Confidence: </b> Nominal<br/> \n                    <b>Day/Night: </b> Night<br/>\n                    <b>Scan: </b> 0.64 km<br/>\n                    <b>Track: </b> 0.72 km<br/>\n                    <b>FRP: </b> 0.78 MW<br/>\n                    <b>Brightness: </b> 300.78 K" }, "geometry": { "type": "Point", "coordinates": [ 75.9025, 64.49068 ] } },
{ "type": "Feature", "properties": { "sensor": "NOAA-20", "description": "<b>Latitude: </b> 62.38952<br/> \n                    <b>Longitude: </b> 76.626<br/> \n                    <b>Detection Time: </b> 2026-09-30 19:47 UTC<br/> \n                    <b>Sensor: </b> NOAA-20 VIIRS<br/>\n                    <b>Confidence: </b> Nominal<br/> \n                    <b>Day/Night: </b> Night<br/>\n                    <b>Scan: </b> 0.62 km<br/>\n                    <b>Track: </b> 0.71 km<br/>\n                    <b>FRP: </b> 1.04 MW<br/>\n                    <b>Brightness: </b> 302.33 K" }, "geometry": { "type": "Point", "coordinates": [ 76.626, 62.38952 ] } },
{ "type": "Feature", "properties": { "sensor": "NOAA-20", "description": "<b>Latitude: </b> 62.33652<br/> \n                    <b>Longitude: </b> 76.72507<br/> \n                    <b>Detection Time: </b> 2026-09-30 19:47 UTC<br/> \n                    <b>Sensor: </b> NOAA-20 VIIRS<br/>\n                    <b>Confidence: </b> Nominal<br/> \n                    <b>Day/Night: </b> Night<br/>\n                    <b>Scan: </b> 0.62 km<br/>\n                    <b>Track: </b> 0.71 km<br/>\n                    <b>FRP: </b> 0.72 MW<br/>\n                    <b>Brightness: </b> 300.51 K" }, "geometry": { "type": "Point", "coordinates": [ 76.72507, 62.33652 ] } },
{ "type": "Feature", "properties": { "sensor": "NOAA-20", "description": "<b>Latitude: </b> 60.84527<br/> \n                    <b>Longitude: </b> 97.34994<br/> \n                    <b>Detection Time: </b> 2026-09-30 19:47 UTC<br/> \n                    <b>Sensor: </b> NOAA-20 VIIRS<br/>\n                    <b>Confidence: </b> Nominal<br/> \n                    <b>Day/Night: </b> Night<br/>\n                    <b>Scan: </b> 0.43 km<br/>\n                    <b>Track: </b> 0.38 km<br/>\n                    <b>FRP: </b> 1.45 MW<br/>\n                    <b>Brightness: </b> 308 K" }, "geometry": { "type": "Point", "coordinates": [ 97.34994, 60.84527 ] } },
{ "type": "Feature", "properties": { "sensor": "NOAA-20", "description": "<b>Latitude: </b> 60.78477<br/> \n                    <b>Longitude: </b> 97.07212<br/> \n                    <b>Detection Time: </b> 2026-09-30 19:47 UTC<br/> \n                    <b>Sensor: </b> NOAA-20 VIIRS<br/>\n                    <b>Confidence: </b> Nominal<br/> \n                    <b>Day/Night: </b> Night<br/>\n                    <b>Scan: </b> 0.43 km<br/>\n                    <b>Track: </b> 0.38 km<br/>\n                    <b>FRP: </b> 1.39 MW<br/>\n                    <b>Brightness: </b> 298.69 K" }, "geometry": { "type": "Point", "coordinates": [ 97.07212, 60.78477 ] } },
{ "type": "Feature", "properties": { "sensor": "NOAA-20", "description": "<b>Latitude: </b> 60.78504<br/> \n                    <b>Longitude: </b> 97.06721<br/> \n                    <b>Detection Time: </b> 2026-09-30 19:47 UTC<br/> \n                    <b>Sensor: </b> NOAA-20 VIIRS<br/>\n                    <b>Confidence: </b> Nominal<br/> \n                    <b>Day/Night: </b> Night<br/>\n                    <b>Scan: </b> 0.43 km<br/>\n                    <b>Track: </b> 0.38 km<br/>\n                    <b>FRP: </b> 1.29 MW<br/>\n                    <b>Brightness: </b> 300.61 K" }, "geometry": { "type": "Point", "coordinates": [ 97.06721, 60.78504 ] } },
{ "type": "Feature", "properties": { "sensor": "NOAA-20", "description": "<b>Latitude: </b> 60.78411<br/> \n                    <b>Longitude: </b> 97.07486<br/> \n                    <b>Detection Time: </b> 2026-09-30 19:47 UTC<br/> \n                    <b>Sensor: </b> NOAA-20 VIIRS<br/>\n                    <b>Confidence: </b> Nominal<br/> \n                    <b>Day/Night: </b> Night<br/>\n                    <b>Scan: </b> 0.43 km<br/>\n                    <b>Track: </b> 0.38 km<br/>\n                    <b>FRP: </b> 1.24 MW<br/>\n                    <b>Brightness: </b> 300.91 K" }, "geometry": { "type": "Point", "coordinates": [ 97.07486, 60.78411 ] } },
{ "type": "Feature", "properties": { "sensor": "NOAA-20", "description": "<b>Latitude: </b> 60.78069<br/> \n                    <b>Longitude: </b> 97.07314<br/> \n                    <b>Detection Time: </b> 2026-09-30 19:47 UTC<br/> \n                    <b>Sensor: </b> NOAA-20 VIIRS<br/>\n                    <b>Confidence: </b> Nominal<br/> \n                    <b>Day/Night: </b> Night<br/>\n                    <b>Scan: </b> 0.43 km<br/>\n                    <b>Track: </b> 0.38 km<br/>\n                    <b>FRP: </b> 1.25 MW<br/>\n                    <b>Brightness: </b> 329.31 K" }, "geometry": { "type": "Point", "coordinates": [ 97.07314, 60.78069 ] } },
{ "type": "Feature", "properties": { "sensor": "NOAA-20", "description": "<b>Latitude: </b> 60.78162<br/> \n                    <b>Longitude: </b> 97.06545<br/> \n                    <b>Detection Time: </b> 2026-09-30 19:47 UTC<br/> \n                    <b>Sensor: </b> NOAA-20 VIIRS<br/>\n                    <b>Confidence: </b> Nominal<br/> \n                    <b>Day/Night: </b> Night<br/>\n                    <b>Scan: </b> 0.43 km<br/>\n                    <b>Track: </b> 0.38 km<br/>\n                    <b>FRP: </b> 1.43 MW<br/>\n                    <b>Brightness: </b> 311.5 K" }, "geometry": { "type": "Point", "coordinates": [ 97.06545, 60.78162 ] } },
{ "type": "Feature", "properties": { "sensor": "NOAA-20", "description": "<b>Latitude: </b> 60.77974<br/> \n                    <b>Longitude: </b> 97.08089<br/> \n                    <b>Detection Time: </b> 2026-09-30 19:47 UTC<br/> \n                    <b>Sensor: </b> NOAA-20 VIIRS<br/>\n                    <b>Confidence: </b> Nominal<br/> \n                    <b>Day/Night: </b> Night<br/>\n                    <b>Scan: </b> 0.43 km<br/>\n                    <b>Track: </b> 0.38 km<br/>\n                    <b>FRP: </b> 1.25 MW<br/>\n                    <b>Brightness: </b> 301.19 K" }, "geometry": { "type": "Point", "coordinates": [ 97.08089, 60.77974 ] } },
{ "type": "Feature", "properties": { "sensor": "NOAA-20", "description": "<b>Latitude: </b> 60.77819<br/> \n                    <b>Longitude: </b> 97.06374<br/> \n                    <b>Detection Time: </b> 2026-09-30 19:47 UTC<br/> \n                    <b>Sensor: </b> NOAA-20 VIIRS<br/>\n                    <b>Confidence: </b> Nominal<br/> \n                    <b>Day/Night: </b> Night<br/>\n                    <b>Scan: </b> 0.43 km<br/>\n                    <b>Track: </b> 0.38 km<br/>\n                    <b>FRP: </b> 1.43 MW<br/>\n                    <b>Brightness: </b> 303.85 K" }, "geometry": { "type": "Point", "coordinates": [ 97.06374, 60.77819 ] } },
{ "type": "Feature", "properties": { "sensor": "NOAA-20", "description": "<b>Latitude: </b> 60.77725<br/> \n                    <b>Longitude: </b> 97.07147<br/> \n                    <b>Detection Time: </b> 2026-09-30 19:47 UTC<br/> \n                    <b>Sensor: </b> NOAA-20 VIIRS<br/>\n                    <b>Confidence: </b> Nominal<br/> \n                    <b>Day/Night: </b> Night<br/>\n                    <b>Scan: </b> 0.43 km<br/>\n                    <b>Track: </b> 0.38 km<br/>\n                    <b>FRP: </b> 1.25 MW<br/>\n                    <b>Brightness: </b> 312.77 K" }, "geometry": { "type": "Point", "coordinates": [ 97.07147, 60.77725 ] } },
{ "type": "Feature", "properties": { "sensor": "NOAA-20", "description": "<b>Latitude: </b> 60.7763<br/> \n                    <b>Longitude: </b> 97.07924<br/> \n                    <b>Detection Time: </b> 2026-09-30 19:47 UTC<br/> \n                    <b>Sensor: </b> NOAA-20 VIIRS<br/>\n                    <b>Confidence: </b> Nominal<br/> \n                    <b>Day/Night: </b> Night<br/>\n                    <b>Scan: </b> 0.43 km<br/>\n                    <b>Track: </b> 0.38 km<br/>\n                    <b>FRP: </b> 1.25 MW<br/>\n                    <b>Brightness: </b> 298.35 K" }, "geometry": { "type": "Point", "coordinates": [ 97.07924, 60.7763 ] } },
{ "type": "Feature", "properties": { "sensor": "NOAA-20", "description": "<b>Latitude: </b> 60.4945<br/> \n                    <b>Longitude: </b> 97.40948<br/> \n                    <b>Detection Time: </b> 2026-09-30 19:47 UTC<br/> \n                    <b>Sensor: </b> NOAA-20 VIIRS<br/>\n                    <b>Confidence: </b> Nominal<br/> \n                    <b>Day/Night: </b> Night<br/>\n                    <b>Scan: </b> 0.42 km<br/>\n                    <b>Track: </b> 0.38 km<br/>\n                    <b>FRP: </b> 0.8 MW<br/>\n                    <b>Brightness: </b> 297.28 K" }, "geometry": { "type": "Point", "coordinates": [ 97.40948, 60.4945 ] } },
{ "type": "Feature", "properties": { "sensor": "NOAA-20", "description": "<b>Latitude: </b> 60.49113<br/> \n                    <b>Longitude: </b> 97.40765<br/> \n                    <b>Detection Time: </b> 2026-09-30 19:47 UTC<br/> \n                    <b>Sensor: </b> NOAA-20 VIIRS<br/>\n                    <b>Confidence: </b> Nominal<br/> \n                    <b>Day/Night: </b> Night<br/>\n                    <b>Scan: </b> 0.42 km<br/>\n                    <b>Track: </b> 0.38 km<br/>\n                    <b>FRP: </b> 2.71 MW<br/>\n                    <b>Brightness: </b> 329.68 K" }, "geometry": { "type": "Point", "coordinates": [ 97.40765, 60.49113 ] } },
{ "type": "Feature", "properties": { "sensor": "NOAA-20", "description": "<b>Latitude: </b> 60.43587<br/> \n                    <b>Longitude: </b> 97.67406<br/> \n                    <b>Detection Time: </b> 2026-09-30 19:47 UTC<br/> \n                    <b>Sensor: </b> NOAA-20 VIIRS<br/>\n                    <b>Confidence: </b> Nominal<br/> \n                    <b>Day/Night: </b> Night<br/>\n                    <b>Scan: </b> 0.42 km<br/>\n                    <b>Track: </b> 0.37 km<br/>\n                    <b>FRP: </b> 1.17 MW<br/>\n                    <b>Brightness: </b> 315.89 K" }, "geometry": { "type": "Point", "coordinates": [ 97.67406, 60.43587 ] } },
{ "type": "Feature", "properties": { "sensor": "NOAA-20", "description": "<b>Latitude: </b> 60.43491<br/> \n                    <b>Longitude: </b> 97.68156<br/> \n                    <b>Detection Time: </b> 2026-09-30 19:47 UTC<br/> \n                    <b>Sensor: </b> NOAA-20 VIIRS<br/>\n                    <b>Confidence: </b> Nominal<br/> \n                    <b>Day/Night: </b> Night<br/>\n                    <b>Scan: </b> 0.42 km<br/>\n                    <b>Track: </b> 0.37 km<br/>\n                    <b>FRP: </b> 1.17 MW<br/>\n                    <b>Brightness: </b> 297.31 K" }, "geometry": { "type": "Point", "coordinates": [ 97.68156, 60.43491 ] } },
{ "type": "Feature", "properties": { "sensor": "NOAA-20", "description": "<b>Latitude: </b> 60.45047<br/> \n                    <b>Longitude: </b> 97.15268<br/> \n                    <b>Detection Time: </b> 2026-09-30 19:47 UTC<br/> \n                    <b>Sensor: </b> NOAA-20 VIIRS<br/>\n                    <b>Confidence: </b> Nominal<br/> \n                    <b>Day/Night: </b> Night<br/>\n                    <b>Scan: </b> 0.43 km<br/>\n                    <b>Track: </b> 0.38 km<br/>\n                    <b>FRP: </b> 4.05 MW<br/>\n                    <b>Brightness: </b> 297.27 K" }, "geometry": { "type": "Point", "coordinates": [ 97.15268, 60.45047 ] } },
{ "type": "Feature", "properties": { "sensor": "NOAA-20", "description": "<b>Latitude: </b> 60.44705<br/> \n                    <b>Longitude: </b> 97.15113<br/> \n                    <b>Detection Time: </b> 2026-09-30 19:47 UTC<br/> \n                    <b>Sensor: </b> NOAA-20 VIIRS<br/>\n                    <b>Confidence: </b> Nominal<br/> \n                    <b>Day/Night: </b> Night<br/>\n                    <b>Scan: </b> 0.43 km<br/>\n                    <b>Track: </b> 0.38 km<br/>\n                    <b>FRP: </b> 4.05 MW<br/>\n                    <b>Brightness: </b> 342.83 K" }, "geometry": { "type": "Point", "coordinates": [ 97.15113, 60.44705 ] } },
{ "type": "Feature", "properties": { "sensor": "NOAA-20", "description": "<b>Latitude: </b> 66.66064<br/> \n                    <b>Longitude: </b> 80.4551<br/> \n                    <b>Detection Time: </b> 2026-09-30 19:45 UTC<br/> \n                    <b>Sensor: </b> NOAA-20 VIIRS<br/>\n                    <b>Confidence: </b> Nominal<br/> \n                    <b>Day/Night: </b> Night<br/>\n                    <b>Scan: </b> 0.47 km<br/>\n                    <b>Track: </b> 0.64 km<br/>\n                    <b>FRP: </b> 1.7 MW<br/>\n                    <b>Brightness: </b> 314.86 K" }, "geometry": { "type": "Point", "coordinates": [ 80.4551, 66.66064 ] } },
{ "type": "Feature", "properties": { "sensor": "NOAA-20", "description": "<b>Latitude: </b> 66.67242<br/> \n                    <b>Longitude: </b> 80.44344<br/> \n                    <b>Detection Time: </b> 2026-09-30 19:45 UTC<br/> \n                    <b>Sensor: </b> NOAA-20 VIIRS<br/>\n                    <b>Confidence: </b> Nominal<br/> \n                    <b>Day/Night: </b> Night<br/>\n                    <b>Scan: </b> 0.47 km<br/>\n                    <b>Track: </b> 0.64 km<br/>\n                    <b>FRP: </b> 1.55 MW<br/>\n                    <b>Brightness: </b> 319.19 K" }, "geometry": { "type": "Point", "coordinates": [ 80.44344, 66.67242 ] } },
{ "type": "Feature", "properties": { "sensor": "NOAA-20", "description": "<b>Latitude: </b> 44.5352<br/> \n                    <b>Longitude: </b> 132.75351<br/> \n                    <b>Detection Time: </b> 2026-09-30 18:09 UTC<br/> \n                    <b>Sensor: </b> NOAA-20 VIIRS<br/>\n                    <b>Confidence: </b> Nominal<br/> \n                    <b>Day/Night: </b> Night<br/>\n                    <b>Scan: </b> 0.39 km<br/>\n                    <b>Track: </b> 0.59 km<br/>\n                    <b>FRP: </b> 0.66 MW<br/>\n                    <b>Brightness: </b> 299.56 K" }, "geometry": { "type": "Point", "coordinates": [ 132.75351, 44.5352 ] } },
{ "type": "Feature", "properties": { "sensor": "NOAA-20", "description": "<b>Latitude: </b> 58.29444<br/> \n                    <b>Longitude: </b> 106.91505<br/> \n                    <b>Detection Time: </b> 2026-09-30 18:06 UTC<br/> \n                    <b>Sensor: </b> NOAA-20 VIIRS<br/>\n                    <b>Confidence: </b> Nominal<br/> \n                    <b>Day/Night: </b> Night<br/>\n                    <b>Scan: </b> 0.42 km<br/>\n                    <b>Track: </b> 0.61 km<br/>\n                    <b>FRP: </b> 4.5 MW<br/>\n                    <b>Brightness: </b> 335.63 K" }, "geometry": { "type": "Point", "coordinates": [ 106.91505, 58.29444 ] } },
{ "type": "Feature", "properties": { "sensor": "NOAA-20", "description": "<b>Latitude: </b> 58.42356<br/> \n                    <b>Longitude: </b> 107.57667<br/> \n                    <b>Detection Time: </b> 2026-09-30 18:06 UTC<br/> \n                    <b>Sensor: </b> NOAA-20 VIIRS<br/>\n                    <b>Confidence: </b> Nominal<br/> \n                    <b>Day/Night: </b> Night<br/>\n                    <b>Scan: </b> 0.4 km<br/>\n                    <b>Track: </b> 0.6 km<br/>\n                    <b>FRP: </b> 4.01 MW<br/>\n                    <b>Brightness: </b> 343.85 K" }, "geometry": { "type": "Point", "coordinates": [ 107.57667, 58.42356 ] } },
{ "type": "Feature", "properties": { "sensor": "NOAA-20", "description": "<b>Latitude: </b> 58.42369<br/> \n                    <b>Longitude: </b> 107.56956<br/> \n                    <b>Detection Time: </b> 2026-09-30 18:06 UTC<br/> \n                    <b>Sensor: </b> NOAA-20 VIIRS<br/>\n                    <b>Confidence: </b> Nominal<br/> \n                    <b>Day/Night: </b> Night<br/>\n                    <b>Scan: </b> 0.4 km<br/>\n                    <b>Track: </b> 0.6 km<br/>\n                    <b>FRP: </b> 4.01 MW<br/>\n                    <b>Brightness: </b> 325.99 K" }, "geometry": { "type": "Point", "coordinates": [ 107.56956, 58.42369 ] } },
{ "type": "Feature", "properties": { "sensor": "NOAA-20", "description": "<b>Latitude: </b> 58.42215<br/> \n                    <b>Longitude: </b> 107.5773<br/> \n                    <b>Detection Time: </b> 2026-09-30 18:06 UTC<br/> \n                    <b>Sensor: </b> NOAA-20 VIIRS<br/>\n                    <b>Confidence: </b> Nominal<br/> \n                    <b>Day/Night: </b> Night<br/>\n                    <b>Scan: </b> 0.4 km<br/>\n                    <b>Track: </b> 0.6 km<br/>\n                    <b>FRP: </b> 5.24 MW<br/>\n                    <b>Brightness: </b> 313.74 K" }, "geometry": { "type": "Point", "coordinates": [ 107.5773, 58.42215 ] } },
{ "type": "Feature", "properties": { "sensor": "NOAA-20", "description": "<b>Latitude: </b> 58.42224<br/> \n                    <b>Longitude: </b> 107.57031<br/> \n                    <b>Detection Time: </b> 2026-09-30 18:06 UTC<br/> \n                    <b>Sensor: </b> NOAA-20 VIIRS<br/>\n                    <b>Confidence: </b> Nominal<br/> \n                    <b>Day/Night: </b> Night<br/>\n                    <b>Scan: </b> 0.4 km<br/>\n                    <b>Track: </b> 0.6 km<br/>\n                    <b>FRP: </b> 2.81 MW<br/>\n                    <b>Brightness: </b> 318.17 K" }, "geometry": { "type": "Point", "coordinates": [ 107.57031, 58.42224 ] } },
{ "type": "Feature", "properties": { "sensor": "NOAA-20", "description": "<b>Latitude: </b> 58.4278<br/> \n                    <b>Longitude: </b> 107.57052<br/> \n                    <b>Detection Time: </b> 2026-09-30 18:06 UTC<br/> \n                    <b>Sensor: </b> NOAA-20 VIIRS<br/>\n                    <b>Confidence: </b> Nominal<br/> \n                    <b>Day/Night: </b> Night<br/>\n                    <b>Scan: </b> 0.4 km<br/>\n                    <b>Track: </b> 0.6 km<br/>\n                    <b>FRP: </b> 2.81 MW<br/>\n                    <b>Brightness: </b> 327.38 K" }, "geometry": { "type": "Point", "coordinates": [ 107.57052, 58.4278 ] } },
{ "type": "Feature", "properties": { "sensor": "NOAA-20", "description": "<b>Latitude: </b> 58.4497<br/> \n                    <b>Longitude: </b> 107.59856<br/> \n                    <b>Detection Time: </b> 2026-09-30 18:06 UTC<br/> \n                    <b>Sensor: </b> NOAA-20 VIIRS<br/>\n                    <b>Confidence: </b> Nominal<br/> \n                    <b>Day/Night: </b> Night<br/>\n                    <b>Scan: </b> 0.4 km<br/>\n                    <b>Track: </b> 0.6 km<br/>\n                    <b>FRP: </b> 2.83 MW<br/>\n                    <b>Brightness: </b> 325.39 K" }, "geometry": { "type": "Point", "coordinates": [ 107.59856, 58.4497 ] } },
{ "type": "Feature", "properties": { "sensor": "NOAA-20", "description": "<b>Latitude: </b> 58.09531<br/> \n                    <b>Longitude: </b> 106.54807<br/> \n                    <b>Detection Time: </b> 2026-09-30 18:06 UTC<br/> \n                    <b>Sensor: </b> NOAA-20 VIIRS<br/>\n                    <b>Confidence: </b> Nominal<br/> \n                    <b>Day/Night: </b> Night<br/>\n                    <b>Scan: </b> 0.43 km<br/>\n                    <b>Track: </b> 0.62 km<br/>\n                    <b>FRP: </b> 8.44 MW<br/>\n                    <b>Brightness: </b> 303.77 K" }, "geometry": { "type": "Point", "coordinates": [ 106.54807, 58.09531 ] } },
{ "type": "Feature", "properties": { "sensor": "NOAA-20", "description": "<b>Latitude: </b> 58.09525<br/> \n                    <b>Longitude: </b> 106.55546<br/> \n                    <b>Detection Time: </b> 2026-09-30 18:06 UTC<br/> \n                    <b>Sensor: </b> NOAA-20 VIIRS<br/>\n                    <b>Confidence: </b> Nominal<br/> \n                    <b>Day/Night: </b> Night<br/>\n                    <b>Scan: </b> 0.43 km<br/>\n                    <b>Track: </b> 0.62 km<br/>\n                    <b>FRP: </b> 14.89 MW<br/>\n                    <b>Brightness: </b> 355.63 K" }, "geometry": { "type": "Point", "coordinates": [ 106.55546, 58.09525 ] } },
{ "type": "Feature", "properties": { "sensor": "NOAA-20", "description": "<b>Latitude: </b> 58.09541<br/> \n                    <b>Longitude: </b> 106.56044<br/> \n                    <b>Detection Time: </b> 2026-09-30 18:06 UTC<br/> \n                    <b>Sensor: </b> NOAA-20 VIIRS<br/>\n                    <b>Confidence: </b> Nominal<br/> \n                    <b>Day/Night: </b> Night<br/>\n                    <b>Scan: </b> 0.43 km<br/>\n                    <b>Track: </b> 0.62 km<br/>\n                    <b>FRP: </b> 7.03 MW<br/>\n                    <b>Brightness: </b> 300.54 K" }, "geometry": { "type": "Point", "coordinates": [ 106.56044, 58.09541 ] } },
{ "type": "Feature", "properties": { "sensor": "NOAA-20", "description": "<b>Latitude: </b> 58.09547<br/> \n                    <b>Longitude: </b> 106.54568<br/> \n                    <b>Detection Time: </b> 2026-09-30 18:06 UTC<br/> \n                    <b>Sensor: </b> NOAA-20 VIIRS<br/>\n                    <b>Confidence: </b> Nominal<br/> \n                    <b>Day/Night: </b> Night<br/>\n                    <b>Scan: </b> 0.43 km<br/>\n                    <b>Track: </b> 0.62 km<br/>\n                    <b>FRP: </b> 7.85 MW<br/>\n                    <b>Brightness: </b> 295.93 K" }, "geometry": { "type": "Point", "coordinates": [ 106.54568, 58.09547 ] } },
{ "type": "Feature", "properties": { "sensor": "NOAA-20", "description": "<b>Latitude: </b> 58.09544<br/> \n                    <b>Longitude: </b> 106.55315<br/> \n                    <b>Detection Time: </b> 2026-09-30 18:06 UTC<br/> \n                    <b>Sensor: </b> NOAA-20 VIIRS<br/>\n                    <b>Confidence: </b> High<br/> \n                    <b>Day/Night: </b> Night<br/>\n                    <b>Scan: </b> 0.43 km<br/>\n                    <b>Track: </b> 0.62 km<br/>\n                    <b>FRP: </b> 7.85 MW<br/>\n                    <b>Brightness: </b> 367 K" }, "geometry": { "type": "Point", "coordinates": [ 106.55315, 58.09544 ] } },
{ "type": "Feature", "properties": { "sensor": "NOAA-20", "description": "<b>Latitude: </b> 57.63879<br/> \n                    <b>Longitude: </b> 135.66071<br/> \n                    <b>Detection Time: </b> 2026-09-30 18:04 UTC<br/> \n                    <b>Sensor: </b> NOAA-20 VIIRS<br/>\n                    <b>Confidence: </b> Nominal<br/> \n                    <b>Day/Night: </b> Night<br/>\n                    <b>Scan: </b> 0.4 km<br/>\n                    <b>Track: </b> 0.44 km<br/>\n                    <b>FRP: </b> 1.49 MW<br/>\n                    <b>Brightness: </b> 297.27 K" }, "geometry": { "type": "Point", "coordinates": [ 135.66071, 57.63879 ] } },
{ "type": "Feature", "properties": { "sensor": "NOAA-20", "description": "<b>Latitude: </b> 57.59219<br/> \n                    <b>Longitude: </b> 139.27715<br/> \n                    <b>Detection Time: </b> 2026-09-30 18:04 UTC<br/> \n                    <b>Sensor: </b> NOAA-20 VIIRS<br/>\n                    <b>Confidence: </b> Nominal<br/> \n                    <b>Day/Night: </b> Night<br/>\n                    <b>Scan: </b> 0.53 km<br/>\n                    <b>Track: </b> 0.5 km<br/>\n                    <b>FRP: </b> 2.16 MW<br/>\n                    <b>Brightness: </b> 297.29 K" }, "geometry": { "type": "Point", "coordinates": [ 139.27715, 57.59219 ] } },
{ "type": "Feature", "properties": { "sensor": "NOAA-20", "description": "<b>Latitude: </b> 62.34989<br/> \n                    <b>Longitude: </b> 113.76111<br/> \n                    <b>Detection Time: </b> 2026-09-30 18:04 UTC<br/> \n                    <b>Sensor: </b> NOAA-20 VIIRS<br/>\n                    <b>Confidence: </b> Nominal<br/> \n                    <b>Day/Night: </b> Night<br/>\n                    <b>Scan: </b> 0.52 km<br/>\n                    <b>Track: </b> 0.5 km<br/>\n                    <b>FRP: </b> 3 MW<br/>\n                    <b>Brightness: </b> 313.09 K" }, "geometry": { "type": "Point", "coordinates": [ 113.76111, 62.34989 ] } },
{ "type": "Feature", "properties": { "sensor": "NOAA-20", "description": "<b>Latitude: </b> 62.35289<br/> \n                    <b>Longitude: </b> 113.70004<br/> \n                    <b>Detection Time: </b> 2026-09-30 18:04 UTC<br/> \n                    <b>Sensor: </b> NOAA-20 VIIRS<br/>\n                    <b>Confidence: </b> Nominal<br/> \n                    <b>Day/Night: </b> Night<br/>\n                    <b>Scan: </b> 0.52 km<br/>\n                    <b>Track: </b> 0.5 km<br/>\n                    <b>FRP: </b> 5.48 MW<br/>\n                    <b>Brightness: </b> 309.61 K" }, "geometry": { "type": "Point", "coordinates": [ 113.70004, 62.35289 ] } },
{ "type": "Feature", "properties": { "sensor": "NOAA-20", "description": "<b>Latitude: </b> 62.35339<br/> \n                    <b>Longitude: </b> 113.68972<br/> \n                    <b>Detection Time: </b> 2026-09-30 18:04 UTC<br/> \n                    <b>Sensor: </b> NOAA-20 VIIRS<br/>\n                    <b>Confidence: </b> Nominal<br/> \n                    <b>Day/Night: </b> Night<br/>\n                    <b>Scan: </b> 0.52 km<br/>\n                    <b>Track: </b> 0.5 km<br/>\n                    <b>FRP: </b> 11.29 MW<br/>\n                    <b>Brightness: </b> 339.69 K" }, "geometry": { "type": "Point", "coordinates": [ 113.68972, 62.35339 ] } },
{ "type": "Feature", "properties": { "sensor": "NOAA-20", "description": "<b>Latitude: </b> 62.35749<br/> \n                    <b>Longitude: </b> 113.70117<br/> \n                    <b>Detection Time: </b> 2026-09-30 18:04 UTC<br/> \n                    <b>Sensor: </b> NOAA-20 VIIRS<br/>\n                    <b>Confidence: </b> Nominal<br/> \n                    <b>Day/Night: </b> Night<br/>\n                    <b>Scan: </b> 0.52 km<br/>\n                    <b>Track: </b> 0.5 km<br/>\n                    <b>FRP: </b> 5.48 MW<br/>\n                    <b>Brightness: </b> 297.91 K" }, "geometry": { "type": "Point", "coordinates": [ 113.70117, 62.35749 ] } },
{ "type": "Feature", "properties": { "sensor": "NOAA-20", "description": "<b>Latitude: </b> 62.35799<br/> \n                    <b>Longitude: </b> 113.69089<br/> \n                    <b>Detection Time: </b> 2026-09-30 18:04 UTC<br/> \n                    <b>Sensor: </b> NOAA-20 VIIRS<br/>\n                    <b>Confidence: </b> Nominal<br/> \n                    <b>Day/Night: </b> Night<br/>\n                    <b>Scan: </b> 0.52 km<br/>\n                    <b>Track: </b> 0.5 km<br/>\n                    <b>FRP: </b> 11.29 MW<br/>\n                    <b>Brightness: </b> 306.87 K" }, "geometry": { "type": "Point", "coordinates": [ 113.69089, 62.35799 ] } },
{ "type": "Feature", "properties": { "sensor": "NOAA-20", "description": "<b>Latitude: </b> 62.39575<br/> \n                    <b>Longitude: </b> 113.49136<br/> \n                    <b>Detection Time: </b> 2026-09-30 18:04 UTC<br/> \n                    <b>Sensor: </b> NOAA-20 VIIRS<br/>\n                    <b>Confidence: </b> Nominal<br/> \n                    <b>Day/Night: </b> Night<br/>\n                    <b>Scan: </b> 0.53 km<br/>\n                    <b>Track: </b> 0.5 km<br/>\n                    <b>FRP: </b> 0.87 MW<br/>\n                    <b>Brightness: </b> 297 K" }, "geometry": { "type": "Point", "coordinates": [ 113.49136, 62.39575 ] } },
{ "type": "Feature", "properties": { "sensor": "NOAA-20", "description": "<b>Latitude: </b> 62.40508<br/> \n                    <b>Longitude: </b> 113.58782<br/> \n                    <b>Detection Time: </b> 2026-09-30 18:04 UTC<br/> \n                    <b>Sensor: </b> NOAA-20 VIIRS<br/>\n                    <b>Confidence: </b> Nominal<br/> \n                    <b>Day/Night: </b> Night<br/>\n                    <b>Scan: </b> 0.52 km<br/>\n                    <b>Track: </b> 0.5 km<br/>\n                    <b>FRP: </b> 2.74 MW<br/>\n                    <b>Brightness: </b> 323.19 K" }, "geometry": { "type": "Point", "coordinates": [ 113.58782, 62.40508 ] } },
{ "type": "Feature", "properties": { "sensor": "NOAA-20", "description": "<b>Latitude: </b> 62.4467<br/> \n                    <b>Longitude: </b> 113.65654<br/> \n                    <b>Detection Time: </b> 2026-09-30 18:04 UTC<br/> \n                    <b>Sensor: </b> NOAA-20 VIIRS<br/>\n                    <b>Confidence: </b> Nominal<br/> \n                    <b>Day/Night: </b> Night<br/>\n                    <b>Scan: </b> 0.52 km<br/>\n                    <b>Track: </b> 0.5 km<br/>\n                    <b>FRP: </b> 4.68 MW<br/>\n                    <b>Brightness: </b> 335.62 K" }, "geometry": { "type": "Point", "coordinates": [ 113.65654, 62.4467 ] } },
{ "type": "Feature", "properties": { "sensor": "NOAA-20", "description": "<b>Latitude: </b> 62.49946<br/> \n                    <b>Longitude: </b> 113.906<br/> \n                    <b>Detection Time: </b> 2026-09-30 18:04 UTC<br/> \n                    <b>Sensor: </b> NOAA-20 VIIRS<br/>\n                    <b>Confidence: </b> Nominal<br/> \n                    <b>Day/Night: </b> Night<br/>\n                    <b>Scan: </b> 0.51 km<br/>\n                    <b>Track: </b> 0.5 km<br/>\n                    <b>FRP: </b> 1.3 MW<br/>\n                    <b>Brightness: </b> 310.79 K" }, "geometry": { "type": "Point", "coordinates": [ 113.906, 62.49946 ] } },
{ "type": "Feature", "properties": { "sensor": "NOAA-20", "description": "<b>Latitude: </b> 62.49866<br/> \n                    <b>Longitude: </b> 113.90106<br/> \n                    <b>Detection Time: </b> 2026-09-30 18:04 UTC<br/> \n                    <b>Sensor: </b> NOAA-20 VIIRS<br/>\n                    <b>Confidence: </b> Nominal<br/> \n                    <b>Day/Night: </b> Night<br/>\n                    <b>Scan: </b> 0.51 km<br/>\n                    <b>Track: </b> 0.5 km<br/>\n                    <b>FRP: </b> 2.63 MW<br/>\n                    <b>Brightness: </b> 319.56 K" }, "geometry": { "type": "Point", "coordinates": [ 113.90106, 62.49866 ] } },
{ "type": "Feature", "properties": { "sensor": "NOAA-20", "description": "<b>Latitude: </b> 63.18573<br/> \n                    <b>Longitude: </b> 125.70438<br/> \n                    <b>Detection Time: </b> 2026-09-30 18:04 UTC<br/> \n                    <b>Sensor: </b> NOAA-20 VIIRS<br/>\n                    <b>Confidence: </b> Nominal<br/> \n                    <b>Day/Night: </b> Night<br/>\n                    <b>Scan: </b> 0.4 km<br/>\n                    <b>Track: </b> 0.37 km<br/>\n                    <b>FRP: </b> 1.72 MW<br/>\n                    <b>Brightness: </b> 321.56 K" }, "geometry": { "type": "Point", "coordinates": [ 125.70438, 63.18573 ] } },
{ "type": "Feature", "properties": { "sensor": "NOAA-20", "description": "<b>Latitude: </b> 53.14668<br/> \n                    <b>Longitude: </b> 143.25533<br/> \n                    <b>Detection Time: </b> 2026-09-30 16:26 UTC<br/> \n                    <b>Sensor: </b> NOAA-20 VIIRS<br/>\n                    <b>Confidence: </b> Nominal<br/> \n                    <b>Day/Night: </b> Night<br/>\n                    <b>Scan: </b> 0.45 km<br/>\n                    <b>Track: </b> 0.39 km<br/>\n                    <b>FRP: </b> 3.65 MW<br/>\n                    <b>Brightness: </b> 335.88 K" }, "geometry": { "type": "Point", "coordinates": [ 143.25533, 53.14668 ] } },
{ "type": "Feature", "properties": { "sensor": "NOAA-20", "description": "<b>Latitude: </b> 53.20381<br/> \n                    <b>Longitude: </b> 143.23878<br/> \n                    <b>Detection Time: </b> 2026-09-30 16:26 UTC<br/> \n                    <b>Sensor: </b> NOAA-20 VIIRS<br/>\n                    <b>Confidence: </b> Nominal<br/> \n                    <b>Day/Night: </b> Night<br/>\n                    <b>Scan: </b> 0.45 km<br/>\n                    <b>Track: </b> 0.39 km<br/>\n                    <b>FRP: </b> 5.41 MW<br/>\n                    <b>Brightness: </b> 328.4 K" }, "geometry": { "type": "Point", "coordinates": [ 143.23878, 53.20381 ] } },
{ "type": "Feature", "properties": { "sensor": "NOAA-20", "description": "<b>Latitude: </b> 53.26595<br/> \n                    <b>Longitude: </b> 143.22386<br/> \n                    <b>Detection Time: </b> 2026-09-30 16:26 UTC<br/> \n                    <b>Sensor: </b> NOAA-20 VIIRS<br/>\n                    <b>Confidence: </b> Nominal<br/> \n                    <b>Day/Night: </b> Night<br/>\n                    <b>Scan: </b> 0.46 km<br/>\n                    <b>Track: </b> 0.39 km<br/>\n                    <b>FRP: </b> 1.3 MW<br/>\n                    <b>Brightness: </b> 309.75 K" }, "geometry": { "type": "Point", "coordinates": [ 143.22386, 53.26595 ] } },
{ "type": "Feature", "properties": { "sensor": "NOAA-20", "description": "<b>Latitude: </b> 52.5125<br/> \n                    <b>Longitude: </b> 143.1857<br/> \n                    <b>Detection Time: </b> 2026-09-30 16:26 UTC<br/> \n                    <b>Sensor: </b> NOAA-20 VIIRS<br/>\n                    <b>Confidence: </b> Nominal<br/> \n                    <b>Day/Night: </b> Night<br/>\n                    <b>Scan: </b> 0.45 km<br/>\n                    <b>Track: </b> 0.39 km<br/>\n                    <b>FRP: </b> 0.75 MW<br/>\n                    <b>Brightness: </b> 305.22 K" }, "geometry": { "type": "Point", "coordinates": [ 143.1857, 52.5125 ] } },
{ "type": "Feature", "properties": { "sensor": "NOAA-20", "description": "<b>Latitude: </b> 57.64072<br/> \n                    <b>Longitude: </b> 135.66101<br/> \n                    <b>Detection Time: </b> 2026-09-30 16:24 UTC<br/> \n                    <b>Sensor: </b> NOAA-20 VIIRS<br/>\n                    <b>Confidence: </b> Nominal<br/> \n                    <b>Day/Night: </b> Night<br/>\n                    <b>Scan: </b> 0.62 km<br/>\n                    <b>Track: </b> 0.54 km<br/>\n                    <b>FRP: </b> 1.81 MW<br/>\n                    <b>Brightness: </b> 298.74 K" }, "geometry": { "type": "Point", "coordinates": [ 135.66101, 57.64072 ] } },
{ "type": "Feature", "properties": { "sensor": "NOAA-20", "description": "<b>Latitude: </b> 57.64421<br/> \n                    <b>Longitude: </b> 135.70474<br/> \n                    <b>Detection Time: </b> 2026-09-30 16:24 UTC<br/> \n                    <b>Sensor: </b> NOAA-20 VIIRS<br/>\n                    <b>Confidence: </b> Nominal<br/> \n                    <b>Day/Night: </b> Night<br/>\n                    <b>Scan: </b> 0.62 km<br/>\n                    <b>Track: </b> 0.54 km<br/>\n                    <b>FRP: </b> 1.16 MW<br/>\n                    <b>Brightness: </b> 295.87 K" }, "geometry": { "type": "Point", "coordinates": [ 135.70474, 57.64421 ] } },
{ "type": "Feature", "properties": { "sensor": "NOAA-20", "description": "<b>Latitude: </b> 57.64436<br/> \n                    <b>Longitude: </b> 135.70761<br/> \n                    <b>Detection Time: </b> 2026-09-30 16:24 UTC<br/> \n                    <b>Sensor: </b> NOAA-20 VIIRS<br/>\n                    <b>Confidence: </b> Nominal<br/> \n                    <b>Day/Night: </b> Night<br/>\n                    <b>Scan: </b> 0.62 km<br/>\n                    <b>Track: </b> 0.54 km<br/>\n                    <b>FRP: </b> 2.35 MW<br/>\n                    <b>Brightness: </b> 304.95 K" }, "geometry": { "type": "Point", "coordinates": [ 135.70761, 57.64436 ] } },
{ "type": "Feature", "properties": { "sensor": "NOAA-20", "description": "<b>Latitude: </b> 59.13179<br/> \n                    <b>Longitude: </b> 37.79663<br/> \n                    <b>Detection Time: </b> 2026-09-30 11:02 UTC<br/> \n                    <b>Sensor: </b> NOAA-20 VIIRS<br/>\n                    <b>Confidence: </b> Nominal<br/> \n                    <b>Day/Night: </b> Day<br/>\n                    <b>Scan: </b> 0.61 km<br/>\n                    <b>Track: </b> 0.53 km<br/>\n                    <b>FRP: </b> 5.96 MW<br/>\n                    <b>Brightness: </b> 339.09 K" }, "geometry": { "type": "Point", "coordinates": [ 37.79663, 59.13179 ] } },
{ "type": "Feature", "properties": { "sensor": "NOAA-20", "description": "<b>Latitude: </b> 57.01082<br/> \n                    <b>Longitude: </b> 34.67568<br/> \n                    <b>Detection Time: </b> 2026-09-30 11:02 UTC<br/> \n                    <b>Sensor: </b> NOAA-20 VIIRS<br/>\n                    <b>Confidence: </b> Nominal<br/> \n                    <b>Day/Night: </b> Day<br/>\n                    <b>Scan: </b> 0.45 km<br/>\n                    <b>Track: </b> 0.47 km<br/>\n                    <b>FRP: </b> 4.7 MW<br/>\n                    <b>Brightness: </b> 330.5 K" }, "geometry": { "type": "Point", "coordinates": [ 34.67568, 57.01082 ] } },
{ "type": "Feature", "properties": { "sensor": "NOAA-20", "description": "<b>Latitude: </b> 57.01133<br/> \n                    <b>Longitude: </b> 34.68316<br/> \n                    <b>Detection Time: </b> 2026-09-30 11:02 UTC<br/> \n                    <b>Sensor: </b> NOAA-20 VIIRS<br/>\n                    <b>Confidence: </b> Nominal<br/> \n                    <b>Day/Night: </b> Day<br/>\n                    <b>Scan: </b> 0.45 km<br/>\n                    <b>Track: </b> 0.47 km<br/>\n                    <b>FRP: </b> 6.38 MW<br/>\n                    <b>Brightness: </b> 342.78 K" }, "geometry": { "type": "Point", "coordinates": [ 34.68316, 57.01133 ] } },
{ "type": "Feature", "properties": { "sensor": "NOAA-20", "description": "<b>Latitude: </b> 56.08946<br/> \n                    <b>Longitude: </b> 41.89621<br/> \n                    <b>Detection Time: </b> 2026-09-30 11:02 UTC<br/> \n                    <b>Sensor: </b> NOAA-20 VIIRS<br/>\n                    <b>Confidence: </b> Nominal<br/> \n                    <b>Day/Night: </b> Day<br/>\n                    <b>Scan: </b> 0.42 km<br/>\n                    <b>Track: </b> 0.61 km<br/>\n                    <b>FRP: </b> 2.03 MW<br/>\n                    <b>Brightness: </b> 328.86 K" }, "geometry": { "type": "Point", "coordinates": [ 41.89621, 56.08946 ] } },
{ "type": "Feature", "properties": { "sensor": "NOAA-20", "description": "<b>Latitude: </b> 59.38523<br/> \n                    <b>Longitude: </b> 28.45995<br/> \n                    <b>Detection Time: </b> 2026-09-30 11:02 UTC<br/> \n                    <b>Sensor: </b> NOAA-20 VIIRS<br/>\n                    <b>Confidence: </b> Nominal<br/> \n                    <b>Day/Night: </b> Day<br/>\n                    <b>Scan: </b> 0.46 km<br/>\n                    <b>Track: </b> 0.39 km<br/>\n                    <b>FRP: </b> 2.28 MW<br/>\n                    <b>Brightness: </b> 327.61 K" }, "geometry": { "type": "Point", "coordinates": [ 28.45995, 59.38523 ] } },
{ "type": "Feature", "properties": { "sensor": "NOAA-20", "description": "<b>Latitude: </b> 52.55642<br/> \n                    <b>Longitude: </b> 39.61659<br/> \n                    <b>Detection Time: </b> 2026-09-30 11:00 UTC<br/> \n                    <b>Sensor: </b> NOAA-20 VIIRS<br/>\n                    <b>Confidence: </b> Nominal<br/> \n                    <b>Day/Night: </b> Day<br/>\n                    <b>Scan: </b> 0.32 km<br/>\n                    <b>Track: </b> 0.55 km<br/>\n                    <b>FRP: </b> 2.68 MW<br/>\n                    <b>Brightness: </b> 343.69 K" }, "geometry": { "type": "Point", "coordinates": [ 39.61659, 52.55642 ] } },
{ "type": "Feature", "properties": { "sensor": "NOAA-20", "description": "<b>Latitude: </b> 52.54711<br/> \n                    <b>Longitude: </b> 39.63691<br/> \n                    <b>Detection Time: </b> 2026-09-30 11:00 UTC<br/> \n                    <b>Sensor: </b> NOAA-20 VIIRS<br/>\n                    <b>Confidence: </b> Nominal<br/> \n                    <b>Day/Night: </b> Day<br/>\n                    <b>Scan: </b> 0.32 km<br/>\n                    <b>Track: </b> 0.55 km<br/>\n                    <b>FRP: </b> 4.5 MW<br/>\n                    <b>Brightness: </b> 345.44 K" }, "geometry": { "type": "Point", "coordinates": [ 39.63691, 52.54711 ] } },
{ "type": "Feature", "properties": { "sensor": "NOAA-20", "description": "<b>Latitude: </b> 52.55411<br/> \n                    <b>Longitude: </b> 40.0609<br/> \n                    <b>Detection Time: </b> 2026-09-30 11:00 UTC<br/> \n                    <b>Sensor: </b> NOAA-20 VIIRS<br/>\n                    <b>Confidence: </b> Low<br/> \n                    <b>Day/Night: </b> Day<br/>\n                    <b>Scan: </b> 0.34 km<br/>\n                    <b>Track: </b> 0.56 km<br/>\n                    <b>FRP: </b> 9.27 MW<br/>\n                    <b>Brightness: </b> 356.46 K" }, "geometry": { "type": "Point", "coordinates": [ 40.0609, 52.55411 ] } },
{ "type": "Feature", "properties": { "sensor": "NOAA-20", "description": "<b>Latitude: </b> 52.53677<br/> \n                    <b>Longitude: </b> 39.6331<br/> \n                    <b>Detection Time: </b> 2026-09-30 11:00 UTC<br/> \n                    <b>Sensor: </b> NOAA-20 VIIRS<br/>\n                    <b>Confidence: </b> Nominal<br/> \n                    <b>Day/Night: </b> Day<br/>\n                    <b>Scan: </b> 0.32 km<br/>\n                    <b>Track: </b> 0.55 km<br/>\n                    <b>FRP: </b> 2.07 MW<br/>\n                    <b>Brightness: </b> 327.18 K" }, "geometry": { "type": "Point", "coordinates": [ 39.6331, 52.53677 ] } },
{ "type": "Feature", "properties": { "sensor": "NOAA-20", "description": "<b>Latitude: </b> 52.54913<br/> \n                    <b>Longitude: </b> 40.06624<br/> \n                    <b>Detection Time: </b> 2026-09-30 11:00 UTC<br/> \n                    <b>Sensor: </b> NOAA-20 VIIRS<br/>\n                    <b>Confidence: </b> Low<br/> \n                    <b>Day/Night: </b> Day<br/>\n                    <b>Scan: </b> 0.34 km<br/>\n                    <b>Track: </b> 0.56 km<br/>\n                    <b>FRP: </b> 20.53 MW<br/>\n                    <b>Brightness: </b> 356.45 K" }, "geometry": { "type": "Point", "coordinates": [ 40.06624, 52.54913 ] } },
{ "type": "Feature", "properties": { "sensor": "NOAA-20", "description": "<b>Latitude: </b> 52.54875<br/> \n                    <b>Longitude: </b> 40.05632<br/> \n                    <b>Detection Time: </b> 2026-09-30 11:00 UTC<br/> \n                    <b>Sensor: </b> NOAA-20 VIIRS<br/>\n                    <b>Confidence: </b> Nominal<br/> \n                    <b>Day/Night: </b> Day<br/>\n                    <b>Scan: </b> 0.34 km<br/>\n                    <b>Track: </b> 0.56 km<br/>\n                    <b>FRP: </b> 9.27 MW<br/>\n                    <b>Brightness: </b> 345.25 K" }, "geometry": { "type": "Point", "coordinates": [ 40.05632, 52.54875 ] } },
{ "type": "Feature", "properties": { "sensor": "NOAA-20", "description": "<b>Latitude: </b> 52.54894<br/> \n                    <b>Longitude: </b> 40.06126<br/> \n                    <b>Detection Time: </b> 2026-09-30 11:00 UTC<br/> \n                    <b>Sensor: </b> NOAA-20 VIIRS<br/>\n                    <b>Confidence: </b> Nominal<br/> \n                    <b>Day/Night: </b> Day<br/>\n                    <b>Scan: </b> 0.34 km<br/>\n                    <b>Track: </b> 0.56 km<br/>\n                    <b>FRP: </b> 9.27 MW<br/>\n                    <b>Brightness: </b> 351.11 K" }, "geometry": { "type": "Point", "coordinates": [ 40.06126, 52.54894 ] } },
{ "type": "Feature", "properties": { "sensor": "NOAA-20", "description": "<b>Latitude: </b> 51.99666<br/> \n                    <b>Longitude: </b> 34.23382<br/> \n                    <b>Detection Time: </b> 2026-09-30 11:00 UTC<br/> \n                    <b>Sensor: </b> NOAA-20 VIIRS<br/>\n                    <b>Confidence: </b> Nominal<br/> \n                    <b>Day/Night: </b> Day<br/>\n                    <b>Scan: </b> 0.57 km<br/>\n                    <b>Track: </b> 0.43 km<br/>\n                    <b>FRP: </b> 3.56 MW<br/>\n                    <b>Brightness: </b> 331.03 K" }, "geometry": { "type": "Point", "coordinates": [ 34.23382, 51.99666 ] } },
{ "type": "Feature", "properties": { "sensor": "NOAA-20", "description": "<b>Latitude: </b> 51.77578<br/> \n                    <b>Longitude: </b> 35.03718<br/> \n                    <b>Detection Time: </b> 2026-09-30 11:00 UTC<br/> \n                    <b>Sensor: </b> NOAA-20 VIIRS<br/>\n                    <b>Confidence: </b> Nominal<br/> \n                    <b>Day/Night: </b> Day<br/>\n                    <b>Scan: </b> 0.41 km<br/>\n                    <b>Track: </b> 0.45 km<br/>\n                    <b>FRP: </b> 3.27 MW<br/>\n                    <b>Brightness: </b> 330.95 K" }, "geometry": { "type": "Point", "coordinates": [ 35.03718, 51.77578 ] } },
{ "type": "Feature", "properties": { "sensor": "NOAA-20", "description": "<b>Latitude: </b> 51.77167<br/> \n                    <b>Longitude: </b> 35.03803<br/> \n                    <b>Detection Time: </b> 2026-09-30 11:00 UTC<br/> \n                    <b>Sensor: </b> NOAA-20 VIIRS<br/>\n                    <b>Confidence: </b> Nominal<br/> \n                    <b>Day/Night: </b> Day<br/>\n                    <b>Scan: </b> 0.41 km<br/>\n                    <b>Track: </b> 0.45 km<br/>\n                    <b>FRP: </b> 3.27 MW<br/>\n                    <b>Brightness: </b> 339.33 K" }, "geometry": { "type": "Point", "coordinates": [ 35.03803, 51.77167 ] } },
{ "type": "Feature", "properties": { "sensor": "NOAA-20", "description": "<b>Latitude: </b> 51.77216<br/> \n                    <b>Longitude: </b> 35.04397<br/> \n                    <b>Detection Time: </b> 2026-09-30 11:00 UTC<br/> \n                    <b>Sensor: </b> NOAA-20 VIIRS<br/>\n                    <b>Confidence: </b> Nominal<br/> \n                    <b>Day/Night: </b> Day<br/>\n                    <b>Scan: </b> 0.41 km<br/>\n                    <b>Track: </b> 0.45 km<br/>\n                    <b>FRP: </b> 3.06 MW<br/>\n                    <b>Brightness: </b> 335.58 K" }, "geometry": { "type": "Point", "coordinates": [ 35.04397, 51.77216 ] } },
{ "type": "Feature", "properties": { "sensor": "NOAA-20", "description": "<b>Latitude: </b> 51.7902<br/> \n                    <b>Longitude: </b> 37.54654<br/> \n                    <b>Detection Time: </b> 2026-09-30 11:00 UTC<br/> \n                    <b>Sensor: </b> NOAA-20 VIIRS<br/>\n                    <b>Confidence: </b> Nominal<br/> \n                    <b>Day/Night: </b> Day<br/>\n                    <b>Scan: </b> 0.52 km<br/>\n                    <b>Track: </b> 0.5 km<br/>\n                    <b>FRP: </b> 5.52 MW<br/>\n                    <b>Brightness: </b> 342.39 K" }, "geometry": { "type": "Point", "coordinates": [ 37.54654, 51.7902 ] } },
{ "type": "Feature", "properties": { "sensor": "NOAA-20", "description": "<b>Latitude: </b> 51.50053<br/> \n                    <b>Longitude: </b> 35.88756<br/> \n                    <b>Detection Time: </b> 2026-09-30 11:00 UTC<br/> \n                    <b>Sensor: </b> NOAA-20 VIIRS<br/>\n                    <b>Confidence: </b> Nominal<br/> \n                    <b>Day/Night: </b> Day<br/>\n                    <b>Scan: </b> 0.44 km<br/>\n                    <b>Track: </b> 0.46 km<br/>\n                    <b>FRP: </b> 5.04 MW<br/>\n                    <b>Brightness: </b> 331.62 K" }, "geometry": { "type": "Point", "coordinates": [ 35.88756, 51.50053 ] } },
{ "type": "Feature", "properties": { "sensor": "NOAA-20", "description": "<b>Latitude: </b> 51.501<br/> \n                    <b>Longitude: </b> 35.89397<br/> \n                    <b>Detection Time: </b> 2026-09-30 11:00 UTC<br/> \n                    <b>Sensor: </b> NOAA-20 VIIRS<br/>\n                    <b>Confidence: </b> Nominal<br/> \n                    <b>Day/Night: </b> Day<br/>\n                    <b>Scan: </b> 0.44 km<br/>\n                    <b>Track: </b> 0.46 km<br/>\n                    <b>FRP: </b> 6.58 MW<br/>\n                    <b>Brightness: </b> 342.68 K" }, "geometry": { "type": "Point", "coordinates": [ 35.89397, 51.501 ] } },
{ "type": "Feature", "properties": { "sensor": "NOAA-20", "description": "<b>Latitude: </b> 51.23752<br/> \n                    <b>Longitude: </b> 34.36736<br/> \n                    <b>Detection Time: </b> 2026-09-30 11:00 UTC<br/> \n                    <b>Sensor: </b> NOAA-20 VIIRS<br/>\n                    <b>Confidence: </b> Nominal<br/> \n                    <b>Day/Night: </b> Day<br/>\n                    <b>Scan: </b> 0.57 km<br/>\n                    <b>Track: </b> 0.43 km<br/>\n                    <b>FRP: </b> 8.09 MW<br/>\n                    <b>Brightness: </b> 333.93 K" }, "geometry": { "type": "Point", "coordinates": [ 34.36736, 51.23752 ] } },
{ "type": "Feature", "properties": { "sensor": "NOAA-20", "description": "<b>Latitude: </b> 51.22726<br/> \n                    <b>Longitude: </b> 34.90731<br/> \n                    <b>Detection Time: </b> 2026-09-30 11:00 UTC<br/> \n                    <b>Sensor: </b> NOAA-20 VIIRS<br/>\n                    <b>Confidence: </b> Nominal<br/> \n                    <b>Day/Night: </b> Day<br/>\n                    <b>Scan: </b> 0.4 km<br/>\n                    <b>Track: </b> 0.44 km<br/>\n                    <b>FRP: </b> 46.03 MW<br/>\n                    <b>Brightness: </b> 336.74 K" }, "geometry": { "type": "Point", "coordinates": [ 34.90731, 51.22726 ] } },
{ "type": "Feature", "properties": { "sensor": "NOAA-20", "description": "<b>Latitude: </b> 51.22321<br/> \n                    <b>Longitude: </b> 34.90816<br/> \n                    <b>Detection Time: </b> 2026-09-30 11:00 UTC<br/> \n                    <b>Sensor: </b> NOAA-20 VIIRS<br/>\n                    <b>Confidence: </b> Nominal<br/> \n                    <b>Day/Night: </b> Day<br/>\n                    <b>Scan: </b> 0.4 km<br/>\n                    <b>Track: </b> 0.44 km<br/>\n                    <b>FRP: </b> 19.73 MW<br/>\n                    <b>Brightness: </b> 339.12 K" }, "geometry": { "type": "Point", "coordinates": [ 34.90816, 51.22321 ] } },
{ "type": "Feature", "properties": { "sensor": "NOAA-20", "description": "<b>Latitude: </b> 51.17225<br/> \n                    <b>Longitude: </b> 35.23236<br/> \n                    <b>Detection Time: </b> 2026-09-30 11:00 UTC<br/> \n                    <b>Sensor: </b> NOAA-20 VIIRS<br/>\n                    <b>Confidence: </b> Nominal<br/> \n                    <b>Day/Night: </b> Day<br/>\n                    <b>Scan: </b> 0.41 km<br/>\n                    <b>Track: </b> 0.45 km<br/>\n                    <b>FRP: </b> 3.77 MW<br/>\n                    <b>Brightness: </b> 338.06 K" }, "geometry": { "type": "Point", "coordinates": [ 35.23236, 51.17225 ] } },
{ "type": "Feature", "properties": { "sensor": "NOAA-20", "description": "<b>Latitude: </b> 51.17273<br/> \n                    <b>Longitude: </b> 35.23825<br/> \n                    <b>Detection Time: </b> 2026-09-30 11:00 UTC<br/> \n                    <b>Sensor: </b> NOAA-20 VIIRS<br/>\n                    <b>Confidence: </b> Nominal<br/> \n                    <b>Day/Night: </b> Day<br/>\n                    <b>Scan: </b> 0.41 km<br/>\n                    <b>Track: </b> 0.45 km<br/>\n                    <b>FRP: </b> 15.03 MW<br/>\n                    <b>Brightness: </b> 354.61 K" }, "geometry": { "type": "Point", "coordinates": [ 35.23825, 51.17273 ] } },
{ "type": "Feature", "properties": { "sensor": "NOAA-20", "description": "<b>Latitude: </b> 51.06697<br/> \n                    <b>Longitude: </b> 35.35161<br/> \n                    <b>Detection Time: </b> 2026-09-30 11:00 UTC<br/> \n                    <b>Sensor: </b> NOAA-20 VIIRS<br/>\n                    <b>Confidence: </b> Nominal<br/> \n                    <b>Day/Night: </b> Day<br/>\n                    <b>Scan: </b> 0.41 km<br/>\n                    <b>Track: </b> 0.45 km<br/>\n                    <b>FRP: </b> 12.73 MW<br/>\n                    <b>Brightness: </b> 355.61 K" }, "geometry": { "type": "Point", "coordinates": [ 35.35161, 51.06697 ] } },
{ "type": "Feature", "properties": { "sensor": "NOAA-20", "description": "<b>Latitude: </b> 51.13667<br/> \n                    <b>Longitude: </b> 37.93641<br/> \n                    <b>Detection Time: </b> 2026-09-30 11:00 UTC<br/> \n                    <b>Sensor: </b> NOAA-20 VIIRS<br/>\n                    <b>Confidence: </b> Nominal<br/> \n                    <b>Day/Night: </b> Day<br/>\n                    <b>Scan: </b> 0.53 km<br/>\n                    <b>Track: </b> 0.5 km<br/>\n                    <b>FRP: </b> 3.84 MW<br/>\n                    <b>Brightness: </b> 325.91 K" }, "geometry": { "type": "Point", "coordinates": [ 37.93641, 51.13667 ] } },
{ "type": "Feature", "properties": { "sensor": "NOAA-20", "description": "<b>Latitude: </b> 49.3562<br/> \n                    <b>Longitude: </b> 26.6255<br/> \n                    <b>Detection Time: </b> 2026-09-30 11:00 UTC<br/> \n                    <b>Sensor: </b> NOAA-20 VIIRS<br/>\n                    <b>Confidence: </b> Nominal<br/> \n                    <b>Day/Night: </b> Day<br/>\n                    <b>Scan: </b> 0.39 km<br/>\n                    <b>Track: </b> 0.36 km<br/>\n                    <b>FRP: </b> 2.39 MW<br/>\n                    <b>Brightness: </b> 336.47 K" }, "geometry": { "type": "Point", "coordinates": [ 26.6255, 49.3562 ] } },
{ "type": "Feature", "properties": { "sensor": "NOAA-20", "description": "<b>Latitude: </b> 49.22685<br/> \n                    <b>Longitude: </b> 26.57258<br/> \n                    <b>Detection Time: </b> 2026-09-30 11:00 UTC<br/> \n                    <b>Sensor: </b> NOAA-20 VIIRS<br/>\n                    <b>Confidence: </b> Nominal<br/> \n                    <b>Day/Night: </b> Day<br/>\n                    <b>Scan: </b> 0.39 km<br/>\n                    <b>Track: </b> 0.36 km<br/>\n                    <b>FRP: </b> 2.58 MW<br/>\n                    <b>Brightness: </b> 343.85 K" }, "geometry": { "type": "Point", "coordinates": [ 26.57258, 49.22685 ] } },
{ "type": "Feature", "properties": { "sensor": "NOAA-20", "description": "<b>Latitude: </b> 49.22015<br/> \n                    <b>Longitude: </b> 26.55292<br/> \n                    <b>Detection Time: </b> 2026-09-30 11:00 UTC<br/> \n                    <b>Sensor: </b> NOAA-20 VIIRS<br/>\n                    <b>Confidence: </b> Nominal<br/> \n                    <b>Day/Night: </b> Day<br/>\n                    <b>Scan: </b> 0.39 km<br/>\n                    <b>Track: </b> 0.36 km<br/>\n                    <b>FRP: </b> 2.12 MW<br/>\n                    <b>Brightness: </b> 335.45 K" }, "geometry": { "type": "Point", "coordinates": [ 26.55292, 49.22015 ] } },
{ "type": "Feature", "properties": { "sensor": "NOAA-20", "description": "<b>Latitude: </b> 49.00156<br/> \n                    <b>Longitude: </b> 26.25249<br/> \n                    <b>Detection Time: </b> 2026-09-30 11:00 UTC<br/> \n                    <b>Sensor: </b> NOAA-20 VIIRS<br/>\n                    <b>Confidence: </b> Nominal<br/> \n                    <b>Day/Night: </b> Day<br/>\n                    <b>Scan: </b> 0.39 km<br/>\n                    <b>Track: </b> 0.36 km<br/>\n                    <b>FRP: </b> 2.05 MW<br/>\n                    <b>Brightness: </b> 337.47 K" }, "geometry": { "type": "Point", "coordinates": [ 26.25249, 49.00156 ] } },
{ "type": "Feature", "properties": { "sensor": "NOAA-20", "description": "<b>Latitude: </b> 49.06111<br/> \n                    <b>Longitude: </b> 27.14123<br/> \n                    <b>Detection Time: </b> 2026-09-30 11:00 UTC<br/> \n                    <b>Sensor: </b> NOAA-20 VIIRS<br/>\n                    <b>Confidence: </b> Nominal<br/> \n                    <b>Day/Night: </b> Day<br/>\n                    <b>Scan: </b> 0.39 km<br/>\n                    <b>Track: </b> 0.36 km<br/>\n                    <b>FRP: </b> 3.47 MW<br/>\n                    <b>Brightness: </b> 341.59 K" }, "geometry": { "type": "Point", "coordinates": [ 27.14123, 49.06111 ] } },
{ "type": "Feature", "properties": { "sensor": "NOAA-20", "description": "<b>Latitude: </b> 48.60699<br/> \n                    <b>Longitude: </b> 26.3294<br/> \n                    <b>Detection Time: </b> 2026-09-30 11:00 UTC<br/> \n                    <b>Sensor: </b> NOAA-20 VIIRS<br/>\n                    <b>Confidence: </b> Nominal<br/> \n                    <b>Day/Night: </b> Day<br/>\n                    <b>Scan: </b> 0.39 km<br/>\n                    <b>Track: </b> 0.36 km<br/>\n                    <b>FRP: </b> 1.82 MW<br/>\n                    <b>Brightness: </b> 337.08 K" }, "geometry": { "type": "Point", "coordinates": [ 26.3294, 48.60699 ] } },
{ "type": "Feature", "properties": { "sensor": "NOAA-20", "description": "<b>Latitude: </b> 48.8399<br/> \n                    <b>Longitude: </b> 27.82945<br/> \n                    <b>Detection Time: </b> 2026-09-30 11:00 UTC<br/> \n                    <b>Sensor: </b> NOAA-20 VIIRS<br/>\n                    <b>Confidence: </b> Nominal<br/> \n                    <b>Day/Night: </b> Day<br/>\n                    <b>Scan: </b> 0.38 km<br/>\n                    <b>Track: </b> 0.36 km<br/>\n                    <b>FRP: </b> 2.65 MW<br/>\n                    <b>Brightness: </b> 338.42 K" }, "geometry": { "type": "Point", "coordinates": [ 27.82945, 48.8399 ] } },
{ "type": "Feature", "properties": { "sensor": "NOAA-20", "description": "<b>Latitude: </b> 48.6266<br/> \n                    <b>Longitude: </b> 26.62798<br/> \n                    <b>Detection Time: </b> 2026-09-30 11:00 UTC<br/> \n                    <b>Sensor: </b> NOAA-20 VIIRS<br/>\n                    <b>Confidence: </b> Nominal<br/> \n                    <b>Day/Night: </b> Day<br/>\n                    <b>Scan: </b> 0.39 km<br/>\n                    <b>Track: </b> 0.36 km<br/>\n                    <b>FRP: </b> 4.72 MW<br/>\n                    <b>Brightness: </b> 345.54 K" }, "geometry": { "type": "Point", "coordinates": [ 26.62798, 48.6266 ] } },
{ "type": "Feature", "properties": { "sensor": "NOAA-20", "description": "<b>Latitude: </b> 48.62334<br/> \n                    <b>Longitude: </b> 26.62921<br/> \n                    <b>Detection Time: </b> 2026-09-30 11:00 UTC<br/> \n                    <b>Sensor: </b> NOAA-20 VIIRS<br/>\n                    <b>Confidence: </b> Nominal<br/> \n                    <b>Day/Night: </b> Day<br/>\n                    <b>Scan: </b> 0.39 km<br/>\n                    <b>Track: </b> 0.36 km<br/>\n                    <b>FRP: </b> 2.6 MW<br/>\n                    <b>Brightness: </b> 339.22 K" }, "geometry": { "type": "Point", "coordinates": [ 26.62921, 48.62334 ] } },
{ "type": "Feature", "properties": { "sensor": "NOAA-20", "description": "<b>Latitude: </b> 48.62008<br/> \n                    <b>Longitude: </b> 26.63044<br/> \n                    <b>Detection Time: </b> 2026-09-30 11:00 UTC<br/> \n                    <b>Sensor: </b> NOAA-20 VIIRS<br/>\n                    <b>Confidence: </b> Nominal<br/> \n                    <b>Day/Night: </b> Day<br/>\n                    <b>Scan: </b> 0.39 km<br/>\n                    <b>Track: </b> 0.36 km<br/>\n                    <b>FRP: </b> 2.6 MW<br/>\n                    <b>Brightness: </b> 328.3 K" }, "geometry": { "type": "Point", "coordinates": [ 26.63044, 48.62008 ] } },
{ "type": "Feature", "properties": { "sensor": "NOAA-20", "description": "<b>Latitude: </b> 48.62094<br/> \n                    <b>Longitude: </b> 26.63563<br/> \n                    <b>Detection Time: </b> 2026-09-30 11:00 UTC<br/> \n                    <b>Sensor: </b> NOAA-20 VIIRS<br/>\n                    <b>Confidence: </b> Nominal<br/> \n                    <b>Day/Night: </b> Day<br/>\n                    <b>Scan: </b> 0.39 km<br/>\n                    <b>Track: </b> 0.36 km<br/>\n                    <b>FRP: </b> 5.11 MW<br/>\n                    <b>Brightness: </b> 336.07 K" }, "geometry": { "type": "Point", "coordinates": [ 26.63563, 48.62094 ] } },
{ "type": "Feature", "properties": { "sensor": "NOAA-20", "description": "<b>Latitude: </b> 48.72051<br/> \n                    <b>Longitude: </b> 27.48342<br/> \n                    <b>Detection Time: </b> 2026-09-30 11:00 UTC<br/> \n                    <b>Sensor: </b> NOAA-20 VIIRS<br/>\n                    <b>Confidence: </b> Nominal<br/> \n                    <b>Day/Night: </b> Day<br/>\n                    <b>Scan: </b> 0.38 km<br/>\n                    <b>Track: </b> 0.36 km<br/>\n                    <b>FRP: </b> 1.89 MW<br/>\n                    <b>Brightness: </b> 328.34 K" }, "geometry": { "type": "Point", "coordinates": [ 27.48342, 48.72051 ] } },
{ "type": "Feature", "properties": { "sensor": "NOAA-20", "description": "<b>Latitude: </b> 49.41565<br/> \n                    <b>Longitude: </b> 34.40997<br/> \n                    <b>Detection Time: </b> 2026-09-30 11:00 UTC<br/> \n                    <b>Sensor: </b> NOAA-20 VIIRS<br/>\n                    <b>Confidence: </b> Nominal<br/> \n                    <b>Day/Night: </b> Day<br/>\n                    <b>Scan: </b> 0.54 km<br/>\n                    <b>Track: </b> 0.42 km<br/>\n                    <b>FRP: </b> 2.56 MW<br/>\n                    <b>Brightness: </b> 326.69 K" }, "geometry": { "type": "Point", "coordinates": [ 34.40997, 49.41565 ] } },
{ "type": "Feature", "properties": { "sensor": "NOAA-20", "description": "<b>Latitude: </b> 48.80017<br/> \n                    <b>Longitude: </b> 29.53718<br/> \n                    <b>Detection Time: </b> 2026-09-30 11:00 UTC<br/> \n                    <b>Sensor: </b> NOAA-20 VIIRS<br/>\n                    <b>Confidence: </b> Nominal<br/> \n                    <b>Day/Night: </b> Day<br/>\n                    <b>Scan: </b> 0.39 km<br/>\n                    <b>Track: </b> 0.36 km<br/>\n                    <b>FRP: </b> 2 MW<br/>\n                    <b>Brightness: </b> 329.89 K" }, "geometry": { "type": "Point", "coordinates": [ 29.53718, 48.80017 ] } },
{ "type": "Feature", "properties": { "sensor": "NOAA-20", "description": "<b>Latitude: </b> 49.01579<br/> \n                    <b>Longitude: </b> 30.89427<br/> \n                    <b>Detection Time: </b> 2026-09-30 11:00 UTC<br/> \n                    <b>Sensor: </b> NOAA-20 VIIRS<br/>\n                    <b>Confidence: </b> Nominal<br/> \n                    <b>Day/Night: </b> Day<br/>\n                    <b>Scan: </b> 0.42 km<br/>\n                    <b>Track: </b> 0.37 km<br/>\n                    <b>FRP: </b> 1.98 MW<br/>\n                    <b>Brightness: </b> 327.98 K" }, "geometry": { "type": "Point", "coordinates": [ 30.89427, 49.01579 ] } },
{ "type": "Feature", "properties": { "sensor": "NOAA-20", "description": "<b>Latitude: </b> 55.10526<br/> \n                    <b>Longitude: </b> 33.60354<br/> \n                    <b>Detection Time: </b> 2026-09-30 11:00 UTC<br/> \n                    <b>Sensor: </b> NOAA-20 VIIRS<br/>\n                    <b>Confidence: </b> Nominal<br/> \n                    <b>Day/Night: </b> Day<br/>\n                    <b>Scan: </b> 0.39 km<br/>\n                    <b>Track: </b> 0.44 km<br/>\n                    <b>FRP: </b> 13.94 MW<br/>\n                    <b>Brightness: </b> 342.65 K" }, "geometry": { "type": "Point", "coordinates": [ 33.60354, 55.10526 ] } },
{ "type": "Feature", "properties": { "sensor": "NOAA-20", "description": "<b>Latitude: </b> 55.17472<br/> \n                    <b>Longitude: </b> 40.76384<br/> \n                    <b>Detection Time: </b> 2026-09-30 11:00 UTC<br/> \n                    <b>Sensor: </b> NOAA-20 VIIRS<br/>\n                    <b>Confidence: </b> Nominal<br/> \n                    <b>Day/Night: </b> Day<br/>\n                    <b>Scan: </b> 0.37 km<br/>\n                    <b>Track: </b> 0.58 km<br/>\n                    <b>FRP: </b> 2.08 MW<br/>\n                    <b>Brightness: </b> 332.9 K" }, "geometry": { "type": "Point", "coordinates": [ 40.76384, 55.17472 ] } },
{ "type": "Feature", "properties": { "sensor": "NOAA-20", "description": "<b>Latitude: </b> 54.86569<br/> \n                    <b>Longitude: </b> 36.79665<br/> \n                    <b>Detection Time: </b> 2026-09-30 11:00 UTC<br/> \n                    <b>Sensor: </b> NOAA-20 VIIRS<br/>\n                    <b>Confidence: </b> Nominal<br/> \n                    <b>Day/Night: </b> Day<br/>\n                    <b>Scan: </b> 0.52 km<br/>\n                    <b>Track: </b> 0.5 km<br/>\n                    <b>FRP: </b> 4.21 MW<br/>\n                    <b>Brightness: </b> 331.99 K" }, "geometry": { "type": "Point", "coordinates": [ 36.79665, 54.86569 ] } },
{ "type": "Feature", "properties": { "sensor": "NOAA-20", "description": "<b>Latitude: </b> 54.7831<br/> \n                    <b>Longitude: </b> 41.18932<br/> \n                    <b>Detection Time: </b> 2026-09-30 11:00 UTC<br/> \n                    <b>Sensor: </b> NOAA-20 VIIRS<br/>\n                    <b>Confidence: </b> Nominal<br/> \n                    <b>Day/Night: </b> Day<br/>\n                    <b>Scan: </b> 0.39 km<br/>\n                    <b>Track: </b> 0.59 km<br/>\n                    <b>FRP: </b> 3.55 MW<br/>\n                    <b>Brightness: </b> 333.82 K" }, "geometry": { "type": "Point", "coordinates": [ 41.18932, 54.7831 ] } },
{ "type": "Feature", "properties": { "sensor": "NOAA-20", "description": "<b>Latitude: </b> 54.57771<br/> \n                    <b>Longitude: </b> 42.79785<br/> \n                    <b>Detection Time: </b> 2026-09-30 11:00 UTC<br/> \n                    <b>Sensor: </b> NOAA-20 VIIRS<br/>\n                    <b>Confidence: </b> Nominal<br/> \n                    <b>Day/Night: </b> Day<br/>\n                    <b>Scan: </b> 0.45 km<br/>\n                    <b>Track: </b> 0.63 km<br/>\n                    <b>FRP: </b> 2.59 MW<br/>\n                    <b>Brightness: </b> 333.47 K" }, "geometry": { "type": "Point", "coordinates": [ 42.79785, 54.57771 ] } },
{ "type": "Feature", "properties": { "sensor": "NOAA-20", "description": "<b>Latitude: </b> 53.79868<br/> \n                    <b>Longitude: </b> 33.57122<br/> \n                    <b>Detection Time: </b> 2026-09-30 11:00 UTC<br/> \n                    <b>Sensor: </b> NOAA-20 VIIRS<br/>\n                    <b>Confidence: </b> Nominal<br/> \n                    <b>Day/Night: </b> Day<br/>\n                    <b>Scan: </b> 0.57 km<br/>\n                    <b>Track: </b> 0.43 km<br/>\n                    <b>FRP: </b> 7.53 MW<br/>\n                    <b>Brightness: </b> 334.52 K" }, "geometry": { "type": "Point", "coordinates": [ 33.57122, 53.79868 ] } },
{ "type": "Feature", "properties": { "sensor": "NOAA-20", "description": "<b>Latitude: </b> 54.0474<br/> \n                    <b>Longitude: </b> 41.24791<br/> \n                    <b>Detection Time: </b> 2026-09-30 11:00 UTC<br/> \n                    <b>Sensor: </b> NOAA-20 VIIRS<br/>\n                    <b>Confidence: </b> Nominal<br/> \n                    <b>Day/Night: </b> Day<br/>\n                    <b>Scan: </b> 0.38 km<br/>\n                    <b>Track: </b> 0.59 km<br/>\n                    <b>FRP: </b> 1.96 MW<br/>\n                    <b>Brightness: </b> 327.9 K" }, "geometry": { "type": "Point", "coordinates": [ 41.24791, 54.0474 ] } },
{ "type": "Feature", "properties": { "sensor": "NOAA-20", "description": "<b>Latitude: </b> 53.4421<br/> \n                    <b>Longitude: </b> 34.42086<br/> \n                    <b>Detection Time: </b> 2026-09-30 11:00 UTC<br/> \n                    <b>Sensor: </b> NOAA-20 VIIRS<br/>\n                    <b>Confidence: </b> Nominal<br/> \n                    <b>Day/Night: </b> Day<br/>\n                    <b>Scan: </b> 0.4 km<br/>\n                    <b>Track: </b> 0.44 km<br/>\n                    <b>FRP: </b> 1.9 MW<br/>\n                    <b>Brightness: </b> 329.97 K" }, "geometry": { "type": "Point", "coordinates": [ 34.42086, 53.4421 ] } },
{ "type": "Feature", "properties": { "sensor": "NOAA-20", "description": "<b>Latitude: </b> 53.05283<br/> \n                    <b>Longitude: </b> 35.91974<br/> \n                    <b>Detection Time: </b> 2026-09-30 11:00 UTC<br/> \n                    <b>Sensor: </b> NOAA-20 VIIRS<br/>\n                    <b>Confidence: </b> Nominal<br/> \n                    <b>Day/Night: </b> Day<br/>\n                    <b>Scan: </b> 0.46 km<br/>\n                    <b>Track: </b> 0.47 km<br/>\n                    <b>FRP: </b> 5.2 MW<br/>\n                    <b>Brightness: </b> 339.64 K" }, "geometry": { "type": "Point", "coordinates": [ 35.91974, 53.05283 ] } },
{ "type": "Feature", "properties": { "sensor": "NOAA-20", "description": "<b>Latitude: </b> 52.55108<br/> \n                    <b>Longitude: </b> 32.24617<br/> \n                    <b>Detection Time: </b> 2026-09-30 11:00 UTC<br/> \n                    <b>Sensor: </b> NOAA-20 VIIRS<br/>\n                    <b>Confidence: </b> Nominal<br/> \n                    <b>Day/Night: </b> Day<br/>\n                    <b>Scan: </b> 0.49 km<br/>\n                    <b>Track: </b> 0.41 km<br/>\n                    <b>FRP: </b> 11.83 MW<br/>\n                    <b>Brightness: </b> 348.9 K" }, "geometry": { "type": "Point", "coordinates": [ 32.24617, 52.55108 ] } },
{ "type": "Feature", "properties": { "sensor": "NOAA-20", "description": "<b>Latitude: </b> 52.55404<br/> \n                    <b>Longitude: </b> 32.24602<br/> \n                    <b>Detection Time: </b> 2026-09-30 11:00 UTC<br/> \n                    <b>Sensor: </b> NOAA-20 VIIRS<br/>\n                    <b>Confidence: </b> Nominal<br/> \n                    <b>Day/Night: </b> Day<br/>\n                    <b>Scan: </b> 0.49 km<br/>\n                    <b>Track: </b> 0.41 km<br/>\n                    <b>FRP: </b> 6.13 MW<br/>\n                    <b>Brightness: </b> 333.2 K" }, "geometry": { "type": "Point", "coordinates": [ 32.24602, 52.55404 ] } },
{ "type": "Feature", "properties": { "sensor": "NOAA-20", "description": "<b>Latitude: </b> 52.55033<br/> \n                    <b>Longitude: </b> 32.24703<br/> \n                    <b>Detection Time: </b> 2026-09-30 11:00 UTC<br/> \n                    <b>Sensor: </b> NOAA-20 VIIRS<br/>\n                    <b>Confidence: </b> Nominal<br/> \n                    <b>Day/Night: </b> Day<br/>\n                    <b>Scan: </b> 0.49 km<br/>\n                    <b>Track: </b> 0.41 km<br/>\n                    <b>FRP: </b> 6.13 MW<br/>\n                    <b>Brightness: </b> 341.67 K" }, "geometry": { "type": "Point", "coordinates": [ 32.24703, 52.55033 ] } },
{ "type": "Feature", "properties": { "sensor": "NOAA-20", "description": "<b>Latitude: </b> 51.71287<br/> \n                    <b>Longitude: </b> 26.71459<br/> \n                    <b>Detection Time: </b> 2026-09-30 11:00 UTC<br/> \n                    <b>Sensor: </b> NOAA-20 VIIRS<br/>\n                    <b>Confidence: </b> Nominal<br/> \n                    <b>Day/Night: </b> Day<br/>\n                    <b>Scan: </b> 0.38 km<br/>\n                    <b>Track: </b> 0.36 km<br/>\n                    <b>FRP: </b> 2.36 MW<br/>\n                    <b>Brightness: </b> 334.58 K" }, "geometry": { "type": "Point", "coordinates": [ 26.71459, 51.71287 ] } },
{ "type": "Feature", "properties": { "sensor": "NOAA-20", "description": "<b>Latitude: </b> 52.47753<br/> \n                    <b>Longitude: </b> 33.56951<br/> \n                    <b>Detection Time: </b> 2026-09-30 11:00 UTC<br/> \n                    <b>Sensor: </b> NOAA-20 VIIRS<br/>\n                    <b>Confidence: </b> Nominal<br/> \n                    <b>Day/Night: </b> Day<br/>\n                    <b>Scan: </b> 0.55 km<br/>\n                    <b>Track: </b> 0.43 km<br/>\n                    <b>FRP: </b> 6.71 MW<br/>\n                    <b>Brightness: </b> 329.08 K" }, "geometry": { "type": "Point", "coordinates": [ 33.56951, 52.47753 ] } },
{ "type": "Feature", "properties": { "sensor": "NOAA-20", "description": "<b>Latitude: </b> 52.47804<br/> \n                    <b>Longitude: </b> 33.56932<br/> \n                    <b>Detection Time: </b> 2026-09-30 11:00 UTC<br/> \n                    <b>Sensor: </b> NOAA-20 VIIRS<br/>\n                    <b>Confidence: </b> Nominal<br/> \n                    <b>Day/Night: </b> Day<br/>\n                    <b>Scan: </b> 0.55 km<br/>\n                    <b>Track: </b> 0.42 km<br/>\n                    <b>FRP: </b> 2.96 MW<br/>\n                    <b>Brightness: </b> 330.21 K" }, "geometry": { "type": "Point", "coordinates": [ 33.56932, 52.47804 ] } },
{ "type": "Feature", "properties": { "sensor": "NOAA-20", "description": "<b>Latitude: </b> 52.6181<br/> \n                    <b>Longitude: </b> 37.2326<br/> \n                    <b>Detection Time: </b> 2026-09-30 11:00 UTC<br/> \n                    <b>Sensor: </b> NOAA-20 VIIRS<br/>\n                    <b>Confidence: </b> Nominal<br/> \n                    <b>Day/Night: </b> Day<br/>\n                    <b>Scan: </b> 0.51 km<br/>\n                    <b>Track: </b> 0.49 km<br/>\n                    <b>FRP: </b> 3.06 MW<br/>\n                    <b>Brightness: </b> 330.05 K" }, "geometry": { "type": "Point", "coordinates": [ 37.2326, 52.6181 ] } },
{ "type": "Feature", "properties": { "sensor": "NOAA-20", "description": "<b>Latitude: </b> 52.55828<br/> \n                    <b>Longitude: </b> 39.57589<br/> \n                    <b>Detection Time: </b> 2026-09-30 11:00 UTC<br/> \n                    <b>Sensor: </b> NOAA-20 VIIRS<br/>\n                    <b>Confidence: </b> Nominal<br/> \n                    <b>Day/Night: </b> Day<br/>\n                    <b>Scan: </b> 0.32 km<br/>\n                    <b>Track: </b> 0.55 km<br/>\n                    <b>FRP: </b> 2.52 MW<br/>\n                    <b>Brightness: </b> 326.42 K" }, "geometry": { "type": "Point", "coordinates": [ 39.57589, 52.55828 ] } },
{ "type": "Feature", "properties": { "sensor": "NOAA-20", "description": "<b>Latitude: </b> 52.5547<br/> \n                    <b>Longitude: </b> 39.61472<br/> \n                    <b>Detection Time: </b> 2026-09-30 11:00 UTC<br/> \n                    <b>Sensor: </b> NOAA-20 VIIRS<br/>\n                    <b>Confidence: </b> Nominal<br/> \n                    <b>Day/Night: </b> Day<br/>\n                    <b>Scan: </b> 0.32 km<br/>\n                    <b>Track: </b> 0.55 km<br/>\n                    <b>FRP: </b> 3.58 MW<br/>\n                    <b>Brightness: </b> 325.84 K" }, "geometry": { "type": "Point", "coordinates": [ 39.61472, 52.5547 ] } },
{ "type": "Feature", "properties": { "sensor": "NOAA-20", "description": "<b>Latitude: </b> 52.19762<br/> \n                    <b>Longitude: </b> 34.03654<br/> \n                    <b>Detection Time: </b> 2026-09-30 11:00 UTC<br/> \n                    <b>Sensor: </b> NOAA-20 VIIRS<br/>\n                    <b>Confidence: </b> Nominal<br/> \n                    <b>Day/Night: </b> Day<br/>\n                    <b>Scan: </b> 0.57 km<br/>\n                    <b>Track: </b> 0.43 km<br/>\n                    <b>FRP: </b> 3.71 MW<br/>\n                    <b>Brightness: </b> 334.65 K" }, "geometry": { "type": "Point", "coordinates": [ 34.03654, 52.19762 ] } },
{ "type": "Feature", "properties": { "sensor": "NOAA-20", "description": "<b>Latitude: </b> 52.5453<br/> \n                    <b>Longitude: </b> 39.63508<br/> \n                    <b>Detection Time: </b> 2026-09-30 11:00 UTC<br/> \n                    <b>Sensor: </b> NOAA-20 VIIRS<br/>\n                    <b>Confidence: </b> Nominal<br/> \n                    <b>Day/Night: </b> Day<br/>\n                    <b>Scan: </b> 0.32 km<br/>\n                    <b>Track: </b> 0.55 km<br/>\n                    <b>FRP: </b> 4.27 MW<br/>\n                    <b>Brightness: </b> 336.4 K" }, "geometry": { "type": "Point", "coordinates": [ 39.63508, 52.5453 ] } },
{ "type": "Feature", "properties": { "sensor": "NOAA-20", "description": "<b>Latitude: </b> 52.54567<br/> \n                    <b>Longitude: </b> 39.64477<br/> \n                    <b>Detection Time: </b> 2026-09-30 11:00 UTC<br/> \n                    <b>Sensor: </b> NOAA-20 VIIRS<br/>\n                    <b>Confidence: </b> Nominal<br/> \n                    <b>Day/Night: </b> Day<br/>\n                    <b>Scan: </b> 0.32 km<br/>\n                    <b>Track: </b> 0.55 km<br/>\n                    <b>FRP: </b> 2.04 MW<br/>\n                    <b>Brightness: </b> 333.1 K" }, "geometry": { "type": "Point", "coordinates": [ 39.64477, 52.54567 ] } },
{ "type": "Feature", "properties": { "sensor": "NOAA-20", "description": "<b>Latitude: </b> 52.12503<br/> \n                    <b>Longitude: </b> 33.31568<br/> \n                    <b>Detection Time: </b> 2026-09-30 11:00 UTC<br/> \n                    <b>Sensor: </b> NOAA-20 VIIRS<br/>\n                    <b>Confidence: </b> Nominal<br/> \n                    <b>Day/Night: </b> Day<br/>\n                    <b>Scan: </b> 0.53 km<br/>\n                    <b>Track: </b> 0.42 km<br/>\n                    <b>FRP: </b> 7.57 MW<br/>\n                    <b>Brightness: </b> 336.61 K" }, "geometry": { "type": "Point", "coordinates": [ 33.31568, 52.12503 ] } },
{ "type": "Feature", "properties": { "sensor": "NOAA-20", "description": "<b>Latitude: </b> 52.12119<br/> \n                    <b>Longitude: </b> 33.31663<br/> \n                    <b>Detection Time: </b> 2026-09-30 11:00 UTC<br/> \n                    <b>Sensor: </b> NOAA-20 VIIRS<br/>\n                    <b>Confidence: </b> Nominal<br/> \n                    <b>Day/Night: </b> Day<br/>\n                    <b>Scan: </b> 0.53 km<br/>\n                    <b>Track: </b> 0.42 km<br/>\n                    <b>FRP: </b> 5.29 MW<br/>\n                    <b>Brightness: </b> 328.91 K" }, "geometry": { "type": "Point", "coordinates": [ 33.31663, 52.12119 ] } },
{ "type": "Feature", "properties": { "sensor": "NOAA-20", "description": "<b>Latitude: </b> 52.1955<br/> \n                    <b>Longitude: </b> 34.03583<br/> \n                    <b>Detection Time: </b> 2026-09-30 11:00 UTC<br/> \n                    <b>Sensor: </b> NOAA-20 VIIRS<br/>\n                    <b>Confidence: </b> Nominal<br/> \n                    <b>Day/Night: </b> Day<br/>\n                    <b>Scan: </b> 0.57 km<br/>\n                    <b>Track: </b> 0.43 km<br/>\n                    <b>FRP: </b> 4.9 MW<br/>\n                    <b>Brightness: </b> 331.26 K" }, "geometry": { "type": "Point", "coordinates": [ 34.03583, 52.1955 ] } },
{ "type": "Feature", "properties": { "sensor": "NOAA-20", "description": "<b>Latitude: </b> 50.46581<br/> \n                    <b>Longitude: </b> 26.46151<br/> \n                    <b>Detection Time: </b> 2026-09-30 11:00 UTC<br/> \n                    <b>Sensor: </b> NOAA-20 VIIRS<br/>\n                    <b>Confidence: </b> Nominal<br/> \n                    <b>Day/Night: </b> Day<br/>\n                    <b>Scan: </b> 0.39 km<br/>\n                    <b>Track: </b> 0.36 km<br/>\n                    <b>FRP: </b> 2.54 MW<br/>\n                    <b>Brightness: </b> 329.62 K" }, "geometry": { "type": "Point", "coordinates": [ 26.46151, 50.46581 ] } },
{ "type": "Feature", "properties": { "sensor": "NOAA-20", "description": "<b>Latitude: </b> 52.12379<br/> \n                    <b>Longitude: </b> 33.31531<br/> \n                    <b>Detection Time: </b> 2026-09-30 11:00 UTC<br/> \n                    <b>Sensor: </b> NOAA-20 VIIRS<br/>\n                    <b>Confidence: </b> Nominal<br/> \n                    <b>Day/Night: </b> Day<br/>\n                    <b>Scan: </b> 0.53 km<br/>\n                    <b>Track: </b> 0.42 km<br/>\n                    <b>FRP: </b> 6.43 MW<br/>\n                    <b>Brightness: </b> 329.19 K" }, "geometry": { "type": "Point", "coordinates": [ 33.31531, 52.12379 ] } },
{ "type": "Feature", "properties": { "sensor": "NOAA-20", "description": "<b>Latitude: </b> 48.71869<br/> \n                    <b>Longitude: </b> 44.08066<br/> \n                    <b>Detection Time: </b> 2026-09-30 10:58 UTC<br/> \n                    <b>Sensor: </b> NOAA-20 VIIRS<br/>\n                    <b>Confidence: </b> Nominal<br/> \n                    <b>Day/Night: </b> Day<br/>\n                    <b>Scan: </b> 0.48 km<br/>\n                    <b>Track: </b> 0.65 km<br/>\n                    <b>FRP: </b> 4.27 MW<br/>\n                    <b>Brightness: </b> 334.09 K" }, "geometry": { "type": "Point", "coordinates": [ 44.08066, 48.71869 ] } },
{ "type": "Feature", "properties": { "sensor": "NOAA-20", "description": "<b>Latitude: </b> 49.30299<br/> \n                    <b>Longitude: </b> 37.63225<br/> \n                    <b>Detection Time: </b> 2026-09-30 10:58 UTC<br/> \n                    <b>Sensor: </b> NOAA-20 VIIRS<br/>\n                    <b>Confidence: </b> Nominal<br/> \n                    <b>Day/Night: </b> Day<br/>\n                    <b>Scan: </b> 0.49 km<br/>\n                    <b>Track: </b> 0.49 km<br/>\n                    <b>FRP: </b> 3.46 MW<br/>\n                    <b>Brightness: </b> 330.49 K" }, "geometry": { "type": "Point", "coordinates": [ 37.63225, 49.30299 ] } },
{ "type": "Feature", "properties": { "sensor": "NOAA-20", "description": "<b>Latitude: </b> 49.18616<br/> \n                    <b>Longitude: </b> 42.69652<br/> \n                    <b>Detection Time: </b> 2026-09-30 10:58 UTC<br/> \n                    <b>Sensor: </b> NOAA-20 VIIRS<br/>\n                    <b>Confidence: </b> Nominal<br/> \n                    <b>Day/Night: </b> Day<br/>\n                    <b>Scan: </b> 0.42 km<br/>\n                    <b>Track: </b> 0.61 km<br/>\n                    <b>FRP: </b> 10.71 MW<br/>\n                    <b>Brightness: </b> 341.06 K" }, "geometry": { "type": "Point", "coordinates": [ 42.69652, 49.18616 ] } },
{ "type": "Feature", "properties": { "sensor": "NOAA-20", "description": "<b>Latitude: </b> 49.18061<br/> \n                    <b>Longitude: </b> 42.70259<br/> \n                    <b>Detection Time: </b> 2026-09-30 10:58 UTC<br/> \n                    <b>Sensor: </b> NOAA-20 VIIRS<br/>\n                    <b>Confidence: </b> Nominal<br/> \n                    <b>Day/Night: </b> Day<br/>\n                    <b>Scan: </b> 0.42 km<br/>\n                    <b>Track: </b> 0.61 km<br/>\n                    <b>FRP: </b> 8.76 MW<br/>\n                    <b>Brightness: </b> 347.89 K" }, "geometry": { "type": "Point", "coordinates": [ 42.70259, 49.18061 ] } },
{ "type": "Feature", "properties": { "sensor": "NOAA-20", "description": "<b>Latitude: </b> 48.05751<br/> \n                    <b>Longitude: </b> 29.20431<br/> \n                    <b>Detection Time: </b> 2026-09-30 10:58 UTC<br/> \n                    <b>Sensor: </b> NOAA-20 VIIRS<br/>\n                    <b>Confidence: </b> Nominal<br/> \n                    <b>Day/Night: </b> Day<br/>\n                    <b>Scan: </b> 0.39 km<br/>\n                    <b>Track: </b> 0.36 km<br/>\n                    <b>FRP: </b> 2.11 MW<br/>\n                    <b>Brightness: </b> 329.53 K" }, "geometry": { "type": "Point", "coordinates": [ 29.20431, 48.05751 ] } },
{ "type": "Feature", "properties": { "sensor": "NOAA-20", "description": "<b>Latitude: </b> 49.18984<br/> \n                    <b>Longitude: </b> 42.70198<br/> \n                    <b>Detection Time: </b> 2026-09-30 10:58 UTC<br/> \n                    <b>Sensor: </b> NOAA-20 VIIRS<br/>\n                    <b>Confidence: </b> Nominal<br/> \n                    <b>Day/Night: </b> Day<br/>\n                    <b>Scan: </b> 0.42 km<br/>\n                    <b>Track: </b> 0.61 km<br/>\n                    <b>FRP: </b> 3.79 MW<br/>\n                    <b>Brightness: </b> 330.44 K" }, "geometry": { "type": "Point", "coordinates": [ 42.70198, 49.18984 ] } },
{ "type": "Feature", "properties": { "sensor": "NOAA-20", "description": "<b>Latitude: </b> 49.18401<br/> \n                    <b>Longitude: </b> 42.69638<br/> \n                    <b>Detection Time: </b> 2026-09-30 10:58 UTC<br/> \n                    <b>Sensor: </b> NOAA-20 VIIRS<br/>\n                    <b>Confidence: </b> Nominal<br/> \n                    <b>Day/Night: </b> Day<br/>\n                    <b>Scan: </b> 0.42 km<br/>\n                    <b>Track: </b> 0.61 km<br/>\n                    <b>FRP: </b> 6.74 MW<br/>\n                    <b>Brightness: </b> 341.79 K" }, "geometry": { "type": "Point", "coordinates": [ 42.69638, 49.18401 ] } },
{ "type": "Feature", "properties": { "sensor": "NOAA-20", "description": "<b>Latitude: </b> 49.18417<br/> \n                    <b>Longitude: </b> 42.70213<br/> \n                    <b>Detection Time: </b> 2026-09-30 10:58 UTC<br/> \n                    <b>Sensor: </b> NOAA-20 VIIRS<br/>\n                    <b>Confidence: </b> Nominal<br/> \n                    <b>Day/Night: </b> Day<br/>\n                    <b>Scan: </b> 0.42 km<br/>\n                    <b>Track: </b> 0.61 km<br/>\n                    <b>FRP: </b> 8.3 MW<br/>\n                    <b>Brightness: </b> 351.42 K" }, "geometry": { "type": "Point", "coordinates": [ 42.70213, 49.18417 ] } },
{ "type": "Feature", "properties": { "sensor": "NOAA-20", "description": "<b>Latitude: </b> 47.65662<br/> \n                    <b>Longitude: </b> 29.29177<br/> \n                    <b>Detection Time: </b> 2026-09-30 10:58 UTC<br/> \n                    <b>Sensor: </b> NOAA-20 VIIRS<br/>\n                    <b>Confidence: </b> Nominal<br/> \n                    <b>Day/Night: </b> Day<br/>\n                    <b>Scan: </b> 0.39 km<br/>\n                    <b>Track: </b> 0.36 km<br/>\n                    <b>FRP: </b> 2.39 MW<br/>\n                    <b>Brightness: </b> 332.26 K" }, "geometry": { "type": "Point", "coordinates": [ 29.29177, 47.65662 ] } },
{ "type": "Feature", "properties": { "sensor": "NOAA-20", "description": "<b>Latitude: </b> 47.65334<br/> \n                    <b>Longitude: </b> 29.29282<br/> \n                    <b>Detection Time: </b> 2026-09-30 10:58 UTC<br/> \n                    <b>Sensor: </b> NOAA-20 VIIRS<br/>\n                    <b>Confidence: </b> Nominal<br/> \n                    <b>Day/Night: </b> Day<br/>\n                    <b>Scan: </b> 0.39 km<br/>\n                    <b>Track: </b> 0.36 km<br/>\n                    <b>FRP: </b> 2.91 MW<br/>\n                    <b>Brightness: </b> 333.58 K" }, "geometry": { "type": "Point", "coordinates": [ 29.29282, 47.65334 ] } },
{ "type": "Feature", "properties": { "sensor": "NOAA-20", "description": "<b>Latitude: </b> 47.72889<br/> \n                    <b>Longitude: </b> 30.18251<br/> \n                    <b>Detection Time: </b> 2026-09-30 10:58 UTC<br/> \n                    <b>Sensor: </b> NOAA-20 VIIRS<br/>\n                    <b>Confidence: </b> Nominal<br/> \n                    <b>Day/Night: </b> Day<br/>\n                    <b>Scan: </b> 0.4 km<br/>\n                    <b>Track: </b> 0.37 km<br/>\n                    <b>FRP: </b> 2.07 MW<br/>\n                    <b>Brightness: </b> 339.45 K" }, "geometry": { "type": "Point", "coordinates": [ 30.18251, 47.72889 ] } },
{ "type": "Feature", "properties": { "sensor": "NOAA-20", "description": "<b>Latitude: </b> 48.71676<br/> \n                    <b>Longitude: </b> 44.08394<br/> \n                    <b>Detection Time: </b> 2026-09-30 10:58 UTC<br/> \n                    <b>Sensor: </b> NOAA-20 VIIRS<br/>\n                    <b>Confidence: </b> Nominal<br/> \n                    <b>Day/Night: </b> Day<br/>\n                    <b>Scan: </b> 0.48 km<br/>\n                    <b>Track: </b> 0.65 km<br/>\n                    <b>FRP: </b> 2.93 MW<br/>\n                    <b>Brightness: </b> 337.01 K" }, "geometry": { "type": "Point", "coordinates": [ 44.08394, 48.71676 ] } },
{ "type": "Feature", "properties": { "sensor": "NOAA-20", "description": "<b>Latitude: </b> 47.54921<br/> \n                    <b>Longitude: </b> 29.89876<br/> \n                    <b>Detection Time: </b> 2026-09-30 10:58 UTC<br/> \n                    <b>Sensor: </b> NOAA-20 VIIRS<br/>\n                    <b>Confidence: </b> Nominal<br/> \n                    <b>Day/Night: </b> Day<br/>\n                    <b>Scan: </b> 0.39 km<br/>\n                    <b>Track: </b> 0.36 km<br/>\n                    <b>FRP: </b> 3.63 MW<br/>\n                    <b>Brightness: </b> 341.98 K" }, "geometry": { "type": "Point", "coordinates": [ 29.89876, 47.54921 ] } },
{ "type": "Feature", "properties": { "sensor": "NOAA-20", "description": "<b>Latitude: </b> 48.54455<br/> \n                    <b>Longitude: </b> 43.33554<br/> \n                    <b>Detection Time: </b> 2026-09-30 10:58 UTC<br/> \n                    <b>Sensor: </b> NOAA-20 VIIRS<br/>\n                    <b>Confidence: </b> Nominal<br/> \n                    <b>Day/Night: </b> Day<br/>\n                    <b>Scan: </b> 0.44 km<br/>\n                    <b>Track: </b> 0.63 km<br/>\n                    <b>FRP: </b> 2.58 MW<br/>\n                    <b>Brightness: </b> 330.75 K" }, "geometry": { "type": "Point", "coordinates": [ 43.33554, 48.54455 ] } },
{ "type": "Feature", "properties": { "sensor": "NOAA-20", "description": "<b>Latitude: </b> 48.35845<br/> \n                    <b>Longitude: </b> 42.78778<br/> \n                    <b>Detection Time: </b> 2026-09-30 10:58 UTC<br/> \n                    <b>Sensor: </b> NOAA-20 VIIRS<br/>\n                    <b>Confidence: </b> Nominal<br/> \n                    <b>Day/Night: </b> Day<br/>\n                    <b>Scan: </b> 0.42 km<br/>\n                    <b>Track: </b> 0.61 km<br/>\n                    <b>FRP: </b> 2.33 MW<br/>\n                    <b>Brightness: </b> 328.36 K" }, "geometry": { "type": "Point", "coordinates": [ 42.78778, 48.35845 ] } },
{ "type": "Feature", "properties": { "sensor": "NOAA-20", "description": "<b>Latitude: </b> 48.35858<br/> \n                    <b>Longitude: </b> 42.79351<br/> \n                    <b>Detection Time: </b> 2026-09-30 10:58 UTC<br/> \n                    <b>Sensor: </b> NOAA-20 VIIRS<br/>\n                    <b>Confidence: </b> Nominal<br/> \n                    <b>Day/Night: </b> Day<br/>\n                    <b>Scan: </b> 0.42 km<br/>\n                    <b>Track: </b> 0.61 km<br/>\n                    <b>FRP: </b> 2.33 MW<br/>\n                    <b>Brightness: </b> 331.5 K" }, "geometry": { "type": "Point", "coordinates": [ 42.79351, 48.35858 ] } },
{ "type": "Feature", "properties": { "sensor": "NOAA-20", "description": "<b>Latitude: </b> 48.36193<br/> \n                    <b>Longitude: </b> 42.79029<br/> \n                    <b>Detection Time: </b> 2026-09-30 10:58 UTC<br/> \n                    <b>Sensor: </b> NOAA-20 VIIRS<br/>\n                    <b>Confidence: </b> Nominal<br/> \n                    <b>Day/Night: </b> Day<br/>\n                    <b>Scan: </b> 0.42 km<br/>\n                    <b>Track: </b> 0.61 km<br/>\n                    <b>FRP: </b> 3.82 MW<br/>\n                    <b>Brightness: </b> 334.71 K" }, "geometry": { "type": "Point", "coordinates": [ 42.79029, 48.36193 ] } },
{ "type": "Feature", "properties": { "sensor": "NOAA-20", "description": "<b>Latitude: </b> 48.3621<br/> \n                    <b>Longitude: </b> 42.79601<br/> \n                    <b>Detection Time: </b> 2026-09-30 10:58 UTC<br/> \n                    <b>Sensor: </b> NOAA-20 VIIRS<br/>\n                    <b>Confidence: </b> Nominal<br/> \n                    <b>Day/Night: </b> Day<br/>\n                    <b>Scan: </b> 0.42 km<br/>\n                    <b>Track: </b> 0.61 km<br/>\n                    <b>FRP: </b> 4.59 MW<br/>\n                    <b>Brightness: </b> 328.98 K" }, "geometry": { "type": "Point", "coordinates": [ 42.79601, 48.3621 ] } },
{ "type": "Feature", "properties": { "sensor": "NOAA-20", "description": "<b>Latitude: </b> 48.16824<br/> \n                    <b>Longitude: </b> 43.59381<br/> \n                    <b>Detection Time: </b> 2026-09-30 10:58 UTC<br/> \n                    <b>Sensor: </b> NOAA-20 VIIRS<br/>\n                    <b>Confidence: </b> Nominal<br/> \n                    <b>Day/Night: </b> Day<br/>\n                    <b>Scan: </b> 0.45 km<br/>\n                    <b>Track: </b> 0.63 km<br/>\n                    <b>FRP: </b> 2.41 MW<br/>\n                    <b>Brightness: </b> 328.87 K" }, "geometry": { "type": "Point", "coordinates": [ 43.59381, 48.16824 ] } },
{ "type": "Feature", "properties": { "sensor": "NOAA-20", "description": "<b>Latitude: </b> 47.36012<br/> \n                    <b>Longitude: </b> 33.77964<br/> \n                    <b>Detection Time: </b> 2026-09-30 10:58 UTC<br/> \n                    <b>Sensor: </b> NOAA-20 VIIRS<br/>\n                    <b>Confidence: </b> Nominal<br/> \n                    <b>Day/Night: </b> Day<br/>\n                    <b>Scan: </b> 0.49 km<br/>\n                    <b>Track: </b> 0.4 km<br/>\n                    <b>FRP: </b> 3.08 MW<br/>\n                    <b>Brightness: </b> 333.58 K" }, "geometry": { "type": "Point", "coordinates": [ 33.77964, 47.36012 ] } },
{ "type": "Feature", "properties": { "sensor": "NOAA-20", "description": "<b>Latitude: </b> 47.35574<br/> \n                    <b>Longitude: </b> 33.77403<br/> \n                    <b>Detection Time: </b> 2026-09-30 10:58 UTC<br/> \n                    <b>Sensor: </b> NOAA-20 VIIRS<br/>\n                    <b>Confidence: </b> Nominal<br/> \n                    <b>Day/Night: </b> Day<br/>\n                    <b>Scan: </b> 0.49 km<br/>\n                    <b>Track: </b> 0.4 km<br/>\n                    <b>FRP: </b> 10.49 MW<br/>\n                    <b>Brightness: </b> 333.31 K" }, "geometry": { "type": "Point", "coordinates": [ 33.77403, 47.35574 ] } },
{ "type": "Feature", "properties": { "sensor": "NOAA-20", "description": "<b>Latitude: </b> 47.34768<br/> \n                    <b>Longitude: </b> 33.76927<br/> \n                    <b>Detection Time: </b> 2026-09-30 10:58 UTC<br/> \n                    <b>Sensor: </b> NOAA-20 VIIRS<br/>\n                    <b>Confidence: </b> Nominal<br/> \n                    <b>Day/Night: </b> Day<br/>\n                    <b>Scan: </b> 0.49 km<br/>\n                    <b>Track: </b> 0.4 km<br/>\n                    <b>FRP: </b> 2.86 MW<br/>\n                    <b>Brightness: </b> 333.82 K" }, "geometry": { "type": "Point", "coordinates": [ 33.76927, 47.34768 ] } },
{ "type": "Feature", "properties": { "sensor": "NOAA-20", "description": "<b>Latitude: </b> 47.09955<br/> \n                    <b>Longitude: </b> 33.263<br/> \n                    <b>Detection Time: </b> 2026-09-30 10:58 UTC<br/> \n                    <b>Sensor: </b> NOAA-20 VIIRS<br/>\n                    <b>Confidence: </b> Nominal<br/> \n                    <b>Day/Night: </b> Day<br/>\n                    <b>Scan: </b> 0.47 km<br/>\n                    <b>Track: </b> 0.39 km<br/>\n                    <b>FRP: </b> 3.76 MW<br/>\n                    <b>Brightness: </b> 328.77 K" }, "geometry": { "type": "Point", "coordinates": [ 33.263, 47.09955 ] } },
{ "type": "Feature", "properties": { "sensor": "NOAA-20", "description": "<b>Latitude: </b> 47.09595<br/> \n                    <b>Longitude: </b> 33.26387<br/> \n                    <b>Detection Time: </b> 2026-09-30 10:58 UTC<br/> \n                    <b>Sensor: </b> NOAA-20 VIIRS<br/>\n                    <b>Confidence: </b> Nominal<br/> \n                    <b>Day/Night: </b> Day<br/>\n                    <b>Scan: </b> 0.47 km<br/>\n                    <b>Track: </b> 0.39 km<br/>\n                    <b>FRP: </b> 3.76 MW<br/>\n                    <b>Brightness: </b> 341.32 K" }, "geometry": { "type": "Point", "coordinates": [ 33.26387, 47.09595 ] } },
{ "type": "Feature", "properties": { "sensor": "NOAA-20", "description": "<b>Latitude: </b> 47.14366<br/> \n                    <b>Longitude: </b> 33.91072<br/> \n                    <b>Detection Time: </b> 2026-09-30 10:58 UTC<br/> \n                    <b>Sensor: </b> NOAA-20 VIIRS<br/>\n                    <b>Confidence: </b> Nominal<br/> \n                    <b>Day/Night: </b> Day<br/>\n                    <b>Scan: </b> 0.49 km<br/>\n                    <b>Track: </b> 0.4 km<br/>\n                    <b>FRP: </b> 2.95 MW<br/>\n                    <b>Brightness: </b> 329.96 K" }, "geometry": { "type": "Point", "coordinates": [ 33.91072, 47.14366 ] } },
{ "type": "Feature", "properties": { "sensor": "NOAA-20", "description": "<b>Latitude: </b> 46.70452<br/> \n                    <b>Longitude: </b> 30.33841<br/> \n                    <b>Detection Time: </b> 2026-09-30 10:58 UTC<br/> \n                    <b>Sensor: </b> NOAA-20 VIIRS<br/>\n                    <b>Confidence: </b> Nominal<br/> \n                    <b>Day/Night: </b> Day<br/>\n                    <b>Scan: </b> 0.39 km<br/>\n                    <b>Track: </b> 0.36 km<br/>\n                    <b>FRP: </b> 14.07 MW<br/>\n                    <b>Brightness: </b> 332.27 K" }, "geometry": { "type": "Point", "coordinates": [ 30.33841, 46.70452 ] } },
{ "type": "Feature", "properties": { "sensor": "NOAA-20", "description": "<b>Latitude: </b> 46.70524<br/> \n                    <b>Longitude: </b> 30.34352<br/> \n                    <b>Detection Time: </b> 2026-09-30 10:58 UTC<br/> \n                    <b>Sensor: </b> NOAA-20 VIIRS<br/>\n                    <b>Confidence: </b> Nominal<br/> \n                    <b>Day/Night: </b> Day<br/>\n                    <b>Scan: </b> 0.39 km<br/>\n                    <b>Track: </b> 0.36 km<br/>\n                    <b>FRP: </b> 5.79 MW<br/>\n                    <b>Brightness: </b> 340.46 K" }, "geometry": { "type": "Point", "coordinates": [ 30.34352, 46.70524 ] } },
{ "type": "Feature", "properties": { "sensor": "NOAA-20", "description": "<b>Latitude: </b> 46.70051<br/> \n                    <b>Longitude: </b> 30.33428<br/> \n                    <b>Detection Time: </b> 2026-09-30 10:58 UTC<br/> \n                    <b>Sensor: </b> NOAA-20 VIIRS<br/>\n                    <b>Confidence: </b> Low<br/> \n                    <b>Day/Night: </b> Day<br/>\n                    <b>Scan: </b> 0.39 km<br/>\n                    <b>Track: </b> 0.36 km<br/>\n                    <b>FRP: </b> 14.07 MW<br/>\n                    <b>Brightness: </b> 306.04 K" }, "geometry": { "type": "Point", "coordinates": [ 30.33428, 46.70051 ] } },
{ "type": "Feature", "properties": { "sensor": "NOAA-20", "description": "<b>Latitude: </b> 46.70121<br/> \n                    <b>Longitude: </b> 30.33938<br/> \n                    <b>Detection Time: </b> 2026-09-30 10:58 UTC<br/> \n                    <b>Sensor: </b> NOAA-20 VIIRS<br/>\n                    <b>Confidence: </b> Nominal<br/> \n                    <b>Day/Night: </b> Day<br/>\n                    <b>Scan: </b> 0.39 km<br/>\n                    <b>Track: </b> 0.36 km<br/>\n                    <b>FRP: </b> 14.07 MW<br/>\n                    <b>Brightness: </b> 351.83 K" }, "geometry": { "type": "Point", "coordinates": [ 30.33938, 46.70121 ] } },
{ "type": "Feature", "properties": { "sensor": "NOAA-20", "description": "<b>Latitude: </b> 46.42521<br/> \n                    <b>Longitude: </b> 29.39223<br/> \n                    <b>Detection Time: </b> 2026-09-30 10:58 UTC<br/> \n                    <b>Sensor: </b> NOAA-20 VIIRS<br/>\n                    <b>Confidence: </b> Nominal<br/> \n                    <b>Day/Night: </b> Day<br/>\n                    <b>Scan: </b> 0.39 km<br/>\n                    <b>Track: </b> 0.36 km<br/>\n                    <b>FRP: </b> 3.47 MW<br/>\n                    <b>Brightness: </b> 337.64 K" }, "geometry": { "type": "Point", "coordinates": [ 29.39223, 46.42521 ] } },
{ "type": "Feature", "properties": { "sensor": "NOAA-20", "description": "<b>Latitude: </b> 47.01297<br/> \n                    <b>Longitude: </b> 33.95688<br/> \n                    <b>Detection Time: </b> 2026-09-30 10:58 UTC<br/> \n                    <b>Sensor: </b> NOAA-20 VIIRS<br/>\n                    <b>Confidence: </b> Nominal<br/> \n                    <b>Day/Night: </b> Day<br/>\n                    <b>Scan: </b> 0.49 km<br/>\n                    <b>Track: </b> 0.4 km<br/>\n                    <b>FRP: </b> 4.12 MW<br/>\n                    <b>Brightness: </b> 336.33 K" }, "geometry": { "type": "Point", "coordinates": [ 33.95688, 47.01297 ] } },
{ "type": "Feature", "properties": { "sensor": "NOAA-20", "description": "<b>Latitude: </b> 47.14972<br/> \n                    <b>Longitude: </b> 35.90234<br/> \n                    <b>Detection Time: </b> 2026-09-30 10:58 UTC<br/> \n                    <b>Sensor: </b> NOAA-20 VIIRS<br/>\n                    <b>Confidence: </b> Nominal<br/> \n                    <b>Day/Night: </b> Day<br/>\n                    <b>Scan: </b> 0.39 km<br/>\n                    <b>Track: </b> 0.44 km<br/>\n                    <b>FRP: </b> 1.51 MW<br/>\n                    <b>Brightness: </b> 327.22 K" }, "geometry": { "type": "Point", "coordinates": [ 35.90234, 47.14972 ] } },
{ "type": "Feature", "properties": { "sensor": "NOAA-20", "description": "<b>Latitude: </b> 47.1124<br/> \n                    <b>Longitude: </b> 35.80478<br/> \n                    <b>Detection Time: </b> 2026-09-30 10:58 UTC<br/> \n                    <b>Sensor: </b> NOAA-20 VIIRS<br/>\n                    <b>Confidence: </b> Nominal<br/> \n                    <b>Day/Night: </b> Day<br/>\n                    <b>Scan: </b> 0.39 km<br/>\n                    <b>Track: </b> 0.44 km<br/>\n                    <b>FRP: </b> 21.94 MW<br/>\n                    <b>Brightness: </b> 347.01 K" }, "geometry": { "type": "Point", "coordinates": [ 35.80478, 47.1124 ] } },
{ "type": "Feature", "properties": { "sensor": "NOAA-20", "description": "<b>Latitude: </b> 47.10838<br/> \n                    <b>Longitude: </b> 35.80549<br/> \n                    <b>Detection Time: </b> 2026-09-30 10:58 UTC<br/> \n                    <b>Sensor: </b> NOAA-20 VIIRS<br/>\n                    <b>Confidence: </b> Nominal<br/> \n                    <b>Day/Night: </b> Day<br/>\n                    <b>Scan: </b> 0.39 km<br/>\n                    <b>Track: </b> 0.44 km<br/>\n                    <b>FRP: </b> 5.75 MW<br/>\n                    <b>Brightness: </b> 339.79 K" }, "geometry": { "type": "Point", "coordinates": [ 35.80549, 47.10838 ] } },
{ "type": "Feature", "properties": { "sensor": "NOAA-20", "description": "<b>Latitude: </b> 46.89197<br/> \n                    <b>Longitude: </b> 34.67785<br/> \n                    <b>Detection Time: </b> 2026-09-30 10:58 UTC<br/> \n                    <b>Sensor: </b> NOAA-20 VIIRS<br/>\n                    <b>Confidence: </b> Nominal<br/> \n                    <b>Day/Night: </b> Day<br/>\n                    <b>Scan: </b> 0.52 km<br/>\n                    <b>Track: </b> 0.42 km<br/>\n                    <b>FRP: </b> 2.68 MW<br/>\n                    <b>Brightness: </b> 334.95 K" }, "geometry": { "type": "Point", "coordinates": [ 34.67785, 46.89197 ] } },
{ "type": "Feature", "properties": { "sensor": "NOAA-20", "description": "<b>Latitude: </b> 46.88816<br/> \n                    <b>Longitude: </b> 34.67867<br/> \n                    <b>Detection Time: </b> 2026-09-30 10:58 UTC<br/> \n                    <b>Sensor: </b> NOAA-20 VIIRS<br/>\n                    <b>Confidence: </b> Nominal<br/> \n                    <b>Day/Night: </b> Day<br/>\n                    <b>Scan: </b> 0.52 km<br/>\n                    <b>Track: </b> 0.42 km<br/>\n                    <b>FRP: </b> 8.96 MW<br/>\n                    <b>Brightness: </b> 335.74 K" }, "geometry": { "type": "Point", "coordinates": [ 34.67867, 46.88816 ] } },
{ "type": "Feature", "properties": { "sensor": "NOAA-20", "description": "<b>Latitude: </b> 46.88884<br/> \n                    <b>Longitude: </b> 34.68552<br/> \n                    <b>Detection Time: </b> 2026-09-30 10:58 UTC<br/> \n                    <b>Sensor: </b> NOAA-20 VIIRS<br/>\n                    <b>Confidence: </b> Nominal<br/> \n                    <b>Day/Night: </b> Day<br/>\n                    <b>Scan: </b> 0.52 km<br/>\n                    <b>Track: </b> 0.42 km<br/>\n                    <b>FRP: </b> 176.98 MW<br/>\n                    <b>Brightness: </b> 331.55 K" }, "geometry": { "type": "Point", "coordinates": [ 34.68552, 46.88884 ] } },
{ "type": "Feature", "properties": { "sensor": "NOAA-20", "description": "<b>Latitude: </b> 46.89019<br/> \n                    <b>Longitude: </b> 34.69923<br/> \n                    <b>Detection Time: </b> 2026-09-30 10:58 UTC<br/> \n                    <b>Sensor: </b> NOAA-20 VIIRS<br/>\n                    <b>Confidence: </b> Nominal<br/> \n                    <b>Day/Night: </b> Day<br/>\n                    <b>Scan: </b> 0.52 km<br/>\n                    <b>Track: </b> 0.42 km<br/>\n                    <b>FRP: </b> 19.3 MW<br/>\n                    <b>Brightness: </b> 331.59 K" }, "geometry": { "type": "Point", "coordinates": [ 34.69923, 46.89019 ] } },
{ "type": "Feature", "properties": { "sensor": "NOAA-20", "description": "<b>Latitude: </b> 46.88503<br/> \n                    <b>Longitude: </b> 34.68634<br/> \n                    <b>Detection Time: </b> 2026-09-30 10:58 UTC<br/> \n                    <b>Sensor: </b> NOAA-20 VIIRS<br/>\n                    <b>Confidence: </b> Low<br/> \n                    <b>Day/Night: </b> Day<br/>\n                    <b>Scan: </b> 0.52 km<br/>\n                    <b>Track: </b> 0.42 km<br/>\n                    <b>FRP: </b> 176.98 MW<br/>\n                    <b>Brightness: </b> 296.59 K" }, "geometry": { "type": "Point", "coordinates": [ 34.68634, 46.88503 ] } },
{ "type": "Feature", "properties": { "sensor": "NOAA-20", "description": "<b>Latitude: </b> 46.88965<br/> \n                    <b>Longitude: </b> 34.67873<br/> \n                    <b>Detection Time: </b> 2026-09-30 10:58 UTC<br/> \n                    <b>Sensor: </b> NOAA-20 VIIRS<br/>\n                    <b>Confidence: </b> Nominal<br/> \n                    <b>Day/Night: </b> Day<br/>\n                    <b>Scan: </b> 0.52 km<br/>\n                    <b>Track: </b> 0.42 km<br/>\n                    <b>FRP: </b> 62.32 MW<br/>\n                    <b>Brightness: </b> 339.35 K" }, "geometry": { "type": "Point", "coordinates": [ 34.67873, 46.88965 ] } },
{ "type": "Feature", "properties": { "sensor": "NOAA-20", "description": "<b>Latitude: </b> 46.89107<br/> \n                    <b>Longitude: </b> 34.69242<br/> \n                    <b>Detection Time: </b> 2026-09-30 10:58 UTC<br/> \n                    <b>Sensor: </b> NOAA-20 VIIRS<br/>\n                    <b>Confidence: </b> Nominal<br/> \n                    <b>Day/Night: </b> Day<br/>\n                    <b>Scan: </b> 0.52 km<br/>\n                    <b>Track: </b> 0.42 km<br/>\n                    <b>FRP: </b> 78.84 MW<br/>\n                    <b>Brightness: </b> 353.27 K" }, "geometry": { "type": "Point", "coordinates": [ 34.69242, 46.89107 ] } },
{ "type": "Feature", "properties": { "sensor": "NOAA-20", "description": "<b>Latitude: </b> 46.88655<br/> \n                    <b>Longitude: </b> 34.68639<br/> \n                    <b>Detection Time: </b> 2026-09-30 10:58 UTC<br/> \n                    <b>Sensor: </b> NOAA-20 VIIRS<br/>\n                    <b>Confidence: </b> Low<br/> \n                    <b>Day/Night: </b> Day<br/>\n                    <b>Scan: </b> 0.52 km<br/>\n                    <b>Track: </b> 0.42 km<br/>\n                    <b>FRP: </b> 62.32 MW<br/>\n                    <b>Brightness: </b> 286.36 K" }, "geometry": { "type": "Point", "coordinates": [ 34.68639, 46.88655 ] } },
{ "type": "Feature", "properties": { "sensor": "NOAA-20", "description": "<b>Latitude: </b> 46.88796<br/> \n                    <b>Longitude: </b> 34.70008<br/> \n                    <b>Detection Time: </b> 2026-09-30 10:58 UTC<br/> \n                    <b>Sensor: </b> NOAA-20 VIIRS<br/>\n                    <b>Confidence: </b> Nominal<br/> \n                    <b>Day/Night: </b> Day<br/>\n                    <b>Scan: </b> 0.52 km<br/>\n                    <b>Track: </b> 0.42 km<br/>\n                    <b>FRP: </b> 78.84 MW<br/>\n                    <b>Brightness: </b> 332.54 K" }, "geometry": { "type": "Point", "coordinates": [ 34.70008, 46.88796 ] } },
{ "type": "Feature", "properties": { "sensor": "NOAA-20", "description": "<b>Latitude: </b> 46.88726<br/> \n                    <b>Longitude: </b> 34.69324<br/> \n                    <b>Detection Time: </b> 2026-09-30 10:58 UTC<br/> \n                    <b>Sensor: </b> NOAA-20 VIIRS<br/>\n                    <b>Confidence: </b> High<br/> \n                    <b>Day/Night: </b> Day<br/>\n                    <b>Scan: </b> 0.52 km<br/>\n                    <b>Track: </b> 0.42 km<br/>\n                    <b>FRP: </b> 78.84 MW<br/>\n                    <b>Brightness: </b> 367 K" }, "geometry": { "type": "Point", "coordinates": [ 34.69324, 46.88726 ] } },
{ "type": "Feature", "properties": { "sensor": "NOAA-20", "description": "<b>Latitude: </b> 46.88203<br/> \n                    <b>Longitude: </b> 34.68036<br/> \n                    <b>Detection Time: </b> 2026-09-30 10:58 UTC<br/> \n                    <b>Sensor: </b> NOAA-20 VIIRS<br/>\n                    <b>Confidence: </b> Nominal<br/> \n                    <b>Day/Night: </b> Day<br/>\n                    <b>Scan: </b> 0.52 km<br/>\n                    <b>Track: </b> 0.42 km<br/>\n                    <b>FRP: </b> 7.89 MW<br/>\n                    <b>Brightness: </b> 331.85 K" }, "geometry": { "type": "Point", "coordinates": [ 34.68036, 46.88203 ] } },
{ "type": "Feature", "properties": { "sensor": "NOAA-20", "description": "<b>Latitude: </b> 46.88274<br/> \n                    <b>Longitude: </b> 34.6872<br/> \n                    <b>Detection Time: </b> 2026-09-30 10:58 UTC<br/> \n                    <b>Sensor: </b> NOAA-20 VIIRS<br/>\n                    <b>Confidence: </b> Nominal<br/> \n                    <b>Day/Night: </b> Day<br/>\n                    <b>Scan: </b> 0.52 km<br/>\n                    <b>Track: </b> 0.42 km<br/>\n                    <b>FRP: </b> 7.89 MW<br/>\n                    <b>Brightness: </b> 345.92 K" }, "geometry": { "type": "Point", "coordinates": [ 34.6872, 46.88274 ] } },
{ "type": "Feature", "properties": { "sensor": "NOAA-20", "description": "<b>Latitude: </b> 46.16925<br/> \n                    <b>Longitude: </b> 30.21001<br/> \n                    <b>Detection Time: </b> 2026-09-30 10:58 UTC<br/> \n                    <b>Sensor: </b> NOAA-20 VIIRS<br/>\n                    <b>Confidence: </b> Nominal<br/> \n                    <b>Day/Night: </b> Day<br/>\n                    <b>Scan: </b> 0.39 km<br/>\n                    <b>Track: </b> 0.36 km<br/>\n                    <b>FRP: </b> 3.72 MW<br/>\n                    <b>Brightness: </b> 333.32 K" }, "geometry": { "type": "Point", "coordinates": [ 30.21001, 46.16925 ] } },
{ "type": "Feature", "properties": { "sensor": "NOAA-20", "description": "<b>Latitude: </b> 46.15846<br/> \n                    <b>Longitude: </b> 30.25492<br/> \n                    <b>Detection Time: </b> 2026-09-30 10:58 UTC<br/> \n                    <b>Sensor: </b> NOAA-20 VIIRS<br/>\n                    <b>Confidence: </b> Nominal<br/> \n                    <b>Day/Night: </b> Day<br/>\n                    <b>Scan: </b> 0.39 km<br/>\n                    <b>Track: </b> 0.36 km<br/>\n                    <b>FRP: </b> 8.73 MW<br/>\n                    <b>Brightness: </b> 330.98 K" }, "geometry": { "type": "Point", "coordinates": [ 30.25492, 46.15846 ] } },
{ "type": "Feature", "properties": { "sensor": "NOAA-20", "description": "<b>Latitude: </b> 46.15445<br/> \n                    <b>Longitude: </b> 30.25089<br/> \n                    <b>Detection Time: </b> 2026-09-30 10:58 UTC<br/> \n                    <b>Sensor: </b> NOAA-20 VIIRS<br/>\n                    <b>Confidence: </b> Nominal<br/> \n                    <b>Day/Night: </b> Day<br/>\n                    <b>Scan: </b> 0.39 km<br/>\n                    <b>Track: </b> 0.36 km<br/>\n                    <b>FRP: </b> 10.34 MW<br/>\n                    <b>Brightness: </b> 344.23 K" }, "geometry": { "type": "Point", "coordinates": [ 30.25089, 46.15445 ] } },
{ "type": "Feature", "properties": { "sensor": "NOAA-20", "description": "<b>Latitude: </b> 46.61119<br/> \n                    <b>Longitude: </b> 34.22352<br/> \n                    <b>Detection Time: </b> 2026-09-30 10:58 UTC<br/> \n                    <b>Sensor: </b> NOAA-20 VIIRS<br/>\n                    <b>Confidence: </b> Nominal<br/> \n                    <b>Day/Night: </b> Day<br/>\n                    <b>Scan: </b> 0.5 km<br/>\n                    <b>Track: </b> 0.41 km<br/>\n                    <b>FRP: </b> 11.02 MW<br/>\n                    <b>Brightness: </b> 335.13 K" }, "geometry": { "type": "Point", "coordinates": [ 34.22352, 46.61119 ] } },
{ "type": "Feature", "properties": { "sensor": "NOAA-20", "description": "<b>Latitude: </b> 46.59374<br/> \n                    <b>Longitude: </b> 34.72224<br/> \n                    <b>Detection Time: </b> 2026-09-30 10:58 UTC<br/> \n                    <b>Sensor: </b> NOAA-20 VIIRS<br/>\n                    <b>Confidence: </b> Nominal<br/> \n                    <b>Day/Night: </b> Day<br/>\n                    <b>Scan: </b> 0.52 km<br/>\n                    <b>Track: </b> 0.41 km<br/>\n                    <b>FRP: </b> 6.08 MW<br/>\n                    <b>Brightness: </b> 334.24 K" }, "geometry": { "type": "Point", "coordinates": [ 34.72224, 46.59374 ] } },
{ "type": "Feature", "properties": { "sensor": "NOAA-20", "description": "<b>Latitude: </b> 46.58994<br/> \n                    <b>Longitude: </b> 34.72304<br/> \n                    <b>Detection Time: </b> 2026-09-30 10:58 UTC<br/> \n                    <b>Sensor: </b> NOAA-20 VIIRS<br/>\n                    <b>Confidence: </b> Nominal<br/> \n                    <b>Day/Night: </b> Day<br/>\n                    <b>Scan: </b> 0.52 km<br/>\n                    <b>Track: </b> 0.41 km<br/>\n                    <b>FRP: </b> 6.08 MW<br/>\n                    <b>Brightness: </b> 348.35 K" }, "geometry": { "type": "Point", "coordinates": [ 34.72304, 46.58994 ] } },
{ "type": "Feature", "properties": { "sensor": "NOAA-20", "description": "<b>Latitude: </b> 45.88561<br/> \n                    <b>Longitude: </b> 29.92233<br/> \n                    <b>Detection Time: </b> 2026-09-30 10:58 UTC<br/> \n                    <b>Sensor: </b> NOAA-20 VIIRS<br/>\n                    <b>Confidence: </b> Nominal<br/> \n                    <b>Day/Night: </b> Day<br/>\n                    <b>Scan: </b> 0.39 km<br/>\n                    <b>Track: </b> 0.36 km<br/>\n                    <b>FRP: </b> 2.65 MW<br/>\n                    <b>Brightness: </b> 339.36 K" }, "geometry": { "type": "Point", "coordinates": [ 29.92233, 45.88561 ] } },
{ "type": "Feature", "properties": { "sensor": "NOAA-20", "description": "<b>Latitude: </b> 46.24397<br/> \n                    <b>Longitude: </b> 33.69111<br/> \n                    <b>Detection Time: </b> 2026-09-30 10:58 UTC<br/> \n                    <b>Sensor: </b> NOAA-20 VIIRS<br/>\n                    <b>Confidence: </b> Nominal<br/> \n                    <b>Day/Night: </b> Day<br/>\n                    <b>Scan: </b> 0.47 km<br/>\n                    <b>Track: </b> 0.4 km<br/>\n                    <b>FRP: </b> 4.14 MW<br/>\n                    <b>Brightness: </b> 337.43 K" }, "geometry": { "type": "Point", "coordinates": [ 33.69111, 46.24397 ] } },
{ "type": "Feature", "properties": { "sensor": "NOAA-20", "description": "<b>Latitude: </b> 46.24377<br/> \n                    <b>Longitude: </b> 33.68671<br/> \n                    <b>Detection Time: </b> 2026-09-30 10:58 UTC<br/> \n                    <b>Sensor: </b> NOAA-20 VIIRS<br/>\n                    <b>Confidence: </b> Nominal<br/> \n                    <b>Day/Night: </b> Day<br/>\n                    <b>Scan: </b> 0.47 km<br/>\n                    <b>Track: </b> 0.4 km<br/>\n                    <b>FRP: </b> 8.63 MW<br/>\n                    <b>Brightness: </b> 331.77 K" }, "geometry": { "type": "Point", "coordinates": [ 33.68671, 46.24377 ] } },
{ "type": "Feature", "properties": { "sensor": "NOAA-20", "description": "<b>Latitude: </b> 45.57961<br/> \n                    <b>Longitude: </b> 33.99677<br/> \n                    <b>Detection Time: </b> 2026-09-30 10:58 UTC<br/> \n                    <b>Sensor: </b> NOAA-20 VIIRS<br/>\n                    <b>Confidence: </b> Nominal<br/> \n                    <b>Day/Night: </b> Day<br/>\n                    <b>Scan: </b> 0.48 km<br/>\n                    <b>Track: </b> 0.4 km<br/>\n                    <b>FRP: </b> 2.44 MW<br/>\n                    <b>Brightness: </b> 328.69 K" }, "geometry": { "type": "Point", "coordinates": [ 33.99677, 45.57961 ] } },
{ "type": "Feature", "properties": { "sensor": "NOAA-20", "description": "<b>Latitude: </b> 45.37326<br/> \n                    <b>Longitude: </b> 36.36021<br/> \n                    <b>Detection Time: </b> 2026-09-30 10:58 UTC<br/> \n                    <b>Sensor: </b> NOAA-20 VIIRS<br/>\n                    <b>Confidence: </b> Nominal<br/> \n                    <b>Day/Night: </b> Day<br/>\n                    <b>Scan: </b> 0.39 km<br/>\n                    <b>Track: </b> 0.44 km<br/>\n                    <b>FRP: </b> 7.24 MW<br/>\n                    <b>Brightness: </b> 337.67 K" }, "geometry": { "type": "Point", "coordinates": [ 36.36021, 45.37326 ] } },
{ "type": "Feature", "properties": { "sensor": "NOAA-20", "description": "<b>Latitude: </b> 45.37371<br/> \n                    <b>Longitude: </b> 36.36518<br/> \n                    <b>Detection Time: </b> 2026-09-30 10:58 UTC<br/> \n                    <b>Sensor: </b> NOAA-20 VIIRS<br/>\n                    <b>Confidence: </b> Nominal<br/> \n                    <b>Day/Night: </b> Day<br/>\n                    <b>Scan: </b> 0.39 km<br/>\n                    <b>Track: </b> 0.44 km<br/>\n                    <b>FRP: </b> 10.71 MW<br/>\n                    <b>Brightness: </b> 353.94 K" }, "geometry": { "type": "Point", "coordinates": [ 36.36518, 45.37371 ] } },
{ "type": "Feature", "properties": { "sensor": "NOAA-20", "description": "<b>Latitude: </b> 45.37416<br/> \n                    <b>Longitude: </b> 36.37018<br/> \n                    <b>Detection Time: </b> 2026-09-30 10:58 UTC<br/> \n                    <b>Sensor: </b> NOAA-20 VIIRS<br/>\n                    <b>Confidence: </b> Nominal<br/> \n                    <b>Day/Night: </b> Day<br/>\n                    <b>Scan: </b> 0.39 km<br/>\n                    <b>Track: </b> 0.44 km<br/>\n                    <b>FRP: </b> 10.71 MW<br/>\n                    <b>Brightness: </b> 329.72 K" }, "geometry": { "type": "Point", "coordinates": [ 36.37018, 45.37416 ] } },
{ "type": "Feature", "properties": { "sensor": "NOAA-20", "description": "<b>Latitude: </b> 45.36969<br/> \n                    <b>Longitude: </b> 36.36607<br/> \n                    <b>Detection Time: </b> 2026-09-30 10:58 UTC<br/> \n                    <b>Sensor: </b> NOAA-20 VIIRS<br/>\n                    <b>Confidence: </b> Nominal<br/> \n                    <b>Day/Night: </b> Day<br/>\n                    <b>Scan: </b> 0.39 km<br/>\n                    <b>Track: </b> 0.44 km<br/>\n                    <b>FRP: </b> 10.71 MW<br/>\n                    <b>Brightness: </b> 354.28 K" }, "geometry": { "type": "Point", "coordinates": [ 36.36607, 45.36969 ] } },
{ "type": "Feature", "properties": { "sensor": "NOAA-20", "description": "<b>Latitude: </b> 45.37014<br/> \n                    <b>Longitude: </b> 36.37107<br/> \n                    <b>Detection Time: </b> 2026-09-30 10:58 UTC<br/> \n                    <b>Sensor: </b> NOAA-20 VIIRS<br/>\n                    <b>Confidence: </b> Nominal<br/> \n                    <b>Day/Night: </b> Day<br/>\n                    <b>Scan: </b> 0.39 km<br/>\n                    <b>Track: </b> 0.44 km<br/>\n                    <b>FRP: </b> 10.71 MW<br/>\n                    <b>Brightness: </b> 343 K" }, "geometry": { "type": "Point", "coordinates": [ 36.37107, 45.37014 ] } },
{ "type": "Feature", "properties": { "sensor": "NOAA-20", "description": "<b>Latitude: </b> 70.99686<br/> \n                    <b>Longitude: </b> 73.85596<br/> \n                    <b>Detection Time: </b> 2026-09-30 09:24 UTC<br/> \n                    <b>Sensor: </b> NOAA-20 VIIRS<br/>\n                    <b>Confidence: </b> Nominal<br/> \n                    <b>Day/Night: </b> Day<br/>\n                    <b>Scan: </b> 0.62 km<br/>\n                    <b>Track: </b> 0.71 km<br/>\n                    <b>FRP: </b> 3.31 MW<br/>\n                    <b>Brightness: </b> 328.88 K" }, "geometry": { "type": "Point", "coordinates": [ 73.85596, 70.99686 ] } },
{ "type": "Feature", "properties": { "sensor": "NOAA-21", "description": "<b>Latitude: </b> 52.71872<br/> \n                    <b>Longitude: </b> 81.57465<br/> \n                    <b>Detection Time: </b> 2026-09-30 20:34 UTC<br/> \n                    <b>Sensor: </b> NOAA-21 VIIRS<br/>\n                    <b>Confidence: </b> Nominal<br/> \n                    <b>Day/Night: </b> Night<br/>\n                    <b>Scan: </b> 0.41 km<br/>\n                    <b>Track: </b> 0.37 km<br/>\n                    <b>FRP: </b> 0.75 MW<br/>\n                    <b>Brightness: </b> 298.04 K" }, "geometry": { "type": "Point", "coordinates": [ 81.57465, 52.71872 ] } },
{ "type": "Feature", "properties": { "sensor": "NOAA-21", "description": "<b>Latitude: </b> 53.75596<br/> \n                    <b>Longitude: </b> 82.33707<br/> \n                    <b>Detection Time: </b> 2026-09-30 20:34 UTC<br/> \n                    <b>Sensor: </b> NOAA-21 VIIRS<br/>\n                    <b>Confidence: </b> Nominal<br/> \n                    <b>Day/Night: </b> Night<br/>\n                    <b>Scan: </b> 0.4 km<br/>\n                    <b>Track: </b> 0.37 km<br/>\n                    <b>FRP: </b> 0.79 MW<br/>\n                    <b>Brightness: </b> 301.26 K" }, "geometry": { "type": "Point", "coordinates": [ 82.33707, 53.75596 ] } },
{ "type": "Feature", "properties": { "sensor": "NOAA-21", "description": "<b>Latitude: </b> 53.60178<br/> \n                    <b>Longitude: </b> 83.72152<br/> \n                    <b>Detection Time: </b> 2026-09-30 20:34 UTC<br/> \n                    <b>Sensor: </b> NOAA-21 VIIRS<br/>\n                    <b>Confidence: </b> Nominal<br/> \n                    <b>Day/Night: </b> Night<br/>\n                    <b>Scan: </b> 0.39 km<br/>\n                    <b>Track: </b> 0.36 km<br/>\n                    <b>FRP: </b> 0.76 MW<br/>\n                    <b>Brightness: </b> 305.03 K" }, "geometry": { "type": "Point", "coordinates": [ 83.72152, 53.60178 ] } },
{ "type": "Feature", "properties": { "sensor": "NOAA-21", "description": "<b>Latitude: </b> 60.75055<br/> \n                    <b>Longitude: </b> 69.34754<br/> \n                    <b>Detection Time: </b> 2026-09-30 20:32 UTC<br/> \n                    <b>Sensor: </b> NOAA-21 VIIRS<br/>\n                    <b>Confidence: </b> High<br/> \n                    <b>Day/Night: </b> Night<br/>\n                    <b>Scan: </b> 0.41 km<br/>\n                    <b>Track: </b> 0.61 km<br/>\n                    <b>FRP: </b> 16.29 MW<br/>\n                    <b>Brightness: </b> 367 K" }, "geometry": { "type": "Point", "coordinates": [ 69.34754, 60.75055 ] } },
{ "type": "Feature", "properties": { "sensor": "NOAA-21", "description": "<b>Latitude: </b> 57.51288<br/> \n                    <b>Longitude: </b> 79.00946<br/> \n                    <b>Detection Time: </b> 2026-09-30 20:32 UTC<br/> \n                    <b>Sensor: </b> NOAA-21 VIIRS<br/>\n                    <b>Confidence: </b> Nominal<br/> \n                    <b>Day/Night: </b> Night<br/>\n                    <b>Scan: </b> 0.53 km<br/>\n                    <b>Track: </b> 0.42 km<br/>\n                    <b>FRP: </b> 1.96 MW<br/>\n                    <b>Brightness: </b> 313.88 K" }, "geometry": { "type": "Point", "coordinates": [ 79.00946, 57.51288 ] } },
{ "type": "Feature", "properties": { "sensor": "NOAA-21", "description": "<b>Latitude: </b> 57.66848<br/> \n                    <b>Longitude: </b> 78.92548<br/> \n                    <b>Detection Time: </b> 2026-09-30 20:32 UTC<br/> \n                    <b>Sensor: </b> NOAA-21 VIIRS<br/>\n                    <b>Confidence: </b> Nominal<br/> \n                    <b>Day/Night: </b> Night<br/>\n                    <b>Scan: </b> 0.54 km<br/>\n                    <b>Track: </b> 0.42 km<br/>\n                    <b>FRP: </b> 1.37 MW<br/>\n                    <b>Brightness: </b> 309.46 K" }, "geometry": { "type": "Point", "coordinates": [ 78.92548, 57.66848 ] } },
{ "type": "Feature", "properties": { "sensor": "NOAA-21", "description": "<b>Latitude: </b> 58.26614<br/> \n                    <b>Longitude: </b> 68.45231<br/> \n                    <b>Detection Time: </b> 2026-09-30 20:32 UTC<br/> \n                    <b>Sensor: </b> NOAA-21 VIIRS<br/>\n                    <b>Confidence: </b> Nominal<br/> \n                    <b>Day/Night: </b> Night<br/>\n                    <b>Scan: </b> 0.43 km<br/>\n                    <b>Track: </b> 0.62 km<br/>\n                    <b>FRP: </b> 1.29 MW<br/>\n                    <b>Brightness: </b> 308.23 K" }, "geometry": { "type": "Point", "coordinates": [ 68.45231, 58.26614 ] } },
{ "type": "Feature", "properties": { "sensor": "NOAA-21", "description": "<b>Latitude: </b> 58.15043<br/> \n                    <b>Longitude: </b> 78.87771<br/> \n                    <b>Detection Time: </b> 2026-09-30 20:32 UTC<br/> \n                    <b>Sensor: </b> NOAA-21 VIIRS<br/>\n                    <b>Confidence: </b> Nominal<br/> \n                    <b>Day/Night: </b> Night<br/>\n                    <b>Scan: </b> 0.55 km<br/>\n                    <b>Track: </b> 0.43 km<br/>\n                    <b>FRP: </b> 2.12 MW<br/>\n                    <b>Brightness: </b> 303.58 K" }, "geometry": { "type": "Point", "coordinates": [ 78.87771, 58.15043 ] } },
{ "type": "Feature", "properties": { "sensor": "NOAA-21", "description": "<b>Latitude: </b> 58.15656<br/> \n                    <b>Longitude: </b> 78.89868<br/> \n                    <b>Detection Time: </b> 2026-09-30 20:32 UTC<br/> \n                    <b>Sensor: </b> NOAA-21 VIIRS<br/>\n                    <b>Confidence: </b> Nominal<br/> \n                    <b>Day/Night: </b> Night<br/>\n                    <b>Scan: </b> 0.55 km<br/>\n                    <b>Track: </b> 0.42 km<br/>\n                    <b>FRP: </b> 4.01 MW<br/>\n                    <b>Brightness: </b> 325.44 K" }, "geometry": { "type": "Point", "coordinates": [ 78.89868, 58.15656 ] } },
{ "type": "Feature", "properties": { "sensor": "NOAA-21", "description": "<b>Latitude: </b> 59.05079<br/> \n                    <b>Longitude: </b> 71.85993<br/> \n                    <b>Detection Time: </b> 2026-09-30 20:32 UTC<br/> \n                    <b>Sensor: </b> NOAA-21 VIIRS<br/>\n                    <b>Confidence: </b> Nominal<br/> \n                    <b>Day/Night: </b> Night<br/>\n                    <b>Scan: </b> 0.33 km<br/>\n                    <b>Track: </b> 0.55 km<br/>\n                    <b>FRP: </b> 1.13 MW<br/>\n                    <b>Brightness: </b> 310.35 K" }, "geometry": { "type": "Point", "coordinates": [ 71.85993, 59.05079 ] } },
{ "type": "Feature", "properties": { "sensor": "NOAA-21", "description": "<b>Latitude: </b> 59.20014<br/> \n                    <b>Longitude: </b> 71.37189<br/> \n                    <b>Detection Time: </b> 2026-09-30 20:32 UTC<br/> \n                    <b>Sensor: </b> NOAA-21 VIIRS<br/>\n                    <b>Confidence: </b> Nominal<br/> \n                    <b>Day/Night: </b> Night<br/>\n                    <b>Scan: </b> 0.34 km<br/>\n                    <b>Track: </b> 0.56 km<br/>\n                    <b>FRP: </b> 2.87 MW<br/>\n                    <b>Brightness: </b> 312.44 K" }, "geometry": { "type": "Point", "coordinates": [ 71.37189, 59.20014 ] } },
{ "type": "Feature", "properties": { "sensor": "NOAA-21", "description": "<b>Latitude: </b> 59.20029<br/> \n                    <b>Longitude: </b> 71.36585<br/> \n                    <b>Detection Time: </b> 2026-09-30 20:32 UTC<br/> \n                    <b>Sensor: </b> NOAA-21 VIIRS<br/>\n                    <b>Confidence: </b> Nominal<br/> \n                    <b>Day/Night: </b> Night<br/>\n                    <b>Scan: </b> 0.34 km<br/>\n                    <b>Track: </b> 0.56 km<br/>\n                    <b>FRP: </b> 4 MW<br/>\n                    <b>Brightness: </b> 333.82 K" }, "geometry": { "type": "Point", "coordinates": [ 71.36585, 59.20029 ] } },
{ "type": "Feature", "properties": { "sensor": "NOAA-21", "description": "<b>Latitude: </b> 59.4133<br/> \n                    <b>Longitude: </b> 71.63088<br/> \n                    <b>Detection Time: </b> 2026-09-30 20:32 UTC<br/> \n                    <b>Sensor: </b> NOAA-21 VIIRS<br/>\n                    <b>Confidence: </b> High<br/> \n                    <b>Day/Night: </b> Night<br/>\n                    <b>Scan: </b> 0.34 km<br/>\n                    <b>Track: </b> 0.56 km<br/>\n                    <b>FRP: </b> 12.84 MW<br/>\n                    <b>Brightness: </b> 367 K" }, "geometry": { "type": "Point", "coordinates": [ 71.63088, 59.4133 ] } },
{ "type": "Feature", "properties": { "sensor": "NOAA-21", "description": "<b>Latitude: </b> 59.46893<br/> \n                    <b>Longitude: </b> 71.53445<br/> \n                    <b>Detection Time: </b> 2026-09-30 20:32 UTC<br/> \n                    <b>Sensor: </b> NOAA-21 VIIRS<br/>\n                    <b>Confidence: </b> Nominal<br/> \n                    <b>Day/Night: </b> Night<br/>\n                    <b>Scan: </b> 0.34 km<br/>\n                    <b>Track: </b> 0.56 km<br/>\n                    <b>FRP: </b> 1.36 MW<br/>\n                    <b>Brightness: </b> 308.68 K" }, "geometry": { "type": "Point", "coordinates": [ 71.53445, 59.46893 ] } },
{ "type": "Feature", "properties": { "sensor": "NOAA-21", "description": "<b>Latitude: </b> 59.53566<br/> \n                    <b>Longitude: </b> 70.05835<br/> \n                    <b>Detection Time: </b> 2026-09-30 20:32 UTC<br/> \n                    <b>Sensor: </b> NOAA-21 VIIRS<br/>\n                    <b>Confidence: </b> Nominal<br/> \n                    <b>Day/Night: </b> Night<br/>\n                    <b>Scan: </b> 0.38 km<br/>\n                    <b>Track: </b> 0.59 km<br/>\n                    <b>FRP: </b> 1.21 MW<br/>\n                    <b>Brightness: </b> 306.48 K" }, "geometry": { "type": "Point", "coordinates": [ 70.05835, 59.53566 ] } },
{ "type": "Feature", "properties": { "sensor": "NOAA-21", "description": "<b>Latitude: </b> 59.26837<br/> \n                    <b>Longitude: </b> 77.03596<br/> \n                    <b>Detection Time: </b> 2026-09-30 20:32 UTC<br/> \n                    <b>Sensor: </b> NOAA-21 VIIRS<br/>\n                    <b>Confidence: </b> Nominal<br/> \n                    <b>Day/Night: </b> Night<br/>\n                    <b>Scan: </b> 0.43 km<br/>\n                    <b>Track: </b> 0.46 km<br/>\n                    <b>FRP: </b> 0.89 MW<br/>\n                    <b>Brightness: </b> 311.46 K" }, "geometry": { "type": "Point", "coordinates": [ 77.03596, 59.26837 ] } },
{ "type": "Feature", "properties": { "sensor": "NOAA-21", "description": "<b>Latitude: </b> 59.75581<br/> \n                    <b>Longitude: </b> 71.74119<br/> \n                    <b>Detection Time: </b> 2026-09-30 20:32 UTC<br/> \n                    <b>Sensor: </b> NOAA-21 VIIRS<br/>\n                    <b>Confidence: </b> Nominal<br/> \n                    <b>Day/Night: </b> Night<br/>\n                    <b>Scan: </b> 0.33 km<br/>\n                    <b>Track: </b> 0.56 km<br/>\n                    <b>FRP: </b> 1.7 MW<br/>\n                    <b>Brightness: </b> 323.25 K" }, "geometry": { "type": "Point", "coordinates": [ 71.74119, 59.75581 ] } },
{ "type": "Feature", "properties": { "sensor": "NOAA-21", "description": "<b>Latitude: </b> 59.76113<br/> \n                    <b>Longitude: </b> 71.73566<br/> \n                    <b>Detection Time: </b> 2026-09-30 20:32 UTC<br/> \n                    <b>Sensor: </b> NOAA-21 VIIRS<br/>\n                    <b>Confidence: </b> Nominal<br/> \n                    <b>Day/Night: </b> Night<br/>\n                    <b>Scan: </b> 0.33 km<br/>\n                    <b>Track: </b> 0.56 km<br/>\n                    <b>FRP: </b> 1.81 MW<br/>\n                    <b>Brightness: </b> 305.62 K" }, "geometry": { "type": "Point", "coordinates": [ 71.73566, 59.76113 ] } },
{ "type": "Feature", "properties": { "sensor": "NOAA-21", "description": "<b>Latitude: </b> 59.75765<br/> \n                    <b>Longitude: </b> 71.7415<br/> \n                    <b>Detection Time: </b> 2026-09-30 20:32 UTC<br/> \n                    <b>Sensor: </b> NOAA-21 VIIRS<br/>\n                    <b>Confidence: </b> Nominal<br/> \n                    <b>Day/Night: </b> Night<br/>\n                    <b>Scan: </b> 0.33 km<br/>\n                    <b>Track: </b> 0.56 km<br/>\n                    <b>FRP: </b> 1.24 MW<br/>\n                    <b>Brightness: </b> 324.86 K" }, "geometry": { "type": "Point", "coordinates": [ 71.7415, 59.75765 ] } },
{ "type": "Feature", "properties": { "sensor": "NOAA-21", "description": "<b>Latitude: </b> 59.76295<br/> \n                    <b>Longitude: </b> 71.73602<br/> \n                    <b>Detection Time: </b> 2026-09-30 20:32 UTC<br/> \n                    <b>Sensor: </b> NOAA-21 VIIRS<br/>\n                    <b>Confidence: </b> Nominal<br/> \n                    <b>Day/Night: </b> Night<br/>\n                    <b>Scan: </b> 0.33 km<br/>\n                    <b>Track: </b> 0.56 km<br/>\n                    <b>FRP: </b> 1.24 MW<br/>\n                    <b>Brightness: </b> 298.52 K" }, "geometry": { "type": "Point", "coordinates": [ 71.73602, 59.76295 ] } },
{ "type": "Feature", "properties": { "sensor": "NOAA-21", "description": "<b>Latitude: </b> 59.87187<br/> \n                    <b>Longitude: </b> 68.88249<br/> \n                    <b>Detection Time: </b> 2026-09-30 20:32 UTC<br/> \n                    <b>Sensor: </b> NOAA-21 VIIRS<br/>\n                    <b>Confidence: </b> Nominal<br/> \n                    <b>Day/Night: </b> Night<br/>\n                    <b>Scan: </b> 0.42 km<br/>\n                    <b>Track: </b> 0.61 km<br/>\n                    <b>FRP: </b> 1.01 MW<br/>\n                    <b>Brightness: </b> 307.94 K" }, "geometry": { "type": "Point", "coordinates": [ 68.88249, 59.87187 ] } },
{ "type": "Feature", "properties": { "sensor": "NOAA-21", "description": "<b>Latitude: </b> 59.88836<br/> \n                    <b>Longitude: </b> 71.73676<br/> \n                    <b>Detection Time: </b> 2026-09-30 20:32 UTC<br/> \n                    <b>Sensor: </b> NOAA-21 VIIRS<br/>\n                    <b>Confidence: </b> Nominal<br/> \n                    <b>Day/Night: </b> Night<br/>\n                    <b>Scan: </b> 0.33 km<br/>\n                    <b>Track: </b> 0.56 km<br/>\n                    <b>FRP: </b> 4.29 MW<br/>\n                    <b>Brightness: </b> 334.31 K" }, "geometry": { "type": "Point", "coordinates": [ 71.73676, 59.88836 ] } },
{ "type": "Feature", "properties": { "sensor": "NOAA-21", "description": "<b>Latitude: </b> 59.8885<br/> \n                    <b>Longitude: </b> 71.7307<br/> \n                    <b>Detection Time: </b> 2026-09-30 20:32 UTC<br/> \n                    <b>Sensor: </b> NOAA-21 VIIRS<br/>\n                    <b>Confidence: </b> Nominal<br/> \n                    <b>Day/Night: </b> Night<br/>\n                    <b>Scan: </b> 0.33 km<br/>\n                    <b>Track: </b> 0.56 km<br/>\n                    <b>FRP: </b> 4.29 MW<br/>\n                    <b>Brightness: </b> 339.07 K" }, "geometry": { "type": "Point", "coordinates": [ 71.7307, 59.8885 ] } },
{ "type": "Feature", "properties": { "sensor": "NOAA-21", "description": "<b>Latitude: </b> 59.89349<br/> \n                    <b>Longitude: </b> 71.73733<br/> \n                    <b>Detection Time: </b> 2026-09-30 20:32 UTC<br/> \n                    <b>Sensor: </b> NOAA-21 VIIRS<br/>\n                    <b>Confidence: </b> Nominal<br/> \n                    <b>Day/Night: </b> Night<br/>\n                    <b>Scan: </b> 0.33 km<br/>\n                    <b>Track: </b> 0.56 km<br/>\n                    <b>FRP: </b> 0.92 MW<br/>\n                    <b>Brightness: </b> 296.3 K" }, "geometry": { "type": "Point", "coordinates": [ 71.73733, 59.89349 ] } },
{ "type": "Feature", "properties": { "sensor": "NOAA-21", "description": "<b>Latitude: </b> 59.89365<br/> \n                    <b>Longitude: </b> 71.73125<br/> \n                    <b>Detection Time: </b> 2026-09-30 20:32 UTC<br/> \n                    <b>Sensor: </b> NOAA-21 VIIRS<br/>\n                    <b>Confidence: </b> Nominal<br/> \n                    <b>Day/Night: </b> Night<br/>\n                    <b>Scan: </b> 0.33 km<br/>\n                    <b>Track: </b> 0.56 km<br/>\n                    <b>FRP: </b> 0.92 MW<br/>\n                    <b>Brightness: </b> 298.31 K" }, "geometry": { "type": "Point", "coordinates": [ 71.73125, 59.89365 ] } },
{ "type": "Feature", "properties": { "sensor": "NOAA-21", "description": "<b>Latitude: </b> 59.9915<br/> \n                    <b>Longitude: </b> 63.88831<br/> \n                    <b>Detection Time: </b> 2026-09-30 20:32 UTC<br/> \n                    <b>Sensor: </b> NOAA-21 VIIRS<br/>\n                    <b>Confidence: </b> Nominal<br/> \n                    <b>Day/Night: </b> Night<br/>\n                    <b>Scan: </b> 0.63 km<br/>\n                    <b>Track: </b> 0.72 km<br/>\n                    <b>FRP: </b> 2.39 MW<br/>\n                    <b>Brightness: </b> 315.08 K" }, "geometry": { "type": "Point", "coordinates": [ 63.88831, 59.9915 ] } },
{ "type": "Feature", "properties": { "sensor": "NOAA-21", "description": "<b>Latitude: </b> 60.04029<br/> \n                    <b>Longitude: </b> 71.06684<br/> \n                    <b>Detection Time: </b> 2026-09-30 20:32 UTC<br/> \n                    <b>Sensor: </b> NOAA-21 VIIRS<br/>\n                    <b>Confidence: </b> Nominal<br/> \n                    <b>Day/Night: </b> Night<br/>\n                    <b>Scan: </b> 0.35 km<br/>\n                    <b>Track: </b> 0.57 km<br/>\n                    <b>FRP: </b> 1.38 MW<br/>\n                    <b>Brightness: </b> 303.85 K" }, "geometry": { "type": "Point", "coordinates": [ 71.06684, 60.04029 ] } },
{ "type": "Feature", "properties": { "sensor": "NOAA-21", "description": "<b>Latitude: </b> 60.08079<br/> \n                    <b>Longitude: </b> 64.68273<br/> \n                    <b>Detection Time: </b> 2026-09-30 20:32 UTC<br/> \n                    <b>Sensor: </b> NOAA-21 VIIRS<br/>\n                    <b>Confidence: </b> Nominal<br/> \n                    <b>Day/Night: </b> Night<br/>\n                    <b>Scan: </b> 0.59 km<br/>\n                    <b>Track: </b> 0.7 km<br/>\n                    <b>FRP: </b> 1.01 MW<br/>\n                    <b>Brightness: </b> 297.73 K" }, "geometry": { "type": "Point", "coordinates": [ 64.68273, 60.08079 ] } },
{ "type": "Feature", "properties": { "sensor": "NOAA-21", "description": "<b>Latitude: </b> 60.18159<br/> \n                    <b>Longitude: </b> 69.29706<br/> \n                    <b>Detection Time: </b> 2026-09-30 20:32 UTC<br/> \n                    <b>Sensor: </b> NOAA-21 VIIRS<br/>\n                    <b>Confidence: </b> Nominal<br/> \n                    <b>Day/Night: </b> Night<br/>\n                    <b>Scan: </b> 0.41 km<br/>\n                    <b>Track: </b> 0.61 km<br/>\n                    <b>FRP: </b> 1.78 MW<br/>\n                    <b>Brightness: </b> 311.82 K" }, "geometry": { "type": "Point", "coordinates": [ 69.29706, 60.18159 ] } },
{ "type": "Feature", "properties": { "sensor": "NOAA-21", "description": "<b>Latitude: </b> 60.11467<br/> \n                    <b>Longitude: </b> 73.61975<br/> \n                    <b>Detection Time: </b> 2026-09-30 20:32 UTC<br/> \n                    <b>Sensor: </b> NOAA-21 VIIRS<br/>\n                    <b>Confidence: </b> Nominal<br/> \n                    <b>Day/Night: </b> Night<br/>\n                    <b>Scan: </b> 0.58 km<br/>\n                    <b>Track: </b> 0.52 km<br/>\n                    <b>FRP: </b> 0.46 MW<br/>\n                    <b>Brightness: </b> 298.74 K" }, "geometry": { "type": "Point", "coordinates": [ 73.61975, 60.11467 ] } },
{ "type": "Feature", "properties": { "sensor": "NOAA-21", "description": "<b>Latitude: </b> 60.11811<br/> \n                    <b>Longitude: </b> 73.62691<br/> \n                    <b>Detection Time: </b> 2026-09-30 20:32 UTC<br/> \n                    <b>Sensor: </b> NOAA-21 VIIRS<br/>\n                    <b>Confidence: </b> Nominal<br/> \n                    <b>Day/Night: </b> Night<br/>\n                    <b>Scan: </b> 0.58 km<br/>\n                    <b>Track: </b> 0.52 km<br/>\n                    <b>FRP: </b> 1.14 MW<br/>\n                    <b>Brightness: </b> 295.63 K" }, "geometry": { "type": "Point", "coordinates": [ 73.62691, 60.11811 ] } },
{ "type": "Feature", "properties": { "sensor": "NOAA-21", "description": "<b>Latitude: </b> 60.35586<br/> \n                    <b>Longitude: </b> 73.67946<br/> \n                    <b>Detection Time: </b> 2026-09-30 20:32 UTC<br/> \n                    <b>Sensor: </b> NOAA-21 VIIRS<br/>\n                    <b>Confidence: </b> Nominal<br/> \n                    <b>Day/Night: </b> Night<br/>\n                    <b>Scan: </b> 0.58 km<br/>\n                    <b>Track: </b> 0.52 km<br/>\n                    <b>FRP: </b> 0.82 MW<br/>\n                    <b>Brightness: </b> 296.72 K" }, "geometry": { "type": "Point", "coordinates": [ 73.67946, 60.35586 ] } },
{ "type": "Feature", "properties": { "sensor": "NOAA-21", "description": "<b>Latitude: </b> 60.57281<br/> \n                    <b>Longitude: </b> 71.98719<br/> \n                    <b>Detection Time: </b> 2026-09-30 20:32 UTC<br/> \n                    <b>Sensor: </b> NOAA-21 VIIRS<br/>\n                    <b>Confidence: </b> Nominal<br/> \n                    <b>Day/Night: </b> Night<br/>\n                    <b>Scan: </b> 0.33 km<br/>\n                    <b>Track: </b> 0.55 km<br/>\n                    <b>FRP: </b> 2.29 MW<br/>\n                    <b>Brightness: </b> 329.12 K" }, "geometry": { "type": "Point", "coordinates": [ 71.98719, 60.57281 ] } },
{ "type": "Feature", "properties": { "sensor": "NOAA-21", "description": "<b>Latitude: </b> 60.62273<br/> \n                    <b>Longitude: </b> 72.64386<br/> \n                    <b>Detection Time: </b> 2026-09-30 20:32 UTC<br/> \n                    <b>Sensor: </b> NOAA-21 VIIRS<br/>\n                    <b>Confidence: </b> Nominal<br/> \n                    <b>Day/Night: </b> Night<br/>\n                    <b>Scan: </b> 0.63 km<br/>\n                    <b>Track: </b> 0.54 km<br/>\n                    <b>FRP: </b> 1.07 MW<br/>\n                    <b>Brightness: </b> 301.46 K" }, "geometry": { "type": "Point", "coordinates": [ 72.64386, 60.62273 ] } },
{ "type": "Feature", "properties": { "sensor": "NOAA-21", "description": "<b>Latitude: </b> 60.66698<br/> \n                    <b>Longitude: </b> 72.0055<br/> \n                    <b>Detection Time: </b> 2026-09-30 20:32 UTC<br/> \n                    <b>Sensor: </b> NOAA-21 VIIRS<br/>\n                    <b>Confidence: </b> Nominal<br/> \n                    <b>Day/Night: </b> Night<br/>\n                    <b>Scan: </b> 0.33 km<br/>\n                    <b>Track: </b> 0.55 km<br/>\n                    <b>FRP: </b> 0.59 MW<br/>\n                    <b>Brightness: </b> 297.85 K" }, "geometry": { "type": "Point", "coordinates": [ 72.0055, 60.66698 ] } },
{ "type": "Feature", "properties": { "sensor": "NOAA-21", "description": "<b>Latitude: </b> 60.66715<br/> \n                    <b>Longitude: </b> 71.99928<br/> \n                    <b>Detection Time: </b> 2026-09-30 20:32 UTC<br/> \n                    <b>Sensor: </b> NOAA-21 VIIRS<br/>\n                    <b>Confidence: </b> Nominal<br/> \n                    <b>Day/Night: </b> Night<br/>\n                    <b>Scan: </b> 0.33 km<br/>\n                    <b>Track: </b> 0.55 km<br/>\n                    <b>FRP: </b> 0.59 MW<br/>\n                    <b>Brightness: </b> 297.53 K" }, "geometry": { "type": "Point", "coordinates": [ 71.99928, 60.66715 ] } },
{ "type": "Feature", "properties": { "sensor": "NOAA-21", "description": "<b>Latitude: </b> 60.73049<br/> \n                    <b>Longitude: </b> 69.89243<br/> \n                    <b>Detection Time: </b> 2026-09-30 20:32 UTC<br/> \n                    <b>Sensor: </b> NOAA-21 VIIRS<br/>\n                    <b>Confidence: </b> Nominal<br/> \n                    <b>Day/Night: </b> Night<br/>\n                    <b>Scan: </b> 0.39 km<br/>\n                    <b>Track: </b> 0.59 km<br/>\n                    <b>FRP: </b> 2.33 MW<br/>\n                    <b>Brightness: </b> 330.56 K" }, "geometry": { "type": "Point", "coordinates": [ 69.89243, 60.73049 ] } },
{ "type": "Feature", "properties": { "sensor": "NOAA-21", "description": "<b>Latitude: </b> 60.75299<br/> \n                    <b>Longitude: </b> 69.3483<br/> \n                    <b>Detection Time: </b> 2026-09-30 20:32 UTC<br/> \n                    <b>Sensor: </b> NOAA-21 VIIRS<br/>\n                    <b>Confidence: </b> High<br/> \n                    <b>Day/Night: </b> Night<br/>\n                    <b>Scan: </b> 0.41 km<br/>\n                    <b>Track: </b> 0.61 km<br/>\n                    <b>FRP: </b> 15.86 MW<br/>\n                    <b>Brightness: </b> 367 K" }, "geometry": { "type": "Point", "coordinates": [ 69.3483, 60.75299 ] } },
{ "type": "Feature", "properties": { "sensor": "NOAA-21", "description": "<b>Latitude: </b> 58.26534<br/> \n                    <b>Longitude: </b> 68.45382<br/> \n                    <b>Detection Time: </b> 2026-09-30 20:32 UTC<br/> \n                    <b>Sensor: </b> NOAA-21 VIIRS<br/>\n                    <b>Confidence: </b> Nominal<br/> \n                    <b>Day/Night: </b> Night<br/>\n                    <b>Scan: </b> 0.43 km<br/>\n                    <b>Track: </b> 0.62 km<br/>\n                    <b>FRP: </b> 1.36 MW<br/>\n                    <b>Brightness: </b> 303.18 K" }, "geometry": { "type": "Point", "coordinates": [ 68.45382, 58.26534 ] } },
{ "type": "Feature", "properties": { "sensor": "NOAA-21", "description": "<b>Latitude: </b> 60.73006<br/> \n                    <b>Longitude: </b> 69.89214<br/> \n                    <b>Detection Time: </b> 2026-09-30 20:32 UTC<br/> \n                    <b>Sensor: </b> NOAA-21 VIIRS<br/>\n                    <b>Confidence: </b> Nominal<br/> \n                    <b>Day/Night: </b> Night<br/>\n                    <b>Scan: </b> 0.39 km<br/>\n                    <b>Track: </b> 0.59 km<br/>\n                    <b>FRP: </b> 3.02 MW<br/>\n                    <b>Brightness: </b> 329.67 K" }, "geometry": { "type": "Point", "coordinates": [ 69.89214, 60.73006 ] } },
{ "type": "Feature", "properties": { "sensor": "NOAA-21", "description": "<b>Latitude: </b> 60.74554<br/> \n                    <b>Longitude: </b> 70.81332<br/> \n                    <b>Detection Time: </b> 2026-09-30 20:32 UTC<br/> \n                    <b>Sensor: </b> NOAA-21 VIIRS<br/>\n                    <b>Confidence: </b> Nominal<br/> \n                    <b>Day/Night: </b> Night<br/>\n                    <b>Scan: </b> 0.36 km<br/>\n                    <b>Track: </b> 0.58 km<br/>\n                    <b>FRP: </b> 3.31 MW<br/>\n                    <b>Brightness: </b> 312.17 K" }, "geometry": { "type": "Point", "coordinates": [ 70.81332, 60.74554 ] } },
{ "type": "Feature", "properties": { "sensor": "NOAA-21", "description": "<b>Latitude: </b> 61.22663<br/> \n                    <b>Longitude: </b> 76.82053<br/> \n                    <b>Detection Time: </b> 2026-09-30 20:32 UTC<br/> \n                    <b>Sensor: </b> NOAA-21 VIIRS<br/>\n                    <b>Confidence: </b> Nominal<br/> \n                    <b>Day/Night: </b> Night<br/>\n                    <b>Scan: </b> 0.46 km<br/>\n                    <b>Track: </b> 0.47 km<br/>\n                    <b>FRP: </b> 1.66 MW<br/>\n                    <b>Brightness: </b> 306.23 K" }, "geometry": { "type": "Point", "coordinates": [ 76.82053, 61.22663 ] } },
{ "type": "Feature", "properties": { "sensor": "NOAA-21", "description": "<b>Latitude: </b> 61.22244<br/> \n                    <b>Longitude: </b> 76.82602<br/> \n                    <b>Detection Time: </b> 2026-09-30 20:32 UTC<br/> \n                    <b>Sensor: </b> NOAA-21 VIIRS<br/>\n                    <b>Confidence: </b> Nominal<br/> \n                    <b>Day/Night: </b> Night<br/>\n                    <b>Scan: </b> 0.46 km<br/>\n                    <b>Track: </b> 0.47 km<br/>\n                    <b>FRP: </b> 1.73 MW<br/>\n                    <b>Brightness: </b> 300.53 K" }, "geometry": { "type": "Point", "coordinates": [ 76.82602, 61.22244 ] } },
{ "type": "Feature", "properties": { "sensor": "NOAA-21", "description": "<b>Latitude: </b> 61.22296<br/> \n                    <b>Longitude: </b> 76.81734<br/> \n                    <b>Detection Time: </b> 2026-09-30 20:32 UTC<br/> \n                    <b>Sensor: </b> NOAA-21 VIIRS<br/>\n                    <b>Confidence: </b> Nominal<br/> \n                    <b>Day/Night: </b> Night<br/>\n                    <b>Scan: </b> 0.46 km<br/>\n                    <b>Track: </b> 0.47 km<br/>\n                    <b>FRP: </b> 2.28 MW<br/>\n                    <b>Brightness: </b> 315.07 K" }, "geometry": { "type": "Point", "coordinates": [ 76.81734, 61.22296 ] } },
{ "type": "Feature", "properties": { "sensor": "NOAA-21", "description": "<b>Latitude: </b> 61.60452<br/> \n                    <b>Longitude: </b> 67.81741<br/> \n                    <b>Detection Time: </b> 2026-09-30 20:32 UTC<br/> \n                    <b>Sensor: </b> NOAA-21 VIIRS<br/>\n                    <b>Confidence: </b> Nominal<br/> \n                    <b>Day/Night: </b> Night<br/>\n                    <b>Scan: </b> 0.46 km<br/>\n                    <b>Track: </b> 0.64 km<br/>\n                    <b>FRP: </b> 1.89 MW<br/>\n                    <b>Brightness: </b> 307.7 K" }, "geometry": { "type": "Point", "coordinates": [ 67.81741, 61.60452 ] } },
{ "type": "Feature", "properties": { "sensor": "NOAA-21", "description": "<b>Latitude: </b> 61.60445<br/> \n                    <b>Longitude: </b> 67.80855<br/> \n                    <b>Detection Time: </b> 2026-09-30 20:32 UTC<br/> \n                    <b>Sensor: </b> NOAA-21 VIIRS<br/>\n                    <b>Confidence: </b> Nominal<br/> \n                    <b>Day/Night: </b> Night<br/>\n                    <b>Scan: </b> 0.46 km<br/>\n                    <b>Track: </b> 0.64 km<br/>\n                    <b>FRP: </b> 1.89 MW<br/>\n                    <b>Brightness: </b> 314.69 K" }, "geometry": { "type": "Point", "coordinates": [ 67.80855, 61.60445 ] } },
{ "type": "Feature", "properties": { "sensor": "NOAA-21", "description": "<b>Latitude: </b> 61.72831<br/> \n                    <b>Longitude: </b> 68.23442<br/> \n                    <b>Detection Time: </b> 2026-09-30 20:32 UTC<br/> \n                    <b>Sensor: </b> NOAA-21 VIIRS<br/>\n                    <b>Confidence: </b> Nominal<br/> \n                    <b>Day/Night: </b> Night<br/>\n                    <b>Scan: </b> 0.45 km<br/>\n                    <b>Track: </b> 0.63 km<br/>\n                    <b>FRP: </b> 0.73 MW<br/>\n                    <b>Brightness: </b> 303.29 K" }, "geometry": { "type": "Point", "coordinates": [ 68.23442, 61.72831 ] } },
{ "type": "Feature", "properties": { "sensor": "NOAA-21", "description": "<b>Latitude: </b> 61.73484<br/> \n                    <b>Longitude: </b> 66.4483<br/> \n                    <b>Detection Time: </b> 2026-09-30 20:32 UTC<br/> \n                    <b>Sensor: </b> NOAA-21 VIIRS<br/>\n                    <b>Confidence: </b> Nominal<br/> \n                    <b>Day/Night: </b> Night<br/>\n                    <b>Scan: </b> 0.52 km<br/>\n                    <b>Track: </b> 0.66 km<br/>\n                    <b>FRP: </b> 1.36 MW<br/>\n                    <b>Brightness: </b> 300.99 K" }, "geometry": { "type": "Point", "coordinates": [ 66.4483, 61.73484 ] } },
{ "type": "Feature", "properties": { "sensor": "NOAA-21", "description": "<b>Latitude: </b> 61.748<br/> \n                    <b>Longitude: </b> 66.95232<br/> \n                    <b>Detection Time: </b> 2026-09-30 20:32 UTC<br/> \n                    <b>Sensor: </b> NOAA-21 VIIRS<br/>\n                    <b>Confidence: </b> Nominal<br/> \n                    <b>Day/Night: </b> Night<br/>\n                    <b>Scan: </b> 0.5 km<br/>\n                    <b>Track: </b> 0.65 km<br/>\n                    <b>FRP: </b> 3.82 MW<br/>\n                    <b>Brightness: </b> 328.56 K" }, "geometry": { "type": "Point", "coordinates": [ 66.95232, 61.748 ] } },
{ "type": "Feature", "properties": { "sensor": "NOAA-21", "description": "<b>Latitude: </b> 61.75417<br/> \n                    <b>Longitude: </b> 66.96146<br/> \n                    <b>Detection Time: </b> 2026-09-30 20:32 UTC<br/> \n                    <b>Sensor: </b> NOAA-21 VIIRS<br/>\n                    <b>Confidence: </b> Nominal<br/> \n                    <b>Day/Night: </b> Night<br/>\n                    <b>Scan: </b> 0.5 km<br/>\n                    <b>Track: </b> 0.65 km<br/>\n                    <b>FRP: </b> 2.2 MW<br/>\n                    <b>Brightness: </b> 305.21 K" }, "geometry": { "type": "Point", "coordinates": [ 66.96146, 61.75417 ] } },
{ "type": "Feature", "properties": { "sensor": "NOAA-21", "description": "<b>Latitude: </b> 61.75406<br/> \n                    <b>Longitude: </b> 66.95193<br/> \n                    <b>Detection Time: </b> 2026-09-30 20:32 UTC<br/> \n                    <b>Sensor: </b> NOAA-21 VIIRS<br/>\n                    <b>Confidence: </b> Nominal<br/> \n                    <b>Day/Night: </b> Night<br/>\n                    <b>Scan: </b> 0.5 km<br/>\n                    <b>Track: </b> 0.65 km<br/>\n                    <b>FRP: </b> 2.42 MW<br/>\n                    <b>Brightness: </b> 307.49 K" }, "geometry": { "type": "Point", "coordinates": [ 66.95193, 61.75406 ] } },
{ "type": "Feature", "properties": { "sensor": "NOAA-21", "description": "<b>Latitude: </b> 61.92094<br/> \n                    <b>Longitude: </b> 67.66777<br/> \n                    <b>Detection Time: </b> 2026-09-30 20:32 UTC<br/> \n                    <b>Sensor: </b> NOAA-21 VIIRS<br/>\n                    <b>Confidence: </b> Nominal<br/> \n                    <b>Day/Night: </b> Night<br/>\n                    <b>Scan: </b> 0.47 km<br/>\n                    <b>Track: </b> 0.64 km<br/>\n                    <b>FRP: </b> 0.85 MW<br/>\n                    <b>Brightness: </b> 299.58 K" }, "geometry": { "type": "Point", "coordinates": [ 67.66777, 61.92094 ] } },
{ "type": "Feature", "properties": { "sensor": "NOAA-21", "description": "<b>Latitude: </b> 61.94857<br/> \n                    <b>Longitude: </b> 68.4679<br/> \n                    <b>Detection Time: </b> 2026-09-30 20:32 UTC<br/> \n                    <b>Sensor: </b> NOAA-21 VIIRS<br/>\n                    <b>Confidence: </b> Nominal<br/> \n                    <b>Day/Night: </b> Night<br/>\n                    <b>Scan: </b> 0.44 km<br/>\n                    <b>Track: </b> 0.62 km<br/>\n                    <b>FRP: </b> 2.04 MW<br/>\n                    <b>Brightness: </b> 323.33 K" }, "geometry": { "type": "Point", "coordinates": [ 68.4679, 61.94857 ] } },
{ "type": "Feature", "properties": { "sensor": "NOAA-21", "description": "<b>Latitude: </b> 61.97759<br/> \n                    <b>Longitude: </b> 68.57021<br/> \n                    <b>Detection Time: </b> 2026-09-30 20:32 UTC<br/> \n                    <b>Sensor: </b> NOAA-21 VIIRS<br/>\n                    <b>Confidence: </b> Nominal<br/> \n                    <b>Day/Night: </b> Night<br/>\n                    <b>Scan: </b> 0.44 km<br/>\n                    <b>Track: </b> 0.62 km<br/>\n                    <b>FRP: </b> 4.57 MW<br/>\n                    <b>Brightness: </b> 328.48 K" }, "geometry": { "type": "Point", "coordinates": [ 68.57021, 61.97759 ] } },
{ "type": "Feature", "properties": { "sensor": "NOAA-21", "description": "<b>Latitude: </b> 61.98336<br/> \n                    <b>Longitude: </b> 68.57014<br/> \n                    <b>Detection Time: </b> 2026-09-30 20:32 UTC<br/> \n                    <b>Sensor: </b> NOAA-21 VIIRS<br/>\n                    <b>Confidence: </b> Nominal<br/> \n                    <b>Day/Night: </b> Night<br/>\n                    <b>Scan: </b> 0.44 km<br/>\n                    <b>Track: </b> 0.62 km<br/>\n                    <b>FRP: </b> 1.37 MW<br/>\n                    <b>Brightness: </b> 300.99 K" }, "geometry": { "type": "Point", "coordinates": [ 68.57014, 61.98336 ] } },
{ "type": "Feature", "properties": { "sensor": "NOAA-21", "description": "<b>Latitude: </b> 62.22568<br/> \n                    <b>Longitude: </b> 69.46973<br/> \n                    <b>Detection Time: </b> 2026-09-30 20:32 UTC<br/> \n                    <b>Sensor: </b> NOAA-21 VIIRS<br/>\n                    <b>Confidence: </b> Nominal<br/> \n                    <b>Day/Night: </b> Night<br/>\n                    <b>Scan: </b> 0.41 km<br/>\n                    <b>Track: </b> 0.61 km<br/>\n                    <b>FRP: </b> 0.63 MW<br/>\n                    <b>Brightness: </b> 297.39 K" }, "geometry": { "type": "Point", "coordinates": [ 69.46973, 62.22568 ] } },
{ "type": "Feature", "properties": { "sensor": "NOAA-21", "description": "<b>Latitude: </b> 62.3993<br/> \n                    <b>Longitude: </b> 68.52323<br/> \n                    <b>Detection Time: </b> 2026-09-30 20:32 UTC<br/> \n                    <b>Sensor: </b> NOAA-21 VIIRS<br/>\n                    <b>Confidence: </b> Nominal<br/> \n                    <b>Day/Night: </b> Night<br/>\n                    <b>Scan: </b> 0.44 km<br/>\n                    <b>Track: </b> 0.62 km<br/>\n                    <b>FRP: </b> 1.85 MW<br/>\n                    <b>Brightness: </b> 308.05 K" }, "geometry": { "type": "Point", "coordinates": [ 68.52323, 62.3993 ] } },
{ "type": "Feature", "properties": { "sensor": "NOAA-21", "description": "<b>Latitude: </b> 62.39928<br/> \n                    <b>Longitude: </b> 68.51458<br/> \n                    <b>Detection Time: </b> 2026-09-30 20:32 UTC<br/> \n                    <b>Sensor: </b> NOAA-21 VIIRS<br/>\n                    <b>Confidence: </b> Nominal<br/> \n                    <b>Day/Night: </b> Night<br/>\n                    <b>Scan: </b> 0.44 km<br/>\n                    <b>Track: </b> 0.62 km<br/>\n                    <b>FRP: </b> 1.76 MW<br/>\n                    <b>Brightness: </b> 296.73 K" }, "geometry": { "type": "Point", "coordinates": [ 68.51458, 62.39928 ] } },
{ "type": "Feature", "properties": { "sensor": "NOAA-21", "description": "<b>Latitude: </b> 62.39914<br/> \n                    <b>Longitude: </b> 68.52072<br/> \n                    <b>Detection Time: </b> 2026-09-30 20:32 UTC<br/> \n                    <b>Sensor: </b> NOAA-21 VIIRS<br/>\n                    <b>Confidence: </b> Nominal<br/> \n                    <b>Day/Night: </b> Night<br/>\n                    <b>Scan: </b> 0.44 km<br/>\n                    <b>Track: </b> 0.62 km<br/>\n                    <b>FRP: </b> 2.85 MW<br/>\n                    <b>Brightness: </b> 319.02 K" }, "geometry": { "type": "Point", "coordinates": [ 68.52072, 62.39914 ] } },
{ "type": "Feature", "properties": { "sensor": "NOAA-21", "description": "<b>Latitude: </b> 60.7166<br/> \n                    <b>Longitude: </b> 72.51289<br/> \n                    <b>Detection Time: </b> 2026-09-30 20:32 UTC<br/> \n                    <b>Sensor: </b> NOAA-21 VIIRS<br/>\n                    <b>Confidence: </b> Nominal<br/> \n                    <b>Day/Night: </b> Night<br/>\n                    <b>Scan: </b> 0.32 km<br/>\n                    <b>Track: </b> 0.54 km<br/>\n                    <b>FRP: </b> 4.5 MW<br/>\n                    <b>Brightness: </b> 297.73 K" }, "geometry": { "type": "Point", "coordinates": [ 72.51289, 60.7166 ] } },
{ "type": "Feature", "properties": { "sensor": "NOAA-21", "description": "<b>Latitude: </b> 60.71642<br/> \n                    <b>Longitude: </b> 72.51881<br/> \n                    <b>Detection Time: </b> 2026-09-30 20:32 UTC<br/> \n                    <b>Sensor: </b> NOAA-21 VIIRS<br/>\n                    <b>Confidence: </b> High<br/> \n                    <b>Day/Night: </b> Night<br/>\n                    <b>Scan: </b> 0.32 km<br/>\n                    <b>Track: </b> 0.54 km<br/>\n                    <b>FRP: </b> 6.51 MW<br/>\n                    <b>Brightness: </b> 367 K" }, "geometry": { "type": "Point", "coordinates": [ 72.51881, 60.71642 ] } },
{ "type": "Feature", "properties": { "sensor": "NOAA-21", "description": "<b>Latitude: </b> 60.77421<br/> \n                    <b>Longitude: </b> 72.44794<br/> \n                    <b>Detection Time: </b> 2026-09-30 20:32 UTC<br/> \n                    <b>Sensor: </b> NOAA-21 VIIRS<br/>\n                    <b>Confidence: </b> Nominal<br/> \n                    <b>Day/Night: </b> Night<br/>\n                    <b>Scan: </b> 0.32 km<br/>\n                    <b>Track: </b> 0.55 km<br/>\n                    <b>FRP: </b> 1.29 MW<br/>\n                    <b>Brightness: </b> 295.86 K" }, "geometry": { "type": "Point", "coordinates": [ 72.44794, 60.77421 ] } },
{ "type": "Feature", "properties": { "sensor": "NOAA-21", "description": "<b>Latitude: </b> 60.77439<br/> \n                    <b>Longitude: </b> 72.44202<br/> \n                    <b>Detection Time: </b> 2026-09-30 20:32 UTC<br/> \n                    <b>Sensor: </b> NOAA-21 VIIRS<br/>\n                    <b>Confidence: </b> Nominal<br/> \n                    <b>Day/Night: </b> Night<br/>\n                    <b>Scan: </b> 0.32 km<br/>\n                    <b>Track: </b> 0.55 km<br/>\n                    <b>FRP: </b> 1.29 MW<br/>\n                    <b>Brightness: </b> 321.89 K" }, "geometry": { "type": "Point", "coordinates": [ 72.44202, 60.77439 ] } },
{ "type": "Feature", "properties": { "sensor": "NOAA-21", "description": "<b>Latitude: </b> 60.83242<br/> \n                    <b>Longitude: </b> 70.43925<br/> \n                    <b>Detection Time: </b> 2026-09-30 20:32 UTC<br/> \n                    <b>Sensor: </b> NOAA-21 VIIRS<br/>\n                    <b>Confidence: </b> Nominal<br/> \n                    <b>Day/Night: </b> Night<br/>\n                    <b>Scan: </b> 0.38 km<br/>\n                    <b>Track: </b> 0.58 km<br/>\n                    <b>FRP: </b> 1.39 MW<br/>\n                    <b>Brightness: </b> 304.03 K" }, "geometry": { "type": "Point", "coordinates": [ 70.43925, 60.83242 ] } },
{ "type": "Feature", "properties": { "sensor": "NOAA-21", "description": "<b>Latitude: </b> 60.83875<br/> \n                    <b>Longitude: </b> 70.38351<br/> \n                    <b>Detection Time: </b> 2026-09-30 20:32 UTC<br/> \n                    <b>Sensor: </b> NOAA-21 VIIRS<br/>\n                    <b>Confidence: </b> Nominal<br/> \n                    <b>Day/Night: </b> Night<br/>\n                    <b>Scan: </b> 0.38 km<br/>\n                    <b>Track: </b> 0.59 km<br/>\n                    <b>FRP: </b> 2.02 MW<br/>\n                    <b>Brightness: </b> 319.12 K" }, "geometry": { "type": "Point", "coordinates": [ 70.38351, 60.83875 ] } },
{ "type": "Feature", "properties": { "sensor": "NOAA-21", "description": "<b>Latitude: </b> 60.84221<br/> \n                    <b>Longitude: </b> 70.7923<br/> \n                    <b>Detection Time: </b> 2026-09-30 20:32 UTC<br/> \n                    <b>Sensor: </b> NOAA-21 VIIRS<br/>\n                    <b>Confidence: </b> High<br/> \n                    <b>Day/Night: </b> Night<br/>\n                    <b>Scan: </b> 0.37 km<br/>\n                    <b>Track: </b> 0.58 km<br/>\n                    <b>FRP: </b> 17.45 MW<br/>\n                    <b>Brightness: </b> 367 K" }, "geometry": { "type": "Point", "coordinates": [ 70.7923, 60.84221 ] } },
{ "type": "Feature", "properties": { "sensor": "NOAA-21", "description": "<b>Latitude: </b> 60.74543<br/> \n                    <b>Longitude: </b> 70.82008<br/> \n                    <b>Detection Time: </b> 2026-09-30 20:32 UTC<br/> \n                    <b>Sensor: </b> NOAA-21 VIIRS<br/>\n                    <b>Confidence: </b> Nominal<br/> \n                    <b>Day/Night: </b> Night<br/>\n                    <b>Scan: </b> 0.36 km<br/>\n                    <b>Track: </b> 0.58 km<br/>\n                    <b>FRP: </b> 3.31 MW<br/>\n                    <b>Brightness: </b> 338.14 K" }, "geometry": { "type": "Point", "coordinates": [ 70.82008, 60.74543 ] } },
{ "type": "Feature", "properties": { "sensor": "NOAA-21", "description": "<b>Latitude: </b> 60.83415<br/> \n                    <b>Longitude: </b> 70.43783<br/> \n                    <b>Detection Time: </b> 2026-09-30 20:32 UTC<br/> \n                    <b>Sensor: </b> NOAA-21 VIIRS<br/>\n                    <b>Confidence: </b> Nominal<br/> \n                    <b>Day/Night: </b> Night<br/>\n                    <b>Scan: </b> 0.38 km<br/>\n                    <b>Track: </b> 0.58 km<br/>\n                    <b>FRP: </b> 0.94 MW<br/>\n                    <b>Brightness: </b> 312.56 K" }, "geometry": { "type": "Point", "coordinates": [ 70.43783, 60.83415 ] } },
{ "type": "Feature", "properties": { "sensor": "NOAA-21", "description": "<b>Latitude: </b> 60.84028<br/> \n                    <b>Longitude: </b> 70.38206<br/> \n                    <b>Detection Time: </b> 2026-09-30 20:32 UTC<br/> \n                    <b>Sensor: </b> NOAA-21 VIIRS<br/>\n                    <b>Confidence: </b> Nominal<br/> \n                    <b>Day/Night: </b> Night<br/>\n                    <b>Scan: </b> 0.38 km<br/>\n                    <b>Track: </b> 0.59 km<br/>\n                    <b>FRP: </b> 2.33 MW<br/>\n                    <b>Brightness: </b> 327.55 K" }, "geometry": { "type": "Point", "coordinates": [ 70.38206, 60.84028 ] } },
{ "type": "Feature", "properties": { "sensor": "NOAA-21", "description": "<b>Latitude: </b> 60.83986<br/> \n                    <b>Longitude: </b> 70.79084<br/> \n                    <b>Detection Time: </b> 2026-09-30 20:32 UTC<br/> \n                    <b>Sensor: </b> NOAA-21 VIIRS<br/>\n                    <b>Confidence: </b> High<br/> \n                    <b>Day/Night: </b> Night<br/>\n                    <b>Scan: </b> 0.37 km<br/>\n                    <b>Track: </b> 0.58 km<br/>\n                    <b>FRP: </b> 16.96 MW<br/>\n                    <b>Brightness: </b> 367 K" }, "geometry": { "type": "Point", "coordinates": [ 70.79084, 60.83986 ] } },
{ "type": "Feature", "properties": { "sensor": "NOAA-21", "description": "<b>Latitude: </b> 60.86282<br/> \n                    <b>Longitude: </b> 71.28085<br/> \n                    <b>Detection Time: </b> 2026-09-30 20:32 UTC<br/> \n                    <b>Sensor: </b> NOAA-21 VIIRS<br/>\n                    <b>Confidence: </b> High<br/> \n                    <b>Day/Night: </b> Night<br/>\n                    <b>Scan: </b> 0.35 km<br/>\n                    <b>Track: </b> 0.57 km<br/>\n                    <b>FRP: </b> 12.12 MW<br/>\n                    <b>Brightness: </b> 367 K" }, "geometry": { "type": "Point", "coordinates": [ 71.28085, 60.86282 ] } },
{ "type": "Feature", "properties": { "sensor": "NOAA-21", "description": "<b>Latitude: </b> 60.89325<br/> \n                    <b>Longitude: </b> 72.79574<br/> \n                    <b>Detection Time: </b> 2026-09-30 20:32 UTC<br/> \n                    <b>Sensor: </b> NOAA-21 VIIRS<br/>\n                    <b>Confidence: </b> Nominal<br/> \n                    <b>Day/Night: </b> Night<br/>\n                    <b>Scan: </b> 0.62 km<br/>\n                    <b>Track: </b> 0.54 km<br/>\n                    <b>FRP: </b> 1.32 MW<br/>\n                    <b>Brightness: </b> 296.66 K" }, "geometry": { "type": "Point", "coordinates": [ 72.79574, 60.89325 ] } },
{ "type": "Feature", "properties": { "sensor": "NOAA-21", "description": "<b>Latitude: </b> 60.89314<br/> \n                    <b>Longitude: </b> 72.79352<br/> \n                    <b>Detection Time: </b> 2026-09-30 20:32 UTC<br/> \n                    <b>Sensor: </b> NOAA-21 VIIRS<br/>\n                    <b>Confidence: </b> Nominal<br/> \n                    <b>Day/Night: </b> Night<br/>\n                    <b>Scan: </b> 0.62 km<br/>\n                    <b>Track: </b> 0.54 km<br/>\n                    <b>FRP: </b> 0.9 MW<br/>\n                    <b>Brightness: </b> 295.4 K" }, "geometry": { "type": "Point", "coordinates": [ 72.79352, 60.89314 ] } },
{ "type": "Feature", "properties": { "sensor": "NOAA-21", "description": "<b>Latitude: </b> 60.95925<br/> \n                    <b>Longitude: </b> 70.86315<br/> \n                    <b>Detection Time: </b> 2026-09-30 20:32 UTC<br/> \n                    <b>Sensor: </b> NOAA-21 VIIRS<br/>\n                    <b>Confidence: </b> Nominal<br/> \n                    <b>Day/Night: </b> Night<br/>\n                    <b>Scan: </b> 0.36 km<br/>\n                    <b>Track: </b> 0.58 km<br/>\n                    <b>FRP: </b> 2.06 MW<br/>\n                    <b>Brightness: </b> 321.15 K" }, "geometry": { "type": "Point", "coordinates": [ 70.86315, 60.95925 ] } },
{ "type": "Feature", "properties": { "sensor": "NOAA-21", "description": "<b>Latitude: </b> 60.95023<br/> \n                    <b>Longitude: </b> 72.40022<br/> \n                    <b>Detection Time: </b> 2026-09-30 20:32 UTC<br/> \n                    <b>Sensor: </b> NOAA-21 VIIRS<br/>\n                    <b>Confidence: </b> Nominal<br/> \n                    <b>Day/Night: </b> Night<br/>\n                    <b>Scan: </b> 0.32 km<br/>\n                    <b>Track: </b> 0.55 km<br/>\n                    <b>FRP: </b> 2.15 MW<br/>\n                    <b>Brightness: </b> 321.8 K" }, "geometry": { "type": "Point", "coordinates": [ 72.40022, 60.95023 ] } },
{ "type": "Feature", "properties": { "sensor": "NOAA-21", "description": "<b>Latitude: </b> 61.00618<br/> \n                    <b>Longitude: </b> 70.25153<br/> \n                    <b>Detection Time: </b> 2026-09-30 20:32 UTC<br/> \n                    <b>Sensor: </b> NOAA-21 VIIRS<br/>\n                    <b>Confidence: </b> Nominal<br/> \n                    <b>Day/Night: </b> Night<br/>\n                    <b>Scan: </b> 0.38 km<br/>\n                    <b>Track: </b> 0.59 km<br/>\n                    <b>FRP: </b> 1.09 MW<br/>\n                    <b>Brightness: </b> 305.76 K" }, "geometry": { "type": "Point", "coordinates": [ 70.25153, 61.00618 ] } },
{ "type": "Feature", "properties": { "sensor": "NOAA-21", "description": "<b>Latitude: </b> 61.01868<br/> \n                    <b>Longitude: </b> 72.61533<br/> \n                    <b>Detection Time: </b> 2026-09-30 20:32 UTC<br/> \n                    <b>Sensor: </b> NOAA-21 VIIRS<br/>\n                    <b>Confidence: </b> Nominal<br/> \n                    <b>Day/Night: </b> Night<br/>\n                    <b>Scan: </b> 0.63 km<br/>\n                    <b>Track: </b> 0.54 km<br/>\n                    <b>FRP: </b> 4.41 MW<br/>\n                    <b>Brightness: </b> 322.36 K" }, "geometry": { "type": "Point", "coordinates": [ 72.61533, 61.01868 ] } },
{ "type": "Feature", "properties": { "sensor": "NOAA-21", "description": "<b>Latitude: </b> 61.09509<br/> \n                    <b>Longitude: </b> 70.19003<br/> \n                    <b>Detection Time: </b> 2026-09-30 20:32 UTC<br/> \n                    <b>Sensor: </b> NOAA-21 VIIRS<br/>\n                    <b>Confidence: </b> Nominal<br/> \n                    <b>Day/Night: </b> Night<br/>\n                    <b>Scan: </b> 0.38 km<br/>\n                    <b>Track: </b> 0.59 km<br/>\n                    <b>FRP: </b> 0.81 MW<br/>\n                    <b>Brightness: </b> 305.55 K" }, "geometry": { "type": "Point", "coordinates": [ 70.19003, 61.09509 ] } },
{ "type": "Feature", "properties": { "sensor": "NOAA-21", "description": "<b>Latitude: </b> 61.10538<br/> \n                    <b>Longitude: </b> 70.24097<br/> \n                    <b>Detection Time: </b> 2026-09-30 20:32 UTC<br/> \n                    <b>Sensor: </b> NOAA-21 VIIRS<br/>\n                    <b>Confidence: </b> Nominal<br/> \n                    <b>Day/Night: </b> Night<br/>\n                    <b>Scan: </b> 0.38 km<br/>\n                    <b>Track: </b> 0.59 km<br/>\n                    <b>FRP: </b> 0.6 MW<br/>\n                    <b>Brightness: </b> 299.67 K" }, "geometry": { "type": "Point", "coordinates": [ 70.24097, 61.10538 ] } },
{ "type": "Feature", "properties": { "sensor": "NOAA-21", "description": "<b>Latitude: </b> 61.15695<br/> \n                    <b>Longitude: </b> 72.99325<br/> \n                    <b>Detection Time: </b> 2026-09-30 20:32 UTC<br/> \n                    <b>Sensor: </b> NOAA-21 VIIRS<br/>\n                    <b>Confidence: </b> Nominal<br/> \n                    <b>Day/Night: </b> Night<br/>\n                    <b>Scan: </b> 0.62 km<br/>\n                    <b>Track: </b> 0.54 km<br/>\n                    <b>FRP: </b> 1.07 MW<br/>\n                    <b>Brightness: </b> 295.31 K" }, "geometry": { "type": "Point", "coordinates": [ 72.99325, 61.15695 ] } },
{ "type": "Feature", "properties": { "sensor": "NOAA-21", "description": "<b>Latitude: </b> 61.2202<br/> \n                    <b>Longitude: </b> 65.04053<br/> \n                    <b>Detection Time: </b> 2026-09-30 20:32 UTC<br/> \n                    <b>Sensor: </b> NOAA-21 VIIRS<br/>\n                    <b>Confidence: </b> Nominal<br/> \n                    <b>Day/Night: </b> Night<br/>\n                    <b>Scan: </b> 0.58 km<br/>\n                    <b>Track: </b> 0.69 km<br/>\n                    <b>FRP: </b> 0.7 MW<br/>\n                    <b>Brightness: </b> 296.26 K" }, "geometry": { "type": "Point", "coordinates": [ 65.04053, 61.2202 ] } },
{ "type": "Feature", "properties": { "sensor": "NOAA-21", "description": "<b>Latitude: </b> 61.22072<br/> \n                    <b>Longitude: </b> 65.04067<br/> \n                    <b>Detection Time: </b> 2026-09-30 20:32 UTC<br/> \n                    <b>Sensor: </b> NOAA-21 VIIRS<br/>\n                    <b>Confidence: </b> Nominal<br/> \n                    <b>Day/Night: </b> Night<br/>\n                    <b>Scan: </b> 0.58 km<br/>\n                    <b>Track: </b> 0.69 km<br/>\n                    <b>FRP: </b> 1.23 MW<br/>\n                    <b>Brightness: </b> 297.77 K" }, "geometry": { "type": "Point", "coordinates": [ 65.04067, 61.22072 ] } },
{ "type": "Feature", "properties": { "sensor": "NOAA-21", "description": "<b>Latitude: </b> 61.28288<br/> \n                    <b>Longitude: </b> 72.97294<br/> \n                    <b>Detection Time: </b> 2026-09-30 20:32 UTC<br/> \n                    <b>Sensor: </b> NOAA-21 VIIRS<br/>\n                    <b>Confidence: </b> Nominal<br/> \n                    <b>Day/Night: </b> Night<br/>\n                    <b>Scan: </b> 0.62 km<br/>\n                    <b>Track: </b> 0.54 km<br/>\n                    <b>FRP: </b> 1.77 MW<br/>\n                    <b>Brightness: </b> 310.53 K" }, "geometry": { "type": "Point", "coordinates": [ 72.97294, 61.28288 ] } },
{ "type": "Feature", "properties": { "sensor": "NOAA-21", "description": "<b>Latitude: </b> 61.13811<br/> \n                    <b>Longitude: </b> 76.52399<br/> \n                    <b>Detection Time: </b> 2026-09-30 20:32 UTC<br/> \n                    <b>Sensor: </b> NOAA-21 VIIRS<br/>\n                    <b>Confidence: </b> Nominal<br/> \n                    <b>Day/Night: </b> Night<br/>\n                    <b>Scan: </b> 0.47 km<br/>\n                    <b>Track: </b> 0.48 km<br/>\n                    <b>FRP: </b> 1.26 MW<br/>\n                    <b>Brightness: </b> 297.07 K" }, "geometry": { "type": "Point", "coordinates": [ 76.52399, 61.13811 ] } },
{ "type": "Feature", "properties": { "sensor": "NOAA-21", "description": "<b>Latitude: </b> 61.2223<br/> \n                    <b>Longitude: </b> 76.81927<br/> \n                    <b>Detection Time: </b> 2026-09-30 20:32 UTC<br/> \n                    <b>Sensor: </b> NOAA-21 VIIRS<br/>\n                    <b>Confidence: </b> Nominal<br/> \n                    <b>Day/Night: </b> Night<br/>\n                    <b>Scan: </b> 0.46 km<br/>\n                    <b>Track: </b> 0.47 km<br/>\n                    <b>FRP: </b> 1.66 MW<br/>\n                    <b>Brightness: </b> 311.56 K" }, "geometry": { "type": "Point", "coordinates": [ 76.81927, 61.2223 ] } },
{ "type": "Feature", "properties": { "sensor": "NOAA-21", "description": "<b>Latitude: </b> 53.68853<br/> \n                    <b>Longitude: </b> 85.0082<br/> \n                    <b>Detection Time: </b> 2026-09-30 20:32 UTC<br/> \n                    <b>Sensor: </b> NOAA-21 VIIRS<br/>\n                    <b>Confidence: </b> Nominal<br/> \n                    <b>Day/Night: </b> Night<br/>\n                    <b>Scan: </b> 0.38 km<br/>\n                    <b>Track: </b> 0.36 km<br/>\n                    <b>FRP: </b> 0.97 MW<br/>\n                    <b>Brightness: </b> 300.35 K" }, "geometry": { "type": "Point", "coordinates": [ 85.0082, 53.68853 ] } },
{ "type": "Feature", "properties": { "sensor": "NOAA-21", "description": "<b>Latitude: </b> 54.65665<br/> \n                    <b>Longitude: </b> 83.30685<br/> \n                    <b>Detection Time: </b> 2026-09-30 20:32 UTC<br/> \n                    <b>Sensor: </b> NOAA-21 VIIRS<br/>\n                    <b>Confidence: </b> Nominal<br/> \n                    <b>Day/Night: </b> Night<br/>\n                    <b>Scan: </b> 0.4 km<br/>\n                    <b>Track: </b> 0.37 km<br/>\n                    <b>FRP: </b> 0.93 MW<br/>\n                    <b>Brightness: </b> 296.32 K" }, "geometry": { "type": "Point", "coordinates": [ 83.30685, 54.65665 ] } },
{ "type": "Feature", "properties": { "sensor": "NOAA-21", "description": "<b>Latitude: </b> 54.65736<br/> \n                    <b>Longitude: </b> 83.35197<br/> \n                    <b>Detection Time: </b> 2026-09-30 20:32 UTC<br/> \n                    <b>Sensor: </b> NOAA-21 VIIRS<br/>\n                    <b>Confidence: </b> Nominal<br/> \n                    <b>Day/Night: </b> Night<br/>\n                    <b>Scan: </b> 0.4 km<br/>\n                    <b>Track: </b> 0.37 km<br/>\n                    <b>FRP: </b> 1.01 MW<br/>\n                    <b>Brightness: </b> 302.95 K" }, "geometry": { "type": "Point", "coordinates": [ 83.35197, 54.65736 ] } },
{ "type": "Feature", "properties": { "sensor": "NOAA-21", "description": "<b>Latitude: </b> 54.26431<br/> \n                    <b>Longitude: </b> 86.18183<br/> \n                    <b>Detection Time: </b> 2026-09-30 20:32 UTC<br/> \n                    <b>Sensor: </b> NOAA-21 VIIRS<br/>\n                    <b>Confidence: </b> Nominal<br/> \n                    <b>Day/Night: </b> Night<br/>\n                    <b>Scan: </b> 0.39 km<br/>\n                    <b>Track: </b> 0.36 km<br/>\n                    <b>FRP: </b> 1.68 MW<br/>\n                    <b>Brightness: </b> 306.17 K" }, "geometry": { "type": "Point", "coordinates": [ 86.18183, 54.26431 ] } },
{ "type": "Feature", "properties": { "sensor": "NOAA-21", "description": "<b>Latitude: </b> 54.2717<br/> \n                    <b>Longitude: </b> 86.17923<br/> \n                    <b>Detection Time: </b> 2026-09-30 20:32 UTC<br/> \n                    <b>Sensor: </b> NOAA-21 VIIRS<br/>\n                    <b>Confidence: </b> Nominal<br/> \n                    <b>Day/Night: </b> Night<br/>\n                    <b>Scan: </b> 0.39 km<br/>\n                    <b>Track: </b> 0.36 km<br/>\n                    <b>FRP: </b> 1.25 MW<br/>\n                    <b>Brightness: </b> 299.86 K" }, "geometry": { "type": "Point", "coordinates": [ 86.17923, 54.2717 ] } },
{ "type": "Feature", "properties": { "sensor": "NOAA-21", "description": "<b>Latitude: </b> 54.28387<br/> \n                    <b>Longitude: </b> 86.14771<br/> \n                    <b>Detection Time: </b> 2026-09-30 20:32 UTC<br/> \n                    <b>Sensor: </b> NOAA-21 VIIRS<br/>\n                    <b>Confidence: </b> Nominal<br/> \n                    <b>Day/Night: </b> Night<br/>\n                    <b>Scan: </b> 0.39 km<br/>\n                    <b>Track: </b> 0.36 km<br/>\n                    <b>FRP: </b> 2.54 MW<br/>\n                    <b>Brightness: </b> 318.54 K" }, "geometry": { "type": "Point", "coordinates": [ 86.14771, 54.28387 ] } },
{ "type": "Feature", "properties": { "sensor": "NOAA-21", "description": "<b>Latitude: </b> 54.28709<br/> \n                    <b>Longitude: </b> 86.1493<br/> \n                    <b>Detection Time: </b> 2026-09-30 20:32 UTC<br/> \n                    <b>Sensor: </b> NOAA-21 VIIRS<br/>\n                    <b>Confidence: </b> Nominal<br/> \n                    <b>Day/Night: </b> Night<br/>\n                    <b>Scan: </b> 0.39 km<br/>\n                    <b>Track: </b> 0.36 km<br/>\n                    <b>FRP: </b> 1.54 MW<br/>\n                    <b>Brightness: </b> 302.01 K" }, "geometry": { "type": "Point", "coordinates": [ 86.1493, 54.28709 ] } },
{ "type": "Feature", "properties": { "sensor": "NOAA-21", "description": "<b>Latitude: </b> 54.29449<br/> \n                    <b>Longitude: </b> 86.14664<br/> \n                    <b>Detection Time: </b> 2026-09-30 20:32 UTC<br/> \n                    <b>Sensor: </b> NOAA-21 VIIRS<br/>\n                    <b>Confidence: </b> Nominal<br/> \n                    <b>Day/Night: </b> Night<br/>\n                    <b>Scan: </b> 0.39 km<br/>\n                    <b>Track: </b> 0.36 km<br/>\n                    <b>FRP: </b> 1.15 MW<br/>\n                    <b>Brightness: </b> 305.22 K" }, "geometry": { "type": "Point", "coordinates": [ 86.14664, 54.29449 ] } },
{ "type": "Feature", "properties": { "sensor": "NOAA-21", "description": "<b>Latitude: </b> 54.29771<br/> \n                    <b>Longitude: </b> 86.14817<br/> \n                    <b>Detection Time: </b> 2026-09-30 20:32 UTC<br/> \n                    <b>Sensor: </b> NOAA-21 VIIRS<br/>\n                    <b>Confidence: </b> Nominal<br/> \n                    <b>Day/Night: </b> Night<br/>\n                    <b>Scan: </b> 0.39 km<br/>\n                    <b>Track: </b> 0.36 km<br/>\n                    <b>FRP: </b> 1.15 MW<br/>\n                    <b>Brightness: </b> 307.43 K" }, "geometry": { "type": "Point", "coordinates": [ 86.14817, 54.29771 ] } },
{ "type": "Feature", "properties": { "sensor": "NOAA-21", "description": "<b>Latitude: </b> 54.30056<br/> \n                    <b>Longitude: </b> 86.13088<br/> \n                    <b>Detection Time: </b> 2026-09-30 20:32 UTC<br/> \n                    <b>Sensor: </b> NOAA-21 VIIRS<br/>\n                    <b>Confidence: </b> Nominal<br/> \n                    <b>Day/Night: </b> Night<br/>\n                    <b>Scan: </b> 0.39 km<br/>\n                    <b>Track: </b> 0.36 km<br/>\n                    <b>FRP: </b> 2.77 MW<br/>\n                    <b>Brightness: </b> 314.99 K" }, "geometry": { "type": "Point", "coordinates": [ 86.13088, 54.30056 ] } },
{ "type": "Feature", "properties": { "sensor": "NOAA-21", "description": "<b>Latitude: </b> 54.30188<br/> \n                    <b>Longitude: </b> 86.14397<br/> \n                    <b>Detection Time: </b> 2026-09-30 20:32 UTC<br/> \n                    <b>Sensor: </b> NOAA-21 VIIRS<br/>\n                    <b>Confidence: </b> Nominal<br/> \n                    <b>Day/Night: </b> Night<br/>\n                    <b>Scan: </b> 0.39 km<br/>\n                    <b>Track: </b> 0.36 km<br/>\n                    <b>FRP: </b> 1.48 MW<br/>\n                    <b>Brightness: </b> 298.15 K" }, "geometry": { "type": "Point", "coordinates": [ 86.14397, 54.30188 ] } },
{ "type": "Feature", "properties": { "sensor": "NOAA-21", "description": "<b>Latitude: </b> 54.30283<br/> \n                    <b>Longitude: </b> 86.13821<br/> \n                    <b>Detection Time: </b> 2026-09-30 20:32 UTC<br/> \n                    <b>Sensor: </b> NOAA-21 VIIRS<br/>\n                    <b>Confidence: </b> Nominal<br/> \n                    <b>Day/Night: </b> Night<br/>\n                    <b>Scan: </b> 0.39 km<br/>\n                    <b>Track: </b> 0.36 km<br/>\n                    <b>FRP: </b> 1.48 MW<br/>\n                    <b>Brightness: </b> 320.08 K" }, "geometry": { "type": "Point", "coordinates": [ 86.13821, 54.30283 ] } },
{ "type": "Feature", "properties": { "sensor": "NOAA-21", "description": "<b>Latitude: </b> 54.30296<br/> \n                    <b>Longitude: </b> 86.20049<br/> \n                    <b>Detection Time: </b> 2026-09-30 20:32 UTC<br/> \n                    <b>Sensor: </b> NOAA-21 VIIRS<br/>\n                    <b>Confidence: </b> Nominal<br/> \n                    <b>Day/Night: </b> Night<br/>\n                    <b>Scan: </b> 0.39 km<br/>\n                    <b>Track: </b> 0.36 km<br/>\n                    <b>FRP: </b> 1.76 MW<br/>\n                    <b>Brightness: </b> 312.87 K" }, "geometry": { "type": "Point", "coordinates": [ 86.20049, 54.30296 ] } },
{ "type": "Feature", "properties": { "sensor": "NOAA-21", "description": "<b>Latitude: </b> 54.15498<br/> \n                    <b>Longitude: </b> 87.13343<br/> \n                    <b>Detection Time: </b> 2026-09-30 20:32 UTC<br/> \n                    <b>Sensor: </b> NOAA-21 VIIRS<br/>\n                    <b>Confidence: </b> Nominal<br/> \n                    <b>Day/Night: </b> Night<br/>\n                    <b>Scan: </b> 0.39 km<br/>\n                    <b>Track: </b> 0.36 km<br/>\n                    <b>FRP: </b> 1.22 MW<br/>\n                    <b>Brightness: </b> 313.16 K" }, "geometry": { "type": "Point", "coordinates": [ 87.13343, 54.15498 ] } },
{ "type": "Feature", "properties": { "sensor": "NOAA-21", "description": "<b>Latitude: </b> 54.1757<br/> \n                    <b>Longitude: </b> 87.19011<br/> \n                    <b>Detection Time: </b> 2026-09-30 20:32 UTC<br/> \n                    <b>Sensor: </b> NOAA-21 VIIRS<br/>\n                    <b>Confidence: </b> Nominal<br/> \n                    <b>Day/Night: </b> Night<br/>\n                    <b>Scan: </b> 0.39 km<br/>\n                    <b>Track: </b> 0.36 km<br/>\n                    <b>FRP: </b> 1.25 MW<br/>\n                    <b>Brightness: </b> 311.53 K" }, "geometry": { "type": "Point", "coordinates": [ 87.19011, 54.1757 ] } },
{ "type": "Feature", "properties": { "sensor": "NOAA-21", "description": "<b>Latitude: </b> 54.41769<br/> \n                    <b>Longitude: </b> 86.78055<br/> \n                    <b>Detection Time: </b> 2026-09-30 20:32 UTC<br/> \n                    <b>Sensor: </b> NOAA-21 VIIRS<br/>\n                    <b>Confidence: </b> Nominal<br/> \n                    <b>Day/Night: </b> Night<br/>\n                    <b>Scan: </b> 0.39 km<br/>\n                    <b>Track: </b> 0.36 km<br/>\n                    <b>FRP: </b> 0.67 MW<br/>\n                    <b>Brightness: </b> 298.3 K" }, "geometry": { "type": "Point", "coordinates": [ 86.78055, 54.41769 ] } },
{ "type": "Feature", "properties": { "sensor": "NOAA-21", "description": "<b>Latitude: </b> 56.86634<br/> \n                    <b>Longitude: </b> 62.0599<br/> \n                    <b>Detection Time: </b> 2026-09-30 20:32 UTC<br/> \n                    <b>Sensor: </b> NOAA-21 VIIRS<br/>\n                    <b>Confidence: </b> Nominal<br/> \n                    <b>Day/Night: </b> Night<br/>\n                    <b>Scan: </b> 0.76 km<br/>\n                    <b>Track: </b> 0.77 km<br/>\n                    <b>FRP: </b> 5.44 MW<br/>\n                    <b>Brightness: </b> 297.9 K" }, "geometry": { "type": "Point", "coordinates": [ 62.0599, 56.86634 ] } },
{ "type": "Feature", "properties": { "sensor": "NOAA-21", "description": "<b>Latitude: </b> 56.86582<br/> \n                    <b>Longitude: </b> 62.04734<br/> \n                    <b>Detection Time: </b> 2026-09-30 20:32 UTC<br/> \n                    <b>Sensor: </b> NOAA-21 VIIRS<br/>\n                    <b>Confidence: </b> Nominal<br/> \n                    <b>Day/Night: </b> Night<br/>\n                    <b>Scan: </b> 0.76 km<br/>\n                    <b>Track: </b> 0.77 km<br/>\n                    <b>FRP: </b> 6.04 MW<br/>\n                    <b>Brightness: </b> 315.18 K" }, "geometry": { "type": "Point", "coordinates": [ 62.04734, 56.86582 ] } },
{ "type": "Feature", "properties": { "sensor": "NOAA-21", "description": "<b>Latitude: </b> 56.86895<br/> \n                    <b>Longitude: </b> 62.05375<br/> \n                    <b>Detection Time: </b> 2026-09-30 20:32 UTC<br/> \n                    <b>Sensor: </b> NOAA-21 VIIRS<br/>\n                    <b>Confidence: </b> Nominal<br/> \n                    <b>Day/Night: </b> Night<br/>\n                    <b>Scan: </b> 0.76 km<br/>\n                    <b>Track: </b> 0.77 km<br/>\n                    <b>FRP: </b> 8.25 MW<br/>\n                    <b>Brightness: </b> 315.81 K" }, "geometry": { "type": "Point", "coordinates": [ 62.05375, 56.86895 ] } },
{ "type": "Feature", "properties": { "sensor": "NOAA-21", "description": "<b>Latitude: </b> 57.26902<br/> \n                    <b>Longitude: </b> 79.39124<br/> \n                    <b>Detection Time: </b> 2026-09-30 20:32 UTC<br/> \n                    <b>Sensor: </b> NOAA-21 VIIRS<br/>\n                    <b>Confidence: </b> Nominal<br/> \n                    <b>Day/Night: </b> Night<br/>\n                    <b>Scan: </b> 0.52 km<br/>\n                    <b>Track: </b> 0.41 km<br/>\n                    <b>FRP: </b> 1.12 MW<br/>\n                    <b>Brightness: </b> 301.83 K" }, "geometry": { "type": "Point", "coordinates": [ 79.39124, 57.26902 ] } },
{ "type": "Feature", "properties": { "sensor": "NOAA-21", "description": "<b>Latitude: </b> 57.42563<br/> \n                    <b>Longitude: </b> 78.69959<br/> \n                    <b>Detection Time: </b> 2026-09-30 20:32 UTC<br/> \n                    <b>Sensor: </b> NOAA-21 VIIRS<br/>\n                    <b>Confidence: </b> Nominal<br/> \n                    <b>Day/Night: </b> Night<br/>\n                    <b>Scan: </b> 0.54 km<br/>\n                    <b>Track: </b> 0.42 km<br/>\n                    <b>FRP: </b> 9.96 MW<br/>\n                    <b>Brightness: </b> 314.99 K" }, "geometry": { "type": "Point", "coordinates": [ 78.69959, 57.42563 ] } },
{ "type": "Feature", "properties": { "sensor": "NOAA-21", "description": "<b>Latitude: </b> 57.42644<br/> \n                    <b>Longitude: </b> 78.69055<br/> \n                    <b>Detection Time: </b> 2026-09-30 20:32 UTC<br/> \n                    <b>Sensor: </b> NOAA-21 VIIRS<br/>\n                    <b>Confidence: </b> Nominal<br/> \n                    <b>Day/Night: </b> Night<br/>\n                    <b>Scan: </b> 0.54 km<br/>\n                    <b>Track: </b> 0.42 km<br/>\n                    <b>FRP: </b> 7.95 MW<br/>\n                    <b>Brightness: </b> 316.37 K" }, "geometry": { "type": "Point", "coordinates": [ 78.69055, 57.42644 ] } },
{ "type": "Feature", "properties": { "sensor": "NOAA-21", "description": "<b>Latitude: </b> 60.84236<br/> \n                    <b>Longitude: </b> 97.3515<br/> \n                    <b>Detection Time: </b> 2026-09-30 20:29 UTC<br/> \n                    <b>Sensor: </b> NOAA-21 VIIRS<br/>\n                    <b>Confidence: </b> Nominal<br/> \n                    <b>Day/Night: </b> Night<br/>\n                    <b>Scan: </b> 0.49 km<br/>\n                    <b>Track: </b> 0.4 km<br/>\n                    <b>FRP: </b> 1.49 MW<br/>\n                    <b>Brightness: </b> 297.84 K" }, "geometry": { "type": "Point", "coordinates": [ 97.3515, 60.84236 ] } },
{ "type": "Feature", "properties": { "sensor": "NOAA-21", "description": "<b>Latitude: </b> 60.7825<br/> \n                    <b>Longitude: </b> 97.07728<br/> \n                    <b>Detection Time: </b> 2026-09-30 20:29 UTC<br/> \n                    <b>Sensor: </b> NOAA-21 VIIRS<br/>\n                    <b>Confidence: </b> Nominal<br/> \n                    <b>Day/Night: </b> Night<br/>\n                    <b>Scan: </b> 0.49 km<br/>\n                    <b>Track: </b> 0.4 km<br/>\n                    <b>FRP: </b> 2.31 MW<br/>\n                    <b>Brightness: </b> 303.57 K" }, "geometry": { "type": "Point", "coordinates": [ 97.07728, 60.7825 ] } },
{ "type": "Feature", "properties": { "sensor": "NOAA-21", "description": "<b>Latitude: </b> 60.78065<br/> \n                    <b>Longitude: </b> 97.08549<br/> \n                    <b>Detection Time: </b> 2026-09-30 20:29 UTC<br/> \n                    <b>Sensor: </b> NOAA-21 VIIRS<br/>\n                    <b>Confidence: </b> Nominal<br/> \n                    <b>Day/Night: </b> Night<br/>\n                    <b>Scan: </b> 0.49 km<br/>\n                    <b>Track: </b> 0.4 km<br/>\n                    <b>FRP: </b> 1.78 MW<br/>\n                    <b>Brightness: </b> 299.24 K" }, "geometry": { "type": "Point", "coordinates": [ 97.08549, 60.78065 ] } },
{ "type": "Feature", "properties": { "sensor": "NOAA-21", "description": "<b>Latitude: </b> 60.77914<br/> \n                    <b>Longitude: </b> 97.07401<br/> \n                    <b>Detection Time: </b> 2026-09-30 20:29 UTC<br/> \n                    <b>Sensor: </b> NOAA-21 VIIRS<br/>\n                    <b>Confidence: </b> Nominal<br/> \n                    <b>Day/Night: </b> Night<br/>\n                    <b>Scan: </b> 0.49 km<br/>\n                    <b>Track: </b> 0.4 km<br/>\n                    <b>FRP: </b> 1.84 MW<br/>\n                    <b>Brightness: </b> 326.79 K" }, "geometry": { "type": "Point", "coordinates": [ 97.07401, 60.77914 ] } },
{ "type": "Feature", "properties": { "sensor": "NOAA-21", "description": "<b>Latitude: </b> 60.78102<br/> \n                    <b>Longitude: </b> 97.0657<br/> \n                    <b>Detection Time: </b> 2026-09-30 20:29 UTC<br/> \n                    <b>Sensor: </b> NOAA-21 VIIRS<br/>\n                    <b>Confidence: </b> Nominal<br/> \n                    <b>Day/Night: </b> Night<br/>\n                    <b>Scan: </b> 0.49 km<br/>\n                    <b>Track: </b> 0.4 km<br/>\n                    <b>FRP: </b> 1.84 MW<br/>\n                    <b>Brightness: </b> 300.66 K" }, "geometry": { "type": "Point", "coordinates": [ 97.0657, 60.78102 ] } },
{ "type": "Feature", "properties": { "sensor": "NOAA-21", "description": "<b>Latitude: </b> 61.53537<br/> \n                    <b>Longitude: </b> 113.17568<br/> \n                    <b>Detection Time: </b> 2026-09-30 20:29 UTC<br/> \n                    <b>Sensor: </b> NOAA-21 VIIRS<br/>\n                    <b>Confidence: </b> Nominal<br/> \n                    <b>Day/Night: </b> Night<br/>\n                    <b>Scan: </b> 0.41 km<br/>\n                    <b>Track: </b> 0.61 km<br/>\n                    <b>FRP: </b> 1.7 MW<br/>\n                    <b>Brightness: </b> 298.75 K" }, "geometry": { "type": "Point", "coordinates": [ 113.17568, 61.53537 ] } },
{ "type": "Feature", "properties": { "sensor": "NOAA-21", "description": "<b>Latitude: </b> 61.4079<br/> \n                    <b>Longitude: </b> 112.89088<br/> \n                    <b>Detection Time: </b> 2026-09-30 20:29 UTC<br/> \n                    <b>Sensor: </b> NOAA-21 VIIRS<br/>\n                    <b>Confidence: </b> Nominal<br/> \n                    <b>Day/Night: </b> Night<br/>\n                    <b>Scan: </b> 0.41 km<br/>\n                    <b>Track: </b> 0.61 km<br/>\n                    <b>FRP: </b> 2.79 MW<br/>\n                    <b>Brightness: </b> 312.44 K" }, "geometry": { "type": "Point", "coordinates": [ 112.89088, 61.4079 ] } },
{ "type": "Feature", "properties": { "sensor": "NOAA-21", "description": "<b>Latitude: </b> 61.40564<br/> \n                    <b>Longitude: </b> 112.89673<br/> \n                    <b>Detection Time: </b> 2026-09-30 20:29 UTC<br/> \n                    <b>Sensor: </b> NOAA-21 VIIRS<br/>\n                    <b>Confidence: </b> Nominal<br/> \n                    <b>Day/Night: </b> Night<br/>\n                    <b>Scan: </b> 0.41 km<br/>\n                    <b>Track: </b> 0.61 km<br/>\n                    <b>FRP: </b> 2.79 MW<br/>\n                    <b>Brightness: </b> 305.64 K" }, "geometry": { "type": "Point", "coordinates": [ 112.89673, 61.40564 ] } },
{ "type": "Feature", "properties": { "sensor": "NOAA-21", "description": "<b>Latitude: </b> 61.40329<br/> \n                    <b>Longitude: </b> 112.90273<br/> \n                    <b>Detection Time: </b> 2026-09-30 20:29 UTC<br/> \n                    <b>Sensor: </b> NOAA-21 VIIRS<br/>\n                    <b>Confidence: </b> Nominal<br/> \n                    <b>Day/Night: </b> Night<br/>\n                    <b>Scan: </b> 0.41 km<br/>\n                    <b>Track: </b> 0.61 km<br/>\n                    <b>FRP: </b> 1.48 MW<br/>\n                    <b>Brightness: </b> 295.95 K" }, "geometry": { "type": "Point", "coordinates": [ 112.90273, 61.40329 ] } },
{ "type": "Feature", "properties": { "sensor": "NOAA-21", "description": "<b>Latitude: </b> 61.40351<br/> \n                    <b>Longitude: </b> 112.88361<br/> \n                    <b>Detection Time: </b> 2026-09-30 20:29 UTC<br/> \n                    <b>Sensor: </b> NOAA-21 VIIRS<br/>\n                    <b>Confidence: </b> Nominal<br/> \n                    <b>Day/Night: </b> Night<br/>\n                    <b>Scan: </b> 0.41 km<br/>\n                    <b>Track: </b> 0.61 km<br/>\n                    <b>FRP: </b> 2.79 MW<br/>\n                    <b>Brightness: </b> 339.71 K" }, "geometry": { "type": "Point", "coordinates": [ 112.88361, 61.40351 ] } },
{ "type": "Feature", "properties": { "sensor": "NOAA-21", "description": "<b>Latitude: </b> 60.491<br/> \n                    <b>Longitude: </b> 97.4108<br/> \n                    <b>Detection Time: </b> 2026-09-30 20:29 UTC<br/> \n                    <b>Sensor: </b> NOAA-21 VIIRS<br/>\n                    <b>Confidence: </b> Nominal<br/> \n                    <b>Day/Night: </b> Night<br/>\n                    <b>Scan: </b> 0.5 km<br/>\n                    <b>Track: </b> 0.41 km<br/>\n                    <b>FRP: </b> 2.75 MW<br/>\n                    <b>Brightness: </b> 314.49 K" }, "geometry": { "type": "Point", "coordinates": [ 97.4108, 60.491 ] } },
{ "type": "Feature", "properties": { "sensor": "NOAA-21", "description": "<b>Latitude: </b> 61.40117<br/> \n                    <b>Longitude: </b> 112.88963<br/> \n                    <b>Detection Time: </b> 2026-09-30 20:29 UTC<br/> \n                    <b>Sensor: </b> NOAA-21 VIIRS<br/>\n                    <b>Confidence: </b> Nominal<br/> \n                    <b>Day/Night: </b> Night<br/>\n                    <b>Scan: </b> 0.41 km<br/>\n                    <b>Track: </b> 0.61 km<br/>\n                    <b>FRP: </b> 2.79 MW<br/>\n                    <b>Brightness: </b> 308.5 K" }, "geometry": { "type": "Point", "coordinates": [ 112.88963, 61.40117 ] } },
{ "type": "Feature", "properties": { "sensor": "NOAA-21", "description": "<b>Latitude: </b> 61.39884<br/> \n                    <b>Longitude: </b> 112.89562<br/> \n                    <b>Detection Time: </b> 2026-09-30 20:29 UTC<br/> \n                    <b>Sensor: </b> NOAA-21 VIIRS<br/>\n                    <b>Confidence: </b> Nominal<br/> \n                    <b>Day/Night: </b> Night<br/>\n                    <b>Scan: </b> 0.41 km<br/>\n                    <b>Track: </b> 0.61 km<br/>\n                    <b>FRP: </b> 1.48 MW<br/>\n                    <b>Brightness: </b> 297.84 K" }, "geometry": { "type": "Point", "coordinates": [ 112.89562, 61.39884 ] } },
{ "type": "Feature", "properties": { "sensor": "NOAA-21", "description": "<b>Latitude: </b> 61.40869<br/> \n                    <b>Longitude: </b> 112.88882<br/> \n                    <b>Detection Time: </b> 2026-09-30 20:29 UTC<br/> \n                    <b>Sensor: </b> NOAA-21 VIIRS<br/>\n                    <b>Confidence: </b> Nominal<br/> \n                    <b>Day/Night: </b> Night<br/>\n                    <b>Scan: </b> 0.41 km<br/>\n                    <b>Track: </b> 0.61 km<br/>\n                    <b>FRP: </b> 2.12 MW<br/>\n                    <b>Brightness: </b> 302.27 K" }, "geometry": { "type": "Point", "coordinates": [ 112.88882, 61.40869 ] } },
{ "type": "Feature", "properties": { "sensor": "NOAA-21", "description": "<b>Latitude: </b> 61.40642<br/> \n                    <b>Longitude: </b> 112.89474<br/> \n                    <b>Detection Time: </b> 2026-09-30 20:29 UTC<br/> \n                    <b>Sensor: </b> NOAA-21 VIIRS<br/>\n                    <b>Confidence: </b> Nominal<br/> \n                    <b>Day/Night: </b> Night<br/>\n                    <b>Scan: </b> 0.41 km<br/>\n                    <b>Track: </b> 0.61 km<br/>\n                    <b>FRP: </b> 2.12 MW<br/>\n                    <b>Brightness: </b> 314.99 K" }, "geometry": { "type": "Point", "coordinates": [ 112.89474, 61.40642 ] } },
{ "type": "Feature", "properties": { "sensor": "NOAA-21", "description": "<b>Latitude: </b> 61.40413<br/> \n                    <b>Longitude: </b> 112.90071<br/> \n                    <b>Detection Time: </b> 2026-09-30 20:29 UTC<br/> \n                    <b>Sensor: </b> NOAA-21 VIIRS<br/>\n                    <b>Confidence: </b> Nominal<br/> \n                    <b>Day/Night: </b> Night<br/>\n                    <b>Scan: </b> 0.41 km<br/>\n                    <b>Track: </b> 0.61 km<br/>\n                    <b>FRP: </b> 1.94 MW<br/>\n                    <b>Brightness: </b> 300.13 K" }, "geometry": { "type": "Point", "coordinates": [ 112.90071, 61.40413 ] } },
{ "type": "Feature", "properties": { "sensor": "NOAA-21", "description": "<b>Latitude: </b> 61.40198<br/> \n                    <b>Longitude: </b> 112.8876<br/> \n                    <b>Detection Time: </b> 2026-09-30 20:29 UTC<br/> \n                    <b>Sensor: </b> NOAA-21 VIIRS<br/>\n                    <b>Confidence: </b> Nominal<br/> \n                    <b>Day/Night: </b> Night<br/>\n                    <b>Scan: </b> 0.41 km<br/>\n                    <b>Track: </b> 0.61 km<br/>\n                    <b>FRP: </b> 4.26 MW<br/>\n                    <b>Brightness: </b> 336.63 K" }, "geometry": { "type": "Point", "coordinates": [ 112.8876, 61.40198 ] } },
{ "type": "Feature", "properties": { "sensor": "NOAA-21", "description": "<b>Latitude: </b> 61.40432<br/> \n                    <b>Longitude: </b> 112.88149<br/> \n                    <b>Detection Time: </b> 2026-09-30 20:29 UTC<br/> \n                    <b>Sensor: </b> NOAA-21 VIIRS<br/>\n                    <b>Confidence: </b> Nominal<br/> \n                    <b>Day/Night: </b> Night<br/>\n                    <b>Scan: </b> 0.41 km<br/>\n                    <b>Track: </b> 0.61 km<br/>\n                    <b>FRP: </b> 4.26 MW<br/>\n                    <b>Brightness: </b> 318.34 K" }, "geometry": { "type": "Point", "coordinates": [ 112.88149, 61.40432 ] } },
{ "type": "Feature", "properties": { "sensor": "NOAA-21", "description": "<b>Latitude: </b> 61.39968<br/> \n                    <b>Longitude: </b> 112.89358<br/> \n                    <b>Detection Time: </b> 2026-09-30 20:29 UTC<br/> \n                    <b>Sensor: </b> NOAA-21 VIIRS<br/>\n                    <b>Confidence: </b> Nominal<br/> \n                    <b>Day/Night: </b> Night<br/>\n                    <b>Scan: </b> 0.41 km<br/>\n                    <b>Track: </b> 0.61 km<br/>\n                    <b>FRP: </b> 2.44 MW<br/>\n                    <b>Brightness: </b> 302.13 K" }, "geometry": { "type": "Point", "coordinates": [ 112.89358, 61.39968 ] } },
{ "type": "Feature", "properties": { "sensor": "NOAA-21", "description": "<b>Latitude: </b> 61.35473<br/> \n                    <b>Longitude: </b> 112.80495<br/> \n                    <b>Detection Time: </b> 2026-09-30 20:29 UTC<br/> \n                    <b>Sensor: </b> NOAA-21 VIIRS<br/>\n                    <b>Confidence: </b> Nominal<br/> \n                    <b>Day/Night: </b> Night<br/>\n                    <b>Scan: </b> 0.41 km<br/>\n                    <b>Track: </b> 0.61 km<br/>\n                    <b>FRP: </b> 1.94 MW<br/>\n                    <b>Brightness: </b> 296.53 K" }, "geometry": { "type": "Point", "coordinates": [ 112.80495, 61.35473 ] } },
{ "type": "Feature", "properties": { "sensor": "NOAA-21", "description": "<b>Latitude: </b> 61.35239<br/> \n                    <b>Longitude: </b> 112.81097<br/> \n                    <b>Detection Time: </b> 2026-09-30 20:29 UTC<br/> \n                    <b>Sensor: </b> NOAA-21 VIIRS<br/>\n                    <b>Confidence: </b> Nominal<br/> \n                    <b>Day/Night: </b> Night<br/>\n                    <b>Scan: </b> 0.41 km<br/>\n                    <b>Track: </b> 0.61 km<br/>\n                    <b>FRP: </b> 2.48 MW<br/>\n                    <b>Brightness: </b> 310.58 K" }, "geometry": { "type": "Point", "coordinates": [ 112.81097, 61.35239 ] } },
{ "type": "Feature", "properties": { "sensor": "NOAA-21", "description": "<b>Latitude: </b> 61.35005<br/> \n                    <b>Longitude: </b> 112.81704<br/> \n                    <b>Detection Time: </b> 2026-09-30 20:29 UTC<br/> \n                    <b>Sensor: </b> NOAA-21 VIIRS<br/>\n                    <b>Confidence: </b> Nominal<br/> \n                    <b>Day/Night: </b> Night<br/>\n                    <b>Scan: </b> 0.41 km<br/>\n                    <b>Track: </b> 0.61 km<br/>\n                    <b>FRP: </b> 2.48 MW<br/>\n                    <b>Brightness: </b> 314.58 K" }, "geometry": { "type": "Point", "coordinates": [ 112.81704, 61.35005 ] } },
{ "type": "Feature", "properties": { "sensor": "NOAA-21", "description": "<b>Latitude: </b> 61.34771<br/> \n                    <b>Longitude: </b> 112.8231<br/> \n                    <b>Detection Time: </b> 2026-09-30 20:29 UTC<br/> \n                    <b>Sensor: </b> NOAA-21 VIIRS<br/>\n                    <b>Confidence: </b> Nominal<br/> \n                    <b>Day/Night: </b> Night<br/>\n                    <b>Scan: </b> 0.41 km<br/>\n                    <b>Track: </b> 0.61 km<br/>\n                    <b>FRP: </b> 3 MW<br/>\n                    <b>Brightness: </b> 311.65 K" }, "geometry": { "type": "Point", "coordinates": [ 112.8231, 61.34771 ] } },
{ "type": "Feature", "properties": { "sensor": "NOAA-21", "description": "<b>Latitude: </b> 60.43243<br/> \n                    <b>Longitude: </b> 96.25053<br/> \n                    <b>Detection Time: </b> 2026-09-30 20:29 UTC<br/> \n                    <b>Sensor: </b> NOAA-21 VIIRS<br/>\n                    <b>Confidence: </b> Nominal<br/> \n                    <b>Day/Night: </b> Night<br/>\n                    <b>Scan: </b> 0.47 km<br/>\n                    <b>Track: </b> 0.4 km<br/>\n                    <b>FRP: </b> 1.12 MW<br/>\n                    <b>Brightness: </b> 309.12 K" }, "geometry": { "type": "Point", "coordinates": [ 96.25053, 60.43243 ] } },
{ "type": "Feature", "properties": { "sensor": "NOAA-21", "description": "<b>Latitude: </b> 60.4342<br/> \n                    <b>Longitude: </b> 96.24244<br/> \n                    <b>Detection Time: </b> 2026-09-30 20:29 UTC<br/> \n                    <b>Sensor: </b> NOAA-21 VIIRS<br/>\n                    <b>Confidence: </b> Nominal<br/> \n                    <b>Day/Night: </b> Night<br/>\n                    <b>Scan: </b> 0.47 km<br/>\n                    <b>Track: </b> 0.4 km<br/>\n                    <b>FRP: </b> 1.12 MW<br/>\n                    <b>Brightness: </b> 300.32 K" }, "geometry": { "type": "Point", "coordinates": [ 96.24244, 60.4342 ] } },
{ "type": "Feature", "properties": { "sensor": "NOAA-21", "description": "<b>Latitude: </b> 60.43763<br/> \n                    <b>Longitude: </b> 96.24516<br/> \n                    <b>Detection Time: </b> 2026-09-30 20:29 UTC<br/> \n                    <b>Sensor: </b> NOAA-21 VIIRS<br/>\n                    <b>Confidence: </b> Nominal<br/> \n                    <b>Day/Night: </b> Night<br/>\n                    <b>Scan: </b> 0.47 km<br/>\n                    <b>Track: </b> 0.4 km<br/>\n                    <b>FRP: </b> 2.31 MW<br/>\n                    <b>Brightness: </b> 316.34 K" }, "geometry": { "type": "Point", "coordinates": [ 96.24516, 60.43763 ] } },
{ "type": "Feature", "properties": { "sensor": "NOAA-21", "description": "<b>Latitude: </b> 60.43584<br/> \n                    <b>Longitude: </b> 96.25333<br/> \n                    <b>Detection Time: </b> 2026-09-30 20:29 UTC<br/> \n                    <b>Sensor: </b> NOAA-21 VIIRS<br/>\n                    <b>Confidence: </b> Nominal<br/> \n                    <b>Day/Night: </b> Night<br/>\n                    <b>Scan: </b> 0.47 km<br/>\n                    <b>Track: </b> 0.4 km<br/>\n                    <b>FRP: </b> 2.31 MW<br/>\n                    <b>Brightness: </b> 337.99 K" }, "geometry": { "type": "Point", "coordinates": [ 96.25333, 60.43584 ] } },
{ "type": "Feature", "properties": { "sensor": "NOAA-21", "description": "<b>Latitude: </b> 60.43921<br/> \n                    <b>Longitude: </b> 96.2563<br/> \n                    <b>Detection Time: </b> 2026-09-30 20:29 UTC<br/> \n                    <b>Sensor: </b> NOAA-21 VIIRS<br/>\n                    <b>Confidence: </b> Nominal<br/> \n                    <b>Day/Night: </b> Night<br/>\n                    <b>Scan: </b> 0.47 km<br/>\n                    <b>Track: </b> 0.4 km<br/>\n                    <b>FRP: </b> 2.31 MW<br/>\n                    <b>Brightness: </b> 304.69 K" }, "geometry": { "type": "Point", "coordinates": [ 96.2563, 60.43921 ] } },
{ "type": "Feature", "properties": { "sensor": "NOAA-21", "description": "<b>Latitude: </b> 60.44103<br/> \n                    <b>Longitude: </b> 96.24802<br/> \n                    <b>Detection Time: </b> 2026-09-30 20:29 UTC<br/> \n                    <b>Sensor: </b> NOAA-21 VIIRS<br/>\n                    <b>Confidence: </b> Nominal<br/> \n                    <b>Day/Night: </b> Night<br/>\n                    <b>Scan: </b> 0.47 km<br/>\n                    <b>Track: </b> 0.4 km<br/>\n                    <b>FRP: </b> 2.31 MW<br/>\n                    <b>Brightness: </b> 298.45 K" }, "geometry": { "type": "Point", "coordinates": [ 96.24802, 60.44103 ] } },
{ "type": "Feature", "properties": { "sensor": "NOAA-21", "description": "<b>Latitude: </b> 62.38944<br/> \n                    <b>Longitude: </b> 76.63381<br/> \n                    <b>Detection Time: </b> 2026-09-30 20:29 UTC<br/> \n                    <b>Sensor: </b> NOAA-21 VIIRS<br/>\n                    <b>Confidence: </b> Nominal<br/> \n                    <b>Day/Night: </b> Night<br/>\n                    <b>Scan: </b> 0.48 km<br/>\n                    <b>Track: </b> 0.48 km<br/>\n                    <b>FRP: </b> 3.67 MW<br/>\n                    <b>Brightness: </b> 324.35 K" }, "geometry": { "type": "Point", "coordinates": [ 76.63381, 62.38944 ] } },
{ "type": "Feature", "properties": { "sensor": "NOAA-21", "description": "<b>Latitude: </b> 62.53257<br/> \n                    <b>Longitude: </b> 73.89835<br/> \n                    <b>Detection Time: </b> 2026-09-30 20:29 UTC<br/> \n                    <b>Sensor: </b> NOAA-21 VIIRS<br/>\n                    <b>Confidence: </b> Nominal<br/> \n                    <b>Day/Night: </b> Night<br/>\n                    <b>Scan: </b> 0.59 km<br/>\n                    <b>Track: </b> 0.53 km<br/>\n                    <b>FRP: </b> 1.32 MW<br/>\n                    <b>Brightness: </b> 307.82 K" }, "geometry": { "type": "Point", "coordinates": [ 73.89835, 62.53257 ] } },
{ "type": "Feature", "properties": { "sensor": "NOAA-21", "description": "<b>Latitude: </b> 62.36637<br/> \n                    <b>Longitude: </b> 77.45618<br/> \n                    <b>Detection Time: </b> 2026-09-30 20:29 UTC<br/> \n                    <b>Sensor: </b> NOAA-21 VIIRS<br/>\n                    <b>Confidence: </b> Nominal<br/> \n                    <b>Day/Night: </b> Night<br/>\n                    <b>Scan: </b> 0.45 km<br/>\n                    <b>Track: </b> 0.47 km<br/>\n                    <b>FRP: </b> 0.63 MW<br/>\n                    <b>Brightness: </b> 301.34 K" }, "geometry": { "type": "Point", "coordinates": [ 77.45618, 62.36637 ] } },
{ "type": "Feature", "properties": { "sensor": "NOAA-21", "description": "<b>Latitude: </b> 62.53025<br/> \n                    <b>Longitude: </b> 73.89622<br/> \n                    <b>Detection Time: </b> 2026-09-30 20:29 UTC<br/> \n                    <b>Sensor: </b> NOAA-21 VIIRS<br/>\n                    <b>Confidence: </b> Nominal<br/> \n                    <b>Day/Night: </b> Night<br/>\n                    <b>Scan: </b> 0.59 km<br/>\n                    <b>Track: </b> 0.53 km<br/>\n                    <b>FRP: </b> 2.01 MW<br/>\n                    <b>Brightness: </b> 310.48 K" }, "geometry": { "type": "Point", "coordinates": [ 73.89622, 62.53025 ] } },
{ "type": "Feature", "properties": { "sensor": "NOAA-21", "description": "<b>Latitude: </b> 62.36763<br/> \n                    <b>Longitude: </b> 77.4569<br/> \n                    <b>Detection Time: </b> 2026-09-30 20:29 UTC<br/> \n                    <b>Sensor: </b> NOAA-21 VIIRS<br/>\n                    <b>Confidence: </b> Nominal<br/> \n                    <b>Day/Night: </b> Night<br/>\n                    <b>Scan: </b> 0.45 km<br/>\n                    <b>Track: </b> 0.47 km<br/>\n                    <b>FRP: </b> 1.19 MW<br/>\n                    <b>Brightness: </b> 299.34 K" }, "geometry": { "type": "Point", "coordinates": [ 77.4569, 62.36763 ] } },
{ "type": "Feature", "properties": { "sensor": "NOAA-21", "description": "<b>Latitude: </b> 62.33184<br/> \n                    <b>Longitude: </b> 78.16157<br/> \n                    <b>Detection Time: </b> 2026-09-30 20:29 UTC<br/> \n                    <b>Sensor: </b> NOAA-21 VIIRS<br/>\n                    <b>Confidence: </b> Nominal<br/> \n                    <b>Day/Night: </b> Night<br/>\n                    <b>Scan: </b> 0.43 km<br/>\n                    <b>Track: </b> 0.46 km<br/>\n                    <b>FRP: </b> 0.62 MW<br/>\n                    <b>Brightness: </b> 297.24 K" }, "geometry": { "type": "Point", "coordinates": [ 78.16157, 62.33184 ] } },
{ "type": "Feature", "properties": { "sensor": "NOAA-21", "description": "<b>Latitude: </b> 57.67844<br/> \n                    <b>Longitude: </b> 106.08552<br/> \n                    <b>Detection Time: </b> 2026-09-30 20:29 UTC<br/> \n                    <b>Sensor: </b> NOAA-21 VIIRS<br/>\n                    <b>Confidence: </b> Nominal<br/> \n                    <b>Day/Night: </b> Night<br/>\n                    <b>Scan: </b> 0.38 km<br/>\n                    <b>Track: </b> 0.59 km<br/>\n                    <b>FRP: </b> 3.38 MW<br/>\n                    <b>Brightness: </b> 307.77 K" }, "geometry": { "type": "Point", "coordinates": [ 106.08552, 57.67844 ] } },
{ "type": "Feature", "properties": { "sensor": "NOAA-21", "description": "<b>Latitude: </b> 57.68033<br/> \n                    <b>Longitude: </b> 106.07994<br/> \n                    <b>Detection Time: </b> 2026-09-30 20:29 UTC<br/> \n                    <b>Sensor: </b> NOAA-21 VIIRS<br/>\n                    <b>Confidence: </b> Nominal<br/> \n                    <b>Day/Night: </b> Night<br/>\n                    <b>Scan: </b> 0.38 km<br/>\n                    <b>Track: </b> 0.59 km<br/>\n                    <b>FRP: </b> 3.77 MW<br/>\n                    <b>Brightness: </b> 324.42 K" }, "geometry": { "type": "Point", "coordinates": [ 106.07994, 57.68033 ] } },
{ "type": "Feature", "properties": { "sensor": "NOAA-21", "description": "<b>Latitude: </b> 57.73857<br/> \n                    <b>Longitude: </b> 105.94563<br/> \n                    <b>Detection Time: </b> 2026-09-30 20:29 UTC<br/> \n                    <b>Sensor: </b> NOAA-21 VIIRS<br/>\n                    <b>Confidence: </b> Nominal<br/> \n                    <b>Day/Night: </b> Night<br/>\n                    <b>Scan: </b> 0.37 km<br/>\n                    <b>Track: </b> 0.58 km<br/>\n                    <b>FRP: </b> 1.98 MW<br/>\n                    <b>Brightness: </b> 325.07 K" }, "geometry": { "type": "Point", "coordinates": [ 105.94563, 57.73857 ] } },
{ "type": "Feature", "properties": { "sensor": "NOAA-21", "description": "<b>Latitude: </b> 57.72237<br/> \n                    <b>Longitude: </b> 106.03145<br/> \n                    <b>Detection Time: </b> 2026-09-30 20:29 UTC<br/> \n                    <b>Sensor: </b> NOAA-21 VIIRS<br/>\n                    <b>Confidence: </b> Nominal<br/> \n                    <b>Day/Night: </b> Night<br/>\n                    <b>Scan: </b> 0.38 km<br/>\n                    <b>Track: </b> 0.58 km<br/>\n                    <b>FRP: </b> 0.83 MW<br/>\n                    <b>Brightness: </b> 305.73 K" }, "geometry": { "type": "Point", "coordinates": [ 106.03145, 57.72237 ] } },
{ "type": "Feature", "properties": { "sensor": "NOAA-21", "description": "<b>Latitude: </b> 61.34139<br/> \n                    <b>Longitude: </b> 112.80221<br/> \n                    <b>Detection Time: </b> 2026-09-30 20:29 UTC<br/> \n                    <b>Sensor: </b> NOAA-21 VIIRS<br/>\n                    <b>Confidence: </b> Nominal<br/> \n                    <b>Day/Night: </b> Night<br/>\n                    <b>Scan: </b> 0.41 km<br/>\n                    <b>Track: </b> 0.61 km<br/>\n                    <b>FRP: </b> 6.21 MW<br/>\n                    <b>Brightness: </b> 312.42 K" }, "geometry": { "type": "Point", "coordinates": [ 112.80221, 61.34139 ] } },
{ "type": "Feature", "properties": { "sensor": "NOAA-21", "description": "<b>Latitude: </b> 60.42168<br/> \n                    <b>Longitude: </b> 96.51665<br/> \n                    <b>Detection Time: </b> 2026-09-30 20:29 UTC<br/> \n                    <b>Sensor: </b> NOAA-21 VIIRS<br/>\n                    <b>Confidence: </b> Nominal<br/> \n                    <b>Day/Night: </b> Night<br/>\n                    <b>Scan: </b> 0.48 km<br/>\n                    <b>Track: </b> 0.4 km<br/>\n                    <b>FRP: </b> 2.46 MW<br/>\n                    <b>Brightness: </b> 305.76 K" }, "geometry": { "type": "Point", "coordinates": [ 96.51665, 60.42168 ] } },
{ "type": "Feature", "properties": { "sensor": "NOAA-21", "description": "<b>Latitude: </b> 60.42347<br/> \n                    <b>Longitude: </b> 96.50868<br/> \n                    <b>Detection Time: </b> 2026-09-30 20:29 UTC<br/> \n                    <b>Sensor: </b> NOAA-21 VIIRS<br/>\n                    <b>Confidence: </b> Nominal<br/> \n                    <b>Day/Night: </b> Night<br/>\n                    <b>Scan: </b> 0.48 km<br/>\n                    <b>Track: </b> 0.4 km<br/>\n                    <b>FRP: </b> 2.46 MW<br/>\n                    <b>Brightness: </b> 313.47 K" }, "geometry": { "type": "Point", "coordinates": [ 96.50868, 60.42347 ] } },
{ "type": "Feature", "properties": { "sensor": "NOAA-21", "description": "<b>Latitude: </b> 60.42506<br/> \n                    <b>Longitude: </b> 96.51975<br/> \n                    <b>Detection Time: </b> 2026-09-30 20:29 UTC<br/> \n                    <b>Sensor: </b> NOAA-21 VIIRS<br/>\n                    <b>Confidence: </b> Nominal<br/> \n                    <b>Day/Night: </b> Night<br/>\n                    <b>Scan: </b> 0.48 km<br/>\n                    <b>Track: </b> 0.4 km<br/>\n                    <b>FRP: </b> 2.46 MW<br/>\n                    <b>Brightness: </b> 311.89 K" }, "geometry": { "type": "Point", "coordinates": [ 96.51975, 60.42506 ] } },
{ "type": "Feature", "properties": { "sensor": "NOAA-21", "description": "<b>Latitude: </b> 60.42865<br/> \n                    <b>Longitude: </b> 96.50372<br/> \n                    <b>Detection Time: </b> 2026-09-30 20:29 UTC<br/> \n                    <b>Sensor: </b> NOAA-21 VIIRS<br/>\n                    <b>Confidence: </b> Nominal<br/> \n                    <b>Day/Night: </b> Night<br/>\n                    <b>Scan: </b> 0.48 km<br/>\n                    <b>Track: </b> 0.4 km<br/>\n                    <b>FRP: </b> 3.02 MW<br/>\n                    <b>Brightness: </b> 315.15 K" }, "geometry": { "type": "Point", "coordinates": [ 96.50372, 60.42865 ] } },
{ "type": "Feature", "properties": { "sensor": "NOAA-21", "description": "<b>Latitude: </b> 60.42687<br/> \n                    <b>Longitude: </b> 96.51169<br/> \n                    <b>Detection Time: </b> 2026-09-30 20:29 UTC<br/> \n                    <b>Sensor: </b> NOAA-21 VIIRS<br/>\n                    <b>Confidence: </b> Nominal<br/> \n                    <b>Day/Night: </b> Night<br/>\n                    <b>Scan: </b> 0.48 km<br/>\n                    <b>Track: </b> 0.4 km<br/>\n                    <b>FRP: </b> 2.46 MW<br/>\n                    <b>Brightness: </b> 344.52 K" }, "geometry": { "type": "Point", "coordinates": [ 96.51169, 60.42687 ] } },
{ "type": "Feature", "properties": { "sensor": "NOAA-21", "description": "<b>Latitude: </b> 60.42843<br/> \n                    <b>Longitude: </b> 96.52288<br/> \n                    <b>Detection Time: </b> 2026-09-30 20:29 UTC<br/> \n                    <b>Sensor: </b> NOAA-21 VIIRS<br/>\n                    <b>Confidence: </b> Nominal<br/> \n                    <b>Day/Night: </b> Night<br/>\n                    <b>Scan: </b> 0.48 km<br/>\n                    <b>Track: </b> 0.4 km<br/>\n                    <b>FRP: </b> 1.14 MW<br/>\n                    <b>Brightness: </b> 296.94 K" }, "geometry": { "type": "Point", "coordinates": [ 96.52288, 60.42843 ] } },
{ "type": "Feature", "properties": { "sensor": "NOAA-21", "description": "<b>Latitude: </b> 60.43026<br/> \n                    <b>Longitude: </b> 96.51475<br/> \n                    <b>Detection Time: </b> 2026-09-30 20:29 UTC<br/> \n                    <b>Sensor: </b> NOAA-21 VIIRS<br/>\n                    <b>Confidence: </b> Nominal<br/> \n                    <b>Day/Night: </b> Night<br/>\n                    <b>Scan: </b> 0.48 km<br/>\n                    <b>Track: </b> 0.4 km<br/>\n                    <b>FRP: </b> 1.14 MW<br/>\n                    <b>Brightness: </b> 306.03 K" }, "geometry": { "type": "Point", "coordinates": [ 96.51475, 60.43026 ] } },
{ "type": "Feature", "properties": { "sensor": "NOAA-21", "description": "<b>Latitude: </b> 60.43203<br/> \n                    <b>Longitude: </b> 96.50678<br/> \n                    <b>Detection Time: </b> 2026-09-30 20:29 UTC<br/> \n                    <b>Sensor: </b> NOAA-21 VIIRS<br/>\n                    <b>Confidence: </b> Nominal<br/> \n                    <b>Day/Night: </b> Night<br/>\n                    <b>Scan: </b> 0.48 km<br/>\n                    <b>Track: </b> 0.4 km<br/>\n                    <b>FRP: </b> 0.82 MW<br/>\n                    <b>Brightness: </b> 299.91 K" }, "geometry": { "type": "Point", "coordinates": [ 96.50678, 60.43203 ] } },
{ "type": "Feature", "properties": { "sensor": "NOAA-21", "description": "<b>Latitude: </b> 63.24216<br/> \n                    <b>Longitude: </b> 72.83337<br/> \n                    <b>Detection Time: </b> 2026-09-30 20:29 UTC<br/> \n                    <b>Sensor: </b> NOAA-21 VIIRS<br/>\n                    <b>Confidence: </b> Nominal<br/> \n                    <b>Day/Night: </b> Night<br/>\n                    <b>Scan: </b> 0.32 km<br/>\n                    <b>Track: </b> 0.55 km<br/>\n                    <b>FRP: </b> 0.83 MW<br/>\n                    <b>Brightness: </b> 305.52 K" }, "geometry": { "type": "Point", "coordinates": [ 72.83337, 63.24216 ] } },
{ "type": "Feature", "properties": { "sensor": "NOAA-21", "description": "<b>Latitude: </b> 57.87154<br/> \n                    <b>Longitude: </b> 105.88661<br/> \n                    <b>Detection Time: </b> 2026-09-30 20:29 UTC<br/> \n                    <b>Sensor: </b> NOAA-21 VIIRS<br/>\n                    <b>Confidence: </b> High<br/> \n                    <b>Day/Night: </b> Night<br/>\n                    <b>Scan: </b> 0.37 km<br/>\n                    <b>Track: </b> 0.58 km<br/>\n                    <b>FRP: </b> 10.72 MW<br/>\n                    <b>Brightness: </b> 367 K" }, "geometry": { "type": "Point", "coordinates": [ 105.88661, 57.87154 ] } },
{ "type": "Feature", "properties": { "sensor": "NOAA-21", "description": "<b>Latitude: </b> 57.87336<br/> \n                    <b>Longitude: </b> 105.8812<br/> \n                    <b>Detection Time: </b> 2026-09-30 20:29 UTC<br/> \n                    <b>Sensor: </b> NOAA-21 VIIRS<br/>\n                    <b>Confidence: </b> High<br/> \n                    <b>Day/Night: </b> Night<br/>\n                    <b>Scan: </b> 0.37 km<br/>\n                    <b>Track: </b> 0.58 km<br/>\n                    <b>FRP: </b> 9.38 MW<br/>\n                    <b>Brightness: </b> 367 K" }, "geometry": { "type": "Point", "coordinates": [ 105.8812, 57.87336 ] } },
{ "type": "Feature", "properties": { "sensor": "NOAA-21", "description": "<b>Latitude: </b> 57.87783<br/> \n                    <b>Longitude: </b> 105.88672<br/> \n                    <b>Detection Time: </b> 2026-09-30 20:29 UTC<br/> \n                    <b>Sensor: </b> NOAA-21 VIIRS<br/>\n                    <b>Confidence: </b> Nominal<br/> \n                    <b>Day/Night: </b> Night<br/>\n                    <b>Scan: </b> 0.37 km<br/>\n                    <b>Track: </b> 0.58 km<br/>\n                    <b>FRP: </b> 9.38 MW<br/>\n                    <b>Brightness: </b> 309.57 K" }, "geometry": { "type": "Point", "coordinates": [ 105.88672, 57.87783 ] } },
{ "type": "Feature", "properties": { "sensor": "NOAA-21", "description": "<b>Latitude: </b> 57.87593<br/> \n                    <b>Longitude: </b> 105.89238<br/> \n                    <b>Detection Time: </b> 2026-09-30 20:29 UTC<br/> \n                    <b>Sensor: </b> NOAA-21 VIIRS<br/>\n                    <b>Confidence: </b> High<br/> \n                    <b>Day/Night: </b> Night<br/>\n                    <b>Scan: </b> 0.37 km<br/>\n                    <b>Track: </b> 0.58 km<br/>\n                    <b>FRP: </b> 10.72 MW<br/>\n                    <b>Brightness: </b> 367 K" }, "geometry": { "type": "Point", "coordinates": [ 105.89238, 57.87593 ] } },
{ "type": "Feature", "properties": { "sensor": "NOAA-21", "description": "<b>Latitude: </b> 58.85793<br/> \n                    <b>Longitude: </b> 102.91704<br/> \n                    <b>Detection Time: </b> 2026-09-30 20:29 UTC<br/> \n                    <b>Sensor: </b> NOAA-21 VIIRS<br/>\n                    <b>Confidence: </b> Nominal<br/> \n                    <b>Day/Night: </b> Night<br/>\n                    <b>Scan: </b> 0.54 km<br/>\n                    <b>Track: </b> 0.51 km<br/>\n                    <b>FRP: </b> 2.12 MW<br/>\n                    <b>Brightness: </b> 310.5 K" }, "geometry": { "type": "Point", "coordinates": [ 102.91704, 58.85793 ] } },
{ "type": "Feature", "properties": { "sensor": "NOAA-21", "description": "<b>Latitude: </b> 58.85584<br/> \n                    <b>Longitude: </b> 102.91955<br/> \n                    <b>Detection Time: </b> 2026-09-30 20:29 UTC<br/> \n                    <b>Sensor: </b> NOAA-21 VIIRS<br/>\n                    <b>Confidence: </b> Nominal<br/> \n                    <b>Day/Night: </b> Night<br/>\n                    <b>Scan: </b> 0.54 km<br/>\n                    <b>Track: </b> 0.51 km<br/>\n                    <b>FRP: </b> 3.37 MW<br/>\n                    <b>Brightness: </b> 305.79 K" }, "geometry": { "type": "Point", "coordinates": [ 102.91955, 58.85584 ] } },
{ "type": "Feature", "properties": { "sensor": "NOAA-21", "description": "<b>Latitude: </b> 63.12352<br/> \n                    <b>Longitude: </b> 77.85288<br/> \n                    <b>Detection Time: </b> 2026-09-30 20:29 UTC<br/> \n                    <b>Sensor: </b> NOAA-21 VIIRS<br/>\n                    <b>Confidence: </b> Nominal<br/> \n                    <b>Day/Night: </b> Night<br/>\n                    <b>Scan: </b> 0.45 km<br/>\n                    <b>Track: </b> 0.47 km<br/>\n                    <b>FRP: </b> 4.11 MW<br/>\n                    <b>Brightness: </b> 325.94 K" }, "geometry": { "type": "Point", "coordinates": [ 77.85288, 63.12352 ] } },
{ "type": "Feature", "properties": { "sensor": "NOAA-21", "description": "<b>Latitude: </b> 60.44377<br/> \n                    <b>Longitude: </b> 97.15734<br/> \n                    <b>Detection Time: </b> 2026-09-30 20:29 UTC<br/> \n                    <b>Sensor: </b> NOAA-21 VIIRS<br/>\n                    <b>Confidence: </b> Nominal<br/> \n                    <b>Day/Night: </b> Night<br/>\n                    <b>Scan: </b> 0.5 km<br/>\n                    <b>Track: </b> 0.41 km<br/>\n                    <b>FRP: </b> 1.79 MW<br/>\n                    <b>Brightness: </b> 298.17 K" }, "geometry": { "type": "Point", "coordinates": [ 97.15734, 60.44377 ] } },
{ "type": "Feature", "properties": { "sensor": "NOAA-21", "description": "<b>Latitude: </b> 60.44576<br/> \n                    <b>Longitude: </b> 97.14868<br/> \n                    <b>Detection Time: </b> 2026-09-30 20:29 UTC<br/> \n                    <b>Sensor: </b> NOAA-21 VIIRS<br/>\n                    <b>Confidence: </b> Nominal<br/> \n                    <b>Day/Night: </b> Night<br/>\n                    <b>Scan: </b> 0.5 km<br/>\n                    <b>Track: </b> 0.41 km<br/>\n                    <b>FRP: </b> 1.79 MW<br/>\n                    <b>Brightness: </b> 314.6 K" }, "geometry": { "type": "Point", "coordinates": [ 97.14868, 60.44576 ] } },
{ "type": "Feature", "properties": { "sensor": "NOAA-21", "description": "<b>Latitude: </b> 60.39878<br/> \n                    <b>Longitude: </b> 97.48064<br/> \n                    <b>Detection Time: </b> 2026-09-30 20:29 UTC<br/> \n                    <b>Sensor: </b> NOAA-21 VIIRS<br/>\n                    <b>Confidence: </b> Nominal<br/> \n                    <b>Day/Night: </b> Night<br/>\n                    <b>Scan: </b> 0.51 km<br/>\n                    <b>Track: </b> 0.41 km<br/>\n                    <b>FRP: </b> 8.51 MW<br/>\n                    <b>Brightness: </b> 333.19 K" }, "geometry": { "type": "Point", "coordinates": [ 97.48064, 60.39878 ] } },
{ "type": "Feature", "properties": { "sensor": "NOAA-21", "description": "<b>Latitude: </b> 60.44022<br/> \n                    <b>Longitude: </b> 97.55755<br/> \n                    <b>Detection Time: </b> 2026-09-30 20:29 UTC<br/> \n                    <b>Sensor: </b> NOAA-21 VIIRS<br/>\n                    <b>Confidence: </b> Nominal<br/> \n                    <b>Day/Night: </b> Night<br/>\n                    <b>Scan: </b> 0.51 km<br/>\n                    <b>Track: </b> 0.41 km<br/>\n                    <b>FRP: </b> 2.23 MW<br/>\n                    <b>Brightness: </b> 302.53 K" }, "geometry": { "type": "Point", "coordinates": [ 97.55755, 60.44022 ] } },
{ "type": "Feature", "properties": { "sensor": "NOAA-21", "description": "<b>Latitude: </b> 60.4422<br/> \n                    <b>Longitude: </b> 97.54903<br/> \n                    <b>Detection Time: </b> 2026-09-30 20:29 UTC<br/> \n                    <b>Sensor: </b> NOAA-21 VIIRS<br/>\n                    <b>Confidence: </b> Nominal<br/> \n                    <b>Day/Night: </b> Night<br/>\n                    <b>Scan: </b> 0.51 km<br/>\n                    <b>Track: </b> 0.41 km<br/>\n                    <b>FRP: </b> 4.17 MW<br/>\n                    <b>Brightness: </b> 328.65 K" }, "geometry": { "type": "Point", "coordinates": [ 97.54903, 60.4422 ] } },
{ "type": "Feature", "properties": { "sensor": "NOAA-21", "description": "<b>Latitude: </b> 60.43368<br/> \n                    <b>Longitude: </b> 97.676<br/> \n                    <b>Detection Time: </b> 2026-09-30 20:29 UTC<br/> \n                    <b>Sensor: </b> NOAA-21 VIIRS<br/>\n                    <b>Confidence: </b> Nominal<br/> \n                    <b>Day/Night: </b> Night<br/>\n                    <b>Scan: </b> 0.51 km<br/>\n                    <b>Track: </b> 0.41 km<br/>\n                    <b>FRP: </b> 1.85 MW<br/>\n                    <b>Brightness: </b> 307.81 K" }, "geometry": { "type": "Point", "coordinates": [ 97.676, 60.43368 ] } },
{ "type": "Feature", "properties": { "sensor": "NOAA-21", "description": "<b>Latitude: </b> 60.43707<br/> \n                    <b>Longitude: </b> 97.67956<br/> \n                    <b>Detection Time: </b> 2026-09-30 20:29 UTC<br/> \n                    <b>Sensor: </b> NOAA-21 VIIRS<br/>\n                    <b>Confidence: </b> Nominal<br/> \n                    <b>Day/Night: </b> Night<br/>\n                    <b>Scan: </b> 0.51 km<br/>\n                    <b>Track: </b> 0.41 km<br/>\n                    <b>FRP: </b> 1.85 MW<br/>\n                    <b>Brightness: </b> 306.45 K" }, "geometry": { "type": "Point", "coordinates": [ 97.67956, 60.43707 ] } },
{ "type": "Feature", "properties": { "sensor": "NOAA-21", "description": "<b>Latitude: </b> 60.43599<br/> \n                    <b>Longitude: </b> 97.7929<br/> \n                    <b>Detection Time: </b> 2026-09-30 20:29 UTC<br/> \n                    <b>Sensor: </b> NOAA-21 VIIRS<br/>\n                    <b>Confidence: </b> Nominal<br/> \n                    <b>Day/Night: </b> Night<br/>\n                    <b>Scan: </b> 0.52 km<br/>\n                    <b>Track: </b> 0.41 km<br/>\n                    <b>FRP: </b> 2.44 MW<br/>\n                    <b>Brightness: </b> 314.17 K" }, "geometry": { "type": "Point", "coordinates": [ 97.7929, 60.43599 ] } },
{ "type": "Feature", "properties": { "sensor": "NOAA-21", "description": "<b>Latitude: </b> 63.46595<br/> \n                    <b>Longitude: </b> 76.77296<br/> \n                    <b>Detection Time: </b> 2026-09-30 20:29 UTC<br/> \n                    <b>Sensor: </b> NOAA-21 VIIRS<br/>\n                    <b>Confidence: </b> Nominal<br/> \n                    <b>Day/Night: </b> Night<br/>\n                    <b>Scan: </b> 0.49 km<br/>\n                    <b>Track: </b> 0.48 km<br/>\n                    <b>FRP: </b> 0.87 MW<br/>\n                    <b>Brightness: </b> 297.28 K" }, "geometry": { "type": "Point", "coordinates": [ 76.77296, 63.46595 ] } },
{ "type": "Feature", "properties": { "sensor": "NOAA-21", "description": "<b>Latitude: </b> 63.46815<br/> \n                    <b>Longitude: </b> 76.77003<br/> \n                    <b>Detection Time: </b> 2026-09-30 20:29 UTC<br/> \n                    <b>Sensor: </b> NOAA-21 VIIRS<br/>\n                    <b>Confidence: </b> Nominal<br/> \n                    <b>Day/Night: </b> Night<br/>\n                    <b>Scan: </b> 0.49 km<br/>\n                    <b>Track: </b> 0.48 km<br/>\n                    <b>FRP: </b> 1.67 MW<br/>\n                    <b>Brightness: </b> 307.1 K" }, "geometry": { "type": "Point", "coordinates": [ 76.77003, 63.46815 ] } },
{ "type": "Feature", "properties": { "sensor": "NOAA-21", "description": "<b>Latitude: </b> 58.09169<br/> \n                    <b>Longitude: </b> 106.55853<br/> \n                    <b>Detection Time: </b> 2026-09-30 20:29 UTC<br/> \n                    <b>Sensor: </b> NOAA-21 VIIRS<br/>\n                    <b>Confidence: </b> High<br/> \n                    <b>Day/Night: </b> Night<br/>\n                    <b>Scan: </b> 0.38 km<br/>\n                    <b>Track: </b> 0.58 km<br/>\n                    <b>FRP: </b> 10.08 MW<br/>\n                    <b>Brightness: </b> 367 K" }, "geometry": { "type": "Point", "coordinates": [ 106.55853, 58.09169 ] } },
{ "type": "Feature", "properties": { "sensor": "NOAA-21", "description": "<b>Latitude: </b> 60.77396<br/> \n                    <b>Longitude: </b> 97.07877<br/> \n                    <b>Detection Time: </b> 2026-09-30 20:29 UTC<br/> \n                    <b>Sensor: </b> NOAA-21 VIIRS<br/>\n                    <b>Confidence: </b> Nominal<br/> \n                    <b>Day/Night: </b> Night<br/>\n                    <b>Scan: </b> 0.49 km<br/>\n                    <b>Track: </b> 0.4 km<br/>\n                    <b>FRP: </b> 2.16 MW<br/>\n                    <b>Brightness: </b> 306.29 K" }, "geometry": { "type": "Point", "coordinates": [ 97.07877, 60.77396 ] } },
{ "type": "Feature", "properties": { "sensor": "NOAA-21", "description": "<b>Latitude: </b> 60.77581<br/> \n                    <b>Longitude: </b> 97.07059<br/> \n                    <b>Detection Time: </b> 2026-09-30 20:29 UTC<br/> \n                    <b>Sensor: </b> NOAA-21 VIIRS<br/>\n                    <b>Confidence: </b> Nominal<br/> \n                    <b>Day/Night: </b> Night<br/>\n                    <b>Scan: </b> 0.49 km<br/>\n                    <b>Track: </b> 0.4 km<br/>\n                    <b>FRP: </b> 1.84 MW<br/>\n                    <b>Brightness: </b> 309.58 K" }, "geometry": { "type": "Point", "coordinates": [ 97.07059, 60.77581 ] } },
{ "type": "Feature", "properties": { "sensor": "NOAA-21", "description": "<b>Latitude: </b> 60.77766<br/> \n                    <b>Longitude: </b> 97.06242<br/> \n                    <b>Detection Time: </b> 2026-09-30 20:29 UTC<br/> \n                    <b>Sensor: </b> NOAA-21 VIIRS<br/>\n                    <b>Confidence: </b> Nominal<br/> \n                    <b>Day/Night: </b> Night<br/>\n                    <b>Scan: </b> 0.49 km<br/>\n                    <b>Track: </b> 0.4 km<br/>\n                    <b>FRP: </b> 1.84 MW<br/>\n                    <b>Brightness: </b> 299.37 K" }, "geometry": { "type": "Point", "coordinates": [ 97.06242, 60.77766 ] } },
{ "type": "Feature", "properties": { "sensor": "NOAA-21", "description": "<b>Latitude: </b> 58.09615<br/> \n                    <b>Longitude: </b> 106.56431<br/> \n                    <b>Detection Time: </b> 2026-09-30 20:29 UTC<br/> \n                    <b>Sensor: </b> NOAA-21 VIIRS<br/>\n                    <b>Confidence: </b> Nominal<br/> \n                    <b>Day/Night: </b> Night<br/>\n                    <b>Scan: </b> 0.38 km<br/>\n                    <b>Track: </b> 0.58 km<br/>\n                    <b>FRP: </b> 2.11 MW<br/>\n                    <b>Brightness: </b> 323.02 K" }, "geometry": { "type": "Point", "coordinates": [ 106.56431, 58.09615 ] } },
{ "type": "Feature", "properties": { "sensor": "NOAA-21", "description": "<b>Latitude: </b> 60.77729<br/> \n                    <b>Longitude: </b> 97.08218<br/> \n                    <b>Detection Time: </b> 2026-09-30 20:29 UTC<br/> \n                    <b>Sensor: </b> NOAA-21 VIIRS<br/>\n                    <b>Confidence: </b> Nominal<br/> \n                    <b>Day/Night: </b> Night<br/>\n                    <b>Scan: </b> 0.49 km<br/>\n                    <b>Track: </b> 0.4 km<br/>\n                    <b>FRP: </b> 2.16 MW<br/>\n                    <b>Brightness: </b> 309.75 K" }, "geometry": { "type": "Point", "coordinates": [ 97.08218, 60.77729 ] } },
{ "type": "Feature", "properties": { "sensor": "NOAA-21", "description": "<b>Latitude: </b> 61.34807<br/> \n                    <b>Longitude: </b> 112.80354<br/> \n                    <b>Detection Time: </b> 2026-09-30 20:29 UTC<br/> \n                    <b>Sensor: </b> NOAA-21 VIIRS<br/>\n                    <b>Confidence: </b> Nominal<br/> \n                    <b>Day/Night: </b> Night<br/>\n                    <b>Scan: </b> 0.41 km<br/>\n                    <b>Track: </b> 0.61 km<br/>\n                    <b>FRP: </b> 6.21 MW<br/>\n                    <b>Brightness: </b> 345.33 K" }, "geometry": { "type": "Point", "coordinates": [ 112.80354, 61.34807 ] } },
{ "type": "Feature", "properties": { "sensor": "NOAA-21", "description": "<b>Latitude: </b> 61.34572<br/> \n                    <b>Longitude: </b> 112.80964<br/> \n                    <b>Detection Time: </b> 2026-09-30 20:29 UTC<br/> \n                    <b>Sensor: </b> NOAA-21 VIIRS<br/>\n                    <b>Confidence: </b> High<br/> \n                    <b>Day/Night: </b> Night<br/>\n                    <b>Scan: </b> 0.41 km<br/>\n                    <b>Track: </b> 0.61 km<br/>\n                    <b>FRP: </b> 6.21 MW<br/>\n                    <b>Brightness: </b> 367 K" }, "geometry": { "type": "Point", "coordinates": [ 112.80964, 61.34572 ] } },
{ "type": "Feature", "properties": { "sensor": "NOAA-21", "description": "<b>Latitude: </b> 61.34337<br/> \n                    <b>Longitude: </b> 112.8157<br/> \n                    <b>Detection Time: </b> 2026-09-30 20:29 UTC<br/> \n                    <b>Sensor: </b> NOAA-21 VIIRS<br/>\n                    <b>Confidence: </b> Nominal<br/> \n                    <b>Day/Night: </b> Night<br/>\n                    <b>Scan: </b> 0.41 km<br/>\n                    <b>Track: </b> 0.61 km<br/>\n                    <b>FRP: </b> 4.11 MW<br/>\n                    <b>Brightness: </b> 353.53 K" }, "geometry": { "type": "Point", "coordinates": [ 112.8157, 61.34337 ] } },
{ "type": "Feature", "properties": { "sensor": "NOAA-21", "description": "<b>Latitude: </b> 61.35041<br/> \n                    <b>Longitude: </b> 112.79748<br/> \n                    <b>Detection Time: </b> 2026-09-30 20:29 UTC<br/> \n                    <b>Sensor: </b> NOAA-21 VIIRS<br/>\n                    <b>Confidence: </b> Nominal<br/> \n                    <b>Day/Night: </b> Night<br/>\n                    <b>Scan: </b> 0.41 km<br/>\n                    <b>Track: </b> 0.61 km<br/>\n                    <b>FRP: </b> 4.26 MW<br/>\n                    <b>Brightness: </b> 303.45 K" }, "geometry": { "type": "Point", "coordinates": [ 112.79748, 61.35041 ] } },
{ "type": "Feature", "properties": { "sensor": "NOAA-21", "description": "<b>Latitude: </b> 61.34109<br/> \n                    <b>Longitude: </b> 112.82159<br/> \n                    <b>Detection Time: </b> 2026-09-30 20:29 UTC<br/> \n                    <b>Sensor: </b> NOAA-21 VIIRS<br/>\n                    <b>Confidence: </b> Nominal<br/> \n                    <b>Day/Night: </b> Night<br/>\n                    <b>Scan: </b> 0.41 km<br/>\n                    <b>Track: </b> 0.61 km<br/>\n                    <b>FRP: </b> 4.11 MW<br/>\n                    <b>Brightness: </b> 304.64 K" }, "geometry": { "type": "Point", "coordinates": [ 112.82159, 61.34109 ] } },
{ "type": "Feature", "properties": { "sensor": "NOAA-21", "description": "<b>Latitude: </b> 61.34375<br/> \n                    <b>Longitude: </b> 112.7961<br/> \n                    <b>Detection Time: </b> 2026-09-30 20:29 UTC<br/> \n                    <b>Sensor: </b> NOAA-21 VIIRS<br/>\n                    <b>Confidence: </b> Nominal<br/> \n                    <b>Day/Night: </b> Night<br/>\n                    <b>Scan: </b> 0.41 km<br/>\n                    <b>Track: </b> 0.61 km<br/>\n                    <b>FRP: </b> 6.21 MW<br/>\n                    <b>Brightness: </b> 304.27 K" }, "geometry": { "type": "Point", "coordinates": [ 112.7961, 61.34375 ] } },
{ "type": "Feature", "properties": { "sensor": "NOAA-21", "description": "<b>Latitude: </b> 61.33902<br/> \n                    <b>Longitude: </b> 112.80833<br/> \n                    <b>Detection Time: </b> 2026-09-30 20:29 UTC<br/> \n                    <b>Sensor: </b> NOAA-21 VIIRS<br/>\n                    <b>Confidence: </b> Nominal<br/> \n                    <b>Day/Night: </b> Night<br/>\n                    <b>Scan: </b> 0.41 km<br/>\n                    <b>Track: </b> 0.61 km<br/>\n                    <b>FRP: </b> 4.11 MW<br/>\n                    <b>Brightness: </b> 319.44 K" }, "geometry": { "type": "Point", "coordinates": [ 112.80833, 61.33902 ] } },
{ "type": "Feature", "properties": { "sensor": "NOAA-21", "description": "<b>Latitude: </b> 61.33672<br/> \n                    <b>Longitude: </b> 112.81427<br/> \n                    <b>Detection Time: </b> 2026-09-30 20:29 UTC<br/> \n                    <b>Sensor: </b> NOAA-21 VIIRS<br/>\n                    <b>Confidence: </b> Nominal<br/> \n                    <b>Day/Night: </b> Night<br/>\n                    <b>Scan: </b> 0.41 km<br/>\n                    <b>Track: </b> 0.61 km<br/>\n                    <b>FRP: </b> 4.11 MW<br/>\n                    <b>Brightness: </b> 300.1 K" }, "geometry": { "type": "Point", "coordinates": [ 112.81427, 61.33672 ] } },
{ "type": "Feature", "properties": { "sensor": "NOAA-21", "description": "<b>Latitude: </b> 66.9544<br/> \n                    <b>Longitude: </b> 75.53149<br/> \n                    <b>Detection Time: </b> 2026-09-30 20:29 UTC<br/> \n                    <b>Sensor: </b> NOAA-21 VIIRS<br/>\n                    <b>Confidence: </b> Nominal<br/> \n                    <b>Day/Night: </b> Night<br/>\n                    <b>Scan: </b> 0.57 km<br/>\n                    <b>Track: </b> 0.52 km<br/>\n                    <b>FRP: </b> 4.56 MW<br/>\n                    <b>Brightness: </b> 326.77 K" }, "geometry": { "type": "Point", "coordinates": [ 75.53149, 66.9544 ] } },
{ "type": "Feature", "properties": { "sensor": "NOAA-21", "description": "<b>Latitude: </b> 66.18784<br/> \n                    <b>Longitude: </b> 77.68659<br/> \n                    <b>Detection Time: </b> 2026-09-30 20:29 UTC<br/> \n                    <b>Sensor: </b> NOAA-21 VIIRS<br/>\n                    <b>Confidence: </b> Nominal<br/> \n                    <b>Day/Night: </b> Night<br/>\n                    <b>Scan: </b> 0.49 km<br/>\n                    <b>Track: </b> 0.49 km<br/>\n                    <b>FRP: </b> 3.81 MW<br/>\n                    <b>Brightness: </b> 322.42 K" }, "geometry": { "type": "Point", "coordinates": [ 77.68659, 66.18784 ] } },
{ "type": "Feature", "properties": { "sensor": "NOAA-21", "description": "<b>Latitude: </b> 66.11188<br/> \n                    <b>Longitude: </b> 77.05676<br/> \n                    <b>Detection Time: </b> 2026-09-30 20:29 UTC<br/> \n                    <b>Sensor: </b> NOAA-21 VIIRS<br/>\n                    <b>Confidence: </b> Nominal<br/> \n                    <b>Day/Night: </b> Night<br/>\n                    <b>Scan: </b> 0.51 km<br/>\n                    <b>Track: </b> 0.49 km<br/>\n                    <b>FRP: </b> 8.55 MW<br/>\n                    <b>Brightness: </b> 336.66 K" }, "geometry": { "type": "Point", "coordinates": [ 77.05676, 66.11188 ] } },
{ "type": "Feature", "properties": { "sensor": "NOAA-21", "description": "<b>Latitude: </b> 65.85877<br/> \n                    <b>Longitude: </b> 76.95293<br/> \n                    <b>Detection Time: </b> 2026-09-30 20:29 UTC<br/> \n                    <b>Sensor: </b> NOAA-21 VIIRS<br/>\n                    <b>Confidence: </b> Nominal<br/> \n                    <b>Day/Night: </b> Night<br/>\n                    <b>Scan: </b> 0.51 km<br/>\n                    <b>Track: </b> 0.49 km<br/>\n                    <b>FRP: </b> 4.69 MW<br/>\n                    <b>Brightness: </b> 336.43 K" }, "geometry": { "type": "Point", "coordinates": [ 76.95293, 65.85877 ] } },
{ "type": "Feature", "properties": { "sensor": "NOAA-21", "description": "<b>Latitude: </b> 64.41805<br/> \n                    <b>Longitude: </b> 77.6996<br/> \n                    <b>Detection Time: </b> 2026-09-30 20:29 UTC<br/> \n                    <b>Sensor: </b> NOAA-21 VIIRS<br/>\n                    <b>Confidence: </b> Nominal<br/> \n                    <b>Day/Night: </b> Night<br/>\n                    <b>Scan: </b> 0.47 km<br/>\n                    <b>Track: </b> 0.48 km<br/>\n                    <b>FRP: </b> 1.45 MW<br/>\n                    <b>Brightness: </b> 311.24 K" }, "geometry": { "type": "Point", "coordinates": [ 77.6996, 64.41805 ] } },
{ "type": "Feature", "properties": { "sensor": "NOAA-21", "description": "<b>Latitude: </b> 62.35496<br/> \n                    <b>Longitude: </b> 113.70144<br/> \n                    <b>Detection Time: </b> 2026-09-30 20:27 UTC<br/> \n                    <b>Sensor: </b> NOAA-21 VIIRS<br/>\n                    <b>Confidence: </b> Nominal<br/> \n                    <b>Day/Night: </b> Night<br/>\n                    <b>Scan: </b> 0.39 km<br/>\n                    <b>Track: </b> 0.59 km<br/>\n                    <b>FRP: </b> 1.07 MW<br/>\n                    <b>Brightness: </b> 304.21 K" }, "geometry": { "type": "Point", "coordinates": [ 113.70144, 62.35496 ] } },
{ "type": "Feature", "properties": { "sensor": "NOAA-21", "description": "<b>Latitude: </b> 62.35073<br/> \n                    <b>Longitude: </b> 113.69394<br/> \n                    <b>Detection Time: </b> 2026-09-30 20:27 UTC<br/> \n                    <b>Sensor: </b> NOAA-21 VIIRS<br/>\n                    <b>Confidence: </b> Nominal<br/> \n                    <b>Day/Night: </b> Night<br/>\n                    <b>Scan: </b> 0.39 km<br/>\n                    <b>Track: </b> 0.59 km<br/>\n                    <b>FRP: </b> 1.05 MW<br/>\n                    <b>Brightness: </b> 304.56 K" }, "geometry": { "type": "Point", "coordinates": [ 113.69394, 62.35073 ] } },
{ "type": "Feature", "properties": { "sensor": "NOAA-21", "description": "<b>Latitude: </b> 62.34846<br/> \n                    <b>Longitude: </b> 113.69978<br/> \n                    <b>Detection Time: </b> 2026-09-30 20:27 UTC<br/> \n                    <b>Sensor: </b> NOAA-21 VIIRS<br/>\n                    <b>Confidence: </b> Nominal<br/> \n                    <b>Day/Night: </b> Night<br/>\n                    <b>Scan: </b> 0.39 km<br/>\n                    <b>Track: </b> 0.59 km<br/>\n                    <b>FRP: </b> 1.22 MW<br/>\n                    <b>Brightness: </b> 299.47 K" }, "geometry": { "type": "Point", "coordinates": [ 113.69978, 62.34846 ] } },
{ "type": "Feature", "properties": { "sensor": "NOAA-21", "description": "<b>Latitude: </b> 62.35428<br/> \n                    <b>Longitude: </b> 113.69586<br/> \n                    <b>Detection Time: </b> 2026-09-30 20:27 UTC<br/> \n                    <b>Sensor: </b> NOAA-21 VIIRS<br/>\n                    <b>Confidence: </b> Nominal<br/> \n                    <b>Day/Night: </b> Night<br/>\n                    <b>Scan: </b> 0.39 km<br/>\n                    <b>Track: </b> 0.59 km<br/>\n                    <b>FRP: </b> 2.9 MW<br/>\n                    <b>Brightness: </b> 310.71 K" }, "geometry": { "type": "Point", "coordinates": [ 113.69586, 62.35428 ] } },
{ "type": "Feature", "properties": { "sensor": "NOAA-21", "description": "<b>Latitude: </b> 62.35203<br/> \n                    <b>Longitude: </b> 113.70175<br/> \n                    <b>Detection Time: </b> 2026-09-30 20:27 UTC<br/> \n                    <b>Sensor: </b> NOAA-21 VIIRS<br/>\n                    <b>Confidence: </b> Nominal<br/> \n                    <b>Day/Night: </b> Night<br/>\n                    <b>Scan: </b> 0.39 km<br/>\n                    <b>Track: </b> 0.59 km<br/>\n                    <b>FRP: </b> 2.95 MW<br/>\n                    <b>Brightness: </b> 311.82 K" }, "geometry": { "type": "Point", "coordinates": [ 113.70175, 62.35203 ] } },
{ "type": "Feature", "properties": { "sensor": "NOAA-21", "description": "<b>Latitude: </b> 62.44123<br/> \n                    <b>Longitude: </b> 113.6618<br/> \n                    <b>Detection Time: </b> 2026-09-30 20:27 UTC<br/> \n                    <b>Sensor: </b> NOAA-21 VIIRS<br/>\n                    <b>Confidence: </b> Nominal<br/> \n                    <b>Day/Night: </b> Night<br/>\n                    <b>Scan: </b> 0.38 km<br/>\n                    <b>Track: </b> 0.59 km<br/>\n                    <b>FRP: </b> 1.1 MW<br/>\n                    <b>Brightness: </b> 296.42 K" }, "geometry": { "type": "Point", "coordinates": [ 113.6618, 62.44123 ] } },
{ "type": "Feature", "properties": { "sensor": "NOAA-21", "description": "<b>Latitude: </b> 62.3572<br/> \n                    <b>Longitude: </b> 113.69563<br/> \n                    <b>Detection Time: </b> 2026-09-30 20:27 UTC<br/> \n                    <b>Sensor: </b> NOAA-21 VIIRS<br/>\n                    <b>Confidence: </b> Nominal<br/> \n                    <b>Day/Night: </b> Night<br/>\n                    <b>Scan: </b> 0.39 km<br/>\n                    <b>Track: </b> 0.59 km<br/>\n                    <b>FRP: </b> 1.07 MW<br/>\n                    <b>Brightness: </b> 296.15 K" }, "geometry": { "type": "Point", "coordinates": [ 113.69563, 62.3572 ] } },
{ "type": "Feature", "properties": { "sensor": "NOAA-21", "description": "<b>Latitude: </b> 62.35294<br/> \n                    <b>Longitude: </b> 113.68823<br/> \n                    <b>Detection Time: </b> 2026-09-30 20:27 UTC<br/> \n                    <b>Sensor: </b> NOAA-21 VIIRS<br/>\n                    <b>Confidence: </b> Nominal<br/> \n                    <b>Day/Night: </b> Night<br/>\n                    <b>Scan: </b> 0.39 km<br/>\n                    <b>Track: </b> 0.59 km<br/>\n                    <b>FRP: </b> 1.05 MW<br/>\n                    <b>Brightness: </b> 298.07 K" }, "geometry": { "type": "Point", "coordinates": [ 113.68823, 62.35294 ] } },
{ "type": "Feature", "properties": { "sensor": "NOAA-21", "description": "<b>Latitude: </b> 58.85881<br/> \n                    <b>Longitude: </b> 102.92316<br/> \n                    <b>Detection Time: </b> 2026-09-30 18:49 UTC<br/> \n                    <b>Sensor: </b> NOAA-21 VIIRS<br/>\n                    <b>Confidence: </b> Nominal<br/> \n                    <b>Day/Night: </b> Night<br/>\n                    <b>Scan: </b> 0.41 km<br/>\n                    <b>Track: </b> 0.45 km<br/>\n                    <b>FRP: </b> 1.29 MW<br/>\n                    <b>Brightness: </b> 295.16 K" }, "geometry": { "type": "Point", "coordinates": [ 102.92316, 58.85881 ] } },
{ "type": "Feature", "properties": { "sensor": "NOAA-21", "description": "<b>Latitude: </b> 62.50003<br/> \n                    <b>Longitude: </b> 113.90121<br/> \n                    <b>Detection Time: </b> 2026-09-30 18:49 UTC<br/> \n                    <b>Sensor: </b> NOAA-21 VIIRS<br/>\n                    <b>Confidence: </b> Nominal<br/> \n                    <b>Day/Night: </b> Night<br/>\n                    <b>Scan: </b> 0.39 km<br/>\n                    <b>Track: </b> 0.36 km<br/>\n                    <b>FRP: </b> 1.41 MW<br/>\n                    <b>Brightness: </b> 303.76 K" }, "geometry": { "type": "Point", "coordinates": [ 113.90121, 62.50003 ] } },
{ "type": "Feature", "properties": { "sensor": "NOAA-21", "description": "<b>Latitude: </b> 62.44371<br/> \n                    <b>Longitude: </b> 113.66348<br/> \n                    <b>Detection Time: </b> 2026-09-30 18:49 UTC<br/> \n                    <b>Sensor: </b> NOAA-21 VIIRS<br/>\n                    <b>Confidence: </b> Nominal<br/> \n                    <b>Day/Night: </b> Night<br/>\n                    <b>Scan: </b> 0.39 km<br/>\n                    <b>Track: </b> 0.36 km<br/>\n                    <b>FRP: </b> 2.2 MW<br/>\n                    <b>Brightness: </b> 323.26 K" }, "geometry": { "type": "Point", "coordinates": [ 113.66348, 62.44371 ] } },
{ "type": "Feature", "properties": { "sensor": "NOAA-21", "description": "<b>Latitude: </b> 62.44477<br/> \n                    <b>Longitude: </b> 113.65608<br/> \n                    <b>Detection Time: </b> 2026-09-30 18:49 UTC<br/> \n                    <b>Sensor: </b> NOAA-21 VIIRS<br/>\n                    <b>Confidence: </b> Nominal<br/> \n                    <b>Day/Night: </b> Night<br/>\n                    <b>Scan: </b> 0.39 km<br/>\n                    <b>Track: </b> 0.36 km<br/>\n                    <b>FRP: </b> 2.07 MW<br/>\n                    <b>Brightness: </b> 316.02 K" }, "geometry": { "type": "Point", "coordinates": [ 113.65608, 62.44477 ] } },
{ "type": "Feature", "properties": { "sensor": "NOAA-21", "description": "<b>Latitude: </b> 62.4048<br/> \n                    <b>Longitude: </b> 113.58949<br/> \n                    <b>Detection Time: </b> 2026-09-30 18:49 UTC<br/> \n                    <b>Sensor: </b> NOAA-21 VIIRS<br/>\n                    <b>Confidence: </b> Nominal<br/> \n                    <b>Day/Night: </b> Night<br/>\n                    <b>Scan: </b> 0.39 km<br/>\n                    <b>Track: </b> 0.36 km<br/>\n                    <b>FRP: </b> 1.35 MW<br/>\n                    <b>Brightness: </b> 308.74 K" }, "geometry": { "type": "Point", "coordinates": [ 113.58949, 62.4048 ] } },
{ "type": "Feature", "properties": { "sensor": "NOAA-21", "description": "<b>Latitude: </b> 62.40157<br/> \n                    <b>Longitude: </b> 113.58734<br/> \n                    <b>Detection Time: </b> 2026-09-30 18:49 UTC<br/> \n                    <b>Sensor: </b> NOAA-21 VIIRS<br/>\n                    <b>Confidence: </b> Nominal<br/> \n                    <b>Day/Night: </b> Night<br/>\n                    <b>Scan: </b> 0.39 km<br/>\n                    <b>Track: </b> 0.36 km<br/>\n                    <b>FRP: </b> 1.35 MW<br/>\n                    <b>Brightness: </b> 308.22 K" }, "geometry": { "type": "Point", "coordinates": [ 113.58734, 62.40157 ] } },
{ "type": "Feature", "properties": { "sensor": "NOAA-21", "description": "<b>Latitude: </b> 62.39503<br/> \n                    <b>Longitude: </b> 113.49454<br/> \n                    <b>Detection Time: </b> 2026-09-30 18:49 UTC<br/> \n                    <b>Sensor: </b> NOAA-21 VIIRS<br/>\n                    <b>Confidence: </b> Nominal<br/> \n                    <b>Day/Night: </b> Night<br/>\n                    <b>Scan: </b> 0.39 km<br/>\n                    <b>Track: </b> 0.36 km<br/>\n                    <b>FRP: </b> 1.06 MW<br/>\n                    <b>Brightness: </b> 300.29 K" }, "geometry": { "type": "Point", "coordinates": [ 113.49454, 62.39503 ] } },
{ "type": "Feature", "properties": { "sensor": "NOAA-21", "description": "<b>Latitude: </b> 62.34972<br/> \n                    <b>Longitude: </b> 113.76198<br/> \n                    <b>Detection Time: </b> 2026-09-30 18:49 UTC<br/> \n                    <b>Sensor: </b> NOAA-21 VIIRS<br/>\n                    <b>Confidence: </b> Nominal<br/> \n                    <b>Day/Night: </b> Night<br/>\n                    <b>Scan: </b> 0.39 km<br/>\n                    <b>Track: </b> 0.36 km<br/>\n                    <b>FRP: </b> 2.18 MW<br/>\n                    <b>Brightness: </b> 316.24 K" }, "geometry": { "type": "Point", "coordinates": [ 113.76198, 62.34972 ] } },
{ "type": "Feature", "properties": { "sensor": "NOAA-21", "description": "<b>Latitude: </b> 62.35597<br/> \n                    <b>Longitude: </b> 113.69395<br/> \n                    <b>Detection Time: </b> 2026-09-30 18:49 UTC<br/> \n                    <b>Sensor: </b> NOAA-21 VIIRS<br/>\n                    <b>Confidence: </b> Nominal<br/> \n                    <b>Day/Night: </b> Night<br/>\n                    <b>Scan: </b> 0.39 km<br/>\n                    <b>Track: </b> 0.36 km<br/>\n                    <b>FRP: </b> 6.15 MW<br/>\n                    <b>Brightness: </b> 348.79 K" }, "geometry": { "type": "Point", "coordinates": [ 113.69395, 62.35597 ] } },
{ "type": "Feature", "properties": { "sensor": "NOAA-21", "description": "<b>Latitude: </b> 62.35703<br/> \n                    <b>Longitude: </b> 113.68661<br/> \n                    <b>Detection Time: </b> 2026-09-30 18:49 UTC<br/> \n                    <b>Sensor: </b> NOAA-21 VIIRS<br/>\n                    <b>Confidence: </b> Nominal<br/> \n                    <b>Day/Night: </b> Night<br/>\n                    <b>Scan: </b> 0.39 km<br/>\n                    <b>Track: </b> 0.36 km<br/>\n                    <b>FRP: </b> 0.8 MW<br/>\n                    <b>Brightness: </b> 295.11 K" }, "geometry": { "type": "Point", "coordinates": [ 113.68661, 62.35703 ] } },
{ "type": "Feature", "properties": { "sensor": "NOAA-21", "description": "<b>Latitude: </b> 62.35492<br/> \n                    <b>Longitude: </b> 113.70128<br/> \n                    <b>Detection Time: </b> 2026-09-30 18:49 UTC<br/> \n                    <b>Sensor: </b> NOAA-21 VIIRS<br/>\n                    <b>Confidence: </b> Nominal<br/> \n                    <b>Day/Night: </b> Night<br/>\n                    <b>Scan: </b> 0.39 km<br/>\n                    <b>Track: </b> 0.36 km<br/>\n                    <b>FRP: </b> 6.15 MW<br/>\n                    <b>Brightness: </b> 318.78 K" }, "geometry": { "type": "Point", "coordinates": [ 113.70128, 62.35492 ] } },
{ "type": "Feature", "properties": { "sensor": "NOAA-21", "description": "<b>Latitude: </b> 62.35276<br/> \n                    <b>Longitude: </b> 113.69181<br/> \n                    <b>Detection Time: </b> 2026-09-30 18:49 UTC<br/> \n                    <b>Sensor: </b> NOAA-21 VIIRS<br/>\n                    <b>Confidence: </b> Nominal<br/> \n                    <b>Day/Night: </b> Night<br/>\n                    <b>Scan: </b> 0.39 km<br/>\n                    <b>Track: </b> 0.36 km<br/>\n                    <b>FRP: </b> 6.15 MW<br/>\n                    <b>Brightness: </b> 347.04 K" }, "geometry": { "type": "Point", "coordinates": [ 113.69181, 62.35276 ] } },
{ "type": "Feature", "properties": { "sensor": "NOAA-21", "description": "<b>Latitude: </b> 62.3517<br/> \n                    <b>Longitude: </b> 113.69915<br/> \n                    <b>Detection Time: </b> 2026-09-30 18:49 UTC<br/> \n                    <b>Sensor: </b> NOAA-21 VIIRS<br/>\n                    <b>Confidence: </b> Nominal<br/> \n                    <b>Day/Night: </b> Night<br/>\n                    <b>Scan: </b> 0.39 km<br/>\n                    <b>Track: </b> 0.36 km<br/>\n                    <b>FRP: </b> 6.15 MW<br/>\n                    <b>Brightness: </b> 321.36 K" }, "geometry": { "type": "Point", "coordinates": [ 113.69915, 62.3517 ] } },
{ "type": "Feature", "properties": { "sensor": "NOAA-21", "description": "<b>Latitude: </b> 62.35381<br/> \n                    <b>Longitude: </b> 113.68447<br/> \n                    <b>Detection Time: </b> 2026-09-30 18:49 UTC<br/> \n                    <b>Sensor: </b> NOAA-21 VIIRS<br/>\n                    <b>Confidence: </b> Nominal<br/> \n                    <b>Day/Night: </b> Night<br/>\n                    <b>Scan: </b> 0.39 km<br/>\n                    <b>Track: </b> 0.36 km<br/>\n                    <b>FRP: </b> 0.8 MW<br/>\n                    <b>Brightness: </b> 297.69 K" }, "geometry": { "type": "Point", "coordinates": [ 113.68447, 62.35381 ] } },
{ "type": "Feature", "properties": { "sensor": "NOAA-21", "description": "<b>Latitude: </b> 62.40076<br/> \n                    <b>Longitude: </b> 113.32876<br/> \n                    <b>Detection Time: </b> 2026-09-30 18:49 UTC<br/> \n                    <b>Sensor: </b> NOAA-21 VIIRS<br/>\n                    <b>Confidence: </b> Nominal<br/> \n                    <b>Day/Night: </b> Night<br/>\n                    <b>Scan: </b> 0.39 km<br/>\n                    <b>Track: </b> 0.37 km<br/>\n                    <b>FRP: </b> 0.87 MW<br/>\n                    <b>Brightness: </b> 299.56 K" }, "geometry": { "type": "Point", "coordinates": [ 113.32876, 62.40076 ] } },
{ "type": "Feature", "properties": { "sensor": "NOAA-21", "description": "<b>Latitude: </b> 61.54304<br/> \n                    <b>Longitude: </b> 113.16863<br/> \n                    <b>Detection Time: </b> 2026-09-30 18:49 UTC<br/> \n                    <b>Sensor: </b> NOAA-21 VIIRS<br/>\n                    <b>Confidence: </b> Nominal<br/> \n                    <b>Day/Night: </b> Night<br/>\n                    <b>Scan: </b> 0.39 km<br/>\n                    <b>Track: </b> 0.36 km<br/>\n                    <b>FRP: </b> 1.31 MW<br/>\n                    <b>Brightness: </b> 297.58 K" }, "geometry": { "type": "Point", "coordinates": [ 113.16863, 61.54304 ] } },
{ "type": "Feature", "properties": { "sensor": "NOAA-21", "description": "<b>Latitude: </b> 61.54083<br/> \n                    <b>Longitude: </b> 113.15948<br/> \n                    <b>Detection Time: </b> 2026-09-30 18:49 UTC<br/> \n                    <b>Sensor: </b> NOAA-21 VIIRS<br/>\n                    <b>Confidence: </b> Nominal<br/> \n                    <b>Day/Night: </b> Night<br/>\n                    <b>Scan: </b> 0.39 km<br/>\n                    <b>Track: </b> 0.36 km<br/>\n                    <b>FRP: </b> 1.61 MW<br/>\n                    <b>Brightness: </b> 305.19 K" }, "geometry": { "type": "Point", "coordinates": [ 113.15948, 61.54083 ] } },
{ "type": "Feature", "properties": { "sensor": "NOAA-21", "description": "<b>Latitude: </b> 61.53981<br/> \n                    <b>Longitude: </b> 113.16662<br/> \n                    <b>Detection Time: </b> 2026-09-30 18:49 UTC<br/> \n                    <b>Sensor: </b> NOAA-21 VIIRS<br/>\n                    <b>Confidence: </b> Nominal<br/> \n                    <b>Day/Night: </b> Night<br/>\n                    <b>Scan: </b> 0.39 km<br/>\n                    <b>Track: </b> 0.36 km<br/>\n                    <b>FRP: </b> 1.61 MW<br/>\n                    <b>Brightness: </b> 316.69 K" }, "geometry": { "type": "Point", "coordinates": [ 113.16662, 61.53981 ] } },
{ "type": "Feature", "properties": { "sensor": "NOAA-21", "description": "<b>Latitude: </b> 61.40827<br/> \n                    <b>Longitude: </b> 112.88969<br/> \n                    <b>Detection Time: </b> 2026-09-30 18:49 UTC<br/> \n                    <b>Sensor: </b> NOAA-21 VIIRS<br/>\n                    <b>Confidence: </b> Nominal<br/> \n                    <b>Day/Night: </b> Night<br/>\n                    <b>Scan: </b> 0.39 km<br/>\n                    <b>Track: </b> 0.36 km<br/>\n                    <b>FRP: </b> 1.32 MW<br/>\n                    <b>Brightness: </b> 301.23 K" }, "geometry": { "type": "Point", "coordinates": [ 112.88969, 61.40827 ] } },
{ "type": "Feature", "properties": { "sensor": "NOAA-21", "description": "<b>Latitude: </b> 61.40503<br/> \n                    <b>Longitude: </b> 112.88769<br/> \n                    <b>Detection Time: </b> 2026-09-30 18:49 UTC<br/> \n                    <b>Sensor: </b> NOAA-21 VIIRS<br/>\n                    <b>Confidence: </b> Nominal<br/> \n                    <b>Day/Night: </b> Night<br/>\n                    <b>Scan: </b> 0.39 km<br/>\n                    <b>Track: </b> 0.36 km<br/>\n                    <b>FRP: </b> 1.63 MW<br/>\n                    <b>Brightness: </b> 323.4 K" }, "geometry": { "type": "Point", "coordinates": [ 112.88769, 61.40503 ] } },
{ "type": "Feature", "properties": { "sensor": "NOAA-21", "description": "<b>Latitude: </b> 61.40402<br/> \n                    <b>Longitude: </b> 112.89485<br/> \n                    <b>Detection Time: </b> 2026-09-30 18:49 UTC<br/> \n                    <b>Sensor: </b> NOAA-21 VIIRS<br/>\n                    <b>Confidence: </b> Nominal<br/> \n                    <b>Day/Night: </b> Night<br/>\n                    <b>Scan: </b> 0.39 km<br/>\n                    <b>Track: </b> 0.36 km<br/>\n                    <b>FRP: </b> 1.48 MW<br/>\n                    <b>Brightness: </b> 301.67 K" }, "geometry": { "type": "Point", "coordinates": [ 112.89485, 61.40402 ] } },
{ "type": "Feature", "properties": { "sensor": "NOAA-21", "description": "<b>Latitude: </b> 61.40179<br/> \n                    <b>Longitude: </b> 112.88569<br/> \n                    <b>Detection Time: </b> 2026-09-30 18:49 UTC<br/> \n                    <b>Sensor: </b> NOAA-21 VIIRS<br/>\n                    <b>Confidence: </b> Nominal<br/> \n                    <b>Day/Night: </b> Night<br/>\n                    <b>Scan: </b> 0.39 km<br/>\n                    <b>Track: </b> 0.36 km<br/>\n                    <b>FRP: </b> 1.63 MW<br/>\n                    <b>Brightness: </b> 295.39 K" }, "geometry": { "type": "Point", "coordinates": [ 112.88569, 61.40179 ] } },
{ "type": "Feature", "properties": { "sensor": "NOAA-21", "description": "<b>Latitude: </b> 61.35168<br/> \n                    <b>Longitude: </b> 112.80207<br/> \n                    <b>Detection Time: </b> 2026-09-30 18:49 UTC<br/> \n                    <b>Sensor: </b> NOAA-21 VIIRS<br/>\n                    <b>Confidence: </b> Nominal<br/> \n                    <b>Day/Night: </b> Night<br/>\n                    <b>Scan: </b> 0.39 km<br/>\n                    <b>Track: </b> 0.36 km<br/>\n                    <b>FRP: </b> 0.9 MW<br/>\n                    <b>Brightness: </b> 300.03 K" }, "geometry": { "type": "Point", "coordinates": [ 112.80207, 61.35168 ] } },
{ "type": "Feature", "properties": { "sensor": "NOAA-21", "description": "<b>Latitude: </b> 61.35066<br/> \n                    <b>Longitude: </b> 112.8092<br/> \n                    <b>Detection Time: </b> 2026-09-30 18:49 UTC<br/> \n                    <b>Sensor: </b> NOAA-21 VIIRS<br/>\n                    <b>Confidence: </b> Nominal<br/> \n                    <b>Day/Night: </b> Night<br/>\n                    <b>Scan: </b> 0.39 km<br/>\n                    <b>Track: </b> 0.36 km<br/>\n                    <b>FRP: </b> 1.47 MW<br/>\n                    <b>Brightness: </b> 305.27 K" }, "geometry": { "type": "Point", "coordinates": [ 112.8092, 61.35066 ] } },
{ "type": "Feature", "properties": { "sensor": "NOAA-21", "description": "<b>Latitude: </b> 61.34742<br/> \n                    <b>Longitude: </b> 112.80722<br/> \n                    <b>Detection Time: </b> 2026-09-30 18:49 UTC<br/> \n                    <b>Sensor: </b> NOAA-21 VIIRS<br/>\n                    <b>Confidence: </b> Nominal<br/> \n                    <b>Day/Night: </b> Night<br/>\n                    <b>Scan: </b> 0.39 km<br/>\n                    <b>Track: </b> 0.36 km<br/>\n                    <b>FRP: </b> 2.16 MW<br/>\n                    <b>Brightness: </b> 328.22 K" }, "geometry": { "type": "Point", "coordinates": [ 112.80722, 61.34742 ] } },
{ "type": "Feature", "properties": { "sensor": "NOAA-21", "description": "<b>Latitude: </b> 61.34843<br/> \n                    <b>Longitude: </b> 112.80009<br/> \n                    <b>Detection Time: </b> 2026-09-30 18:49 UTC<br/> \n                    <b>Sensor: </b> NOAA-21 VIIRS<br/>\n                    <b>Confidence: </b> Nominal<br/> \n                    <b>Day/Night: </b> Night<br/>\n                    <b>Scan: </b> 0.39 km<br/>\n                    <b>Track: </b> 0.36 km<br/>\n                    <b>FRP: </b> 1.21 MW<br/>\n                    <b>Brightness: </b> 312.2 K" }, "geometry": { "type": "Point", "coordinates": [ 112.80009, 61.34843 ] } },
{ "type": "Feature", "properties": { "sensor": "NOAA-21", "description": "<b>Latitude: </b> 61.34641<br/> \n                    <b>Longitude: </b> 112.81435<br/> \n                    <b>Detection Time: </b> 2026-09-30 18:49 UTC<br/> \n                    <b>Sensor: </b> NOAA-21 VIIRS<br/>\n                    <b>Confidence: </b> Nominal<br/> \n                    <b>Day/Night: </b> Night<br/>\n                    <b>Scan: </b> 0.39 km<br/>\n                    <b>Track: </b> 0.36 km<br/>\n                    <b>FRP: </b> 2.16 MW<br/>\n                    <b>Brightness: </b> 300.55 K" }, "geometry": { "type": "Point", "coordinates": [ 112.81435, 61.34641 ] } },
{ "type": "Feature", "properties": { "sensor": "NOAA-21", "description": "<b>Latitude: </b> 61.34418<br/> \n                    <b>Longitude: </b> 112.80524<br/> \n                    <b>Detection Time: </b> 2026-09-30 18:49 UTC<br/> \n                    <b>Sensor: </b> NOAA-21 VIIRS<br/>\n                    <b>Confidence: </b> Nominal<br/> \n                    <b>Day/Night: </b> Night<br/>\n                    <b>Scan: </b> 0.39 km<br/>\n                    <b>Track: </b> 0.36 km<br/>\n                    <b>FRP: </b> 2.16 MW<br/>\n                    <b>Brightness: </b> 342.4 K" }, "geometry": { "type": "Point", "coordinates": [ 112.80524, 61.34418 ] } },
{ "type": "Feature", "properties": { "sensor": "NOAA-21", "description": "<b>Latitude: </b> 61.34519<br/> \n                    <b>Longitude: </b> 112.79811<br/> \n                    <b>Detection Time: </b> 2026-09-30 18:49 UTC<br/> \n                    <b>Sensor: </b> NOAA-21 VIIRS<br/>\n                    <b>Confidence: </b> Nominal<br/> \n                    <b>Day/Night: </b> Night<br/>\n                    <b>Scan: </b> 0.39 km<br/>\n                    <b>Track: </b> 0.36 km<br/>\n                    <b>FRP: </b> 1.21 MW<br/>\n                    <b>Brightness: </b> 300.38 K" }, "geometry": { "type": "Point", "coordinates": [ 112.79811, 61.34519 ] } },
{ "type": "Feature", "properties": { "sensor": "NOAA-21", "description": "<b>Latitude: </b> 61.34317<br/> \n                    <b>Longitude: </b> 112.81236<br/> \n                    <b>Detection Time: </b> 2026-09-30 18:49 UTC<br/> \n                    <b>Sensor: </b> NOAA-21 VIIRS<br/>\n                    <b>Confidence: </b> Nominal<br/> \n                    <b>Day/Night: </b> Night<br/>\n                    <b>Scan: </b> 0.39 km<br/>\n                    <b>Track: </b> 0.36 km<br/>\n                    <b>FRP: </b> 2.16 MW<br/>\n                    <b>Brightness: </b> 309.48 K" }, "geometry": { "type": "Point", "coordinates": [ 112.81236, 61.34317 ] } },
{ "type": "Feature", "properties": { "sensor": "NOAA-21", "description": "<b>Latitude: </b> 60.42915<br/> \n                    <b>Longitude: </b> 96.48543<br/> \n                    <b>Detection Time: </b> 2026-09-30 18:49 UTC<br/> \n                    <b>Sensor: </b> NOAA-21 VIIRS<br/>\n                    <b>Confidence: </b> Nominal<br/> \n                    <b>Day/Night: </b> Night<br/>\n                    <b>Scan: </b> 0.35 km<br/>\n                    <b>Track: </b> 0.57 km<br/>\n                    <b>FRP: </b> 1.39 MW<br/>\n                    <b>Brightness: </b> 297.24 K" }, "geometry": { "type": "Point", "coordinates": [ 96.48543, 60.42915 ] } },
{ "type": "Feature", "properties": { "sensor": "NOAA-21", "description": "<b>Latitude: </b> 58.87649<br/> \n                    <b>Longitude: </b> 102.93655<br/> \n                    <b>Detection Time: </b> 2026-09-30 18:49 UTC<br/> \n                    <b>Sensor: </b> NOAA-21 VIIRS<br/>\n                    <b>Confidence: </b> Nominal<br/> \n                    <b>Day/Night: </b> Night<br/>\n                    <b>Scan: </b> 0.41 km<br/>\n                    <b>Track: </b> 0.45 km<br/>\n                    <b>FRP: </b> 1.42 MW<br/>\n                    <b>Brightness: </b> 295.57 K" }, "geometry": { "type": "Point", "coordinates": [ 102.93655, 58.87649 ] } },
{ "type": "Feature", "properties": { "sensor": "NOAA-21", "description": "<b>Latitude: </b> 58.85937<br/> \n                    <b>Longitude: </b> 102.91591<br/> \n                    <b>Detection Time: </b> 2026-09-30 18:49 UTC<br/> \n                    <b>Sensor: </b> NOAA-21 VIIRS<br/>\n                    <b>Confidence: </b> Nominal<br/> \n                    <b>Day/Night: </b> Night<br/>\n                    <b>Scan: </b> 0.41 km<br/>\n                    <b>Track: </b> 0.45 km<br/>\n                    <b>FRP: </b> 1.72 MW<br/>\n                    <b>Brightness: </b> 310.36 K" }, "geometry": { "type": "Point", "coordinates": [ 102.91591, 58.85937 ] } },
{ "type": "Feature", "properties": { "sensor": "NOAA-21", "description": "<b>Latitude: </b> 58.29409<br/> \n                    <b>Longitude: </b> 106.91867<br/> \n                    <b>Detection Time: </b> 2026-09-30 18:49 UTC<br/> \n                    <b>Sensor: </b> NOAA-21 VIIRS<br/>\n                    <b>Confidence: </b> Nominal<br/> \n                    <b>Day/Night: </b> Night<br/>\n                    <b>Scan: </b> 0.46 km<br/>\n                    <b>Track: </b> 0.39 km<br/>\n                    <b>FRP: </b> 2.78 MW<br/>\n                    <b>Brightness: </b> 315.54 K" }, "geometry": { "type": "Point", "coordinates": [ 106.91867, 58.29409 ] } },
{ "type": "Feature", "properties": { "sensor": "NOAA-21", "description": "<b>Latitude: </b> 58.14186<br/> \n                    <b>Longitude: </b> 107.10291<br/> \n                    <b>Detection Time: </b> 2026-09-30 18:49 UTC<br/> \n                    <b>Sensor: </b> NOAA-21 VIIRS<br/>\n                    <b>Confidence: </b> Nominal<br/> \n                    <b>Day/Night: </b> Night<br/>\n                    <b>Scan: </b> 0.46 km<br/>\n                    <b>Track: </b> 0.39 km<br/>\n                    <b>FRP: </b> 1.01 MW<br/>\n                    <b>Brightness: </b> 305.18 K" }, "geometry": { "type": "Point", "coordinates": [ 107.10291, 58.14186 ] } },
{ "type": "Feature", "properties": { "sensor": "NOAA-21", "description": "<b>Latitude: </b> 58.09314<br/> \n                    <b>Longitude: </b> 106.55914<br/> \n                    <b>Detection Time: </b> 2026-09-30 18:49 UTC<br/> \n                    <b>Sensor: </b> NOAA-21 VIIRS<br/>\n                    <b>Confidence: </b> Nominal<br/> \n                    <b>Day/Night: </b> Night<br/>\n                    <b>Scan: </b> 0.47 km<br/>\n                    <b>Track: </b> 0.4 km<br/>\n                    <b>FRP: </b> 5.49 MW<br/>\n                    <b>Brightness: </b> 330.68 K" }, "geometry": { "type": "Point", "coordinates": [ 106.55914, 58.09314 ] } },
{ "type": "Feature", "properties": { "sensor": "NOAA-21", "description": "<b>Latitude: </b> 62.75801<br/> \n                    <b>Longitude: </b> 126.98925<br/> \n                    <b>Detection Time: </b> 2026-09-30 18:47 UTC<br/> \n                    <b>Sensor: </b> NOAA-21 VIIRS<br/>\n                    <b>Confidence: </b> Nominal<br/> \n                    <b>Day/Night: </b> Night<br/>\n                    <b>Scan: </b> 0.55 km<br/>\n                    <b>Track: </b> 0.43 km<br/>\n                    <b>FRP: </b> 1.66 MW<br/>\n                    <b>Brightness: </b> 302.98 K" }, "geometry": { "type": "Point", "coordinates": [ 126.98925, 62.75801 ] } },
{ "type": "Feature", "properties": { "sensor": "NOAA-21", "description": "<b>Latitude: </b> 57.59237<br/> \n                    <b>Longitude: </b> 139.27458<br/> \n                    <b>Detection Time: </b> 2026-09-30 18:47 UTC<br/> \n                    <b>Sensor: </b> NOAA-21 VIIRS<br/>\n                    <b>Confidence: </b> Nominal<br/> \n                    <b>Day/Night: </b> Night<br/>\n                    <b>Scan: </b> 0.65 km<br/>\n                    <b>Track: </b> 0.73 km<br/>\n                    <b>FRP: </b> 2.57 MW<br/>\n                    <b>Brightness: </b> 298.36 K" }, "geometry": { "type": "Point", "coordinates": [ 139.27458, 57.59237 ] } },
{ "type": "Feature", "properties": { "sensor": "NOAA-21", "description": "<b>Latitude: </b> 57.25399<br/> \n                    <b>Longitude: </b> 135.79187<br/> \n                    <b>Detection Time: </b> 2026-09-30 17:09 UTC<br/> \n                    <b>Sensor: </b> NOAA-21 VIIRS<br/>\n                    <b>Confidence: </b> Nominal<br/> \n                    <b>Day/Night: </b> Night<br/>\n                    <b>Scan: </b> 0.39 km<br/>\n                    <b>Track: </b> 0.36 km<br/>\n                    <b>FRP: </b> 0.95 MW<br/>\n                    <b>Brightness: </b> 295.25 K" }, "geometry": { "type": "Point", "coordinates": [ 135.79187, 57.25399 ] } },
{ "type": "Feature", "properties": { "sensor": "NOAA-21", "description": "<b>Latitude: </b> 53.26488<br/> \n                    <b>Longitude: </b> 143.22235<br/> \n                    <b>Detection Time: </b> 2026-09-30 17:09 UTC<br/> \n                    <b>Sensor: </b> NOAA-21 VIIRS<br/>\n                    <b>Confidence: </b> Nominal<br/> \n                    <b>Day/Night: </b> Night<br/>\n                    <b>Scan: </b> 0.54 km<br/>\n                    <b>Track: </b> 0.42 km<br/>\n                    <b>FRP: </b> 0.99 MW<br/>\n                    <b>Brightness: </b> 299.83 K" }, "geometry": { "type": "Point", "coordinates": [ 143.22235, 53.26488 ] } },
{ "type": "Feature", "properties": { "sensor": "NOAA-21", "description": "<b>Latitude: </b> 53.203<br/> \n                    <b>Longitude: </b> 143.23579<br/> \n                    <b>Detection Time: </b> 2026-09-30 17:09 UTC<br/> \n                    <b>Sensor: </b> NOAA-21 VIIRS<br/>\n                    <b>Confidence: </b> Nominal<br/> \n                    <b>Day/Night: </b> Night<br/>\n                    <b>Scan: </b> 0.55 km<br/>\n                    <b>Track: </b> 0.42 km<br/>\n                    <b>FRP: </b> 1.89 MW<br/>\n                    <b>Brightness: </b> 315.78 K" }, "geometry": { "type": "Point", "coordinates": [ 143.23579, 53.203 ] } },
{ "type": "Feature", "properties": { "sensor": "NOAA-21", "description": "<b>Latitude: </b> 52.93337<br/> \n                    <b>Longitude: </b> 138.82069<br/> \n                    <b>Detection Time: </b> 2026-09-30 17:09 UTC<br/> \n                    <b>Sensor: </b> NOAA-21 VIIRS<br/>\n                    <b>Confidence: </b> Nominal<br/> \n                    <b>Day/Night: </b> Night<br/>\n                    <b>Scan: </b> 0.42 km<br/>\n                    <b>Track: </b> 0.37 km<br/>\n                    <b>FRP: </b> 1.33 MW<br/>\n                    <b>Brightness: </b> 307.67 K" }, "geometry": { "type": "Point", "coordinates": [ 138.82069, 52.93337 ] } },
{ "type": "Feature", "properties": { "sensor": "NOAA-21", "description": "<b>Latitude: </b> 62.35642<br/> \n                    <b>Longitude: </b> 113.69678<br/> \n                    <b>Detection Time: </b> 2026-09-30 17:07 UTC<br/> \n                    <b>Sensor: </b> NOAA-21 VIIRS<br/>\n                    <b>Confidence: </b> High<br/> \n                    <b>Day/Night: </b> Night<br/>\n                    <b>Scan: </b> 0.67 km<br/>\n                    <b>Track: </b> 0.74 km<br/>\n                    <b>FRP: </b> 13.78 MW<br/>\n                    <b>Brightness: </b> 367 K" }, "geometry": { "type": "Point", "coordinates": [ 113.69678, 62.35642 ] } },
{ "type": "Feature", "properties": { "sensor": "NOAA-21", "description": "<b>Latitude: </b> 62.35234<br/> \n                    <b>Longitude: </b> 113.76376<br/> \n                    <b>Detection Time: </b> 2026-09-30 17:07 UTC<br/> \n                    <b>Sensor: </b> NOAA-21 VIIRS<br/>\n                    <b>Confidence: </b> Nominal<br/> \n                    <b>Day/Night: </b> Night<br/>\n                    <b>Scan: </b> 0.67 km<br/>\n                    <b>Track: </b> 0.73 km<br/>\n                    <b>FRP: </b> 10.64 MW<br/>\n                    <b>Brightness: </b> 353.08 K" }, "geometry": { "type": "Point", "coordinates": [ 113.76376, 62.35234 ] } },
{ "type": "Feature", "properties": { "sensor": "NOAA-21", "description": "<b>Latitude: </b> 62.34963<br/> \n                    <b>Longitude: </b> 113.69808<br/> \n                    <b>Detection Time: </b> 2026-09-30 17:07 UTC<br/> \n                    <b>Sensor: </b> NOAA-21 VIIRS<br/>\n                    <b>Confidence: </b> Nominal<br/> \n                    <b>Day/Night: </b> Night<br/>\n                    <b>Scan: </b> 0.67 km<br/>\n                    <b>Track: </b> 0.74 km<br/>\n                    <b>FRP: </b> 13.78 MW<br/>\n                    <b>Brightness: </b> 318.98 K" }, "geometry": { "type": "Point", "coordinates": [ 113.69808, 62.34963 ] } },
{ "type": "Feature", "properties": { "sensor": "NOAA-21", "description": "<b>Latitude: </b> 57.58926<br/> \n                    <b>Longitude: </b> 139.27608<br/> \n                    <b>Detection Time: </b> 2026-09-30 17:07 UTC<br/> \n                    <b>Sensor: </b> NOAA-21 VIIRS<br/>\n                    <b>Confidence: </b> Nominal<br/> \n                    <b>Day/Night: </b> Night<br/>\n                    <b>Scan: </b> 0.39 km<br/>\n                    <b>Track: </b> 0.36 km<br/>\n                    <b>FRP: </b> 2.1 MW<br/>\n                    <b>Brightness: </b> 310.24 K" }, "geometry": { "type": "Point", "coordinates": [ 139.27608, 57.58926 ] } },
{ "type": "Feature", "properties": { "sensor": "NOAA-21", "description": "<b>Latitude: </b> 57.64141<br/> \n                    <b>Longitude: </b> 135.71217<br/> \n                    <b>Detection Time: </b> 2026-09-30 17:07 UTC<br/> \n                    <b>Sensor: </b> NOAA-21 VIIRS<br/>\n                    <b>Confidence: </b> Nominal<br/> \n                    <b>Day/Night: </b> Night<br/>\n                    <b>Scan: </b> 0.39 km<br/>\n                    <b>Track: </b> 0.37 km<br/>\n                    <b>FRP: </b> 1.17 MW<br/>\n                    <b>Brightness: </b> 315.98 K" }, "geometry": { "type": "Point", "coordinates": [ 135.71217, 57.64141 ] } },
{ "type": "Feature", "properties": { "sensor": "NOAA-21", "description": "<b>Latitude: </b> 57.63792<br/> \n                    <b>Longitude: </b> 135.66211<br/> \n                    <b>Detection Time: </b> 2026-09-30 17:07 UTC<br/> \n                    <b>Sensor: </b> NOAA-21 VIIRS<br/>\n                    <b>Confidence: </b> Nominal<br/> \n                    <b>Day/Night: </b> Night<br/>\n                    <b>Scan: </b> 0.4 km<br/>\n                    <b>Track: </b> 0.37 km<br/>\n                    <b>FRP: </b> 1.6 MW<br/>\n                    <b>Brightness: </b> 306.1 K" }, "geometry": { "type": "Point", "coordinates": [ 135.66211, 57.63792 ] } },
{ "type": "Feature", "properties": { "sensor": "NOAA-21", "description": "<b>Latitude: </b> 57.63703<br/> \n                    <b>Longitude: </b> 135.66855<br/> \n                    <b>Detection Time: </b> 2026-09-30 17:07 UTC<br/> \n                    <b>Sensor: </b> NOAA-21 VIIRS<br/>\n                    <b>Confidence: </b> Nominal<br/> \n                    <b>Day/Night: </b> Night<br/>\n                    <b>Scan: </b> 0.4 km<br/>\n                    <b>Track: </b> 0.37 km<br/>\n                    <b>FRP: </b> 0.87 MW<br/>\n                    <b>Brightness: </b> 298.04 K" }, "geometry": { "type": "Point", "coordinates": [ 135.66855, 57.63703 ] } },
{ "type": "Feature", "properties": { "sensor": "NOAA-21", "description": "<b>Latitude: </b> 57.64116<br/> \n                    <b>Longitude: </b> 135.66393<br/> \n                    <b>Detection Time: </b> 2026-09-30 17:07 UTC<br/> \n                    <b>Sensor: </b> NOAA-21 VIIRS<br/>\n                    <b>Confidence: </b> Nominal<br/> \n                    <b>Day/Night: </b> Night<br/>\n                    <b>Scan: </b> 0.4 km<br/>\n                    <b>Track: </b> 0.37 km<br/>\n                    <b>FRP: </b> 1.98 MW<br/>\n                    <b>Brightness: </b> 315.65 K" }, "geometry": { "type": "Point", "coordinates": [ 135.66393, 57.64116 ] } },
{ "type": "Feature", "properties": { "sensor": "NOAA-21", "description": "<b>Latitude: </b> 63.18413<br/> \n                    <b>Longitude: </b> 125.70535<br/> \n                    <b>Detection Time: </b> 2026-09-30 17:07 UTC<br/> \n                    <b>Sensor: </b> NOAA-21 VIIRS<br/>\n                    <b>Confidence: </b> Nominal<br/> \n                    <b>Day/Night: </b> Night<br/>\n                    <b>Scan: </b> 0.55 km<br/>\n                    <b>Track: </b> 0.51 km<br/>\n                    <b>FRP: </b> 1.43 MW<br/>\n                    <b>Brightness: </b> 300.63 K" }, "geometry": { "type": "Point", "coordinates": [ 125.70535, 63.18413 ] } },
{ "type": "Feature", "properties": { "sensor": "NOAA-21", "description": "<b>Latitude: </b> 62.49661<br/> \n                    <b>Longitude: </b> 113.90669<br/> \n                    <b>Detection Time: </b> 2026-09-30 17:07 UTC<br/> \n                    <b>Sensor: </b> NOAA-21 VIIRS<br/>\n                    <b>Confidence: </b> Nominal<br/> \n                    <b>Day/Night: </b> Night<br/>\n                    <b>Scan: </b> 0.66 km<br/>\n                    <b>Track: </b> 0.73 km<br/>\n                    <b>FRP: </b> 3.25 MW<br/>\n                    <b>Brightness: </b> 304.93 K" }, "geometry": { "type": "Point", "coordinates": [ 113.90669, 62.49661 ] } },
{ "type": "Feature", "properties": { "sensor": "NOAA-21", "description": "<b>Latitude: </b> 62.44462<br/> \n                    <b>Longitude: </b> 113.65439<br/> \n                    <b>Detection Time: </b> 2026-09-30 17:07 UTC<br/> \n                    <b>Sensor: </b> NOAA-21 VIIRS<br/>\n                    <b>Confidence: </b> Nominal<br/> \n                    <b>Day/Night: </b> Night<br/>\n                    <b>Scan: </b> 0.67 km<br/>\n                    <b>Track: </b> 0.74 km<br/>\n                    <b>FRP: </b> 12.81 MW<br/>\n                    <b>Brightness: </b> 344.57 K" }, "geometry": { "type": "Point", "coordinates": [ 113.65439, 62.44462 ] } },
{ "type": "Feature", "properties": { "sensor": "NOAA-21", "description": "<b>Latitude: </b> 62.44525<br/> \n                    <b>Longitude: </b> 113.66817<br/> \n                    <b>Detection Time: </b> 2026-09-30 17:07 UTC<br/> \n                    <b>Sensor: </b> NOAA-21 VIIRS<br/>\n                    <b>Confidence: </b> Nominal<br/> \n                    <b>Day/Night: </b> Night<br/>\n                    <b>Scan: </b> 0.67 km<br/>\n                    <b>Track: </b> 0.74 km<br/>\n                    <b>FRP: </b> 8.88 MW<br/>\n                    <b>Brightness: </b> 304.88 K" }, "geometry": { "type": "Point", "coordinates": [ 113.66817, 62.44525 ] } },
{ "type": "Feature", "properties": { "sensor": "NOAA-21", "description": "<b>Latitude: </b> 62.49519<br/> \n                    <b>Longitude: </b> 113.90732<br/> \n                    <b>Detection Time: </b> 2026-09-30 17:07 UTC<br/> \n                    <b>Sensor: </b> NOAA-21 VIIRS<br/>\n                    <b>Confidence: </b> Nominal<br/> \n                    <b>Day/Night: </b> Night<br/>\n                    <b>Scan: </b> 0.66 km<br/>\n                    <b>Track: </b> 0.73 km<br/>\n                    <b>FRP: </b> 2.07 MW<br/>\n                    <b>Brightness: </b> 304.84 K" }, "geometry": { "type": "Point", "coordinates": [ 113.90732, 62.49519 ] } },
{ "type": "Feature", "properties": { "sensor": "NOAA-21", "description": "<b>Latitude: </b> 62.44403<br/> \n                    <b>Longitude: </b> 113.65533<br/> \n                    <b>Detection Time: </b> 2026-09-30 17:07 UTC<br/> \n                    <b>Sensor: </b> NOAA-21 VIIRS<br/>\n                    <b>Confidence: </b> Nominal<br/> \n                    <b>Day/Night: </b> Night<br/>\n                    <b>Scan: </b> 0.67 km<br/>\n                    <b>Track: </b> 0.74 km<br/>\n                    <b>FRP: </b> 8.43 MW<br/>\n                    <b>Brightness: </b> 349.03 K" }, "geometry": { "type": "Point", "coordinates": [ 113.65533, 62.44403 ] } },
{ "type": "Feature", "properties": { "sensor": "NOAA-21", "description": "<b>Latitude: </b> 62.44461<br/> \n                    <b>Longitude: </b> 113.66906<br/> \n                    <b>Detection Time: </b> 2026-09-30 17:07 UTC<br/> \n                    <b>Sensor: </b> NOAA-21 VIIRS<br/>\n                    <b>Confidence: </b> Nominal<br/> \n                    <b>Day/Night: </b> Night<br/>\n                    <b>Scan: </b> 0.67 km<br/>\n                    <b>Track: </b> 0.74 km<br/>\n                    <b>FRP: </b> 8.43 MW<br/>\n                    <b>Brightness: </b> 297.83 K" }, "geometry": { "type": "Point", "coordinates": [ 113.66906, 62.44461 ] } },
{ "type": "Feature", "properties": { "sensor": "NOAA-21", "description": "<b>Latitude: </b> 62.40223<br/> \n                    <b>Longitude: </b> 113.3288<br/> \n                    <b>Detection Time: </b> 2026-09-30 17:07 UTC<br/> \n                    <b>Sensor: </b> NOAA-21 VIIRS<br/>\n                    <b>Confidence: </b> Nominal<br/> \n                    <b>Day/Night: </b> Night<br/>\n                    <b>Scan: </b> 0.69 km<br/>\n                    <b>Track: </b> 0.74 km<br/>\n                    <b>FRP: </b> 3 MW<br/>\n                    <b>Brightness: </b> 312.6 K" }, "geometry": { "type": "Point", "coordinates": [ 113.3288, 62.40223 ] } },
{ "type": "Feature", "properties": { "sensor": "NOAA-21", "description": "<b>Latitude: </b> 62.3999<br/> \n                    <b>Longitude: </b> 113.58551<br/> \n                    <b>Detection Time: </b> 2026-09-30 17:07 UTC<br/> \n                    <b>Sensor: </b> NOAA-21 VIIRS<br/>\n                    <b>Confidence: </b> Nominal<br/> \n                    <b>Day/Night: </b> Night<br/>\n                    <b>Scan: </b> 0.68 km<br/>\n                    <b>Track: </b> 0.74 km<br/>\n                    <b>FRP: </b> 9.22 MW<br/>\n                    <b>Brightness: </b> 346.81 K" }, "geometry": { "type": "Point", "coordinates": [ 113.58551, 62.3999 ] } },
{ "type": "Feature", "properties": { "sensor": "NOAA-21", "description": "<b>Latitude: </b> 62.39579<br/> \n                    <b>Longitude: </b> 113.49266<br/> \n                    <b>Detection Time: </b> 2026-09-30 17:07 UTC<br/> \n                    <b>Sensor: </b> NOAA-21 VIIRS<br/>\n                    <b>Confidence: </b> Nominal<br/> \n                    <b>Day/Night: </b> Night<br/>\n                    <b>Scan: </b> 0.68 km<br/>\n                    <b>Track: </b> 0.74 km<br/>\n                    <b>FRP: </b> 2.83 MW<br/>\n                    <b>Brightness: </b> 312.92 K" }, "geometry": { "type": "Point", "coordinates": [ 113.49266, 62.39579 ] } },
{ "type": "Feature", "properties": { "sensor": "NOAA-21", "description": "<b>Latitude: </b> 62.35642<br/> \n                    <b>Longitude: </b> 113.68773<br/> \n                    <b>Detection Time: </b> 2026-09-30 17:07 UTC<br/> \n                    <b>Sensor: </b> NOAA-21 VIIRS<br/>\n                    <b>Confidence: </b> Nominal<br/> \n                    <b>Day/Night: </b> Night<br/>\n                    <b>Scan: </b> 0.67 km<br/>\n                    <b>Track: </b> 0.74 km<br/>\n                    <b>FRP: </b> 18.5 MW<br/>\n                    <b>Brightness: </b> 352.02 K" }, "geometry": { "type": "Point", "coordinates": [ 113.68773, 62.35642 ] } },
{ "type": "Feature", "properties": { "sensor": "NOAA-21", "description": "<b>Latitude: </b> 62.35702<br/> \n                    <b>Longitude: </b> 113.7012<br/> \n                    <b>Detection Time: </b> 2026-09-30 17:07 UTC<br/> \n                    <b>Sensor: </b> NOAA-21 VIIRS<br/>\n                    <b>Confidence: </b> Nominal<br/> \n                    <b>Day/Night: </b> Night<br/>\n                    <b>Scan: </b> 0.67 km<br/>\n                    <b>Track: </b> 0.74 km<br/>\n                    <b>FRP: </b> 17.25 MW<br/>\n                    <b>Brightness: </b> 326.33 K" }, "geometry": { "type": "Point", "coordinates": [ 113.7012, 62.35702 ] } },
{ "type": "Feature", "properties": { "sensor": "NOAA-21", "description": "<b>Latitude: </b> 62.34964<br/> \n                    <b>Longitude: </b> 113.68906<br/> \n                    <b>Detection Time: </b> 2026-09-30 17:07 UTC<br/> \n                    <b>Sensor: </b> NOAA-21 VIIRS<br/>\n                    <b>Confidence: </b> Nominal<br/> \n                    <b>Day/Night: </b> Night<br/>\n                    <b>Scan: </b> 0.67 km<br/>\n                    <b>Track: </b> 0.74 km<br/>\n                    <b>FRP: </b> 7.84 MW<br/>\n                    <b>Brightness: </b> 335.98 K" }, "geometry": { "type": "Point", "coordinates": [ 113.68906, 62.34964 ] } },
{ "type": "Feature", "properties": { "sensor": "NOAA-21", "description": "<b>Latitude: </b> 62.35313<br/> \n                    <b>Longitude: </b> 113.76794<br/> \n                    <b>Detection Time: </b> 2026-09-30 17:07 UTC<br/> \n                    <b>Sensor: </b> NOAA-21 VIIRS<br/>\n                    <b>Confidence: </b> Nominal<br/> \n                    <b>Day/Night: </b> Night<br/>\n                    <b>Scan: </b> 0.67 km<br/>\n                    <b>Track: </b> 0.73 km<br/>\n                    <b>FRP: </b> 7.35 MW<br/>\n                    <b>Brightness: </b> 322.72 K" }, "geometry": { "type": "Point", "coordinates": [ 113.76794, 62.35313 ] } },
{ "type": "Feature", "properties": { "sensor": "NOAA-21", "description": "<b>Latitude: </b> 62.35022<br/> \n                    <b>Longitude: </b> 113.70229<br/> \n                    <b>Detection Time: </b> 2026-09-30 17:07 UTC<br/> \n                    <b>Sensor: </b> NOAA-21 VIIRS<br/>\n                    <b>Confidence: </b> Nominal<br/> \n                    <b>Day/Night: </b> Night<br/>\n                    <b>Scan: </b> 0.67 km<br/>\n                    <b>Track: </b> 0.74 km<br/>\n                    <b>FRP: </b> 6.99 MW<br/>\n                    <b>Brightness: </b> 319.1 K" }, "geometry": { "type": "Point", "coordinates": [ 113.70229, 62.35022 ] } },
{ "type": "Feature", "properties": { "sensor": "NOAA-21", "description": "<b>Latitude: </b> 62.34636<br/> \n                    <b>Longitude: </b> 113.76926<br/> \n                    <b>Detection Time: </b> 2026-09-30 17:07 UTC<br/> \n                    <b>Sensor: </b> NOAA-21 VIIRS<br/>\n                    <b>Confidence: </b> Nominal<br/> \n                    <b>Day/Night: </b> Night<br/>\n                    <b>Scan: </b> 0.67 km<br/>\n                    <b>Track: </b> 0.73 km<br/>\n                    <b>FRP: </b> 7.35 MW<br/>\n                    <b>Brightness: </b> 321.97 K" }, "geometry": { "type": "Point", "coordinates": [ 113.76926, 62.34636 ] } },
{ "type": "Feature", "properties": { "sensor": "NOAA-21", "description": "<b>Latitude: </b> 53.79705<br/> \n                    <b>Longitude: </b> 33.56933<br/> \n                    <b>Detection Time: </b> 2026-09-30 11:47 UTC<br/> \n                    <b>Sensor: </b> NOAA-21 VIIRS<br/>\n                    <b>Confidence: </b> Nominal<br/> \n                    <b>Day/Night: </b> Day<br/>\n                    <b>Scan: </b> 0.62 km<br/>\n                    <b>Track: </b> 0.71 km<br/>\n                    <b>FRP: </b> 7.93 MW<br/>\n                    <b>Brightness: </b> 333.17 K" }, "geometry": { "type": "Point", "coordinates": [ 33.56933, 53.79705 ] } },
{ "type": "Feature", "properties": { "sensor": "NOAA-21", "description": "<b>Latitude: </b> 55.11293<br/> \n                    <b>Longitude: </b> 33.60518<br/> \n                    <b>Detection Time: </b> 2026-09-30 11:47 UTC<br/> \n                    <b>Sensor: </b> NOAA-21 VIIRS<br/>\n                    <b>Confidence: </b> Nominal<br/> \n                    <b>Day/Night: </b> Day<br/>\n                    <b>Scan: </b> 0.62 km<br/>\n                    <b>Track: </b> 0.72 km<br/>\n                    <b>FRP: </b> 5.19 MW<br/>\n                    <b>Brightness: </b> 327.77 K" }, "geometry": { "type": "Point", "coordinates": [ 33.60518, 55.11293 ] } },
{ "type": "Feature", "properties": { "sensor": "NOAA-21", "description": "<b>Latitude: </b> 53.80109<br/> \n                    <b>Longitude: </b> 33.57177<br/> \n                    <b>Detection Time: </b> 2026-09-30 11:47 UTC<br/> \n                    <b>Sensor: </b> NOAA-21 VIIRS<br/>\n                    <b>Confidence: </b> Nominal<br/> \n                    <b>Day/Night: </b> Day<br/>\n                    <b>Scan: </b> 0.62 km<br/>\n                    <b>Track: </b> 0.71 km<br/>\n                    <b>FRP: </b> 7.82 MW<br/>\n                    <b>Brightness: </b> 343.71 K" }, "geometry": { "type": "Point", "coordinates": [ 33.57177, 53.80109 ] } },
{ "type": "Feature", "properties": { "sensor": "NOAA-21", "description": "<b>Latitude: </b> 46.155<br/> \n                    <b>Longitude: </b> 30.25185<br/> \n                    <b>Detection Time: </b> 2026-09-30 11:45 UTC<br/> \n                    <b>Sensor: </b> NOAA-21 VIIRS<br/>\n                    <b>Confidence: </b> High<br/> \n                    <b>Day/Night: </b> Day<br/>\n                    <b>Scan: </b> 0.41 km<br/>\n                    <b>Track: </b> 0.61 km<br/>\n                    <b>FRP: </b> 14.71 MW<br/>\n                    <b>Brightness: </b> 367 K" }, "geometry": { "type": "Point", "coordinates": [ 30.25185, 46.155 ] } },
{ "type": "Feature", "properties": { "sensor": "NOAA-21", "description": "<b>Latitude: </b> 52.55032<br/> \n                    <b>Longitude: </b> 32.2456<br/> \n                    <b>Detection Time: </b> 2026-09-30 11:45 UTC<br/> \n                    <b>Sensor: </b> NOAA-21 VIIRS<br/>\n                    <b>Confidence: </b> Nominal<br/> \n                    <b>Day/Night: </b> Day<br/>\n                    <b>Scan: </b> 0.54 km<br/>\n                    <b>Track: </b> 0.68 km<br/>\n                    <b>FRP: </b> 15.31 MW<br/>\n                    <b>Brightness: </b> 350.98 K" }, "geometry": { "type": "Point", "coordinates": [ 32.2456, 52.55032 ] } },
{ "type": "Feature", "properties": { "sensor": "NOAA-21", "description": "<b>Latitude: </b> 52.55038<br/> \n                    <b>Longitude: </b> 32.23745<br/> \n                    <b>Detection Time: </b> 2026-09-30 11:45 UTC<br/> \n                    <b>Sensor: </b> NOAA-21 VIIRS<br/>\n                    <b>Confidence: </b> High<br/> \n                    <b>Day/Night: </b> Day<br/>\n                    <b>Scan: </b> 0.54 km<br/>\n                    <b>Track: </b> 0.68 km<br/>\n                    <b>FRP: </b> 15.31 MW<br/>\n                    <b>Brightness: </b> 367 K" }, "geometry": { "type": "Point", "coordinates": [ 32.23745, 52.55038 ] } },
{ "type": "Feature", "properties": { "sensor": "NOAA-21", "description": "<b>Latitude: </b> 52.55338<br/> \n                    <b>Longitude: </b> 32.23695<br/> \n                    <b>Detection Time: </b> 2026-09-30 11:45 UTC<br/> \n                    <b>Sensor: </b> NOAA-21 VIIRS<br/>\n                    <b>Confidence: </b> Nominal<br/> \n                    <b>Day/Night: </b> Day<br/>\n                    <b>Scan: </b> 0.54 km<br/>\n                    <b>Track: </b> 0.68 km<br/>\n                    <b>FRP: </b> 19.79 MW<br/>\n                    <b>Brightness: </b> 352.76 K" }, "geometry": { "type": "Point", "coordinates": [ 32.23695, 52.55338 ] } },
{ "type": "Feature", "properties": { "sensor": "NOAA-21", "description": "<b>Latitude: </b> 52.55336<br/> \n                    <b>Longitude: </b> 32.24516<br/> \n                    <b>Detection Time: </b> 2026-09-30 11:45 UTC<br/> \n                    <b>Sensor: </b> NOAA-21 VIIRS<br/>\n                    <b>Confidence: </b> High<br/> \n                    <b>Day/Night: </b> Day<br/>\n                    <b>Scan: </b> 0.54 km<br/>\n                    <b>Track: </b> 0.68 km<br/>\n                    <b>FRP: </b> 22.15 MW<br/>\n                    <b>Brightness: </b> 367 K" }, "geometry": { "type": "Point", "coordinates": [ 32.24516, 52.55336 ] } },
{ "type": "Feature", "properties": { "sensor": "NOAA-21", "description": "<b>Latitude: </b> 52.47745<br/> \n                    <b>Longitude: </b> 33.56612<br/> \n                    <b>Detection Time: </b> 2026-09-30 11:45 UTC<br/> \n                    <b>Sensor: </b> NOAA-21 VIIRS<br/>\n                    <b>Confidence: </b> Nominal<br/> \n                    <b>Day/Night: </b> Day<br/>\n                    <b>Scan: </b> 0.62 km<br/>\n                    <b>Track: </b> 0.71 km<br/>\n                    <b>FRP: </b> 3.79 MW<br/>\n                    <b>Brightness: </b> 328.05 K" }, "geometry": { "type": "Point", "coordinates": [ 33.56612, 52.47745 ] } },
{ "type": "Feature", "properties": { "sensor": "NOAA-21", "description": "<b>Latitude: </b> 52.1957<br/> \n                    <b>Longitude: </b> 34.03253<br/> \n                    <b>Detection Time: </b> 2026-09-30 11:45 UTC<br/> \n                    <b>Sensor: </b> NOAA-21 VIIRS<br/>\n                    <b>Confidence: </b> Nominal<br/> \n                    <b>Day/Night: </b> Day<br/>\n                    <b>Scan: </b> 0.65 km<br/>\n                    <b>Track: </b> 0.73 km<br/>\n                    <b>FRP: </b> 10.1 MW<br/>\n                    <b>Brightness: </b> 349.79 K" }, "geometry": { "type": "Point", "coordinates": [ 34.03253, 52.1957 ] } },
{ "type": "Feature", "properties": { "sensor": "NOAA-21", "description": "<b>Latitude: </b> 52.19987<br/> \n                    <b>Longitude: </b> 34.0316<br/> \n                    <b>Detection Time: </b> 2026-09-30 11:45 UTC<br/> \n                    <b>Sensor: </b> NOAA-21 VIIRS<br/>\n                    <b>Confidence: </b> Nominal<br/> \n                    <b>Day/Night: </b> Day<br/>\n                    <b>Scan: </b> 0.65 km<br/>\n                    <b>Track: </b> 0.73 km<br/>\n                    <b>FRP: </b> 11.38 MW<br/>\n                    <b>Brightness: </b> 333.29 K" }, "geometry": { "type": "Point", "coordinates": [ 34.0316, 52.19987 ] } },
{ "type": "Feature", "properties": { "sensor": "NOAA-21", "description": "<b>Latitude: </b> 52.11835<br/> \n                    <b>Longitude: </b> 33.31971<br/> \n                    <b>Detection Time: </b> 2026-09-30 11:45 UTC<br/> \n                    <b>Sensor: </b> NOAA-21 VIIRS<br/>\n                    <b>Confidence: </b> Nominal<br/> \n                    <b>Day/Night: </b> Day<br/>\n                    <b>Scan: </b> 0.6 km<br/>\n                    <b>Track: </b> 0.71 km<br/>\n                    <b>FRP: </b> 4.54 MW<br/>\n                    <b>Brightness: </b> 328.47 K" }, "geometry": { "type": "Point", "coordinates": [ 33.31971, 52.11835 ] } },
{ "type": "Feature", "properties": { "sensor": "NOAA-21", "description": "<b>Latitude: </b> 52.11948<br/> \n                    <b>Longitude: </b> 33.32357<br/> \n                    <b>Detection Time: </b> 2026-09-30 11:45 UTC<br/> \n                    <b>Sensor: </b> NOAA-21 VIIRS<br/>\n                    <b>Confidence: </b> Nominal<br/> \n                    <b>Day/Night: </b> Day<br/>\n                    <b>Scan: </b> 0.6 km<br/>\n                    <b>Track: </b> 0.71 km<br/>\n                    <b>FRP: </b> 6.14 MW<br/>\n                    <b>Brightness: </b> 328.25 K" }, "geometry": { "type": "Point", "coordinates": [ 33.32357, 52.11948 ] } },
{ "type": "Feature", "properties": { "sensor": "NOAA-21", "description": "<b>Latitude: </b> 51.99806<br/> \n                    <b>Longitude: </b> 34.23845<br/> \n                    <b>Detection Time: </b> 2026-09-30 11:45 UTC<br/> \n                    <b>Sensor: </b> NOAA-21 VIIRS<br/>\n                    <b>Confidence: </b> Nominal<br/> \n                    <b>Day/Night: </b> Day<br/>\n                    <b>Scan: </b> 0.66 km<br/>\n                    <b>Track: </b> 0.73 km<br/>\n                    <b>FRP: </b> 6.47 MW<br/>\n                    <b>Brightness: </b> 327.14 K" }, "geometry": { "type": "Point", "coordinates": [ 34.23845, 51.99806 ] } },
{ "type": "Feature", "properties": { "sensor": "NOAA-21", "description": "<b>Latitude: </b> 51.99652<br/> \n                    <b>Longitude: </b> 34.23747<br/> \n                    <b>Detection Time: </b> 2026-09-30 11:45 UTC<br/> \n                    <b>Sensor: </b> NOAA-21 VIIRS<br/>\n                    <b>Confidence: </b> Nominal<br/> \n                    <b>Day/Night: </b> Day<br/>\n                    <b>Scan: </b> 0.66 km<br/>\n                    <b>Track: </b> 0.73 km<br/>\n                    <b>FRP: </b> 10.18 MW<br/>\n                    <b>Brightness: </b> 335.71 K" }, "geometry": { "type": "Point", "coordinates": [ 34.23747, 51.99652 ] } },
{ "type": "Feature", "properties": { "sensor": "NOAA-21", "description": "<b>Latitude: </b> 51.71698<br/> \n                    <b>Longitude: </b> 35.05185<br/> \n                    <b>Detection Time: </b> 2026-09-30 11:45 UTC<br/> \n                    <b>Sensor: </b> NOAA-21 VIIRS<br/>\n                    <b>Confidence: </b> Nominal<br/> \n                    <b>Day/Night: </b> Day<br/>\n                    <b>Scan: </b> 0.72 km<br/>\n                    <b>Track: </b> 0.75 km<br/>\n                    <b>FRP: </b> 12.87 MW<br/>\n                    <b>Brightness: </b> 338.12 K" }, "geometry": { "type": "Point", "coordinates": [ 35.05185, 51.71698 ] } },
{ "type": "Feature", "properties": { "sensor": "NOAA-21", "description": "<b>Latitude: </b> 51.70689<br/> \n                    <b>Longitude: </b> 34.90539<br/> \n                    <b>Detection Time: </b> 2026-09-30 11:45 UTC<br/> \n                    <b>Sensor: </b> NOAA-21 VIIRS<br/>\n                    <b>Confidence: </b> Nominal<br/> \n                    <b>Day/Night: </b> Day<br/>\n                    <b>Scan: </b> 0.71 km<br/>\n                    <b>Track: </b> 0.75 km<br/>\n                    <b>FRP: </b> 5.76 MW<br/>\n                    <b>Brightness: </b> 331.85 K" }, "geometry": { "type": "Point", "coordinates": [ 34.90539, 51.70689 ] } },
{ "type": "Feature", "properties": { "sensor": "NOAA-21", "description": "<b>Latitude: </b> 51.70823<br/> \n                    <b>Longitude: </b> 34.90314<br/> \n                    <b>Detection Time: </b> 2026-09-30 11:45 UTC<br/> \n                    <b>Sensor: </b> NOAA-21 VIIRS<br/>\n                    <b>Confidence: </b> Nominal<br/> \n                    <b>Day/Night: </b> Day<br/>\n                    <b>Scan: </b> 0.71 km<br/>\n                    <b>Track: </b> 0.75 km<br/>\n                    <b>FRP: </b> 7.42 MW<br/>\n                    <b>Brightness: </b> 335.94 K" }, "geometry": { "type": "Point", "coordinates": [ 34.90314, 51.70823 ] } },
{ "type": "Feature", "properties": { "sensor": "NOAA-21", "description": "<b>Latitude: </b> 51.07013<br/> \n                    <b>Longitude: </b> 35.35019<br/> \n                    <b>Detection Time: </b> 2026-09-30 11:45 UTC<br/> \n                    <b>Sensor: </b> NOAA-21 VIIRS<br/>\n                    <b>Confidence: </b> Nominal<br/> \n                    <b>Day/Night: </b> Day<br/>\n                    <b>Scan: </b> 0.74 km<br/>\n                    <b>Track: </b> 0.76 km<br/>\n                    <b>FRP: </b> 10.45 MW<br/>\n                    <b>Brightness: </b> 341.02 K" }, "geometry": { "type": "Point", "coordinates": [ 35.35019, 51.07013 ] } },
{ "type": "Feature", "properties": { "sensor": "NOAA-21", "description": "<b>Latitude: </b> 50.88524<br/> \n                    <b>Longitude: </b> 28.49689<br/> \n                    <b>Detection Time: </b> 2026-09-30 11:45 UTC<br/> \n                    <b>Sensor: </b> NOAA-21 VIIRS<br/>\n                    <b>Confidence: </b> Nominal<br/> \n                    <b>Day/Night: </b> Day<br/>\n                    <b>Scan: </b> 0.37 km<br/>\n                    <b>Track: </b> 0.58 km<br/>\n                    <b>FRP: </b> 3.58 MW<br/>\n                    <b>Brightness: </b> 341.41 K" }, "geometry": { "type": "Point", "coordinates": [ 28.49689, 50.88524 ] } },
{ "type": "Feature", "properties": { "sensor": "NOAA-21", "description": "<b>Latitude: </b> 50.16642<br/> \n                    <b>Longitude: </b> 30.41195<br/> \n                    <b>Detection Time: </b> 2026-09-30 11:45 UTC<br/> \n                    <b>Sensor: </b> NOAA-21 VIIRS<br/>\n                    <b>Confidence: </b> Nominal<br/> \n                    <b>Day/Night: </b> Day<br/>\n                    <b>Scan: </b> 0.44 km<br/>\n                    <b>Track: </b> 0.62 km<br/>\n                    <b>FRP: </b> 2.91 MW<br/>\n                    <b>Brightness: </b> 334.03 K" }, "geometry": { "type": "Point", "coordinates": [ 30.41195, 50.16642 ] } },
{ "type": "Feature", "properties": { "sensor": "NOAA-21", "description": "<b>Latitude: </b> 49.92981<br/> \n                    <b>Longitude: </b> 29.9819<br/> \n                    <b>Detection Time: </b> 2026-09-30 11:45 UTC<br/> \n                    <b>Sensor: </b> NOAA-21 VIIRS<br/>\n                    <b>Confidence: </b> Nominal<br/> \n                    <b>Day/Night: </b> Day<br/>\n                    <b>Scan: </b> 0.42 km<br/>\n                    <b>Track: </b> 0.61 km<br/>\n                    <b>FRP: </b> 4.45 MW<br/>\n                    <b>Brightness: </b> 340.27 K" }, "geometry": { "type": "Point", "coordinates": [ 29.9819, 49.92981 ] } },
{ "type": "Feature", "properties": { "sensor": "NOAA-21", "description": "<b>Latitude: </b> 49.6258<br/> \n                    <b>Longitude: </b> 28.82175<br/> \n                    <b>Detection Time: </b> 2026-09-30 11:45 UTC<br/> \n                    <b>Sensor: </b> NOAA-21 VIIRS<br/>\n                    <b>Confidence: </b> Nominal<br/> \n                    <b>Day/Night: </b> Day<br/>\n                    <b>Scan: </b> 0.37 km<br/>\n                    <b>Track: </b> 0.58 km<br/>\n                    <b>FRP: </b> 4.22 MW<br/>\n                    <b>Brightness: </b> 332.56 K" }, "geometry": { "type": "Point", "coordinates": [ 28.82175, 49.6258 ] } },
{ "type": "Feature", "properties": { "sensor": "NOAA-21", "description": "<b>Latitude: </b> 49.38186<br/> \n                    <b>Longitude: </b> 32.07924<br/> \n                    <b>Detection Time: </b> 2026-09-30 11:45 UTC<br/> \n                    <b>Sensor: </b> NOAA-21 VIIRS<br/>\n                    <b>Confidence: </b> Nominal<br/> \n                    <b>Day/Night: </b> Day<br/>\n                    <b>Scan: </b> 0.52 km<br/>\n                    <b>Track: </b> 0.67 km<br/>\n                    <b>FRP: </b> 19.16 MW<br/>\n                    <b>Brightness: </b> 352.19 K" }, "geometry": { "type": "Point", "coordinates": [ 32.07924, 49.38186 ] } },
{ "type": "Feature", "properties": { "sensor": "NOAA-21", "description": "<b>Latitude: </b> 49.3819<br/> \n                    <b>Longitude: </b> 32.0866<br/> \n                    <b>Detection Time: </b> 2026-09-30 11:45 UTC<br/> \n                    <b>Sensor: </b> NOAA-21 VIIRS<br/>\n                    <b>Confidence: </b> Nominal<br/> \n                    <b>Day/Night: </b> Day<br/>\n                    <b>Scan: </b> 0.52 km<br/>\n                    <b>Track: </b> 0.67 km<br/>\n                    <b>FRP: </b> 19.16 MW<br/>\n                    <b>Brightness: </b> 349.01 K" }, "geometry": { "type": "Point", "coordinates": [ 32.0866, 49.3819 ] } },
{ "type": "Feature", "properties": { "sensor": "NOAA-21", "description": "<b>Latitude: </b> 47.72898<br/> \n                    <b>Longitude: </b> 30.17486<br/> \n                    <b>Detection Time: </b> 2026-09-30 11:45 UTC<br/> \n                    <b>Sensor: </b> NOAA-21 VIIRS<br/>\n                    <b>Confidence: </b> Nominal<br/> \n                    <b>Day/Night: </b> Day<br/>\n                    <b>Scan: </b> 0.42 km<br/>\n                    <b>Track: </b> 0.61 km<br/>\n                    <b>FRP: </b> 5.62 MW<br/>\n                    <b>Brightness: </b> 348.86 K" }, "geometry": { "type": "Point", "coordinates": [ 30.17486, 47.72898 ] } },
{ "type": "Feature", "properties": { "sensor": "NOAA-21", "description": "<b>Latitude: </b> 47.73176<br/> \n                    <b>Longitude: </b> 30.17738<br/> \n                    <b>Detection Time: </b> 2026-09-30 11:45 UTC<br/> \n                    <b>Sensor: </b> NOAA-21 VIIRS<br/>\n                    <b>Confidence: </b> Nominal<br/> \n                    <b>Day/Night: </b> Day<br/>\n                    <b>Scan: </b> 0.42 km<br/>\n                    <b>Track: </b> 0.61 km<br/>\n                    <b>FRP: </b> 3.87 MW<br/>\n                    <b>Brightness: </b> 337.78 K" }, "geometry": { "type": "Point", "coordinates": [ 30.17738, 47.73176 ] } },
{ "type": "Feature", "properties": { "sensor": "NOAA-21", "description": "<b>Latitude: </b> 47.72611<br/> \n                    <b>Longitude: </b> 30.17731<br/> \n                    <b>Detection Time: </b> 2026-09-30 11:45 UTC<br/> \n                    <b>Sensor: </b> NOAA-21 VIIRS<br/>\n                    <b>Confidence: </b> Nominal<br/> \n                    <b>Day/Night: </b> Day<br/>\n                    <b>Scan: </b> 0.42 km<br/>\n                    <b>Track: </b> 0.61 km<br/>\n                    <b>FRP: </b> 3.87 MW<br/>\n                    <b>Brightness: </b> 336.46 K" }, "geometry": { "type": "Point", "coordinates": [ 30.17731, 47.72611 ] } },
{ "type": "Feature", "properties": { "sensor": "NOAA-21", "description": "<b>Latitude: </b> 46.94043<br/> \n                    <b>Longitude: </b> 30.12065<br/> \n                    <b>Detection Time: </b> 2026-09-30 11:45 UTC<br/> \n                    <b>Sensor: </b> NOAA-21 VIIRS<br/>\n                    <b>Confidence: </b> Nominal<br/> \n                    <b>Day/Night: </b> Day<br/>\n                    <b>Scan: </b> 0.41 km<br/>\n                    <b>Track: </b> 0.61 km<br/>\n                    <b>FRP: </b> 4.12 MW<br/>\n                    <b>Brightness: </b> 329.8 K" }, "geometry": { "type": "Point", "coordinates": [ 30.12065, 46.94043 ] } },
{ "type": "Feature", "properties": { "sensor": "NOAA-21", "description": "<b>Latitude: </b> 46.93452<br/> \n                    <b>Longitude: </b> 30.11037<br/> \n                    <b>Detection Time: </b> 2026-09-30 11:45 UTC<br/> \n                    <b>Sensor: </b> NOAA-21 VIIRS<br/>\n                    <b>Confidence: </b> Nominal<br/> \n                    <b>Day/Night: </b> Day<br/>\n                    <b>Scan: </b> 0.41 km<br/>\n                    <b>Track: </b> 0.61 km<br/>\n                    <b>FRP: </b> 2.43 MW<br/>\n                    <b>Brightness: </b> 327.9 K" }, "geometry": { "type": "Point", "coordinates": [ 30.11037, 46.93452 ] } },
{ "type": "Feature", "properties": { "sensor": "NOAA-21", "description": "<b>Latitude: </b> 46.88422<br/> \n                    <b>Longitude: </b> 34.6916<br/> \n                    <b>Detection Time: </b> 2026-09-30 11:45 UTC<br/> \n                    <b>Sensor: </b> NOAA-21 VIIRS<br/>\n                    <b>Confidence: </b> Nominal<br/> \n                    <b>Day/Night: </b> Day<br/>\n                    <b>Scan: </b> 0.68 km<br/>\n                    <b>Track: </b> 0.74 km<br/>\n                    <b>FRP: </b> 5.96 MW<br/>\n                    <b>Brightness: </b> 328.21 K" }, "geometry": { "type": "Point", "coordinates": [ 34.6916, 46.88422 ] } },
{ "type": "Feature", "properties": { "sensor": "NOAA-21", "description": "<b>Latitude: </b> 46.86315<br/> \n                    <b>Longitude: </b> 34.6644<br/> \n                    <b>Detection Time: </b> 2026-09-30 11:45 UTC<br/> \n                    <b>Sensor: </b> NOAA-21 VIIRS<br/>\n                    <b>Confidence: </b> Nominal<br/> \n                    <b>Day/Night: </b> Day<br/>\n                    <b>Scan: </b> 0.68 km<br/>\n                    <b>Track: </b> 0.74 km<br/>\n                    <b>FRP: </b> 9.02 MW<br/>\n                    <b>Brightness: </b> 330.59 K" }, "geometry": { "type": "Point", "coordinates": [ 34.6644, 46.86315 ] } },
{ "type": "Feature", "properties": { "sensor": "NOAA-21", "description": "<b>Latitude: </b> 46.8631<br/> \n                    <b>Longitude: </b> 34.67335<br/> \n                    <b>Detection Time: </b> 2026-09-30 11:45 UTC<br/> \n                    <b>Sensor: </b> NOAA-21 VIIRS<br/>\n                    <b>Confidence: </b> Nominal<br/> \n                    <b>Day/Night: </b> Day<br/>\n                    <b>Scan: </b> 0.68 km<br/>\n                    <b>Track: </b> 0.74 km<br/>\n                    <b>FRP: </b> 9.02 MW<br/>\n                    <b>Brightness: </b> 336.39 K" }, "geometry": { "type": "Point", "coordinates": [ 34.67335, 46.8631 ] } },
{ "type": "Feature", "properties": { "sensor": "NOAA-21", "description": "<b>Latitude: </b> 46.24132<br/> \n                    <b>Longitude: </b> 33.68283<br/> \n                    <b>Detection Time: </b> 2026-09-30 11:45 UTC<br/> \n                    <b>Sensor: </b> NOAA-21 VIIRS<br/>\n                    <b>Confidence: </b> Nominal<br/> \n                    <b>Day/Night: </b> Day<br/>\n                    <b>Scan: </b> 0.61 km<br/>\n                    <b>Track: </b> 0.71 km<br/>\n                    <b>FRP: </b> 26.54 MW<br/>\n                    <b>Brightness: </b> 326.4 K" }, "geometry": { "type": "Point", "coordinates": [ 33.68283, 46.24132 ] } },
{ "type": "Feature", "properties": { "sensor": "NOAA-21", "description": "<b>Latitude: </b> 46.24133<br/> \n                    <b>Longitude: </b> 33.69073<br/> \n                    <b>Detection Time: </b> 2026-09-30 11:45 UTC<br/> \n                    <b>Sensor: </b> NOAA-21 VIIRS<br/>\n                    <b>Confidence: </b> High<br/> \n                    <b>Day/Night: </b> Day<br/>\n                    <b>Scan: </b> 0.61 km<br/>\n                    <b>Track: </b> 0.71 km<br/>\n                    <b>FRP: </b> 26.54 MW<br/>\n                    <b>Brightness: </b> 367 K" }, "geometry": { "type": "Point", "coordinates": [ 33.69073, 46.24133 ] } },
{ "type": "Feature", "properties": { "sensor": "NOAA-21", "description": "<b>Latitude: </b> 46.1606<br/> \n                    <b>Longitude: </b> 30.25138<br/> \n                    <b>Detection Time: </b> 2026-09-30 11:45 UTC<br/> \n                    <b>Sensor: </b> NOAA-21 VIIRS<br/>\n                    <b>Confidence: </b> High<br/> \n                    <b>Day/Night: </b> Day<br/>\n                    <b>Scan: </b> 0.41 km<br/>\n                    <b>Track: </b> 0.61 km<br/>\n                    <b>FRP: </b> 7.02 MW<br/>\n                    <b>Brightness: </b> 367 K" }, "geometry": { "type": "Point", "coordinates": [ 30.25138, 46.1606 ] } },
{ "type": "Feature", "properties": { "sensor": "NOAA-21", "description": "<b>Latitude: </b> 46.24244<br/> \n                    <b>Longitude: </b> 33.68332<br/> \n                    <b>Detection Time: </b> 2026-09-30 11:45 UTC<br/> \n                    <b>Sensor: </b> NOAA-21 VIIRS<br/>\n                    <b>Confidence: </b> Nominal<br/> \n                    <b>Day/Night: </b> Day<br/>\n                    <b>Scan: </b> 0.61 km<br/>\n                    <b>Track: </b> 0.71 km<br/>\n                    <b>FRP: </b> 27.8 MW<br/>\n                    <b>Brightness: </b> 333.97 K" }, "geometry": { "type": "Point", "coordinates": [ 33.68332, 46.24244 ] } },
{ "type": "Feature", "properties": { "sensor": "NOAA-21", "description": "<b>Latitude: </b> 46.24248<br/> \n                    <b>Longitude: </b> 33.69125<br/> \n                    <b>Detection Time: </b> 2026-09-30 11:45 UTC<br/> \n                    <b>Sensor: </b> NOAA-21 VIIRS<br/>\n                    <b>Confidence: </b> High<br/> \n                    <b>Day/Night: </b> Day<br/>\n                    <b>Scan: </b> 0.61 km<br/>\n                    <b>Track: </b> 0.71 km<br/>\n                    <b>FRP: </b> 43.32 MW<br/>\n                    <b>Brightness: </b> 367 K" }, "geometry": { "type": "Point", "coordinates": [ 33.69125, 46.24248 ] } },
{ "type": "Feature", "properties": { "sensor": "NOAA-21", "description": "<b>Latitude: </b> 46.15681<br/> \n                    <b>Longitude: </b> 30.24879<br/> \n                    <b>Detection Time: </b> 2026-09-30 11:45 UTC<br/> \n                    <b>Sensor: </b> NOAA-21 VIIRS<br/>\n                    <b>Confidence: </b> Nominal<br/> \n                    <b>Day/Night: </b> Day<br/>\n                    <b>Scan: </b> 0.41 km<br/>\n                    <b>Track: </b> 0.61 km<br/>\n                    <b>FRP: </b> 16.74 MW<br/>\n                    <b>Brightness: </b> 355.08 K" }, "geometry": { "type": "Point", "coordinates": [ 30.24879, 46.15681 ] } },
{ "type": "Feature", "properties": { "sensor": "NOAA-21", "description": "<b>Latitude: </b> 46.15699<br/> \n                    <b>Longitude: </b> 30.25419<br/> \n                    <b>Detection Time: </b> 2026-09-30 11:45 UTC<br/> \n                    <b>Sensor: </b> NOAA-21 VIIRS<br/>\n                    <b>Confidence: </b> Nominal<br/> \n                    <b>Day/Night: </b> Day<br/>\n                    <b>Scan: </b> 0.41 km<br/>\n                    <b>Track: </b> 0.61 km<br/>\n                    <b>FRP: </b> 12.84 MW<br/>\n                    <b>Brightness: </b> 338.28 K" }, "geometry": { "type": "Point", "coordinates": [ 30.25419, 46.15699 ] } },
{ "type": "Feature", "properties": { "sensor": "NOAA-21", "description": "<b>Latitude: </b> 45.88541<br/> \n                    <b>Longitude: </b> 29.91959<br/> \n                    <b>Detection Time: </b> 2026-09-30 11:45 UTC<br/> \n                    <b>Sensor: </b> NOAA-21 VIIRS<br/>\n                    <b>Confidence: </b> Nominal<br/> \n                    <b>Day/Night: </b> Day<br/>\n                    <b>Scan: </b> 0.39 km<br/>\n                    <b>Track: </b> 0.6 km<br/>\n                    <b>FRP: </b> 3.52 MW<br/>\n                    <b>Brightness: </b> 335.88 K" }, "geometry": { "type": "Point", "coordinates": [ 29.91959, 45.88541 ] } },
{ "type": "Feature", "properties": { "sensor": "NOAA-21", "description": "<b>Latitude: </b> 45.81882<br/> \n                    <b>Longitude: </b> 29.03222<br/> \n                    <b>Detection Time: </b> 2026-09-30 11:45 UTC<br/> \n                    <b>Sensor: </b> NOAA-21 VIIRS<br/>\n                    <b>Confidence: </b> Nominal<br/> \n                    <b>Day/Night: </b> Day<br/>\n                    <b>Scan: </b> 0.36 km<br/>\n                    <b>Track: </b> 0.57 km<br/>\n                    <b>FRP: </b> 2.53 MW<br/>\n                    <b>Brightness: </b> 331.29 K" }, "geometry": { "type": "Point", "coordinates": [ 29.03222, 45.81882 ] } },
{ "type": "Feature", "properties": { "sensor": "NOAA-21", "description": "<b>Latitude: </b> 45.63198<br/> \n                    <b>Longitude: </b> 28.84872<br/> \n                    <b>Detection Time: </b> 2026-09-30 11:42 UTC<br/> \n                    <b>Sensor: </b> NOAA-21 VIIRS<br/>\n                    <b>Confidence: </b> Nominal<br/> \n                    <b>Day/Night: </b> Day<br/>\n                    <b>Scan: </b> 0.35 km<br/>\n                    <b>Track: </b> 0.57 km<br/>\n                    <b>FRP: </b> 7.27 MW<br/>\n                    <b>Brightness: </b> 337.16 K" }, "geometry": { "type": "Point", "coordinates": [ 28.84872, 45.63198 ] } },
{ "type": "Feature", "properties": { "sensor": "NOAA-21", "description": "<b>Latitude: </b> 45.63178<br/> \n                    <b>Longitude: </b> 28.84439<br/> \n                    <b>Detection Time: </b> 2026-09-30 11:42 UTC<br/> \n                    <b>Sensor: </b> NOAA-21 VIIRS<br/>\n                    <b>Confidence: </b> High<br/> \n                    <b>Day/Night: </b> Day<br/>\n                    <b>Scan: </b> 0.35 km<br/>\n                    <b>Track: </b> 0.57 km<br/>\n                    <b>FRP: </b> 8.85 MW<br/>\n                    <b>Brightness: </b> 367 K" }, "geometry": { "type": "Point", "coordinates": [ 28.84439, 45.63178 ] } },
{ "type": "Feature", "properties": { "sensor": "NOAA-21", "description": "<b>Latitude: </b> 59.38514<br/> \n                    <b>Longitude: </b> 28.45981<br/> \n                    <b>Detection Time: </b> 2026-09-30 10:06 UTC<br/> \n                    <b>Sensor: </b> NOAA-21 VIIRS<br/>\n                    <b>Confidence: </b> Nominal<br/> \n                    <b>Day/Night: </b> Day<br/>\n                    <b>Scan: </b> 0.46 km<br/>\n                    <b>Track: </b> 0.39 km<br/>\n                    <b>FRP: </b> 3.53 MW<br/>\n                    <b>Brightness: </b> 325.37 K" }, "geometry": { "type": "Point", "coordinates": [ 28.45981, 59.38514 ] } },
{ "type": "Feature", "properties": { "sensor": "NOAA-21", "description": "<b>Latitude: </b> 59.53086<br/> \n                    <b>Longitude: </b> 34.14638<br/> \n                    <b>Detection Time: </b> 2026-09-30 10:06 UTC<br/> \n                    <b>Sensor: </b> NOAA-21 VIIRS<br/>\n                    <b>Confidence: </b> Nominal<br/> \n                    <b>Day/Night: </b> Day<br/>\n                    <b>Scan: </b> 0.38 km<br/>\n                    <b>Track: </b> 0.36 km<br/>\n                    <b>FRP: </b> 5.45 MW<br/>\n                    <b>Brightness: </b> 333.87 K" }, "geometry": { "type": "Point", "coordinates": [ 34.14638, 59.53086 ] } },
{ "type": "Feature", "properties": { "sensor": "NOAA-21", "description": "<b>Latitude: </b> 59.146<br/> \n                    <b>Longitude: </b> 37.82612<br/> \n                    <b>Detection Time: </b> 2026-09-30 10:06 UTC<br/> \n                    <b>Sensor: </b> NOAA-21 VIIRS<br/>\n                    <b>Confidence: </b> Nominal<br/> \n                    <b>Day/Night: </b> Day<br/>\n                    <b>Scan: </b> 0.4 km<br/>\n                    <b>Track: </b> 0.37 km<br/>\n                    <b>FRP: </b> 1.69 MW<br/>\n                    <b>Brightness: </b> 328.77 K" }, "geometry": { "type": "Point", "coordinates": [ 37.82612, 59.146 ] } },
{ "type": "Feature", "properties": { "sensor": "NOAA-21", "description": "<b>Latitude: </b> 59.13062<br/> \n                    <b>Longitude: </b> 37.79023<br/> \n                    <b>Detection Time: </b> 2026-09-30 10:06 UTC<br/> \n                    <b>Sensor: </b> NOAA-21 VIIRS<br/>\n                    <b>Confidence: </b> Nominal<br/> \n                    <b>Day/Night: </b> Day<br/>\n                    <b>Scan: </b> 0.4 km<br/>\n                    <b>Track: </b> 0.37 km<br/>\n                    <b>FRP: </b> 4.74 MW<br/>\n                    <b>Brightness: </b> 329.66 K" }, "geometry": { "type": "Point", "coordinates": [ 37.79023, 59.13062 ] } },
{ "type": "Feature", "properties": { "sensor": "NOAA-21", "description": "<b>Latitude: </b> 51.63559<br/> \n                    <b>Longitude: </b> 58.43689<br/> \n                    <b>Detection Time: </b> 2026-09-30 10:04 UTC<br/> \n                    <b>Sensor: </b> NOAA-21 VIIRS<br/>\n                    <b>Confidence: </b> High<br/> \n                    <b>Day/Night: </b> Day<br/>\n                    <b>Scan: </b> 0.59 km<br/>\n                    <b>Track: </b> 0.7 km<br/>\n                    <b>FRP: </b> 15.05 MW<br/>\n                    <b>Brightness: </b> 367 K" }, "geometry": { "type": "Point", "coordinates": [ 58.43689, 51.63559 ] } },
{ "type": "Feature", "properties": { "sensor": "NOAA-21", "description": "<b>Latitude: </b> 51.63566<br/> \n                    <b>Longitude: </b> 58.42857<br/> \n                    <b>Detection Time: </b> 2026-09-30 10:04 UTC<br/> \n                    <b>Sensor: </b> NOAA-21 VIIRS<br/>\n                    <b>Confidence: </b> Nominal<br/> \n                    <b>Day/Night: </b> Day<br/>\n                    <b>Scan: </b> 0.59 km<br/>\n                    <b>Track: </b> 0.7 km<br/>\n                    <b>FRP: </b> 15.05 MW<br/>\n                    <b>Brightness: </b> 353.64 K" }, "geometry": { "type": "Point", "coordinates": [ 58.42857, 51.63566 ] } },
{ "type": "Feature", "properties": { "sensor": "NOAA-21", "description": "<b>Latitude: </b> 51.6358<br/> \n                    <b>Longitude: </b> 58.41179<br/> \n                    <b>Detection Time: </b> 2026-09-30 10:04 UTC<br/> \n                    <b>Sensor: </b> NOAA-21 VIIRS<br/>\n                    <b>Confidence: </b> Nominal<br/> \n                    <b>Day/Night: </b> Day<br/>\n                    <b>Scan: </b> 0.58 km<br/>\n                    <b>Track: </b> 0.7 km<br/>\n                    <b>FRP: </b> 19.82 MW<br/>\n                    <b>Brightness: </b> 341.33 K" }, "geometry": { "type": "Point", "coordinates": [ 58.41179, 51.6358 ] } },
{ "type": "Feature", "properties": { "sensor": "NOAA-21", "description": "<b>Latitude: </b> 57.59763<br/> \n                    <b>Longitude: </b> 36.41082<br/> \n                    <b>Detection Time: </b> 2026-09-30 10:04 UTC<br/> \n                    <b>Sensor: </b> NOAA-21 VIIRS<br/>\n                    <b>Confidence: </b> Nominal<br/> \n                    <b>Day/Night: </b> Day<br/>\n                    <b>Scan: </b> 0.38 km<br/>\n                    <b>Track: </b> 0.36 km<br/>\n                    <b>FRP: </b> 1.88 MW<br/>\n                    <b>Brightness: </b> 326.26 K" }, "geometry": { "type": "Point", "coordinates": [ 36.41082, 57.59763 ] } },
{ "type": "Feature", "properties": { "sensor": "NOAA-21", "description": "<b>Latitude: </b> 57.01037<br/> \n                    <b>Longitude: </b> 34.68186<br/> \n                    <b>Detection Time: </b> 2026-09-30 10:04 UTC<br/> \n                    <b>Sensor: </b> NOAA-21 VIIRS<br/>\n                    <b>Confidence: </b> Nominal<br/> \n                    <b>Day/Night: </b> Day<br/>\n                    <b>Scan: </b> 0.39 km<br/>\n                    <b>Track: </b> 0.36 km<br/>\n                    <b>FRP: </b> 2.86 MW<br/>\n                    <b>Brightness: </b> 326.72 K" }, "geometry": { "type": "Point", "coordinates": [ 34.68186, 57.01037 ] } },
{ "type": "Feature", "properties": { "sensor": "NOAA-21", "description": "<b>Latitude: </b> 58.39337<br/> \n                    <b>Longitude: </b> 58.32997<br/> \n                    <b>Detection Time: </b> 2026-09-30 10:04 UTC<br/> \n                    <b>Sensor: </b> NOAA-21 VIIRS<br/>\n                    <b>Confidence: </b> Nominal<br/> \n                    <b>Day/Night: </b> Day<br/>\n                    <b>Scan: </b> 0.59 km<br/>\n                    <b>Track: </b> 0.7 km<br/>\n                    <b>FRP: </b> 5.22 MW<br/>\n                    <b>Brightness: </b> 326.72 K" }, "geometry": { "type": "Point", "coordinates": [ 58.32997, 58.39337 ] } },
{ "type": "Feature", "properties": { "sensor": "NOAA-21", "description": "<b>Latitude: </b> 56.27956<br/> \n                    <b>Longitude: </b> 38.82951<br/> \n                    <b>Detection Time: </b> 2026-09-30 10:04 UTC<br/> \n                    <b>Sensor: </b> NOAA-21 VIIRS<br/>\n                    <b>Confidence: </b> Nominal<br/> \n                    <b>Day/Night: </b> Day<br/>\n                    <b>Scan: </b> 0.39 km<br/>\n                    <b>Track: </b> 0.36 km<br/>\n                    <b>FRP: </b> 3.15 MW<br/>\n                    <b>Brightness: </b> 328.19 K" }, "geometry": { "type": "Point", "coordinates": [ 38.82951, 56.27956 ] } },
{ "type": "Feature", "properties": { "sensor": "NOAA-21", "description": "<b>Latitude: </b> 55.11091<br/> \n                    <b>Longitude: </b> 33.60097<br/> \n                    <b>Detection Time: </b> 2026-09-30 10:04 UTC<br/> \n                    <b>Sensor: </b> NOAA-21 VIIRS<br/>\n                    <b>Confidence: </b> Nominal<br/> \n                    <b>Day/Night: </b> Day<br/>\n                    <b>Scan: </b> 0.42 km<br/>\n                    <b>Track: </b> 0.38 km<br/>\n                    <b>FRP: </b> 7.71 MW<br/>\n                    <b>Brightness: </b> 334.16 K" }, "geometry": { "type": "Point", "coordinates": [ 33.60097, 55.11091 ] } },
{ "type": "Feature", "properties": { "sensor": "NOAA-21", "description": "<b>Latitude: </b> 56.09941<br/> \n                    <b>Longitude: </b> 41.25957<br/> \n                    <b>Detection Time: </b> 2026-09-30 10:04 UTC<br/> \n                    <b>Sensor: </b> NOAA-21 VIIRS<br/>\n                    <b>Confidence: </b> Nominal<br/> \n                    <b>Day/Night: </b> Day<br/>\n                    <b>Scan: </b> 0.43 km<br/>\n                    <b>Track: </b> 0.38 km<br/>\n                    <b>FRP: </b> 9.32 MW<br/>\n                    <b>Brightness: </b> 327.79 K" }, "geometry": { "type": "Point", "coordinates": [ 41.25957, 56.09941 ] } },
{ "type": "Feature", "properties": { "sensor": "NOAA-21", "description": "<b>Latitude: </b> 56.32089<br/> \n                    <b>Longitude: </b> 43.43144<br/> \n                    <b>Detection Time: </b> 2026-09-30 10:04 UTC<br/> \n                    <b>Sensor: </b> NOAA-21 VIIRS<br/>\n                    <b>Confidence: </b> Nominal<br/> \n                    <b>Day/Night: </b> Day<br/>\n                    <b>Scan: </b> 0.49 km<br/>\n                    <b>Track: </b> 0.4 km<br/>\n                    <b>FRP: </b> 2.85 MW<br/>\n                    <b>Brightness: </b> 327.23 K" }, "geometry": { "type": "Point", "coordinates": [ 43.43144, 56.32089 ] } },
{ "type": "Feature", "properties": { "sensor": "NOAA-21", "description": "<b>Latitude: </b> 56.76835<br/> \n                    <b>Longitude: </b> 60.81318<br/> \n                    <b>Detection Time: </b> 2026-09-30 10:04 UTC<br/> \n                    <b>Sensor: </b> NOAA-21 VIIRS<br/>\n                    <b>Confidence: </b> Nominal<br/> \n                    <b>Day/Night: </b> Day<br/>\n                    <b>Scan: </b> 0.73 km<br/>\n                    <b>Track: </b> 0.76 km<br/>\n                    <b>FRP: </b> 5.58 MW<br/>\n                    <b>Brightness: </b> 326.91 K" }, "geometry": { "type": "Point", "coordinates": [ 60.81318, 56.76835 ] } },
{ "type": "Feature", "properties": { "sensor": "NOAA-21", "description": "<b>Latitude: </b> 56.11055<br/> \n                    <b>Longitude: </b> 41.91441<br/> \n                    <b>Detection Time: </b> 2026-09-30 10:04 UTC<br/> \n                    <b>Sensor: </b> NOAA-21 VIIRS<br/>\n                    <b>Confidence: </b> Nominal<br/> \n                    <b>Day/Night: </b> Day<br/>\n                    <b>Scan: </b> 0.44 km<br/>\n                    <b>Track: </b> 0.39 km<br/>\n                    <b>FRP: </b> 5.93 MW<br/>\n                    <b>Brightness: </b> 330.7 K" }, "geometry": { "type": "Point", "coordinates": [ 41.91441, 56.11055 ] } },
{ "type": "Feature", "properties": { "sensor": "NOAA-21", "description": "<b>Latitude: </b> 56.09047<br/> \n                    <b>Longitude: </b> 41.8931<br/> \n                    <b>Detection Time: </b> 2026-09-30 10:04 UTC<br/> \n                    <b>Sensor: </b> NOAA-21 VIIRS<br/>\n                    <b>Confidence: </b> Nominal<br/> \n                    <b>Day/Night: </b> Day<br/>\n                    <b>Scan: </b> 0.44 km<br/>\n                    <b>Track: </b> 0.39 km<br/>\n                    <b>FRP: </b> 8.57 MW<br/>\n                    <b>Brightness: </b> 342.67 K" }, "geometry": { "type": "Point", "coordinates": [ 41.8931, 56.09047 ] } },
{ "type": "Feature", "properties": { "sensor": "NOAA-21", "description": "<b>Latitude: </b> 56.23419<br/> \n                    <b>Longitude: </b> 43.23465<br/> \n                    <b>Detection Time: </b> 2026-09-30 10:04 UTC<br/> \n                    <b>Sensor: </b> NOAA-21 VIIRS<br/>\n                    <b>Confidence: </b> Nominal<br/> \n                    <b>Day/Night: </b> Day<br/>\n                    <b>Scan: </b> 0.48 km<br/>\n                    <b>Track: </b> 0.4 km<br/>\n                    <b>FRP: </b> 4.04 MW<br/>\n                    <b>Brightness: </b> 325.78 K" }, "geometry": { "type": "Point", "coordinates": [ 43.23465, 56.23419 ] } },
{ "type": "Feature", "properties": { "sensor": "NOAA-21", "description": "<b>Latitude: </b> 56.05713<br/> \n                    <b>Longitude: </b> 41.92<br/> \n                    <b>Detection Time: </b> 2026-09-30 10:04 UTC<br/> \n                    <b>Sensor: </b> NOAA-21 VIIRS<br/>\n                    <b>Confidence: </b> Nominal<br/> \n                    <b>Day/Night: </b> Day<br/>\n                    <b>Scan: </b> 0.44 km<br/>\n                    <b>Track: </b> 0.39 km<br/>\n                    <b>FRP: </b> 2.9 MW<br/>\n                    <b>Brightness: </b> 328.43 K" }, "geometry": { "type": "Point", "coordinates": [ 41.92, 56.05713 ] } },
{ "type": "Feature", "properties": { "sensor": "NOAA-21", "description": "<b>Latitude: </b> 54.86724<br/> \n                    <b>Longitude: </b> 36.79385<br/> \n                    <b>Detection Time: </b> 2026-09-30 10:04 UTC<br/> \n                    <b>Sensor: </b> NOAA-21 VIIRS<br/>\n                    <b>Confidence: </b> Nominal<br/> \n                    <b>Day/Night: </b> Day<br/>\n                    <b>Scan: </b> 0.39 km<br/>\n                    <b>Track: </b> 0.36 km<br/>\n                    <b>FRP: </b> 3.6 MW<br/>\n                    <b>Brightness: </b> 334.45 K" }, "geometry": { "type": "Point", "coordinates": [ 36.79385, 54.86724 ] } },
{ "type": "Feature", "properties": { "sensor": "NOAA-21", "description": "<b>Latitude: </b> 55.40844<br/> \n                    <b>Longitude: </b> 42.32951<br/> \n                    <b>Detection Time: </b> 2026-09-30 10:04 UTC<br/> \n                    <b>Sensor: </b> NOAA-21 VIIRS<br/>\n                    <b>Confidence: </b> Nominal<br/> \n                    <b>Day/Night: </b> Day<br/>\n                    <b>Scan: </b> 0.45 km<br/>\n                    <b>Track: </b> 0.39 km<br/>\n                    <b>FRP: </b> 3.95 MW<br/>\n                    <b>Brightness: </b> 327.77 K" }, "geometry": { "type": "Point", "coordinates": [ 42.32951, 55.40844 ] } },
{ "type": "Feature", "properties": { "sensor": "NOAA-21", "description": "<b>Latitude: </b> 55.40922<br/> \n                    <b>Longitude: </b> 42.33648<br/> \n                    <b>Detection Time: </b> 2026-09-30 10:04 UTC<br/> \n                    <b>Sensor: </b> NOAA-21 VIIRS<br/>\n                    <b>Confidence: </b> Nominal<br/> \n                    <b>Day/Night: </b> Day<br/>\n                    <b>Scan: </b> 0.45 km<br/>\n                    <b>Track: </b> 0.39 km<br/>\n                    <b>FRP: </b> 4.06 MW<br/>\n                    <b>Brightness: </b> 327.52 K" }, "geometry": { "type": "Point", "coordinates": [ 42.33648, 55.40922 ] } },
{ "type": "Feature", "properties": { "sensor": "NOAA-21", "description": "<b>Latitude: </b> 55.18224<br/> \n                    <b>Longitude: </b> 40.75893<br/> \n                    <b>Detection Time: </b> 2026-09-30 10:04 UTC<br/> \n                    <b>Sensor: </b> NOAA-21 VIIRS<br/>\n                    <b>Confidence: </b> Nominal<br/> \n                    <b>Day/Night: </b> Day<br/>\n                    <b>Scan: </b> 0.41 km<br/>\n                    <b>Track: </b> 0.37 km<br/>\n                    <b>FRP: </b> 4.31 MW<br/>\n                    <b>Brightness: </b> 329.58 K" }, "geometry": { "type": "Point", "coordinates": [ 40.75893, 55.18224 ] } },
{ "type": "Feature", "properties": { "sensor": "NOAA-21", "description": "<b>Latitude: </b> 55.17551<br/> \n                    <b>Longitude: </b> 40.76157<br/> \n                    <b>Detection Time: </b> 2026-09-30 10:04 UTC<br/> \n                    <b>Sensor: </b> NOAA-21 VIIRS<br/>\n                    <b>Confidence: </b> Nominal<br/> \n                    <b>Day/Night: </b> Day<br/>\n                    <b>Scan: </b> 0.41 km<br/>\n                    <b>Track: </b> 0.37 km<br/>\n                    <b>FRP: </b> 7.64 MW<br/>\n                    <b>Brightness: </b> 328.34 K" }, "geometry": { "type": "Point", "coordinates": [ 40.76157, 55.17551 ] } },
{ "type": "Feature", "properties": { "sensor": "NOAA-21", "description": "<b>Latitude: </b> 55.17296<br/> \n                    <b>Longitude: </b> 40.76926<br/> \n                    <b>Detection Time: </b> 2026-09-30 10:04 UTC<br/> \n                    <b>Sensor: </b> NOAA-21 VIIRS<br/>\n                    <b>Confidence: </b> Nominal<br/> \n                    <b>Day/Night: </b> Day<br/>\n                    <b>Scan: </b> 0.41 km<br/>\n                    <b>Track: </b> 0.37 km<br/>\n                    <b>FRP: </b> 7.64 MW<br/>\n                    <b>Brightness: </b> 343.59 K" }, "geometry": { "type": "Point", "coordinates": [ 40.76926, 55.17296 ] } },
{ "type": "Feature", "properties": { "sensor": "NOAA-21", "description": "<b>Latitude: </b> 55.17041<br/> \n                    <b>Longitude: </b> 40.77695<br/> \n                    <b>Detection Time: </b> 2026-09-30 10:04 UTC<br/> \n                    <b>Sensor: </b> NOAA-21 VIIRS<br/>\n                    <b>Confidence: </b> Nominal<br/> \n                    <b>Day/Night: </b> Day<br/>\n                    <b>Scan: </b> 0.41 km<br/>\n                    <b>Track: </b> 0.37 km<br/>\n                    <b>FRP: </b> 1.92 MW<br/>\n                    <b>Brightness: </b> 327.08 K" }, "geometry": { "type": "Point", "coordinates": [ 40.77695, 55.17041 ] } },
{ "type": "Feature", "properties": { "sensor": "NOAA-21", "description": "<b>Latitude: </b> 55.35785<br/> \n                    <b>Longitude: </b> 42.48598<br/> \n                    <b>Detection Time: </b> 2026-09-30 10:04 UTC<br/> \n                    <b>Sensor: </b> NOAA-21 VIIRS<br/>\n                    <b>Confidence: </b> Nominal<br/> \n                    <b>Day/Night: </b> Day<br/>\n                    <b>Scan: </b> 0.45 km<br/>\n                    <b>Track: </b> 0.39 km<br/>\n                    <b>FRP: </b> 4.76 MW<br/>\n                    <b>Brightness: </b> 327.05 K" }, "geometry": { "type": "Point", "coordinates": [ 42.48598, 55.35785 ] } },
{ "type": "Feature", "properties": { "sensor": "NOAA-21", "description": "<b>Latitude: </b> 55.16602<br/> \n                    <b>Longitude: </b> 40.99375<br/> \n                    <b>Detection Time: </b> 2026-09-30 10:04 UTC<br/> \n                    <b>Sensor: </b> NOAA-21 VIIRS<br/>\n                    <b>Confidence: </b> Nominal<br/> \n                    <b>Day/Night: </b> Day<br/>\n                    <b>Scan: </b> 0.41 km<br/>\n                    <b>Track: </b> 0.37 km<br/>\n                    <b>FRP: </b> 3.64 MW<br/>\n                    <b>Brightness: </b> 330.4 K" }, "geometry": { "type": "Point", "coordinates": [ 40.99375, 55.16602 ] } },
{ "type": "Feature", "properties": { "sensor": "NOAA-21", "description": "<b>Latitude: </b> 53.80064<br/> \n                    <b>Longitude: </b> 33.57423<br/> \n                    <b>Detection Time: </b> 2026-09-30 10:04 UTC<br/> \n                    <b>Sensor: </b> NOAA-21 VIIRS<br/>\n                    <b>Confidence: </b> Nominal<br/> \n                    <b>Day/Night: </b> Day<br/>\n                    <b>Scan: </b> 0.44 km<br/>\n                    <b>Track: </b> 0.38 km<br/>\n                    <b>FRP: </b> 8.42 MW<br/>\n                    <b>Brightness: </b> 330.25 K" }, "geometry": { "type": "Point", "coordinates": [ 33.57423, 53.80064 ] } },
{ "type": "Feature", "properties": { "sensor": "NOAA-21", "description": "<b>Latitude: </b> 54.79252<br/> \n                    <b>Longitude: </b> 41.21242<br/> \n                    <b>Detection Time: </b> 2026-09-30 10:04 UTC<br/> \n                    <b>Sensor: </b> NOAA-21 VIIRS<br/>\n                    <b>Confidence: </b> Nominal<br/> \n                    <b>Day/Night: </b> Day<br/>\n                    <b>Scan: </b> 0.42 km<br/>\n                    <b>Track: </b> 0.37 km<br/>\n                    <b>FRP: </b> 5.66 MW<br/>\n                    <b>Brightness: </b> 327.43 K" }, "geometry": { "type": "Point", "coordinates": [ 41.21242, 54.79252 ] } },
{ "type": "Feature", "properties": { "sensor": "NOAA-21", "description": "<b>Latitude: </b> 54.78592<br/> \n                    <b>Longitude: </b> 41.18816<br/> \n                    <b>Detection Time: </b> 2026-09-30 10:04 UTC<br/> \n                    <b>Sensor: </b> NOAA-21 VIIRS<br/>\n                    <b>Confidence: </b> Nominal<br/> \n                    <b>Day/Night: </b> Day<br/>\n                    <b>Scan: </b> 0.42 km<br/>\n                    <b>Track: </b> 0.37 km<br/>\n                    <b>FRP: </b> 8.9 MW<br/>\n                    <b>Brightness: </b> 330.15 K" }, "geometry": { "type": "Point", "coordinates": [ 41.18816, 54.78592 ] } },
{ "type": "Feature", "properties": { "sensor": "NOAA-21", "description": "<b>Latitude: </b> 53.58845<br/> \n                    <b>Longitude: </b> 34.64769<br/> \n                    <b>Detection Time: </b> 2026-09-30 10:04 UTC<br/> \n                    <b>Sensor: </b> NOAA-21 VIIRS<br/>\n                    <b>Confidence: </b> Nominal<br/> \n                    <b>Day/Night: </b> Day<br/>\n                    <b>Scan: </b> 0.42 km<br/>\n                    <b>Track: </b> 0.38 km<br/>\n                    <b>FRP: </b> 2.73 MW<br/>\n                    <b>Brightness: </b> 330.05 K" }, "geometry": { "type": "Point", "coordinates": [ 34.64769, 53.58845 ] } },
{ "type": "Feature", "properties": { "sensor": "NOAA-21", "description": "<b>Latitude: </b> 54.56869<br/> \n                    <b>Longitude: </b> 42.92245<br/> \n                    <b>Detection Time: </b> 2026-09-30 10:04 UTC<br/> \n                    <b>Sensor: </b> NOAA-21 VIIRS<br/>\n                    <b>Confidence: </b> Nominal<br/> \n                    <b>Day/Night: </b> Day<br/>\n                    <b>Scan: </b> 0.45 km<br/>\n                    <b>Track: </b> 0.39 km<br/>\n                    <b>FRP: </b> 7.11 MW<br/>\n                    <b>Brightness: </b> 331.3 K" }, "geometry": { "type": "Point", "coordinates": [ 42.92245, 54.56869 ] } },
{ "type": "Feature", "properties": { "sensor": "NOAA-21", "description": "<b>Latitude: </b> 53.36649<br/> \n                    <b>Longitude: </b> 35.77658<br/> \n                    <b>Detection Time: </b> 2026-09-30 10:04 UTC<br/> \n                    <b>Sensor: </b> NOAA-21 VIIRS<br/>\n                    <b>Confidence: </b> Nominal<br/> \n                    <b>Day/Night: </b> Day<br/>\n                    <b>Scan: </b> 0.4 km<br/>\n                    <b>Track: </b> 0.37 km<br/>\n                    <b>FRP: </b> 3.02 MW<br/>\n                    <b>Brightness: </b> 332.41 K" }, "geometry": { "type": "Point", "coordinates": [ 35.77658, 53.36649 ] } },
{ "type": "Feature", "properties": { "sensor": "NOAA-21", "description": "<b>Latitude: </b> 52.55156<br/> \n                    <b>Longitude: </b> 32.24874<br/> \n                    <b>Detection Time: </b> 2026-09-30 10:04 UTC<br/> \n                    <b>Sensor: </b> NOAA-21 VIIRS<br/>\n                    <b>Confidence: </b> Nominal<br/> \n                    <b>Day/Night: </b> Day<br/>\n                    <b>Scan: </b> 0.5 km<br/>\n                    <b>Track: </b> 0.41 km<br/>\n                    <b>FRP: </b> 9.94 MW<br/>\n                    <b>Brightness: </b> 342.59 K" }, "geometry": { "type": "Point", "coordinates": [ 32.24874, 52.55156 ] } },
{ "type": "Feature", "properties": { "sensor": "NOAA-21", "description": "<b>Latitude: </b> 54.0505<br/> \n                    <b>Longitude: </b> 41.24632<br/> \n                    <b>Detection Time: </b> 2026-09-30 10:04 UTC<br/> \n                    <b>Sensor: </b> NOAA-21 VIIRS<br/>\n                    <b>Confidence: </b> Nominal<br/> \n                    <b>Day/Night: </b> Day<br/>\n                    <b>Scan: </b> 0.41 km<br/>\n                    <b>Track: </b> 0.37 km<br/>\n                    <b>FRP: </b> 4.35 MW<br/>\n                    <b>Brightness: </b> 328.71 K" }, "geometry": { "type": "Point", "coordinates": [ 41.24632, 54.0505 ] } },
{ "type": "Feature", "properties": { "sensor": "NOAA-21", "description": "<b>Latitude: </b> 53.05322<br/> \n                    <b>Longitude: </b> 35.9177<br/> \n                    <b>Detection Time: </b> 2026-09-30 10:04 UTC<br/> \n                    <b>Sensor: </b> NOAA-21 VIIRS<br/>\n                    <b>Confidence: </b> Nominal<br/> \n                    <b>Day/Night: </b> Day<br/>\n                    <b>Scan: </b> 0.4 km<br/>\n                    <b>Track: </b> 0.37 km<br/>\n                    <b>FRP: </b> 4.6 MW<br/>\n                    <b>Brightness: </b> 333.09 K" }, "geometry": { "type": "Point", "coordinates": [ 35.9177, 53.05322 ] } },
{ "type": "Feature", "properties": { "sensor": "NOAA-21", "description": "<b>Latitude: </b> 53.83503<br/> \n                    <b>Longitude: </b> 41.18578<br/> \n                    <b>Detection Time: </b> 2026-09-30 10:04 UTC<br/> \n                    <b>Sensor: </b> NOAA-21 VIIRS<br/>\n                    <b>Confidence: </b> Nominal<br/> \n                    <b>Day/Night: </b> Day<br/>\n                    <b>Scan: </b> 0.41 km<br/>\n                    <b>Track: </b> 0.37 km<br/>\n                    <b>FRP: </b> 4.36 MW<br/>\n                    <b>Brightness: </b> 331.39 K" }, "geometry": { "type": "Point", "coordinates": [ 41.18578, 53.83503 ] } },
{ "type": "Feature", "properties": { "sensor": "NOAA-21", "description": "<b>Latitude: </b> 52.99371<br/> \n                    <b>Longitude: </b> 36.03029<br/> \n                    <b>Detection Time: </b> 2026-09-30 10:04 UTC<br/> \n                    <b>Sensor: </b> NOAA-21 VIIRS<br/>\n                    <b>Confidence: </b> Nominal<br/> \n                    <b>Day/Night: </b> Day<br/>\n                    <b>Scan: </b> 0.4 km<br/>\n                    <b>Track: </b> 0.37 km<br/>\n                    <b>FRP: </b> 1.37 MW<br/>\n                    <b>Brightness: </b> 325.2 K" }, "geometry": { "type": "Point", "coordinates": [ 36.03029, 52.99371 ] } },
{ "type": "Feature", "properties": { "sensor": "NOAA-21", "description": "<b>Latitude: </b> 52.48153<br/> \n                    <b>Longitude: </b> 33.56582<br/> \n                    <b>Detection Time: </b> 2026-09-30 10:04 UTC<br/> \n                    <b>Sensor: </b> NOAA-21 VIIRS<br/>\n                    <b>Confidence: </b> Nominal<br/> \n                    <b>Day/Night: </b> Day<br/>\n                    <b>Scan: </b> 0.46 km<br/>\n                    <b>Track: </b> 0.39 km<br/>\n                    <b>FRP: </b> 10.97 MW<br/>\n                    <b>Brightness: </b> 346.32 K" }, "geometry": { "type": "Point", "coordinates": [ 33.56582, 52.48153 ] } },
{ "type": "Feature", "properties": { "sensor": "NOAA-21", "description": "<b>Latitude: </b> 52.47807<br/> \n                    <b>Longitude: </b> 33.56769<br/> \n                    <b>Detection Time: </b> 2026-09-30 10:04 UTC<br/> \n                    <b>Sensor: </b> NOAA-21 VIIRS<br/>\n                    <b>Confidence: </b> Nominal<br/> \n                    <b>Day/Night: </b> Day<br/>\n                    <b>Scan: </b> 0.46 km<br/>\n                    <b>Track: </b> 0.39 km<br/>\n                    <b>FRP: </b> 10.97 MW<br/>\n                    <b>Brightness: </b> 334.91 K" }, "geometry": { "type": "Point", "coordinates": [ 33.56769, 52.47807 ] } },
{ "type": "Feature", "properties": { "sensor": "NOAA-21", "description": "<b>Latitude: </b> 52.23721<br/> \n                    <b>Longitude: </b> 32.50102<br/> \n                    <b>Detection Time: </b> 2026-09-30 10:04 UTC<br/> \n                    <b>Sensor: </b> NOAA-21 VIIRS<br/>\n                    <b>Confidence: </b> Nominal<br/> \n                    <b>Day/Night: </b> Day<br/>\n                    <b>Scan: </b> 0.5 km<br/>\n                    <b>Track: </b> 0.41 km<br/>\n                    <b>FRP: </b> 3.57 MW<br/>\n                    <b>Brightness: </b> 328.11 K" }, "geometry": { "type": "Point", "coordinates": [ 32.50102, 52.23721 ] } },
{ "type": "Feature", "properties": { "sensor": "NOAA-21", "description": "<b>Latitude: </b> 52.23637<br/> \n                    <b>Longitude: </b> 32.50209<br/> \n                    <b>Detection Time: </b> 2026-09-30 10:04 UTC<br/> \n                    <b>Sensor: </b> NOAA-21 VIIRS<br/>\n                    <b>Confidence: </b> Nominal<br/> \n                    <b>Day/Night: </b> Day<br/>\n                    <b>Scan: </b> 0.5 km<br/>\n                    <b>Track: </b> 0.41 km<br/>\n                    <b>FRP: </b> 4.9 MW<br/>\n                    <b>Brightness: </b> 330.33 K" }, "geometry": { "type": "Point", "coordinates": [ 32.50209, 52.23637 ] } },
{ "type": "Feature", "properties": { "sensor": "NOAA-21", "description": "<b>Latitude: </b> 52.29503<br/> \n                    <b>Longitude: </b> 32.91123<br/> \n                    <b>Detection Time: </b> 2026-09-30 10:04 UTC<br/> \n                    <b>Sensor: </b> NOAA-21 VIIRS<br/>\n                    <b>Confidence: </b> Nominal<br/> \n                    <b>Day/Night: </b> Day<br/>\n                    <b>Scan: </b> 0.49 km<br/>\n                    <b>Track: </b> 0.4 km<br/>\n                    <b>FRP: </b> 6.5 MW<br/>\n                    <b>Brightness: </b> 336.72 K" }, "geometry": { "type": "Point", "coordinates": [ 32.91123, 52.29503 ] } },
{ "type": "Feature", "properties": { "sensor": "NOAA-21", "description": "<b>Latitude: </b> 52.66058<br/> \n                    <b>Longitude: </b> 39.08899<br/> \n                    <b>Detection Time: </b> 2026-09-30 10:04 UTC<br/> \n                    <b>Sensor: </b> NOAA-21 VIIRS<br/>\n                    <b>Confidence: </b> Nominal<br/> \n                    <b>Day/Night: </b> Day<br/>\n                    <b>Scan: </b> 0.38 km<br/>\n                    <b>Track: </b> 0.36 km<br/>\n                    <b>FRP: </b> 5.03 MW<br/>\n                    <b>Brightness: </b> 326.18 K" }, "geometry": { "type": "Point", "coordinates": [ 39.08899, 52.66058 ] } },
{ "type": "Feature", "properties": { "sensor": "NOAA-21", "description": "<b>Latitude: </b> 52.66142<br/> \n                    <b>Longitude: </b> 39.09456<br/> \n                    <b>Detection Time: </b> 2026-09-30 10:04 UTC<br/> \n                    <b>Sensor: </b> NOAA-21 VIIRS<br/>\n                    <b>Confidence: </b> Nominal<br/> \n                    <b>Day/Night: </b> Day<br/>\n                    <b>Scan: </b> 0.38 km<br/>\n                    <b>Track: </b> 0.36 km<br/>\n                    <b>FRP: </b> 10.56 MW<br/>\n                    <b>Brightness: </b> 342.78 K" }, "geometry": { "type": "Point", "coordinates": [ 39.09456, 52.66142 ] } },
{ "type": "Feature", "properties": { "sensor": "NOAA-21", "description": "<b>Latitude: </b> 52.5578<br/> \n                    <b>Longitude: </b> 39.57235<br/> \n                    <b>Detection Time: </b> 2026-09-30 10:04 UTC<br/> \n                    <b>Sensor: </b> NOAA-21 VIIRS<br/>\n                    <b>Confidence: </b> Nominal<br/> \n                    <b>Day/Night: </b> Day<br/>\n                    <b>Scan: </b> 0.39 km<br/>\n                    <b>Track: </b> 0.36 km<br/>\n                    <b>FRP: </b> 5.08 MW<br/>\n                    <b>Brightness: </b> 340.41 K" }, "geometry": { "type": "Point", "coordinates": [ 39.57235, 52.5578 ] } },
{ "type": "Feature", "properties": { "sensor": "NOAA-21", "description": "<b>Latitude: </b> 52.5571<br/> \n                    <b>Longitude: </b> 39.61407<br/> \n                    <b>Detection Time: </b> 2026-09-30 10:04 UTC<br/> \n                    <b>Sensor: </b> NOAA-21 VIIRS<br/>\n                    <b>Confidence: </b> Nominal<br/> \n                    <b>Day/Night: </b> Day<br/>\n                    <b>Scan: </b> 0.39 km<br/>\n                    <b>Track: </b> 0.36 km<br/>\n                    <b>FRP: </b> 11.83 MW<br/>\n                    <b>Brightness: </b> 341.92 K" }, "geometry": { "type": "Point", "coordinates": [ 39.61407, 52.5571 ] } },
{ "type": "Feature", "properties": { "sensor": "NOAA-21", "description": "<b>Latitude: </b> 52.53842<br/> \n                    <b>Longitude: </b> 39.62746<br/> \n                    <b>Detection Time: </b> 2026-09-30 10:04 UTC<br/> \n                    <b>Sensor: </b> NOAA-21 VIIRS<br/>\n                    <b>Confidence: </b> Nominal<br/> \n                    <b>Day/Night: </b> Day<br/>\n                    <b>Scan: </b> 0.39 km<br/>\n                    <b>Track: </b> 0.36 km<br/>\n                    <b>FRP: </b> 2.58 MW<br/>\n                    <b>Brightness: </b> 329.49 K" }, "geometry": { "type": "Point", "coordinates": [ 39.62746, 52.53842 ] } },
{ "type": "Feature", "properties": { "sensor": "NOAA-21", "description": "<b>Latitude: </b> 52.53517<br/> \n                    <b>Longitude: </b> 39.62876<br/> \n                    <b>Detection Time: </b> 2026-09-30 10:04 UTC<br/> \n                    <b>Sensor: </b> NOAA-21 VIIRS<br/>\n                    <b>Confidence: </b> Nominal<br/> \n                    <b>Day/Night: </b> Day<br/>\n                    <b>Scan: </b> 0.39 km<br/>\n                    <b>Track: </b> 0.36 km<br/>\n                    <b>FRP: </b> 2.58 MW<br/>\n                    <b>Brightness: </b> 329.82 K" }, "geometry": { "type": "Point", "coordinates": [ 39.62876, 52.53517 ] } },
{ "type": "Feature", "properties": { "sensor": "NOAA-21", "description": "<b>Latitude: </b> 52.55325<br/> \n                    <b>Longitude: </b> 40.0568<br/> \n                    <b>Detection Time: </b> 2026-09-30 10:04 UTC<br/> \n                    <b>Sensor: </b> NOAA-21 VIIRS<br/>\n                    <b>Confidence: </b> Nominal<br/> \n                    <b>Day/Night: </b> Day<br/>\n                    <b>Scan: </b> 0.39 km<br/>\n                    <b>Track: </b> 0.36 km<br/>\n                    <b>FRP: </b> 18.9 MW<br/>\n                    <b>Brightness: </b> 343.21 K" }, "geometry": { "type": "Point", "coordinates": [ 40.0568, 52.55325 ] } },
{ "type": "Feature", "properties": { "sensor": "NOAA-21", "description": "<b>Latitude: </b> 52.55406<br/> \n                    <b>Longitude: </b> 40.06243<br/> \n                    <b>Detection Time: </b> 2026-09-30 10:04 UTC<br/> \n                    <b>Sensor: </b> NOAA-21 VIIRS<br/>\n                    <b>Confidence: </b> Nominal<br/> \n                    <b>Day/Night: </b> Day<br/>\n                    <b>Scan: </b> 0.39 km<br/>\n                    <b>Track: </b> 0.36 km<br/>\n                    <b>FRP: </b> 71.06 MW<br/>\n                    <b>Brightness: </b> 343.1 K" }, "geometry": { "type": "Point", "coordinates": [ 40.06243, 52.55406 ] } },
{ "type": "Feature", "properties": { "sensor": "NOAA-21", "description": "<b>Latitude: </b> 52.54998<br/> \n                    <b>Longitude: </b> 40.05807<br/> \n                    <b>Detection Time: </b> 2026-09-30 10:04 UTC<br/> \n                    <b>Sensor: </b> NOAA-21 VIIRS<br/>\n                    <b>Confidence: </b> Nominal<br/> \n                    <b>Day/Night: </b> Day<br/>\n                    <b>Scan: </b> 0.39 km<br/>\n                    <b>Track: </b> 0.36 km<br/>\n                    <b>FRP: </b> 18.9 MW<br/>\n                    <b>Brightness: </b> 338.97 K" }, "geometry": { "type": "Point", "coordinates": [ 40.05807, 52.54998 ] } },
{ "type": "Feature", "properties": { "sensor": "NOAA-21", "description": "<b>Latitude: </b> 53.50795<br/> \n                    <b>Longitude: </b> 60.0269<br/> \n                    <b>Detection Time: </b> 2026-09-30 10:04 UTC<br/> \n                    <b>Sensor: </b> NOAA-21 VIIRS<br/>\n                    <b>Confidence: </b> Nominal<br/> \n                    <b>Day/Night: </b> Day<br/>\n                    <b>Scan: </b> 0.69 km<br/>\n                    <b>Track: </b> 0.74 km<br/>\n                    <b>FRP: </b> 11.43 MW<br/>\n                    <b>Brightness: </b> 337.23 K" }, "geometry": { "type": "Point", "coordinates": [ 60.0269, 53.50795 ] } },
{ "type": "Feature", "properties": { "sensor": "NOAA-21", "description": "<b>Latitude: </b> 53.50783<br/> \n                    <b>Longitude: </b> 60.02888<br/> \n                    <b>Detection Time: </b> 2026-09-30 10:04 UTC<br/> \n                    <b>Sensor: </b> NOAA-21 VIIRS<br/>\n                    <b>Confidence: </b> Nominal<br/> \n                    <b>Day/Night: </b> Day<br/>\n                    <b>Scan: </b> 0.69 km<br/>\n                    <b>Track: </b> 0.74 km<br/>\n                    <b>FRP: </b> 11.46 MW<br/>\n                    <b>Brightness: </b> 347.76 K" }, "geometry": { "type": "Point", "coordinates": [ 60.02888, 53.50783 ] } },
{ "type": "Feature", "properties": { "sensor": "NOAA-21", "description": "<b>Latitude: </b> 53.42512<br/> \n                    <b>Longitude: </b> 52.50397<br/> \n                    <b>Detection Time: </b> 2026-09-30 10:04 UTC<br/> \n                    <b>Sensor: </b> NOAA-21 VIIRS<br/>\n                    <b>Confidence: </b> Nominal<br/> \n                    <b>Day/Night: </b> Day<br/>\n                    <b>Scan: </b> 0.33 km<br/>\n                    <b>Track: </b> 0.55 km<br/>\n                    <b>FRP: </b> 3.52 MW<br/>\n                    <b>Brightness: </b> 335.93 K" }, "geometry": { "type": "Point", "coordinates": [ 52.50397, 53.42512 ] } },
{ "type": "Feature", "properties": { "sensor": "NOAA-21", "description": "<b>Latitude: </b> 53.4557<br/> \n                    <b>Longitude: </b> 59.03515<br/> \n                    <b>Detection Time: </b> 2026-09-30 10:04 UTC<br/> \n                    <b>Sensor: </b> NOAA-21 VIIRS<br/>\n                    <b>Confidence: </b> High<br/> \n                    <b>Day/Night: </b> Day<br/>\n                    <b>Scan: </b> 0.63 km<br/>\n                    <b>Track: </b> 0.72 km<br/>\n                    <b>FRP: </b> 33.93 MW<br/>\n                    <b>Brightness: </b> 367 K" }, "geometry": { "type": "Point", "coordinates": [ 59.03515, 53.4557 ] } },
{ "type": "Feature", "properties": { "sensor": "NOAA-21", "description": "<b>Latitude: </b> 53.45207<br/> \n                    <b>Longitude: </b> 59.03329<br/> \n                    <b>Detection Time: </b> 2026-09-30 10:04 UTC<br/> \n                    <b>Sensor: </b> NOAA-21 VIIRS<br/>\n                    <b>Confidence: </b> High<br/> \n                    <b>Day/Night: </b> Day<br/>\n                    <b>Scan: </b> 0.63 km<br/>\n                    <b>Track: </b> 0.72 km<br/>\n                    <b>FRP: </b> 27.75 MW<br/>\n                    <b>Brightness: </b> 367 K" }, "geometry": { "type": "Point", "coordinates": [ 59.03329, 53.45207 ] } },
{ "type": "Feature", "properties": { "sensor": "NOAA-21", "description": "<b>Latitude: </b> 51.49998<br/> \n                    <b>Longitude: </b> 35.89901<br/> \n                    <b>Detection Time: </b> 2026-09-30 10:04 UTC<br/> \n                    <b>Sensor: </b> NOAA-21 VIIRS<br/>\n                    <b>Confidence: </b> Nominal<br/> \n                    <b>Day/Night: </b> Day<br/>\n                    <b>Scan: </b> 0.42 km<br/>\n                    <b>Track: </b> 0.38 km<br/>\n                    <b>FRP: </b> 5.67 MW<br/>\n                    <b>Brightness: </b> 332.12 K" }, "geometry": { "type": "Point", "coordinates": [ 35.89901, 51.49998 ] } },
{ "type": "Feature", "properties": { "sensor": "NOAA-21", "description": "<b>Latitude: </b> 51.17549<br/> \n                    <b>Longitude: </b> 35.2338<br/> \n                    <b>Detection Time: </b> 2026-09-30 10:04 UTC<br/> \n                    <b>Sensor: </b> NOAA-21 VIIRS<br/>\n                    <b>Confidence: </b> Nominal<br/> \n                    <b>Day/Night: </b> Day<br/>\n                    <b>Scan: </b> 0.44 km<br/>\n                    <b>Track: </b> 0.38 km<br/>\n                    <b>FRP: </b> 5.81 MW<br/>\n                    <b>Brightness: </b> 330.26 K" }, "geometry": { "type": "Point", "coordinates": [ 35.2338, 51.17549 ] } },
{ "type": "Feature", "properties": { "sensor": "NOAA-21", "description": "<b>Latitude: </b> 51.17665<br/> \n                    <b>Longitude: </b> 35.23983<br/> \n                    <b>Detection Time: </b> 2026-09-30 10:04 UTC<br/> \n                    <b>Sensor: </b> NOAA-21 VIIRS<br/>\n                    <b>Confidence: </b> Nominal<br/> \n                    <b>Day/Night: </b> Day<br/>\n                    <b>Scan: </b> 0.44 km<br/>\n                    <b>Track: </b> 0.38 km<br/>\n                    <b>FRP: </b> 5.81 MW<br/>\n                    <b>Brightness: </b> 335.37 K" }, "geometry": { "type": "Point", "coordinates": [ 35.23983, 51.17665 ] } },
{ "type": "Feature", "properties": { "sensor": "NOAA-21", "description": "<b>Latitude: </b> 51.1721<br/> \n                    <b>Longitude: </b> 35.23546<br/> \n                    <b>Detection Time: </b> 2026-09-30 10:04 UTC<br/> \n                    <b>Sensor: </b> NOAA-21 VIIRS<br/>\n                    <b>Confidence: </b> Nominal<br/> \n                    <b>Day/Night: </b> Day<br/>\n                    <b>Scan: </b> 0.44 km<br/>\n                    <b>Track: </b> 0.38 km<br/>\n                    <b>FRP: </b> 64.17 MW<br/>\n                    <b>Brightness: </b> 332.49 K" }, "geometry": { "type": "Point", "coordinates": [ 35.23546, 51.1721 ] } },
{ "type": "Feature", "properties": { "sensor": "NOAA-21", "description": "<b>Latitude: </b> 51.15279<br/> \n                    <b>Longitude: </b> 35.23175<br/> \n                    <b>Detection Time: </b> 2026-09-30 10:04 UTC<br/> \n                    <b>Sensor: </b> NOAA-21 VIIRS<br/>\n                    <b>Confidence: </b> Nominal<br/> \n                    <b>Day/Night: </b> Day<br/>\n                    <b>Scan: </b> 0.44 km<br/>\n                    <b>Track: </b> 0.38 km<br/>\n                    <b>FRP: </b> 20 MW<br/>\n                    <b>Brightness: </b> 330.35 K" }, "geometry": { "type": "Point", "coordinates": [ 35.23175, 51.15279 ] } },
{ "type": "Feature", "properties": { "sensor": "NOAA-21", "description": "<b>Latitude: </b> 51.07151<br/> \n                    <b>Longitude: </b> 35.35247<br/> \n                    <b>Detection Time: </b> 2026-09-30 10:04 UTC<br/> \n                    <b>Sensor: </b> NOAA-21 VIIRS<br/>\n                    <b>Confidence: </b> Nominal<br/> \n                    <b>Day/Night: </b> Day<br/>\n                    <b>Scan: </b> 0.44 km<br/>\n                    <b>Track: </b> 0.38 km<br/>\n                    <b>FRP: </b> 14.9 MW<br/>\n                    <b>Brightness: </b> 340.09 K" }, "geometry": { "type": "Point", "coordinates": [ 35.35247, 51.07151 ] } },
{ "type": "Feature", "properties": { "sensor": "NOAA-21", "description": "<b>Latitude: </b> 53.05508<br/> \n                    <b>Longitude: </b> 59.07241<br/> \n                    <b>Detection Time: </b> 2026-09-30 10:04 UTC<br/> \n                    <b>Sensor: </b> NOAA-21 VIIRS<br/>\n                    <b>Confidence: </b> Low<br/> \n                    <b>Day/Night: </b> Day<br/>\n                    <b>Scan: </b> 0.63 km<br/>\n                    <b>Track: </b> 0.72 km<br/>\n                    <b>FRP: </b> 52.85 MW<br/>\n                    <b>Brightness: </b> 355.47 K" }, "geometry": { "type": "Point", "coordinates": [ 59.07241, 53.05508 ] } },
{ "type": "Feature", "properties": { "sensor": "NOAA-21", "description": "<b>Latitude: </b> 53.05524<br/> \n                    <b>Longitude: </b> 59.06304<br/> \n                    <b>Detection Time: </b> 2026-09-30 10:04 UTC<br/> \n                    <b>Sensor: </b> NOAA-21 VIIRS<br/>\n                    <b>Confidence: </b> Nominal<br/> \n                    <b>Day/Night: </b> Day<br/>\n                    <b>Scan: </b> 0.63 km<br/>\n                    <b>Track: </b> 0.72 km<br/>\n                    <b>FRP: </b> 52.85 MW<br/>\n                    <b>Brightness: </b> 348.37 K" }, "geometry": { "type": "Point", "coordinates": [ 59.06304, 53.05524 ] } },
{ "type": "Feature", "properties": { "sensor": "NOAA-21", "description": "<b>Latitude: </b> 51.25832<br/> \n                    <b>Longitude: </b> 37.76313<br/> \n                    <b>Detection Time: </b> 2026-09-30 10:04 UTC<br/> \n                    <b>Sensor: </b> NOAA-21 VIIRS<br/>\n                    <b>Confidence: </b> Nominal<br/> \n                    <b>Day/Night: </b> Day<br/>\n                    <b>Scan: </b> 0.39 km<br/>\n                    <b>Track: </b> 0.36 km<br/>\n                    <b>FRP: </b> 2.26 MW<br/>\n                    <b>Brightness: </b> 326.6 K" }, "geometry": { "type": "Point", "coordinates": [ 37.76313, 51.25832 ] } },
{ "type": "Feature", "properties": { "sensor": "NOAA-21", "description": "<b>Latitude: </b> 51.13836<br/> \n                    <b>Longitude: </b> 37.93052<br/> \n                    <b>Detection Time: </b> 2026-09-30 10:04 UTC<br/> \n                    <b>Sensor: </b> NOAA-21 VIIRS<br/>\n                    <b>Confidence: </b> Nominal<br/> \n                    <b>Day/Night: </b> Day<br/>\n                    <b>Scan: </b> 0.39 km<br/>\n                    <b>Track: </b> 0.36 km<br/>\n                    <b>FRP: </b> 5.07 MW<br/>\n                    <b>Brightness: </b> 335.12 K" }, "geometry": { "type": "Point", "coordinates": [ 37.93052, 51.13836 ] } },
{ "type": "Feature", "properties": { "sensor": "NOAA-21", "description": "<b>Latitude: </b> 52.57875<br/> \n                    <b>Longitude: </b> 53.61618<br/> \n                    <b>Detection Time: </b> 2026-09-30 10:04 UTC<br/> \n                    <b>Sensor: </b> NOAA-21 VIIRS<br/>\n                    <b>Confidence: </b> Nominal<br/> \n                    <b>Day/Night: </b> Day<br/>\n                    <b>Scan: </b> 0.37 km<br/>\n                    <b>Track: </b> 0.58 km<br/>\n                    <b>FRP: </b> 4.1 MW<br/>\n                    <b>Brightness: </b> 328.03 K" }, "geometry": { "type": "Point", "coordinates": [ 53.61618, 52.57875 ] } },
{ "type": "Feature", "properties": { "sensor": "NOAA-21", "description": "<b>Latitude: </b> 49.00023<br/> \n                    <b>Longitude: </b> 28.88353<br/> \n                    <b>Detection Time: </b> 2026-09-30 10:04 UTC<br/> \n                    <b>Sensor: </b> NOAA-21 VIIRS<br/>\n                    <b>Confidence: </b> Nominal<br/> \n                    <b>Day/Night: </b> Day<br/>\n                    <b>Scan: </b> 0.56 km<br/>\n                    <b>Track: </b> 0.51 km<br/>\n                    <b>FRP: </b> 5.2 MW<br/>\n                    <b>Brightness: </b> 332.55 K" }, "geometry": { "type": "Point", "coordinates": [ 28.88353, 49.00023 ] } },
{ "type": "Feature", "properties": { "sensor": "NOAA-21", "description": "<b>Latitude: </b> 52.4281<br/> \n                    <b>Longitude: </b> 54.21578<br/> \n                    <b>Detection Time: </b> 2026-09-30 10:04 UTC<br/> \n                    <b>Sensor: </b> NOAA-21 VIIRS<br/>\n                    <b>Confidence: </b> Nominal<br/> \n                    <b>Day/Night: </b> Day<br/>\n                    <b>Scan: </b> 0.39 km<br/>\n                    <b>Track: </b> 0.59 km<br/>\n                    <b>FRP: </b> 3.25 MW<br/>\n                    <b>Brightness: </b> 328.55 K" }, "geometry": { "type": "Point", "coordinates": [ 54.21578, 52.4281 ] } },
{ "type": "Feature", "properties": { "sensor": "NOAA-21", "description": "<b>Latitude: </b> 52.27915<br/> \n                    <b>Longitude: </b> 50.87424<br/> \n                    <b>Detection Time: </b> 2026-09-30 10:04 UTC<br/> \n                    <b>Sensor: </b> NOAA-21 VIIRS<br/>\n                    <b>Confidence: </b> Nominal<br/> \n                    <b>Day/Night: </b> Day<br/>\n                    <b>Scan: </b> 0.55 km<br/>\n                    <b>Track: </b> 0.51 km<br/>\n                    <b>FRP: </b> 2.95 MW<br/>\n                    <b>Brightness: </b> 325.4 K" }, "geometry": { "type": "Point", "coordinates": [ 50.87424, 52.27915 ] } },
{ "type": "Feature", "properties": { "sensor": "NOAA-21", "description": "<b>Latitude: </b> 50.4558<br/> \n                    <b>Longitude: </b> 36.17056<br/> \n                    <b>Detection Time: </b> 2026-09-30 10:04 UTC<br/> \n                    <b>Sensor: </b> NOAA-21 VIIRS<br/>\n                    <b>Confidence: </b> Nominal<br/> \n                    <b>Day/Night: </b> Day<br/>\n                    <b>Scan: </b> 0.43 km<br/>\n                    <b>Track: </b> 0.38 km<br/>\n                    <b>FRP: </b> 4.19 MW<br/>\n                    <b>Brightness: </b> 328.72 K" }, "geometry": { "type": "Point", "coordinates": [ 36.17056, 50.4558 ] } },
{ "type": "Feature", "properties": { "sensor": "NOAA-21", "description": "<b>Latitude: </b> 50.37217<br/> \n                    <b>Longitude: </b> 35.98076<br/> \n                    <b>Detection Time: </b> 2026-09-30 10:04 UTC<br/> \n                    <b>Sensor: </b> NOAA-21 VIIRS<br/>\n                    <b>Confidence: </b> Nominal<br/> \n                    <b>Day/Night: </b> Day<br/>\n                    <b>Scan: </b> 0.43 km<br/>\n                    <b>Track: </b> 0.38 km<br/>\n                    <b>FRP: </b> 2.54 MW<br/>\n                    <b>Brightness: </b> 328.48 K" }, "geometry": { "type": "Point", "coordinates": [ 35.98076, 50.37217 ] } },
{ "type": "Feature", "properties": { "sensor": "NOAA-21", "description": "<b>Latitude: </b> 51.92476<br/> \n                    <b>Longitude: </b> 58.62352<br/> \n                    <b>Detection Time: </b> 2026-09-30 10:04 UTC<br/> \n                    <b>Sensor: </b> NOAA-21 VIIRS<br/>\n                    <b>Confidence: </b> Nominal<br/> \n                    <b>Day/Night: </b> Day<br/>\n                    <b>Scan: </b> 0.6 km<br/>\n                    <b>Track: </b> 0.7 km<br/>\n                    <b>FRP: </b> 86.18 MW<br/>\n                    <b>Brightness: </b> 353.61 K" }, "geometry": { "type": "Point", "coordinates": [ 58.62352, 51.92476 ] } },
{ "type": "Feature", "properties": { "sensor": "NOAA-21", "description": "<b>Latitude: </b> 51.81348<br/> \n                    <b>Longitude: </b> 52.55051<br/> \n                    <b>Detection Time: </b> 2026-09-30 10:04 UTC<br/> \n                    <b>Sensor: </b> NOAA-21 VIIRS<br/>\n                    <b>Confidence: </b> Nominal<br/> \n                    <b>Day/Night: </b> Day<br/>\n                    <b>Scan: </b> 0.32 km<br/>\n                    <b>Track: </b> 0.55 km<br/>\n                    <b>FRP: </b> 4.38 MW<br/>\n                    <b>Brightness: </b> 352.41 K" }, "geometry": { "type": "Point", "coordinates": [ 52.55051, 51.81348 ] } },
{ "type": "Feature", "properties": { "sensor": "NOAA-21", "description": "<b>Latitude: </b> 49.31803<br/> \n                    <b>Longitude: </b> 33.26645<br/> \n                    <b>Detection Time: </b> 2026-09-30 10:04 UTC<br/> \n                    <b>Sensor: </b> NOAA-21 VIIRS<br/>\n                    <b>Confidence: </b> Nominal<br/> \n                    <b>Day/Night: </b> Day<br/>\n                    <b>Scan: </b> 0.55 km<br/>\n                    <b>Track: </b> 0.42 km<br/>\n                    <b>FRP: </b> 9.05 MW<br/>\n                    <b>Brightness: </b> 334.51 K" }, "geometry": { "type": "Point", "coordinates": [ 33.26645, 49.31803 ] } },
{ "type": "Feature", "properties": { "sensor": "NOAA-21", "description": "<b>Latitude: </b> 49.31272<br/> \n                    <b>Longitude: </b> 33.26117<br/> \n                    <b>Detection Time: </b> 2026-09-30 10:04 UTC<br/> \n                    <b>Sensor: </b> NOAA-21 VIIRS<br/>\n                    <b>Confidence: </b> Nominal<br/> \n                    <b>Day/Night: </b> Day<br/>\n                    <b>Scan: </b> 0.55 km<br/>\n                    <b>Track: </b> 0.42 km<br/>\n                    <b>FRP: </b> 8.65 MW<br/>\n                    <b>Brightness: </b> 330.03 K" }, "geometry": { "type": "Point", "coordinates": [ 33.26117, 49.31272 ] } },
{ "type": "Feature", "properties": { "sensor": "NOAA-21", "description": "<b>Latitude: </b> 51.68467<br/> \n                    <b>Longitude: </b> 58.66684<br/> \n                    <b>Detection Time: </b> 2026-09-30 10:04 UTC<br/> \n                    <b>Sensor: </b> NOAA-21 VIIRS<br/>\n                    <b>Confidence: </b> Nominal<br/> \n                    <b>Day/Night: </b> Day<br/>\n                    <b>Scan: </b> 0.6 km<br/>\n                    <b>Track: </b> 0.71 km<br/>\n                    <b>FRP: </b> 15.74 MW<br/>\n                    <b>Brightness: </b> 338.94 K" }, "geometry": { "type": "Point", "coordinates": [ 58.66684, 51.68467 ] } },
{ "type": "Feature", "properties": { "sensor": "NOAA-21", "description": "<b>Latitude: </b> 51.60172<br/> \n                    <b>Longitude: </b> 52.92638<br/> \n                    <b>Detection Time: </b> 2026-09-30 10:04 UTC<br/> \n                    <b>Sensor: </b> NOAA-21 VIIRS<br/>\n                    <b>Confidence: </b> Nominal<br/> \n                    <b>Day/Night: </b> Day<br/>\n                    <b>Scan: </b> 0.34 km<br/>\n                    <b>Track: </b> 0.56 km<br/>\n                    <b>FRP: </b> 9.44 MW<br/>\n                    <b>Brightness: </b> 337.05 K" }, "geometry": { "type": "Point", "coordinates": [ 52.92638, 51.60172 ] } },
{ "type": "Feature", "properties": { "sensor": "NOAA-21", "description": "<b>Latitude: </b> 51.6019<br/> \n                    <b>Longitude: </b> 52.9313<br/> \n                    <b>Detection Time: </b> 2026-09-30 10:04 UTC<br/> \n                    <b>Sensor: </b> NOAA-21 VIIRS<br/>\n                    <b>Confidence: </b> High<br/> \n                    <b>Day/Night: </b> Day<br/>\n                    <b>Scan: </b> 0.34 km<br/>\n                    <b>Track: </b> 0.56 km<br/>\n                    <b>FRP: </b> 9.44 MW<br/>\n                    <b>Brightness: </b> 367 K" }, "geometry": { "type": "Point", "coordinates": [ 52.9313, 51.6019 ] } },
{ "type": "Feature", "properties": { "sensor": "NOAA-21", "description": "<b>Latitude: </b> 51.59092<br/> \n                    <b>Longitude: </b> 52.91293<br/> \n                    <b>Detection Time: </b> 2026-09-30 10:04 UTC<br/> \n                    <b>Sensor: </b> NOAA-21 VIIRS<br/>\n                    <b>Confidence: </b> Nominal<br/> \n                    <b>Day/Night: </b> Day<br/>\n                    <b>Scan: </b> 0.34 km<br/>\n                    <b>Track: </b> 0.56 km<br/>\n                    <b>FRP: </b> 1.76 MW<br/>\n                    <b>Brightness: </b> 330.79 K" }, "geometry": { "type": "Point", "coordinates": [ 52.91293, 51.59092 ] } },
{ "type": "Feature", "properties": { "sensor": "NOAA-21", "description": "<b>Latitude: </b> 51.60507<br/> \n                    <b>Longitude: </b> 52.9285<br/> \n                    <b>Detection Time: </b> 2026-09-30 10:04 UTC<br/> \n                    <b>Sensor: </b> NOAA-21 VIIRS<br/>\n                    <b>Confidence: </b> Nominal<br/> \n                    <b>Day/Night: </b> Day<br/>\n                    <b>Scan: </b> 0.34 km<br/>\n                    <b>Track: </b> 0.56 km<br/>\n                    <b>FRP: </b> 15.09 MW<br/>\n                    <b>Brightness: </b> 354.28 K" }, "geometry": { "type": "Point", "coordinates": [ 52.9285, 51.60507 ] } },
{ "type": "Feature", "properties": { "sensor": "NOAA-21", "description": "<b>Latitude: </b> 51.56705<br/> \n                    <b>Longitude: </b> 52.75267<br/> \n                    <b>Detection Time: </b> 2026-09-30 10:04 UTC<br/> \n                    <b>Sensor: </b> NOAA-21 VIIRS<br/>\n                    <b>Confidence: </b> High<br/> \n                    <b>Day/Night: </b> Day<br/>\n                    <b>Scan: </b> 0.33 km<br/>\n                    <b>Track: </b> 0.55 km<br/>\n                    <b>FRP: </b> 6.17 MW<br/>\n                    <b>Brightness: </b> 367 K" }, "geometry": { "type": "Point", "coordinates": [ 52.75267, 51.56705 ] } },
{ "type": "Feature", "properties": { "sensor": "NOAA-21", "description": "<b>Latitude: </b> 51.64879<br/> \n                    <b>Longitude: </b> 58.40376<br/> \n                    <b>Detection Time: </b> 2026-09-30 10:04 UTC<br/> \n                    <b>Sensor: </b> NOAA-21 VIIRS<br/>\n                    <b>Confidence: </b> Nominal<br/> \n                    <b>Day/Night: </b> Day<br/>\n                    <b>Scan: </b> 0.58 km<br/>\n                    <b>Track: </b> 0.7 km<br/>\n                    <b>FRP: </b> 20.25 MW<br/>\n                    <b>Brightness: </b> 351.99 K" }, "geometry": { "type": "Point", "coordinates": [ 58.40376, 51.64879 ] } },
{ "type": "Feature", "properties": { "sensor": "NOAA-21", "description": "<b>Latitude: </b> 51.64873<br/> \n                    <b>Longitude: </b> 58.41189<br/> \n                    <b>Detection Time: </b> 2026-09-30 10:04 UTC<br/> \n                    <b>Sensor: </b> NOAA-21 VIIRS<br/>\n                    <b>Confidence: </b> Nominal<br/> \n                    <b>Day/Night: </b> Day<br/>\n                    <b>Scan: </b> 0.58 km<br/>\n                    <b>Track: </b> 0.7 km<br/>\n                    <b>FRP: </b> 15 MW<br/>\n                    <b>Brightness: </b> 355.42 K" }, "geometry": { "type": "Point", "coordinates": [ 58.41189, 51.64873 ] } },
{ "type": "Feature", "properties": { "sensor": "NOAA-21", "description": "<b>Latitude: </b> 51.64847<br/> \n                    <b>Longitude: </b> 58.44522<br/> \n                    <b>Detection Time: </b> 2026-09-30 10:04 UTC<br/> \n                    <b>Sensor: </b> NOAA-21 VIIRS<br/>\n                    <b>Confidence: </b> Nominal<br/> \n                    <b>Day/Night: </b> Day<br/>\n                    <b>Scan: </b> 0.59 km<br/>\n                    <b>Track: </b> 0.7 km<br/>\n                    <b>FRP: </b> 10.36 MW<br/>\n                    <b>Brightness: </b> 339.11 K" }, "geometry": { "type": "Point", "coordinates": [ 58.44522, 51.64847 ] } },
{ "type": "Feature", "properties": { "sensor": "NOAA-21", "description": "<b>Latitude: </b> 51.64227<br/> \n                    <b>Longitude: </b> 58.41187<br/> \n                    <b>Detection Time: </b> 2026-09-30 10:04 UTC<br/> \n                    <b>Sensor: </b> NOAA-21 VIIRS<br/>\n                    <b>Confidence: </b> Nominal<br/> \n                    <b>Day/Night: </b> Day<br/>\n                    <b>Scan: </b> 0.58 km<br/>\n                    <b>Track: </b> 0.7 km<br/>\n                    <b>FRP: </b> 15 MW<br/>\n                    <b>Brightness: </b> 343.08 K" }, "geometry": { "type": "Point", "coordinates": [ 58.41187, 51.64227 ] } },
{ "type": "Feature", "properties": { "sensor": "NOAA-21", "description": "<b>Latitude: </b> 51.63587<br/> \n                    <b>Longitude: </b> 58.4036<br/> \n                    <b>Detection Time: </b> 2026-09-30 10:04 UTC<br/> \n                    <b>Sensor: </b> NOAA-21 VIIRS<br/>\n                    <b>Confidence: </b> Nominal<br/> \n                    <b>Day/Night: </b> Day<br/>\n                    <b>Scan: </b> 0.58 km<br/>\n                    <b>Track: </b> 0.7 km<br/>\n                    <b>FRP: </b> 12.58 MW<br/>\n                    <b>Brightness: </b> 337.28 K" }, "geometry": { "type": "Point", "coordinates": [ 58.4036, 51.63587 ] } },
{ "type": "Feature", "properties": { "sensor": "NOAA-21", "description": "<b>Latitude: </b> 51.64199<br/> \n                    <b>Longitude: </b> 58.44524<br/> \n                    <b>Detection Time: </b> 2026-09-30 10:04 UTC<br/> \n                    <b>Sensor: </b> NOAA-21 VIIRS<br/>\n                    <b>Confidence: </b> Nominal<br/> \n                    <b>Day/Night: </b> Day<br/>\n                    <b>Scan: </b> 0.59 km<br/>\n                    <b>Track: </b> 0.7 km<br/>\n                    <b>FRP: </b> 10.36 MW<br/>\n                    <b>Brightness: </b> 350.1 K" }, "geometry": { "type": "Point", "coordinates": [ 58.44524, 51.64199 ] } },
{ "type": "Feature", "properties": { "sensor": "NOAA-21", "description": "<b>Latitude: </b> 51.59528<br/> \n                    <b>Longitude: </b> 55.16874<br/> \n                    <b>Detection Time: </b> 2026-09-30 10:04 UTC<br/> \n                    <b>Sensor: </b> NOAA-21 VIIRS<br/>\n                    <b>Confidence: </b> Nominal<br/> \n                    <b>Day/Night: </b> Day<br/>\n                    <b>Scan: </b> 0.42 km<br/>\n                    <b>Track: </b> 0.61 km<br/>\n                    <b>FRP: </b> 3.95 MW<br/>\n                    <b>Brightness: </b> 335.95 K" }, "geometry": { "type": "Point", "coordinates": [ 55.16874, 51.59528 ] } },
{ "type": "Feature", "properties": { "sensor": "NOAA-21", "description": "<b>Latitude: </b> 51.62295<br/> \n                    <b>Longitude: </b> 58.40339<br/> \n                    <b>Detection Time: </b> 2026-09-30 10:04 UTC<br/> \n                    <b>Sensor: </b> NOAA-21 VIIRS<br/>\n                    <b>Confidence: </b> Nominal<br/> \n                    <b>Day/Night: </b> Day<br/>\n                    <b>Scan: </b> 0.58 km<br/>\n                    <b>Track: </b> 0.7 km<br/>\n                    <b>FRP: </b> 10.21 MW<br/>\n                    <b>Brightness: </b> 335.94 K" }, "geometry": { "type": "Point", "coordinates": [ 58.40339, 51.62295 ] } },
{ "type": "Feature", "properties": { "sensor": "NOAA-21", "description": "<b>Latitude: </b> 51.60651<br/> \n                    <b>Longitude: </b> 55.16237<br/> \n                    <b>Detection Time: </b> 2026-09-30 10:04 UTC<br/> \n                    <b>Sensor: </b> NOAA-21 VIIRS<br/>\n                    <b>Confidence: </b> Nominal<br/> \n                    <b>Day/Night: </b> Day<br/>\n                    <b>Scan: </b> 0.42 km<br/>\n                    <b>Track: </b> 0.61 km<br/>\n                    <b>FRP: </b> 7 MW<br/>\n                    <b>Brightness: </b> 340.38 K" }, "geometry": { "type": "Point", "coordinates": [ 55.16237, 51.60651 ] } },
{ "type": "Feature", "properties": { "sensor": "NOAA-21", "description": "<b>Latitude: </b> 45.46906<br/> \n                    <b>Longitude: </b> 34.16685<br/> \n                    <b>Detection Time: </b> 2026-09-30 10:02 UTC<br/> \n                    <b>Sensor: </b> NOAA-21 VIIRS<br/>\n                    <b>Confidence: </b> Nominal<br/> \n                    <b>Day/Night: </b> Day<br/>\n                    <b>Scan: </b> 0.41 km<br/>\n                    <b>Track: </b> 0.45 km<br/>\n                    <b>FRP: </b> 4.07 MW<br/>\n                    <b>Brightness: </b> 331.66 K" }, "geometry": { "type": "Point", "coordinates": [ 34.16685, 45.46906 ] } },
{ "type": "Feature", "properties": { "sensor": "NOAA-21", "description": "<b>Latitude: </b> 50.87108<br/> \n                    <b>Longitude: </b> 44.60752<br/> \n                    <b>Detection Time: </b> 2026-09-30 10:02 UTC<br/> \n                    <b>Sensor: </b> NOAA-21 VIIRS<br/>\n                    <b>Confidence: </b> Nominal<br/> \n                    <b>Day/Night: </b> Day<br/>\n                    <b>Scan: </b> 0.46 km<br/>\n                    <b>Track: </b> 0.39 km<br/>\n                    <b>FRP: </b> 5.07 MW<br/>\n                    <b>Brightness: </b> 328.64 K" }, "geometry": { "type": "Point", "coordinates": [ 44.60752, 50.87108 ] } },
{ "type": "Feature", "properties": { "sensor": "NOAA-21", "description": "<b>Latitude: </b> 50.8675<br/> \n                    <b>Longitude: </b> 44.60851<br/> \n                    <b>Detection Time: </b> 2026-09-30 10:02 UTC<br/> \n                    <b>Sensor: </b> NOAA-21 VIIRS<br/>\n                    <b>Confidence: </b> Nominal<br/> \n                    <b>Day/Night: </b> Day<br/>\n                    <b>Scan: </b> 0.46 km<br/>\n                    <b>Track: </b> 0.39 km<br/>\n                    <b>FRP: </b> 5.07 MW<br/>\n                    <b>Brightness: </b> 337.71 K" }, "geometry": { "type": "Point", "coordinates": [ 44.60851, 50.8675 ] } },
{ "type": "Feature", "properties": { "sensor": "NOAA-21", "description": "<b>Latitude: </b> 51.02095<br/> \n                    <b>Longitude: </b> 48.70644<br/> \n                    <b>Detection Time: </b> 2026-09-30 10:02 UTC<br/> \n                    <b>Sensor: </b> NOAA-21 VIIRS<br/>\n                    <b>Confidence: </b> Nominal<br/> \n                    <b>Day/Night: </b> Day<br/>\n                    <b>Scan: </b> 0.44 km<br/>\n                    <b>Track: </b> 0.46 km<br/>\n                    <b>FRP: </b> 3.61 MW<br/>\n                    <b>Brightness: </b> 334.87 K" }, "geometry": { "type": "Point", "coordinates": [ 48.70644, 51.02095 ] } },
{ "type": "Feature", "properties": { "sensor": "NOAA-21", "description": "<b>Latitude: </b> 50.95936<br/> \n                    <b>Longitude: </b> 48.40692<br/> \n                    <b>Detection Time: </b> 2026-09-30 10:02 UTC<br/> \n                    <b>Sensor: </b> NOAA-21 VIIRS<br/>\n                    <b>Confidence: </b> Nominal<br/> \n                    <b>Day/Night: </b> Day<br/>\n                    <b>Scan: </b> 0.42 km<br/>\n                    <b>Track: </b> 0.45 km<br/>\n                    <b>FRP: </b> 3.44 MW<br/>\n                    <b>Brightness: </b> 335.49 K" }, "geometry": { "type": "Point", "coordinates": [ 48.40692, 50.95936 ] } },
{ "type": "Feature", "properties": { "sensor": "NOAA-21", "description": "<b>Latitude: </b> 51.28704<br/> \n                    <b>Longitude: </b> 58.35146<br/> \n                    <b>Detection Time: </b> 2026-09-30 10:02 UTC<br/> \n                    <b>Sensor: </b> NOAA-21 VIIRS<br/>\n                    <b>Confidence: </b> Nominal<br/> \n                    <b>Day/Night: </b> Day<br/>\n                    <b>Scan: </b> 0.58 km<br/>\n                    <b>Track: </b> 0.7 km<br/>\n                    <b>FRP: </b> 13.95 MW<br/>\n                    <b>Brightness: </b> 350.57 K" }, "geometry": { "type": "Point", "coordinates": [ 58.35146, 51.28704 ] } },
{ "type": "Feature", "properties": { "sensor": "NOAA-21", "description": "<b>Latitude: </b> 51.28698<br/> \n                    <b>Longitude: </b> 58.35977<br/> \n                    <b>Detection Time: </b> 2026-09-30 10:02 UTC<br/> \n                    <b>Sensor: </b> NOAA-21 VIIRS<br/>\n                    <b>Confidence: </b> Nominal<br/> \n                    <b>Day/Night: </b> Day<br/>\n                    <b>Scan: </b> 0.58 km<br/>\n                    <b>Track: </b> 0.7 km<br/>\n                    <b>FRP: </b> 21.1 MW<br/>\n                    <b>Brightness: </b> 353.33 K" }, "geometry": { "type": "Point", "coordinates": [ 58.35977, 51.28698 ] } },
{ "type": "Feature", "properties": { "sensor": "NOAA-21", "description": "<b>Latitude: </b> 51.28089<br/> \n                    <b>Longitude: </b> 58.31772<br/> \n                    <b>Detection Time: </b> 2026-09-30 10:02 UTC<br/> \n                    <b>Sensor: </b> NOAA-21 VIIRS<br/>\n                    <b>Confidence: </b> Nominal<br/> \n                    <b>Day/Night: </b> Day<br/>\n                    <b>Scan: </b> 0.58 km<br/>\n                    <b>Track: </b> 0.7 km<br/>\n                    <b>FRP: </b> 16.57 MW<br/>\n                    <b>Brightness: </b> 342.34 K" }, "geometry": { "type": "Point", "coordinates": [ 58.31772, 51.28089 ] } },
{ "type": "Feature", "properties": { "sensor": "NOAA-21", "description": "<b>Latitude: </b> 51.28082<br/> \n                    <b>Longitude: </b> 58.32614<br/> \n                    <b>Detection Time: </b> 2026-09-30 10:02 UTC<br/> \n                    <b>Sensor: </b> NOAA-21 VIIRS<br/>\n                    <b>Confidence: </b> Nominal<br/> \n                    <b>Day/Night: </b> Day<br/>\n                    <b>Scan: </b> 0.58 km<br/>\n                    <b>Track: </b> 0.7 km<br/>\n                    <b>FRP: </b> 16.15 MW<br/>\n                    <b>Brightness: </b> 341.34 K" }, "geometry": { "type": "Point", "coordinates": [ 58.32614, 51.28082 ] } },
{ "type": "Feature", "properties": { "sensor": "NOAA-21", "description": "<b>Latitude: </b> 51.2806<br/> \n                    <b>Longitude: </b> 58.35167<br/> \n                    <b>Detection Time: </b> 2026-09-30 10:02 UTC<br/> \n                    <b>Sensor: </b> NOAA-21 VIIRS<br/>\n                    <b>Confidence: </b> Nominal<br/> \n                    <b>Day/Night: </b> Day<br/>\n                    <b>Scan: </b> 0.58 km<br/>\n                    <b>Track: </b> 0.7 km<br/>\n                    <b>FRP: </b> 13.95 MW<br/>\n                    <b>Brightness: </b> 336.7 K" }, "geometry": { "type": "Point", "coordinates": [ 58.35167, 51.2806 ] } },
{ "type": "Feature", "properties": { "sensor": "NOAA-21", "description": "<b>Latitude: </b> 51.28118<br/> \n                    <b>Longitude: </b> 58.28305<br/> \n                    <b>Detection Time: </b> 2026-09-30 10:02 UTC<br/> \n                    <b>Sensor: </b> NOAA-21 VIIRS<br/>\n                    <b>Confidence: </b> High<br/> \n                    <b>Day/Night: </b> Day<br/>\n                    <b>Scan: </b> 0.58 km<br/>\n                    <b>Track: </b> 0.69 km<br/>\n                    <b>FRP: </b> 35.25 MW<br/>\n                    <b>Brightness: </b> 367 K" }, "geometry": { "type": "Point", "coordinates": [ 58.28305, 51.28118 ] } },
{ "type": "Feature", "properties": { "sensor": "NOAA-21", "description": "<b>Latitude: </b> 51.28111<br/> \n                    <b>Longitude: </b> 58.29152<br/> \n                    <b>Detection Time: </b> 2026-09-30 10:02 UTC<br/> \n                    <b>Sensor: </b> NOAA-21 VIIRS<br/>\n                    <b>Confidence: </b> High<br/> \n                    <b>Day/Night: </b> Day<br/>\n                    <b>Scan: </b> 0.58 km<br/>\n                    <b>Track: </b> 0.69 km<br/>\n                    <b>FRP: </b> 34.49 MW<br/>\n                    <b>Brightness: </b> 367 K" }, "geometry": { "type": "Point", "coordinates": [ 58.29152, 51.28111 ] } },
{ "type": "Feature", "properties": { "sensor": "NOAA-21", "description": "<b>Latitude: </b> 51.28103<br/> \n                    <b>Longitude: </b> 58.30037<br/> \n                    <b>Detection Time: </b> 2026-09-30 10:02 UTC<br/> \n                    <b>Sensor: </b> NOAA-21 VIIRS<br/>\n                    <b>Confidence: </b> High<br/> \n                    <b>Day/Night: </b> Day<br/>\n                    <b>Scan: </b> 0.58 km<br/>\n                    <b>Track: </b> 0.7 km<br/>\n                    <b>FRP: </b> 34.49 MW<br/>\n                    <b>Brightness: </b> 367 K" }, "geometry": { "type": "Point", "coordinates": [ 58.30037, 51.28103 ] } },
{ "type": "Feature", "properties": { "sensor": "NOAA-21", "description": "<b>Latitude: </b> 51.28096<br/> \n                    <b>Longitude: </b> 58.30915<br/> \n                    <b>Detection Time: </b> 2026-09-30 10:02 UTC<br/> \n                    <b>Sensor: </b> NOAA-21 VIIRS<br/>\n                    <b>Confidence: </b> High<br/> \n                    <b>Day/Night: </b> Day<br/>\n                    <b>Scan: </b> 0.58 km<br/>\n                    <b>Track: </b> 0.7 km<br/>\n                    <b>FRP: </b> 16.57 MW<br/>\n                    <b>Brightness: </b> 367 K" }, "geometry": { "type": "Point", "coordinates": [ 58.30915, 51.28096 ] } },
{ "type": "Feature", "properties": { "sensor": "NOAA-21", "description": "<b>Latitude: </b> 51.27475<br/> \n                    <b>Longitude: </b> 58.28291<br/> \n                    <b>Detection Time: </b> 2026-09-30 10:02 UTC<br/> \n                    <b>Sensor: </b> NOAA-21 VIIRS<br/>\n                    <b>Confidence: </b> Low<br/> \n                    <b>Day/Night: </b> Day<br/>\n                    <b>Scan: </b> 0.58 km<br/>\n                    <b>Track: </b> 0.69 km<br/>\n                    <b>FRP: </b> 83.05 MW<br/>\n                    <b>Brightness: </b> 296.13 K" }, "geometry": { "type": "Point", "coordinates": [ 58.28291, 51.27475 ] } },
{ "type": "Feature", "properties": { "sensor": "NOAA-21", "description": "<b>Latitude: </b> 51.27468<br/> \n                    <b>Longitude: </b> 58.29138<br/> \n                    <b>Detection Time: </b> 2026-09-30 10:02 UTC<br/> \n                    <b>Sensor: </b> NOAA-21 VIIRS<br/>\n                    <b>Confidence: </b> Low<br/> \n                    <b>Day/Night: </b> Day<br/>\n                    <b>Scan: </b> 0.58 km<br/>\n                    <b>Track: </b> 0.69 km<br/>\n                    <b>FRP: </b> 134.41 MW<br/>\n                    <b>Brightness: </b> 367 K" }, "geometry": { "type": "Point", "coordinates": [ 58.29138, 51.27468 ] } },
{ "type": "Feature", "properties": { "sensor": "NOAA-21", "description": "<b>Latitude: </b> 51.27495<br/> \n                    <b>Longitude: </b> 58.25851<br/> \n                    <b>Detection Time: </b> 2026-09-30 10:02 UTC<br/> \n                    <b>Sensor: </b> NOAA-21 VIIRS<br/>\n                    <b>Confidence: </b> Nominal<br/> \n                    <b>Day/Night: </b> Day<br/>\n                    <b>Scan: </b> 0.57 km<br/>\n                    <b>Track: </b> 0.69 km<br/>\n                    <b>FRP: </b> 90.27 MW<br/>\n                    <b>Brightness: </b> 326.81 K" }, "geometry": { "type": "Point", "coordinates": [ 58.25851, 51.27495 ] } },
{ "type": "Feature", "properties": { "sensor": "NOAA-21", "description": "<b>Latitude: </b> 51.27488<br/> \n                    <b>Longitude: </b> 58.26677<br/> \n                    <b>Detection Time: </b> 2026-09-30 10:02 UTC<br/> \n                    <b>Sensor: </b> NOAA-21 VIIRS<br/>\n                    <b>Confidence: </b> Nominal<br/> \n                    <b>Day/Night: </b> Day<br/>\n                    <b>Scan: </b> 0.58 km<br/>\n                    <b>Track: </b> 0.69 km<br/>\n                    <b>FRP: </b> 90.27 MW<br/>\n                    <b>Brightness: </b> 345.43 K" }, "geometry": { "type": "Point", "coordinates": [ 58.26677, 51.27488 ] } },
{ "type": "Feature", "properties": { "sensor": "NOAA-21", "description": "<b>Latitude: </b> 51.27481<br/> \n                    <b>Longitude: </b> 58.27479<br/> \n                    <b>Detection Time: </b> 2026-09-30 10:02 UTC<br/> \n                    <b>Sensor: </b> NOAA-21 VIIRS<br/>\n                    <b>Confidence: </b> Nominal<br/> \n                    <b>Day/Night: </b> Day<br/>\n                    <b>Scan: </b> 0.58 km<br/>\n                    <b>Track: </b> 0.69 km<br/>\n                    <b>FRP: </b> 83.05 MW<br/>\n                    <b>Brightness: </b> 354.79 K" }, "geometry": { "type": "Point", "coordinates": [ 58.27479, 51.27481 ] } },
{ "type": "Feature", "properties": { "sensor": "NOAA-21", "description": "<b>Latitude: </b> 51.27453<br/> \n                    <b>Longitude: </b> 58.30903<br/> \n                    <b>Detection Time: </b> 2026-09-30 10:02 UTC<br/> \n                    <b>Sensor: </b> NOAA-21 VIIRS<br/>\n                    <b>Confidence: </b> Nominal<br/> \n                    <b>Day/Night: </b> Day<br/>\n                    <b>Scan: </b> 0.58 km<br/>\n                    <b>Track: </b> 0.7 km<br/>\n                    <b>FRP: </b> 18.94 MW<br/>\n                    <b>Brightness: </b> 326.62 K" }, "geometry": { "type": "Point", "coordinates": [ 58.30903, 51.27453 ] } },
{ "type": "Feature", "properties": { "sensor": "NOAA-21", "description": "<b>Latitude: </b> 51.27445<br/> \n                    <b>Longitude: </b> 58.31772<br/> \n                    <b>Detection Time: </b> 2026-09-30 10:02 UTC<br/> \n                    <b>Sensor: </b> NOAA-21 VIIRS<br/>\n                    <b>Confidence: </b> Nominal<br/> \n                    <b>Day/Night: </b> Day<br/>\n                    <b>Scan: </b> 0.58 km<br/>\n                    <b>Track: </b> 0.7 km<br/>\n                    <b>FRP: </b> 18.94 MW<br/>\n                    <b>Brightness: </b> 338.09 K" }, "geometry": { "type": "Point", "coordinates": [ 58.31772, 51.27445 ] } },
{ "type": "Feature", "properties": { "sensor": "NOAA-21", "description": "<b>Latitude: </b> 51.27438<br/> \n                    <b>Longitude: </b> 58.32627<br/> \n                    <b>Detection Time: </b> 2026-09-30 10:02 UTC<br/> \n                    <b>Sensor: </b> NOAA-21 VIIRS<br/>\n                    <b>Confidence: </b> Nominal<br/> \n                    <b>Day/Night: </b> Day<br/>\n                    <b>Scan: </b> 0.58 km<br/>\n                    <b>Track: </b> 0.7 km<br/>\n                    <b>FRP: </b> 18.08 MW<br/>\n                    <b>Brightness: </b> 346.98 K" }, "geometry": { "type": "Point", "coordinates": [ 58.32627, 51.27438 ] } },
{ "type": "Feature", "properties": { "sensor": "NOAA-21", "description": "<b>Latitude: </b> 51.27242<br/> \n                    <b>Longitude: </b> 58.52974<br/> \n                    <b>Detection Time: </b> 2026-09-30 10:02 UTC<br/> \n                    <b>Sensor: </b> NOAA-21 VIIRS<br/>\n                    <b>Confidence: </b> Nominal<br/> \n                    <b>Day/Night: </b> Day<br/>\n                    <b>Scan: </b> 0.59 km<br/>\n                    <b>Track: </b> 0.7 km<br/>\n                    <b>FRP: </b> 17.64 MW<br/>\n                    <b>Brightness: </b> 354.24 K" }, "geometry": { "type": "Point", "coordinates": [ 58.52974, 51.27242 ] } },
{ "type": "Feature", "properties": { "sensor": "NOAA-21", "description": "<b>Latitude: </b> 51.2746<br/> \n                    <b>Longitude: </b> 58.30017<br/> \n                    <b>Detection Time: </b> 2026-09-30 10:02 UTC<br/> \n                    <b>Sensor: </b> NOAA-21 VIIRS<br/>\n                    <b>Confidence: </b> High<br/> \n                    <b>Day/Night: </b> Day<br/>\n                    <b>Scan: </b> 0.58 km<br/>\n                    <b>Track: </b> 0.7 km<br/>\n                    <b>FRP: </b> 134.41 MW<br/>\n                    <b>Brightness: </b> 367 K" }, "geometry": { "type": "Point", "coordinates": [ 58.30017, 51.2746 ] } },
{ "type": "Feature", "properties": { "sensor": "NOAA-21", "description": "<b>Latitude: </b> 51.2686<br/> \n                    <b>Longitude: </b> 58.24984<br/> \n                    <b>Detection Time: </b> 2026-09-30 10:02 UTC<br/> \n                    <b>Sensor: </b> NOAA-21 VIIRS<br/>\n                    <b>Confidence: </b> Low<br/> \n                    <b>Day/Night: </b> Day<br/>\n                    <b>Scan: </b> 0.57 km<br/>\n                    <b>Track: </b> 0.69 km<br/>\n                    <b>FRP: </b> 248.25 MW<br/>\n                    <b>Brightness: </b> 207.38 K" }, "geometry": { "type": "Point", "coordinates": [ 58.24984, 51.2686 ] } },
{ "type": "Feature", "properties": { "sensor": "NOAA-21", "description": "<b>Latitude: </b> 51.26853<br/> \n                    <b>Longitude: </b> 58.25826<br/> \n                    <b>Detection Time: </b> 2026-09-30 10:02 UTC<br/> \n                    <b>Sensor: </b> NOAA-21 VIIRS<br/>\n                    <b>Confidence: </b> Nominal<br/> \n                    <b>Day/Night: </b> Day<br/>\n                    <b>Scan: </b> 0.57 km<br/>\n                    <b>Track: </b> 0.69 km<br/>\n                    <b>FRP: </b> 90.27 MW<br/>\n                    <b>Brightness: </b> 345.18 K" }, "geometry": { "type": "Point", "coordinates": [ 58.25826, 51.26853 ] } },
{ "type": "Feature", "properties": { "sensor": "NOAA-21", "description": "<b>Latitude: </b> 51.26839<br/> \n                    <b>Longitude: </b> 58.27456<br/> \n                    <b>Detection Time: </b> 2026-09-30 10:02 UTC<br/> \n                    <b>Sensor: </b> NOAA-21 VIIRS<br/>\n                    <b>Confidence: </b> Nominal<br/> \n                    <b>Day/Night: </b> Day<br/>\n                    <b>Scan: </b> 0.58 km<br/>\n                    <b>Track: </b> 0.69 km<br/>\n                    <b>FRP: </b> 83.05 MW<br/>\n                    <b>Brightness: </b> 342.74 K" }, "geometry": { "type": "Point", "coordinates": [ 58.27456, 51.26839 ] } },
{ "type": "Feature", "properties": { "sensor": "NOAA-21", "description": "<b>Latitude: </b> 51.26593<br/> \n                    <b>Longitude: </b> 58.5299<br/> \n                    <b>Detection Time: </b> 2026-09-30 10:02 UTC<br/> \n                    <b>Sensor: </b> NOAA-21 VIIRS<br/>\n                    <b>Confidence: </b> Nominal<br/> \n                    <b>Day/Night: </b> Day<br/>\n                    <b>Scan: </b> 0.59 km<br/>\n                    <b>Track: </b> 0.7 km<br/>\n                    <b>FRP: </b> 17.64 MW<br/>\n                    <b>Brightness: </b> 354.98 K" }, "geometry": { "type": "Point", "coordinates": [ 58.5299, 51.26593 ] } },
{ "type": "Feature", "properties": { "sensor": "NOAA-21", "description": "<b>Latitude: </b> 51.26583<br/> \n                    <b>Longitude: </b> 58.53898<br/> \n                    <b>Detection Time: </b> 2026-09-30 10:02 UTC<br/> \n                    <b>Sensor: </b> NOAA-21 VIIRS<br/>\n                    <b>Confidence: </b> Nominal<br/> \n                    <b>Day/Night: </b> Day<br/>\n                    <b>Scan: </b> 0.59 km<br/>\n                    <b>Track: </b> 0.7 km<br/>\n                    <b>FRP: </b> 17.64 MW<br/>\n                    <b>Brightness: </b> 338.38 K" }, "geometry": { "type": "Point", "coordinates": [ 58.53898, 51.26583 ] } },
{ "type": "Feature", "properties": { "sensor": "NOAA-21", "description": "<b>Latitude: </b> 51.26846<br/> \n                    <b>Longitude: </b> 58.26649<br/> \n                    <b>Detection Time: </b> 2026-09-30 10:02 UTC<br/> \n                    <b>Sensor: </b> NOAA-21 VIIRS<br/>\n                    <b>Confidence: </b> High<br/> \n                    <b>Day/Night: </b> Day<br/>\n                    <b>Scan: </b> 0.58 km<br/>\n                    <b>Track: </b> 0.69 km<br/>\n                    <b>FRP: </b> 90.27 MW<br/>\n                    <b>Brightness: </b> 367 K" }, "geometry": { "type": "Point", "coordinates": [ 58.26649, 51.26846 ] } },
{ "type": "Feature", "properties": { "sensor": "NOAA-21", "description": "<b>Latitude: </b> 51.26817<br/> \n                    <b>Longitude: </b> 58.30002<br/> \n                    <b>Detection Time: </b> 2026-09-30 10:02 UTC<br/> \n                    <b>Sensor: </b> NOAA-21 VIIRS<br/>\n                    <b>Confidence: </b> High<br/> \n                    <b>Day/Night: </b> Day<br/>\n                    <b>Scan: </b> 0.58 km<br/>\n                    <b>Track: </b> 0.7 km<br/>\n                    <b>FRP: </b> 134.41 MW<br/>\n                    <b>Brightness: </b> 367 K" }, "geometry": { "type": "Point", "coordinates": [ 58.30002, 51.26817 ] } },
{ "type": "Feature", "properties": { "sensor": "NOAA-21", "description": "<b>Latitude: </b> 51.25359<br/> \n                    <b>Longitude: </b> 58.47129<br/> \n                    <b>Detection Time: </b> 2026-09-30 10:02 UTC<br/> \n                    <b>Sensor: </b> NOAA-21 VIIRS<br/>\n                    <b>Confidence: </b> High<br/> \n                    <b>Day/Night: </b> Day<br/>\n                    <b>Scan: </b> 0.59 km<br/>\n                    <b>Track: </b> 0.7 km<br/>\n                    <b>FRP: </b> 17.78 MW<br/>\n                    <b>Brightness: </b> 367 K" }, "geometry": { "type": "Point", "coordinates": [ 58.47129, 51.25359 ] } },
{ "type": "Feature", "properties": { "sensor": "NOAA-21", "description": "<b>Latitude: </b> 51.28654<br/> \n                    <b>Longitude: </b> 58.34667<br/> \n                    <b>Detection Time: </b> 2026-09-30 10:02 UTC<br/> \n                    <b>Sensor: </b> NOAA-21 VIIRS<br/>\n                    <b>Confidence: </b> Nominal<br/> \n                    <b>Day/Night: </b> Day<br/>\n                    <b>Scan: </b> 0.58 km<br/>\n                    <b>Track: </b> 0.7 km<br/>\n                    <b>FRP: </b> 10.69 MW<br/>\n                    <b>Brightness: </b> 328.61 K" }, "geometry": { "type": "Point", "coordinates": [ 58.34667, 51.28654 ] } },
{ "type": "Feature", "properties": { "sensor": "NOAA-21", "description": "<b>Latitude: </b> 51.2865<br/> \n                    <b>Longitude: </b> 58.35522<br/> \n                    <b>Detection Time: </b> 2026-09-30 10:02 UTC<br/> \n                    <b>Sensor: </b> NOAA-21 VIIRS<br/>\n                    <b>Confidence: </b> High<br/> \n                    <b>Day/Night: </b> Day<br/>\n                    <b>Scan: </b> 0.58 km<br/>\n                    <b>Track: </b> 0.7 km<br/>\n                    <b>FRP: </b> 10.69 MW<br/>\n                    <b>Brightness: </b> 367 K" }, "geometry": { "type": "Point", "coordinates": [ 58.35522, 51.2865 ] } },
{ "type": "Feature", "properties": { "sensor": "NOAA-21", "description": "<b>Latitude: </b> 51.28037<br/> \n                    <b>Longitude: </b> 58.27843<br/> \n                    <b>Detection Time: </b> 2026-09-30 10:02 UTC<br/> \n                    <b>Sensor: </b> NOAA-21 VIIRS<br/>\n                    <b>Confidence: </b> Nominal<br/> \n                    <b>Day/Night: </b> Day<br/>\n                    <b>Scan: </b> 0.58 km<br/>\n                    <b>Track: </b> 0.69 km<br/>\n                    <b>FRP: </b> 45.9 MW<br/>\n                    <b>Brightness: </b> 353.61 K" }, "geometry": { "type": "Point", "coordinates": [ 58.27843, 51.28037 ] } },
{ "type": "Feature", "properties": { "sensor": "NOAA-21", "description": "<b>Latitude: </b> 51.28034<br/> \n                    <b>Longitude: </b> 58.28671<br/> \n                    <b>Detection Time: </b> 2026-09-30 10:02 UTC<br/> \n                    <b>Sensor: </b> NOAA-21 VIIRS<br/>\n                    <b>Confidence: </b> Nominal<br/> \n                    <b>Day/Night: </b> Day<br/>\n                    <b>Scan: </b> 0.58 km<br/>\n                    <b>Track: </b> 0.69 km<br/>\n                    <b>FRP: </b> 45.9 MW<br/>\n                    <b>Brightness: </b> 349.45 K" }, "geometry": { "type": "Point", "coordinates": [ 58.28671, 51.28034 ] } },
{ "type": "Feature", "properties": { "sensor": "NOAA-21", "description": "<b>Latitude: </b> 51.28024<br/> \n                    <b>Longitude: </b> 58.31296<br/> \n                    <b>Detection Time: </b> 2026-09-30 10:02 UTC<br/> \n                    <b>Sensor: </b> NOAA-21 VIIRS<br/>\n                    <b>Confidence: </b> Nominal<br/> \n                    <b>Day/Night: </b> Day<br/>\n                    <b>Scan: </b> 0.58 km<br/>\n                    <b>Track: </b> 0.7 km<br/>\n                    <b>FRP: </b> 15.37 MW<br/>\n                    <b>Brightness: </b> 350.7 K" }, "geometry": { "type": "Point", "coordinates": [ 58.31296, 51.28024 ] } },
{ "type": "Feature", "properties": { "sensor": "NOAA-21", "description": "<b>Latitude: </b> 51.2802<br/> \n                    <b>Longitude: </b> 58.32146<br/> \n                    <b>Detection Time: </b> 2026-09-30 10:02 UTC<br/> \n                    <b>Sensor: </b> NOAA-21 VIIRS<br/>\n                    <b>Confidence: </b> Nominal<br/> \n                    <b>Day/Night: </b> Day<br/>\n                    <b>Scan: </b> 0.58 km<br/>\n                    <b>Track: </b> 0.7 km<br/>\n                    <b>FRP: </b> 15.37 MW<br/>\n                    <b>Brightness: </b> 353.84 K" }, "geometry": { "type": "Point", "coordinates": [ 58.32146, 51.2802 ] } },
{ "type": "Feature", "properties": { "sensor": "NOAA-21", "description": "<b>Latitude: </b> 51.28006<br/> \n                    <b>Longitude: </b> 58.35545<br/> \n                    <b>Detection Time: </b> 2026-09-30 10:02 UTC<br/> \n                    <b>Sensor: </b> NOAA-21 VIIRS<br/>\n                    <b>Confidence: </b> Nominal<br/> \n                    <b>Day/Night: </b> Day<br/>\n                    <b>Scan: </b> 0.58 km<br/>\n                    <b>Track: </b> 0.7 km<br/>\n                    <b>FRP: </b> 10.69 MW<br/>\n                    <b>Brightness: </b> 343.52 K" }, "geometry": { "type": "Point", "coordinates": [ 58.35545, 51.28006 ] } },
{ "type": "Feature", "properties": { "sensor": "NOAA-21", "description": "<b>Latitude: </b> 51.28031<br/> \n                    <b>Longitude: </b> 58.29537<br/> \n                    <b>Detection Time: </b> 2026-09-30 10:02 UTC<br/> \n                    <b>Sensor: </b> NOAA-21 VIIRS<br/>\n                    <b>Confidence: </b> High<br/> \n                    <b>Day/Night: </b> Day<br/>\n                    <b>Scan: </b> 0.58 km<br/>\n                    <b>Track: </b> 0.69 km<br/>\n                    <b>FRP: </b> 36.48 MW<br/>\n                    <b>Brightness: </b> 367 K" }, "geometry": { "type": "Point", "coordinates": [ 58.29537, 51.28031 ] } },
{ "type": "Feature", "properties": { "sensor": "NOAA-21", "description": "<b>Latitude: </b> 51.28027<br/> \n                    <b>Longitude: </b> 58.30426<br/> \n                    <b>Detection Time: </b> 2026-09-30 10:02 UTC<br/> \n                    <b>Sensor: </b> NOAA-21 VIIRS<br/>\n                    <b>Confidence: </b> High<br/> \n                    <b>Day/Night: </b> Day<br/>\n                    <b>Scan: </b> 0.58 km<br/>\n                    <b>Track: </b> 0.7 km<br/>\n                    <b>FRP: </b> 36.48 MW<br/>\n                    <b>Brightness: </b> 367 K" }, "geometry": { "type": "Point", "coordinates": [ 58.30426, 51.28027 ] } },
{ "type": "Feature", "properties": { "sensor": "NOAA-21", "description": "<b>Latitude: </b> 51.27392<br/> \n                    <b>Longitude: </b> 58.28648<br/> \n                    <b>Detection Time: </b> 2026-09-30 10:02 UTC<br/> \n                    <b>Sensor: </b> NOAA-21 VIIRS<br/>\n                    <b>Confidence: </b> Low<br/> \n                    <b>Day/Night: </b> Day<br/>\n                    <b>Scan: </b> 0.58 km<br/>\n                    <b>Track: </b> 0.69 km<br/>\n                    <b>FRP: </b> 146.07 MW<br/>\n                    <b>Brightness: </b> 207.38 K" }, "geometry": { "type": "Point", "coordinates": [ 58.28648, 51.27392 ] } },
{ "type": "Feature", "properties": { "sensor": "NOAA-21", "description": "<b>Latitude: </b> 51.27377<br/> \n                    <b>Longitude: </b> 58.32143<br/> \n                    <b>Detection Time: </b> 2026-09-30 10:02 UTC<br/> \n                    <b>Sensor: </b> NOAA-21 VIIRS<br/>\n                    <b>Confidence: </b> Nominal<br/> \n                    <b>Day/Night: </b> Day<br/>\n                    <b>Scan: </b> 0.58 km<br/>\n                    <b>Track: </b> 0.7 km<br/>\n                    <b>FRP: </b> 22.3 MW<br/>\n                    <b>Brightness: </b> 342.96 K" }, "geometry": { "type": "Point", "coordinates": [ 58.32143, 51.27377 ] } },
{ "type": "Feature", "properties": { "sensor": "NOAA-21", "description": "<b>Latitude: </b> 51.27266<br/> \n                    <b>Longitude: </b> 58.53337<br/> \n                    <b>Detection Time: </b> 2026-09-30 10:02 UTC<br/> \n                    <b>Sensor: </b> NOAA-21 VIIRS<br/>\n                    <b>Confidence: </b> Nominal<br/> \n                    <b>Day/Night: </b> Day<br/>\n                    <b>Scan: </b> 0.59 km<br/>\n                    <b>Track: </b> 0.7 km<br/>\n                    <b>FRP: </b> 24.43 MW<br/>\n                    <b>Brightness: </b> 349.91 K" }, "geometry": { "type": "Point", "coordinates": [ 58.53337, 51.27266 ] } },
{ "type": "Feature", "properties": { "sensor": "NOAA-21", "description": "<b>Latitude: </b> 51.27401<br/> \n                    <b>Longitude: </b> 58.26209<br/> \n                    <b>Detection Time: </b> 2026-09-30 10:02 UTC<br/> \n                    <b>Sensor: </b> NOAA-21 VIIRS<br/>\n                    <b>Confidence: </b> High<br/> \n                    <b>Day/Night: </b> Day<br/>\n                    <b>Scan: </b> 0.57 km<br/>\n                    <b>Track: </b> 0.69 km<br/>\n                    <b>FRP: </b> 92.45 MW<br/>\n                    <b>Brightness: </b> 367 K" }, "geometry": { "type": "Point", "coordinates": [ 58.26209, 51.27401 ] } },
{ "type": "Feature", "properties": { "sensor": "NOAA-21", "description": "<b>Latitude: </b> 51.27398<br/> \n                    <b>Longitude: </b> 58.27024<br/> \n                    <b>Detection Time: </b> 2026-09-30 10:02 UTC<br/> \n                    <b>Sensor: </b> NOAA-21 VIIRS<br/>\n                    <b>Confidence: </b> High<br/> \n                    <b>Day/Night: </b> Day<br/>\n                    <b>Scan: </b> 0.58 km<br/>\n                    <b>Track: </b> 0.69 km<br/>\n                    <b>FRP: </b> 92.45 MW<br/>\n                    <b>Brightness: </b> 367 K" }, "geometry": { "type": "Point", "coordinates": [ 58.27024, 51.27398 ] } },
{ "type": "Feature", "properties": { "sensor": "NOAA-21", "description": "<b>Latitude: </b> 51.27395<br/> \n                    <b>Longitude: </b> 58.27822<br/> \n                    <b>Detection Time: </b> 2026-09-30 10:02 UTC<br/> \n                    <b>Sensor: </b> NOAA-21 VIIRS<br/>\n                    <b>Confidence: </b> High<br/> \n                    <b>Day/Night: </b> Day<br/>\n                    <b>Scan: </b> 0.58 km<br/>\n                    <b>Track: </b> 0.69 km<br/>\n                    <b>FRP: </b> 146.07 MW<br/>\n                    <b>Brightness: </b> 367 K" }, "geometry": { "type": "Point", "coordinates": [ 58.27822, 51.27395 ] } },
{ "type": "Feature", "properties": { "sensor": "NOAA-21", "description": "<b>Latitude: </b> 51.27388<br/> \n                    <b>Longitude: </b> 58.29509<br/> \n                    <b>Detection Time: </b> 2026-09-30 10:02 UTC<br/> \n                    <b>Sensor: </b> NOAA-21 VIIRS<br/>\n                    <b>Confidence: </b> High<br/> \n                    <b>Day/Night: </b> Day<br/>\n                    <b>Scan: </b> 0.58 km<br/>\n                    <b>Track: </b> 0.69 km<br/>\n                    <b>FRP: </b> 71.75 MW<br/>\n                    <b>Brightness: </b> 367 K" }, "geometry": { "type": "Point", "coordinates": [ 58.29509, 51.27388 ] } },
{ "type": "Feature", "properties": { "sensor": "NOAA-21", "description": "<b>Latitude: </b> 51.27385<br/> \n                    <b>Longitude: </b> 58.30397<br/> \n                    <b>Detection Time: </b> 2026-09-30 10:02 UTC<br/> \n                    <b>Sensor: </b> NOAA-21 VIIRS<br/>\n                    <b>Confidence: </b> High<br/> \n                    <b>Day/Night: </b> Day<br/>\n                    <b>Scan: </b> 0.58 km<br/>\n                    <b>Track: </b> 0.7 km<br/>\n                    <b>FRP: </b> 71.75 MW<br/>\n                    <b>Brightness: </b> 367 K" }, "geometry": { "type": "Point", "coordinates": [ 58.30397, 51.27385 ] } },
{ "type": "Feature", "properties": { "sensor": "NOAA-21", "description": "<b>Latitude: </b> 51.26763<br/> \n                    <b>Longitude: </b> 58.25344<br/> \n                    <b>Detection Time: </b> 2026-09-30 10:02 UTC<br/> \n                    <b>Sensor: </b> NOAA-21 VIIRS<br/>\n                    <b>Confidence: </b> Low<br/> \n                    <b>Day/Night: </b> Day<br/>\n                    <b>Scan: </b> 0.57 km<br/>\n                    <b>Track: </b> 0.69 km<br/>\n                    <b>FRP: </b> 361.05 MW<br/>\n                    <b>Brightness: </b> 269.58 K" }, "geometry": { "type": "Point", "coordinates": [ 58.25344, 51.26763 ] } },
{ "type": "Feature", "properties": { "sensor": "NOAA-21", "description": "<b>Latitude: </b> 51.26746<br/> \n                    <b>Longitude: </b> 58.29501<br/> \n                    <b>Detection Time: </b> 2026-09-30 10:02 UTC<br/> \n                    <b>Sensor: </b> NOAA-21 VIIRS<br/>\n                    <b>Confidence: </b> Nominal<br/> \n                    <b>Day/Night: </b> Day<br/>\n                    <b>Scan: </b> 0.58 km<br/>\n                    <b>Track: </b> 0.69 km<br/>\n                    <b>FRP: </b> 71.75 MW<br/>\n                    <b>Brightness: </b> 349.58 K" }, "geometry": { "type": "Point", "coordinates": [ 58.29501, 51.26746 ] } },
{ "type": "Feature", "properties": { "sensor": "NOAA-21", "description": "<b>Latitude: </b> 51.26741<br/> \n                    <b>Longitude: </b> 58.30383<br/> \n                    <b>Detection Time: </b> 2026-09-30 10:02 UTC<br/> \n                    <b>Sensor: </b> NOAA-21 VIIRS<br/>\n                    <b>Confidence: </b> Nominal<br/> \n                    <b>Day/Night: </b> Day<br/>\n                    <b>Scan: </b> 0.58 km<br/>\n                    <b>Track: </b> 0.7 km<br/>\n                    <b>FRP: </b> 71.75 MW<br/>\n                    <b>Brightness: </b> 355.61 K" }, "geometry": { "type": "Point", "coordinates": [ 58.30383, 51.26741 ] } },
{ "type": "Feature", "properties": { "sensor": "NOAA-21", "description": "<b>Latitude: </b> 51.2676<br/> \n                    <b>Longitude: </b> 58.26179<br/> \n                    <b>Detection Time: </b> 2026-09-30 10:02 UTC<br/> \n                    <b>Sensor: </b> NOAA-21 VIIRS<br/>\n                    <b>Confidence: </b> High<br/> \n                    <b>Day/Night: </b> Day<br/>\n                    <b>Scan: </b> 0.57 km<br/>\n                    <b>Track: </b> 0.69 km<br/>\n                    <b>FRP: </b> 92.45 MW<br/>\n                    <b>Brightness: </b> 367 K" }, "geometry": { "type": "Point", "coordinates": [ 58.26179, 51.2676 ] } },
{ "type": "Feature", "properties": { "sensor": "NOAA-21", "description": "<b>Latitude: </b> 51.26616<br/> \n                    <b>Longitude: </b> 58.53351<br/> \n                    <b>Detection Time: </b> 2026-09-30 10:02 UTC<br/> \n                    <b>Sensor: </b> NOAA-21 VIIRS<br/>\n                    <b>Confidence: </b> High<br/> \n                    <b>Day/Night: </b> Day<br/>\n                    <b>Scan: </b> 0.59 km<br/>\n                    <b>Track: </b> 0.7 km<br/>\n                    <b>FRP: </b> 24.43 MW<br/>\n                    <b>Brightness: </b> 367 K" }, "geometry": { "type": "Point", "coordinates": [ 58.53351, 51.26616 ] } },
{ "type": "Feature", "properties": { "sensor": "NOAA-21", "description": "<b>Latitude: </b> 51.25364<br/> \n                    <b>Longitude: </b> 58.46632<br/> \n                    <b>Detection Time: </b> 2026-09-30 10:02 UTC<br/> \n                    <b>Sensor: </b> NOAA-21 VIIRS<br/>\n                    <b>Confidence: </b> Nominal<br/> \n                    <b>Day/Night: </b> Day<br/>\n                    <b>Scan: </b> 0.59 km<br/>\n                    <b>Track: </b> 0.7 km<br/>\n                    <b>FRP: </b> 10.44 MW<br/>\n                    <b>Brightness: </b> 328.22 K" }, "geometry": { "type": "Point", "coordinates": [ 58.46632, 51.25364 ] } },
{ "type": "Feature", "properties": { "sensor": "NOAA-21", "description": "<b>Latitude: </b> 51.25358<br/> \n                    <b>Longitude: </b> 58.47453<br/> \n                    <b>Detection Time: </b> 2026-09-30 10:02 UTC<br/> \n                    <b>Sensor: </b> NOAA-21 VIIRS<br/>\n                    <b>Confidence: </b> Nominal<br/> \n                    <b>Day/Night: </b> Day<br/>\n                    <b>Scan: </b> 0.59 km<br/>\n                    <b>Track: </b> 0.7 km<br/>\n                    <b>FRP: </b> 10.44 MW<br/>\n                    <b>Brightness: </b> 352.29 K" }, "geometry": { "type": "Point", "coordinates": [ 58.47453, 51.25358 ] } },
{ "type": "Feature", "properties": { "sensor": "NOAA-21", "description": "<b>Latitude: </b> 50.88199<br/> \n                    <b>Longitude: </b> 49.0266<br/> \n                    <b>Detection Time: </b> 2026-09-30 10:02 UTC<br/> \n                    <b>Sensor: </b> NOAA-21 VIIRS<br/>\n                    <b>Confidence: </b> Low<br/> \n                    <b>Day/Night: </b> Day<br/>\n                    <b>Scan: </b> 0.45 km<br/>\n                    <b>Track: </b> 0.47 km<br/>\n                    <b>FRP: </b> 4.05 MW<br/>\n                    <b>Brightness: </b> 325.21 K" }, "geometry": { "type": "Point", "coordinates": [ 49.0266, 50.88199 ] } },
{ "type": "Feature", "properties": { "sensor": "NOAA-21", "description": "<b>Latitude: </b> 50.88245<br/> \n                    <b>Longitude: </b> 49.03301<br/> \n                    <b>Detection Time: </b> 2026-09-30 10:02 UTC<br/> \n                    <b>Sensor: </b> NOAA-21 VIIRS<br/>\n                    <b>Confidence: </b> Nominal<br/> \n                    <b>Day/Night: </b> Day<br/>\n                    <b>Scan: </b> 0.45 km<br/>\n                    <b>Track: </b> 0.47 km<br/>\n                    <b>FRP: </b> 1.84 MW<br/>\n                    <b>Brightness: </b> 325.13 K" }, "geometry": { "type": "Point", "coordinates": [ 49.03301, 50.88245 ] } },
{ "type": "Feature", "properties": { "sensor": "NOAA-21", "description": "<b>Latitude: </b> 47.40794<br/> \n                    <b>Longitude: </b> 29.56231<br/> \n                    <b>Detection Time: </b> 2026-09-30 10:02 UTC<br/> \n                    <b>Sensor: </b> NOAA-21 VIIRS<br/>\n                    <b>Confidence: </b> Nominal<br/> \n                    <b>Day/Night: </b> Day<br/>\n                    <b>Scan: </b> 0.58 km<br/>\n                    <b>Track: </b> 0.52 km<br/>\n                    <b>FRP: </b> 8.03 MW<br/>\n                    <b>Brightness: </b> 339.57 K" }, "geometry": { "type": "Point", "coordinates": [ 29.56231, 47.40794 ] } },
{ "type": "Feature", "properties": { "sensor": "NOAA-21", "description": "<b>Latitude: </b> 47.40733<br/> \n                    <b>Longitude: </b> 29.5614<br/> \n                    <b>Detection Time: </b> 2026-09-30 10:02 UTC<br/> \n                    <b>Sensor: </b> NOAA-21 VIIRS<br/>\n                    <b>Confidence: </b> Nominal<br/> \n                    <b>Day/Night: </b> Day<br/>\n                    <b>Scan: </b> 0.58 km<br/>\n                    <b>Track: </b> 0.52 km<br/>\n                    <b>FRP: </b> 5.99 MW<br/>\n                    <b>Brightness: </b> 338.65 K" }, "geometry": { "type": "Point", "coordinates": [ 29.5614, 47.40733 ] } },
{ "type": "Feature", "properties": { "sensor": "NOAA-21", "description": "<b>Latitude: </b> 48.96997<br/> \n                    <b>Longitude: </b> 37.85822<br/> \n                    <b>Detection Time: </b> 2026-09-30 10:02 UTC<br/> \n                    <b>Sensor: </b> NOAA-21 VIIRS<br/>\n                    <b>Confidence: </b> Nominal<br/> \n                    <b>Day/Night: </b> Day<br/>\n                    <b>Scan: </b> 0.41 km<br/>\n                    <b>Track: </b> 0.37 km<br/>\n                    <b>FRP: </b> 3.43 MW<br/>\n                    <b>Brightness: </b> 329.46 K" }, "geometry": { "type": "Point", "coordinates": [ 37.85822, 48.96997 ] } },
{ "type": "Feature", "properties": { "sensor": "NOAA-21", "description": "<b>Latitude: </b> 47.42162<br/> \n                    <b>Longitude: </b> 31.44972<br/> \n                    <b>Detection Time: </b> 2026-09-30 10:02 UTC<br/> \n                    <b>Sensor: </b> NOAA-21 VIIRS<br/>\n                    <b>Confidence: </b> Nominal<br/> \n                    <b>Day/Night: </b> Day<br/>\n                    <b>Scan: </b> 0.48 km<br/>\n                    <b>Track: </b> 0.48 km<br/>\n                    <b>FRP: </b> 5.83 MW<br/>\n                    <b>Brightness: </b> 337.58 K" }, "geometry": { "type": "Point", "coordinates": [ 31.44972, 47.42162 ] } },
{ "type": "Feature", "properties": { "sensor": "NOAA-21", "description": "<b>Latitude: </b> 47.85139<br/> \n                    <b>Longitude: </b> 33.3508<br/> \n                    <b>Detection Time: </b> 2026-09-30 10:02 UTC<br/> \n                    <b>Sensor: </b> NOAA-21 VIIRS<br/>\n                    <b>Confidence: </b> Nominal<br/> \n                    <b>Day/Night: </b> Day<br/>\n                    <b>Scan: </b> 0.39 km<br/>\n                    <b>Track: </b> 0.44 km<br/>\n                    <b>FRP: </b> 6.55 MW<br/>\n                    <b>Brightness: </b> 338.38 K" }, "geometry": { "type": "Point", "coordinates": [ 33.3508, 47.85139 ] } },
{ "type": "Feature", "properties": { "sensor": "NOAA-21", "description": "<b>Latitude: </b> 46.93012<br/> \n                    <b>Longitude: </b> 30.06165<br/> \n                    <b>Detection Time: </b> 2026-09-30 10:02 UTC<br/> \n                    <b>Sensor: </b> NOAA-21 VIIRS<br/>\n                    <b>Confidence: </b> Nominal<br/> \n                    <b>Day/Night: </b> Day<br/>\n                    <b>Scan: </b> 0.57 km<br/>\n                    <b>Track: </b> 0.52 km<br/>\n                    <b>FRP: </b> 4.26 MW<br/>\n                    <b>Brightness: </b> 332.29 K" }, "geometry": { "type": "Point", "coordinates": [ 30.06165, 46.93012 ] } },
{ "type": "Feature", "properties": { "sensor": "NOAA-21", "description": "<b>Latitude: </b> 49.19011<br/> \n                    <b>Longitude: </b> 42.68444<br/> \n                    <b>Detection Time: </b> 2026-09-30 10:02 UTC<br/> \n                    <b>Sensor: </b> NOAA-21 VIIRS<br/>\n                    <b>Confidence: </b> Nominal<br/> \n                    <b>Day/Night: </b> Day<br/>\n                    <b>Scan: </b> 0.4 km<br/>\n                    <b>Track: </b> 0.37 km<br/>\n                    <b>FRP: </b> 3.17 MW<br/>\n                    <b>Brightness: </b> 334.68 K" }, "geometry": { "type": "Point", "coordinates": [ 42.68444, 49.19011 ] } },
{ "type": "Feature", "properties": { "sensor": "NOAA-21", "description": "<b>Latitude: </b> 49.1875<br/> \n                    <b>Longitude: </b> 42.69091<br/> \n                    <b>Detection Time: </b> 2026-09-30 10:02 UTC<br/> \n                    <b>Sensor: </b> NOAA-21 VIIRS<br/>\n                    <b>Confidence: </b> Nominal<br/> \n                    <b>Day/Night: </b> Day<br/>\n                    <b>Scan: </b> 0.4 km<br/>\n                    <b>Track: </b> 0.37 km<br/>\n                    <b>FRP: </b> 3.27 MW<br/>\n                    <b>Brightness: </b> 329.49 K" }, "geometry": { "type": "Point", "coordinates": [ 42.69091, 49.1875 ] } },
{ "type": "Feature", "properties": { "sensor": "NOAA-21", "description": "<b>Latitude: </b> 49.18417<br/> \n                    <b>Longitude: </b> 42.69195<br/> \n                    <b>Detection Time: </b> 2026-09-30 10:02 UTC<br/> \n                    <b>Sensor: </b> NOAA-21 VIIRS<br/>\n                    <b>Confidence: </b> Nominal<br/> \n                    <b>Day/Night: </b> Day<br/>\n                    <b>Scan: </b> 0.4 km<br/>\n                    <b>Track: </b> 0.37 km<br/>\n                    <b>FRP: </b> 3.27 MW<br/>\n                    <b>Brightness: </b> 330.13 K" }, "geometry": { "type": "Point", "coordinates": [ 42.69195, 49.18417 ] } },
{ "type": "Feature", "properties": { "sensor": "NOAA-21", "description": "<b>Latitude: </b> 49.18562<br/> \n                    <b>Longitude: </b> 42.70283<br/> \n                    <b>Detection Time: </b> 2026-09-30 10:02 UTC<br/> \n                    <b>Sensor: </b> NOAA-21 VIIRS<br/>\n                    <b>Confidence: </b> Nominal<br/> \n                    <b>Day/Night: </b> Day<br/>\n                    <b>Scan: </b> 0.4 km<br/>\n                    <b>Track: </b> 0.37 km<br/>\n                    <b>FRP: </b> 3.72 MW<br/>\n                    <b>Brightness: </b> 336.55 K" }, "geometry": { "type": "Point", "coordinates": [ 42.70283, 49.18562 ] } },
{ "type": "Feature", "properties": { "sensor": "NOAA-21", "description": "<b>Latitude: </b> 49.18155<br/> \n                    <b>Longitude: </b> 42.69843<br/> \n                    <b>Detection Time: </b> 2026-09-30 10:02 UTC<br/> \n                    <b>Sensor: </b> NOAA-21 VIIRS<br/>\n                    <b>Confidence: </b> Nominal<br/> \n                    <b>Day/Night: </b> Day<br/>\n                    <b>Scan: </b> 0.4 km<br/>\n                    <b>Track: </b> 0.37 km<br/>\n                    <b>FRP: </b> 17.75 MW<br/>\n                    <b>Brightness: </b> 354.95 K" }, "geometry": { "type": "Point", "coordinates": [ 42.69843, 49.18155 ] } },
{ "type": "Feature", "properties": { "sensor": "NOAA-21", "description": "<b>Latitude: </b> 49.18228<br/> \n                    <b>Longitude: </b> 42.70388<br/> \n                    <b>Detection Time: </b> 2026-09-30 10:02 UTC<br/> \n                    <b>Sensor: </b> NOAA-21 VIIRS<br/>\n                    <b>Confidence: </b> Nominal<br/> \n                    <b>Day/Night: </b> Day<br/>\n                    <b>Scan: </b> 0.4 km<br/>\n                    <b>Track: </b> 0.37 km<br/>\n                    <b>FRP: </b> 5.35 MW<br/>\n                    <b>Brightness: </b> 334.67 K" }, "geometry": { "type": "Point", "coordinates": [ 42.70388, 49.18228 ] } },
{ "type": "Feature", "properties": { "sensor": "NOAA-21", "description": "<b>Latitude: </b> 47.45635<br/> \n                    <b>Longitude: </b> 33.50661<br/> \n                    <b>Detection Time: </b> 2026-09-30 10:02 UTC<br/> \n                    <b>Sensor: </b> NOAA-21 VIIRS<br/>\n                    <b>Confidence: </b> Nominal<br/> \n                    <b>Day/Night: </b> Day<br/>\n                    <b>Scan: </b> 0.39 km<br/>\n                    <b>Track: </b> 0.44 km<br/>\n                    <b>FRP: </b> 2.51 MW<br/>\n                    <b>Brightness: </b> 333.95 K" }, "geometry": { "type": "Point", "coordinates": [ 33.50661, 47.45635 ] } },
{ "type": "Feature", "properties": { "sensor": "NOAA-21", "description": "<b>Latitude: </b> 47.44573<br/> \n                    <b>Longitude: </b> 33.47848<br/> \n                    <b>Detection Time: </b> 2026-09-30 10:02 UTC<br/> \n                    <b>Sensor: </b> NOAA-21 VIIRS<br/>\n                    <b>Confidence: </b> Nominal<br/> \n                    <b>Day/Night: </b> Day<br/>\n                    <b>Scan: </b> 0.39 km<br/>\n                    <b>Track: </b> 0.44 km<br/>\n                    <b>FRP: </b> 3.31 MW<br/>\n                    <b>Brightness: </b> 334.86 K" }, "geometry": { "type": "Point", "coordinates": [ 33.47848, 47.44573 ] } },
{ "type": "Feature", "properties": { "sensor": "NOAA-21", "description": "<b>Latitude: </b> 48.74133<br/> \n                    <b>Longitude: </b> 42.54088<br/> \n                    <b>Detection Time: </b> 2026-09-30 10:02 UTC<br/> \n                    <b>Sensor: </b> NOAA-21 VIIRS<br/>\n                    <b>Confidence: </b> Nominal<br/> \n                    <b>Day/Night: </b> Day<br/>\n                    <b>Scan: </b> 0.4 km<br/>\n                    <b>Track: </b> 0.37 km<br/>\n                    <b>FRP: </b> 15.24 MW<br/>\n                    <b>Brightness: </b> 355.19 K" }, "geometry": { "type": "Point", "coordinates": [ 42.54088, 48.74133 ] } },
{ "type": "Feature", "properties": { "sensor": "NOAA-21", "description": "<b>Latitude: </b> 48.74206<br/> \n                    <b>Longitude: </b> 42.54622<br/> \n                    <b>Detection Time: </b> 2026-09-30 10:02 UTC<br/> \n                    <b>Sensor: </b> NOAA-21 VIIRS<br/>\n                    <b>Confidence: </b> Nominal<br/> \n                    <b>Day/Night: </b> Day<br/>\n                    <b>Scan: </b> 0.4 km<br/>\n                    <b>Track: </b> 0.37 km<br/>\n                    <b>FRP: </b> 4.84 MW<br/>\n                    <b>Brightness: </b> 334.2 K" }, "geometry": { "type": "Point", "coordinates": [ 42.54622, 48.74206 ] } },
{ "type": "Feature", "properties": { "sensor": "NOAA-21", "description": "<b>Latitude: </b> 48.73727<br/> \n                    <b>Longitude: </b> 42.53659<br/> \n                    <b>Detection Time: </b> 2026-09-30 10:02 UTC<br/> \n                    <b>Sensor: </b> NOAA-21 VIIRS<br/>\n                    <b>Confidence: </b> Nominal<br/> \n                    <b>Day/Night: </b> Day<br/>\n                    <b>Scan: </b> 0.4 km<br/>\n                    <b>Track: </b> 0.37 km<br/>\n                    <b>FRP: </b> 6.97 MW<br/>\n                    <b>Brightness: </b> 344.66 K" }, "geometry": { "type": "Point", "coordinates": [ 42.53659, 48.73727 ] } },
{ "type": "Feature", "properties": { "sensor": "NOAA-21", "description": "<b>Latitude: </b> 48.73801<br/> \n                    <b>Longitude: </b> 42.54193<br/> \n                    <b>Detection Time: </b> 2026-09-30 10:02 UTC<br/> \n                    <b>Sensor: </b> NOAA-21 VIIRS<br/>\n                    <b>Confidence: </b> Nominal<br/> \n                    <b>Day/Night: </b> Day<br/>\n                    <b>Scan: </b> 0.4 km<br/>\n                    <b>Track: </b> 0.37 km<br/>\n                    <b>FRP: </b> 6.97 MW<br/>\n                    <b>Brightness: </b> 332.34 K" }, "geometry": { "type": "Point", "coordinates": [ 42.54193, 48.73801 ] } },
{ "type": "Feature", "properties": { "sensor": "NOAA-21", "description": "<b>Latitude: </b> 46.15349<br/> \n                    <b>Longitude: </b> 30.25178<br/> \n                    <b>Detection Time: </b> 2026-09-30 10:02 UTC<br/> \n                    <b>Sensor: </b> NOAA-21 VIIRS<br/>\n                    <b>Confidence: </b> Nominal<br/> \n                    <b>Day/Night: </b> Day<br/>\n                    <b>Scan: </b> 0.59 km<br/>\n                    <b>Track: </b> 0.53 km<br/>\n                    <b>FRP: </b> 17.06 MW<br/>\n                    <b>Brightness: </b> 339.02 K" }, "geometry": { "type": "Point", "coordinates": [ 30.25178, 46.15349 ] } },
{ "type": "Feature", "properties": { "sensor": "NOAA-21", "description": "<b>Latitude: </b> 47.14674<br/> \n                    <b>Longitude: </b> 34.40697<br/> \n                    <b>Detection Time: </b> 2026-09-30 10:02 UTC<br/> \n                    <b>Sensor: </b> NOAA-21 VIIRS<br/>\n                    <b>Confidence: </b> Nominal<br/> \n                    <b>Day/Night: </b> Day<br/>\n                    <b>Scan: </b> 0.55 km<br/>\n                    <b>Track: </b> 0.43 km<br/>\n                    <b>FRP: </b> 3.87 MW<br/>\n                    <b>Brightness: </b> 327.22 K" }, "geometry": { "type": "Point", "coordinates": [ 34.40697, 47.14674 ] } },
{ "type": "Feature", "properties": { "sensor": "NOAA-21", "description": "<b>Latitude: </b> 47.01593<br/> \n                    <b>Longitude: </b> 33.95222<br/> \n                    <b>Detection Time: </b> 2026-09-30 10:02 UTC<br/> \n                    <b>Sensor: </b> NOAA-21 VIIRS<br/>\n                    <b>Confidence: </b> Nominal<br/> \n                    <b>Day/Night: </b> Day<br/>\n                    <b>Scan: </b> 0.39 km<br/>\n                    <b>Track: </b> 0.44 km<br/>\n                    <b>FRP: </b> 3.7 MW<br/>\n                    <b>Brightness: </b> 331.6 K" }, "geometry": { "type": "Point", "coordinates": [ 33.95222, 47.01593 ] } },
{ "type": "Feature", "properties": { "sensor": "NOAA-21", "description": "<b>Latitude: </b> 47.01209<br/> \n                    <b>Longitude: </b> 33.95401<br/> \n                    <b>Detection Time: </b> 2026-09-30 10:02 UTC<br/> \n                    <b>Sensor: </b> NOAA-21 VIIRS<br/>\n                    <b>Confidence: </b> Nominal<br/> \n                    <b>Day/Night: </b> Day<br/>\n                    <b>Scan: </b> 0.39 km<br/>\n                    <b>Track: </b> 0.44 km<br/>\n                    <b>FRP: </b> 3.7 MW<br/>\n                    <b>Brightness: </b> 343.6 K" }, "geometry": { "type": "Point", "coordinates": [ 33.95401, 47.01209 ] } },
{ "type": "Feature", "properties": { "sensor": "NOAA-21", "description": "<b>Latitude: </b> 47.01334<br/> \n                    <b>Longitude: </b> 33.95182<br/> \n                    <b>Detection Time: </b> 2026-09-30 10:02 UTC<br/> \n                    <b>Sensor: </b> NOAA-21 VIIRS<br/>\n                    <b>Confidence: </b> Nominal<br/> \n                    <b>Day/Night: </b> Day<br/>\n                    <b>Scan: </b> 0.39 km<br/>\n                    <b>Track: </b> 0.44 km<br/>\n                    <b>FRP: </b> 5.45 MW<br/>\n                    <b>Brightness: </b> 342 K" }, "geometry": { "type": "Point", "coordinates": [ 33.95182, 47.01334 ] } },
{ "type": "Feature", "properties": { "sensor": "NOAA-21", "description": "<b>Latitude: </b> 47.01441<br/> \n                    <b>Longitude: </b> 33.95668<br/> \n                    <b>Detection Time: </b> 2026-09-30 10:02 UTC<br/> \n                    <b>Sensor: </b> NOAA-21 VIIRS<br/>\n                    <b>Confidence: </b> Nominal<br/> \n                    <b>Day/Night: </b> Day<br/>\n                    <b>Scan: </b> 0.39 km<br/>\n                    <b>Track: </b> 0.44 km<br/>\n                    <b>FRP: </b> 2.6 MW<br/>\n                    <b>Brightness: </b> 328.37 K" }, "geometry": { "type": "Point", "coordinates": [ 33.95668, 47.01441 ] } },
{ "type": "Feature", "properties": { "sensor": "NOAA-21", "description": "<b>Latitude: </b> 47.01675<br/> \n                    <b>Longitude: </b> 34.19617<br/> \n                    <b>Detection Time: </b> 2026-09-30 10:02 UTC<br/> \n                    <b>Sensor: </b> NOAA-21 VIIRS<br/>\n                    <b>Confidence: </b> Nominal<br/> \n                    <b>Day/Night: </b> Day<br/>\n                    <b>Scan: </b> 0.57 km<br/>\n                    <b>Track: </b> 0.43 km<br/>\n                    <b>FRP: </b> 6.86 MW<br/>\n                    <b>Brightness: </b> 342.8 K" }, "geometry": { "type": "Point", "coordinates": [ 34.19617, 47.01675 ] } },
{ "type": "Feature", "properties": { "sensor": "NOAA-21", "description": "<b>Latitude: </b> 45.61307<br/> \n                    <b>Longitude: </b> 28.84726<br/> \n                    <b>Detection Time: </b> 2026-09-30 10:02 UTC<br/> \n                    <b>Sensor: </b> NOAA-21 VIIRS<br/>\n                    <b>Confidence: </b> Nominal<br/> \n                    <b>Day/Night: </b> Day<br/>\n                    <b>Scan: </b> 0.35 km<br/>\n                    <b>Track: </b> 0.57 km<br/>\n                    <b>FRP: </b> 1.45 MW<br/>\n                    <b>Brightness: </b> 326.62 K" }, "geometry": { "type": "Point", "coordinates": [ 28.84726, 45.61307 ] } },
{ "type": "Feature", "properties": { "sensor": "NOAA-21", "description": "<b>Latitude: </b> 48.35979<br/> \n                    <b>Longitude: </b> 42.78935<br/> \n                    <b>Detection Time: </b> 2026-09-30 10:02 UTC<br/> \n                    <b>Sensor: </b> NOAA-21 VIIRS<br/>\n                    <b>Confidence: </b> Nominal<br/> \n                    <b>Day/Night: </b> Day<br/>\n                    <b>Scan: </b> 0.4 km<br/>\n                    <b>Track: </b> 0.37 km<br/>\n                    <b>FRP: </b> 6.68 MW<br/>\n                    <b>Brightness: </b> 347.92 K" }, "geometry": { "type": "Point", "coordinates": [ 42.78935, 48.35979 ] } },
{ "type": "Feature", "properties": { "sensor": "NOAA-21", "description": "<b>Latitude: </b> 48.36051<br/> \n                    <b>Longitude: </b> 42.79467<br/> \n                    <b>Detection Time: </b> 2026-09-30 10:02 UTC<br/> \n                    <b>Sensor: </b> NOAA-21 VIIRS<br/>\n                    <b>Confidence: </b> Nominal<br/> \n                    <b>Day/Night: </b> Day<br/>\n                    <b>Scan: </b> 0.4 km<br/>\n                    <b>Track: </b> 0.37 km<br/>\n                    <b>FRP: </b> 6.95 MW<br/>\n                    <b>Brightness: </b> 351.5 K" }, "geometry": { "type": "Point", "coordinates": [ 42.79467, 48.36051 ] } },
{ "type": "Feature", "properties": { "sensor": "NOAA-21", "description": "<b>Latitude: </b> 46.89558<br/> \n                    <b>Longitude: </b> 34.5937<br/> \n                    <b>Detection Time: </b> 2026-09-30 10:02 UTC<br/> \n                    <b>Sensor: </b> NOAA-21 VIIRS<br/>\n                    <b>Confidence: </b> Nominal<br/> \n                    <b>Day/Night: </b> Day<br/>\n                    <b>Scan: </b> 0.55 km<br/>\n                    <b>Track: </b> 0.43 km<br/>\n                    <b>FRP: </b> 5.93 MW<br/>\n                    <b>Brightness: </b> 336.82 K" }, "geometry": { "type": "Point", "coordinates": [ 34.5937, 46.89558 ] } },
{ "type": "Feature", "properties": { "sensor": "NOAA-21", "description": "<b>Latitude: </b> 48.25619<br/> \n                    <b>Longitude: </b> 42.6392<br/> \n                    <b>Detection Time: </b> 2026-09-30 10:02 UTC<br/> \n                    <b>Sensor: </b> NOAA-21 VIIRS<br/>\n                    <b>Confidence: </b> Nominal<br/> \n                    <b>Day/Night: </b> Day<br/>\n                    <b>Scan: </b> 0.4 km<br/>\n                    <b>Track: </b> 0.37 km<br/>\n                    <b>FRP: </b> 2.99 MW<br/>\n                    <b>Brightness: </b> 332.68 K" }, "geometry": { "type": "Point", "coordinates": [ 42.6392, 48.25619 ] } },
{ "type": "Feature", "properties": { "sensor": "NOAA-21", "description": "<b>Latitude: </b> 48.25288<br/> \n                    <b>Longitude: </b> 42.64024<br/> \n                    <b>Detection Time: </b> 2026-09-30 10:02 UTC<br/> \n                    <b>Sensor: </b> NOAA-21 VIIRS<br/>\n                    <b>Confidence: </b> Nominal<br/> \n                    <b>Day/Night: </b> Day<br/>\n                    <b>Scan: </b> 0.4 km<br/>\n                    <b>Track: </b> 0.37 km<br/>\n                    <b>FRP: </b> 3.26 MW<br/>\n                    <b>Brightness: </b> 341.18 K" }, "geometry": { "type": "Point", "coordinates": [ 42.64024, 48.25288 ] } },
{ "type": "Feature", "properties": { "sensor": "NOAA-21", "description": "<b>Latitude: </b> 48.2536<br/> \n                    <b>Longitude: </b> 42.64552<br/> \n                    <b>Detection Time: </b> 2026-09-30 10:02 UTC<br/> \n                    <b>Sensor: </b> NOAA-21 VIIRS<br/>\n                    <b>Confidence: </b> Nominal<br/> \n                    <b>Day/Night: </b> Day<br/>\n                    <b>Scan: </b> 0.4 km<br/>\n                    <b>Track: </b> 0.37 km<br/>\n                    <b>FRP: </b> 3.26 MW<br/>\n                    <b>Brightness: </b> 331.07 K" }, "geometry": { "type": "Point", "coordinates": [ 42.64552, 48.2536 ] } },
{ "type": "Feature", "properties": { "sensor": "NOAA-21", "description": "<b>Latitude: </b> 46.66962<br/> \n                    <b>Longitude: </b> 34.15342<br/> \n                    <b>Detection Time: </b> 2026-09-30 10:02 UTC<br/> \n                    <b>Sensor: </b> NOAA-21 VIIRS<br/>\n                    <b>Confidence: </b> Nominal<br/> \n                    <b>Day/Night: </b> Day<br/>\n                    <b>Scan: </b> 0.39 km<br/>\n                    <b>Track: </b> 0.44 km<br/>\n                    <b>FRP: </b> 6.36 MW<br/>\n                    <b>Brightness: </b> 329.66 K" }, "geometry": { "type": "Point", "coordinates": [ 34.15342, 46.66962 ] } },
{ "type": "Feature", "properties": { "sensor": "NOAA-21", "description": "<b>Latitude: </b> 46.50705<br/> \n                    <b>Longitude: </b> 33.51245<br/> \n                    <b>Detection Time: </b> 2026-09-30 10:02 UTC<br/> \n                    <b>Sensor: </b> NOAA-21 VIIRS<br/>\n                    <b>Confidence: </b> Nominal<br/> \n                    <b>Day/Night: </b> Day<br/>\n                    <b>Scan: </b> 0.41 km<br/>\n                    <b>Track: </b> 0.45 km<br/>\n                    <b>FRP: </b> 3.76 MW<br/>\n                    <b>Brightness: </b> 333.51 K" }, "geometry": { "type": "Point", "coordinates": [ 33.51245, 46.50705 ] } },
{ "type": "Feature", "properties": { "sensor": "NOAA-21", "description": "<b>Latitude: </b> 46.55881<br/> \n                    <b>Longitude: </b> 33.94595<br/> \n                    <b>Detection Time: </b> 2026-09-30 10:02 UTC<br/> \n                    <b>Sensor: </b> NOAA-21 VIIRS<br/>\n                    <b>Confidence: </b> Nominal<br/> \n                    <b>Day/Night: </b> Day<br/>\n                    <b>Scan: </b> 0.4 km<br/>\n                    <b>Track: </b> 0.44 km<br/>\n                    <b>FRP: </b> 4.13 MW<br/>\n                    <b>Brightness: </b> 335.17 K" }, "geometry": { "type": "Point", "coordinates": [ 33.94595, 46.55881 ] } },
{ "type": "Feature", "properties": { "sensor": "NOAA-21", "description": "<b>Latitude: </b> 48.09789<br/> \n                    <b>Longitude: </b> 42.47444<br/> \n                    <b>Detection Time: </b> 2026-09-30 10:02 UTC<br/> \n                    <b>Sensor: </b> NOAA-21 VIIRS<br/>\n                    <b>Confidence: </b> Nominal<br/> \n                    <b>Day/Night: </b> Day<br/>\n                    <b>Scan: </b> 0.39 km<br/>\n                    <b>Track: </b> 0.36 km<br/>\n                    <b>FRP: </b> 4.59 MW<br/>\n                    <b>Brightness: </b> 339.15 K" }, "geometry": { "type": "Point", "coordinates": [ 42.47444, 48.09789 ] } },
{ "type": "Feature", "properties": { "sensor": "NOAA-21", "description": "<b>Latitude: </b> 46.59385<br/> \n                    <b>Longitude: </b> 34.71803<br/> \n                    <b>Detection Time: </b> 2026-09-30 10:02 UTC<br/> \n                    <b>Sensor: </b> NOAA-21 VIIRS<br/>\n                    <b>Confidence: </b> Nominal<br/> \n                    <b>Day/Night: </b> Day<br/>\n                    <b>Scan: </b> 0.55 km<br/>\n                    <b>Track: </b> 0.43 km<br/>\n                    <b>FRP: </b> 7.2 MW<br/>\n                    <b>Brightness: </b> 331.09 K" }, "geometry": { "type": "Point", "coordinates": [ 34.71803, 46.59385 ] } },
{ "type": "Feature", "properties": { "sensor": "NOAA-21", "description": "<b>Latitude: </b> 46.81997<br/> \n                    <b>Longitude: </b> 35.8478<br/> \n                    <b>Detection Time: </b> 2026-09-30 10:02 UTC<br/> \n                    <b>Sensor: </b> NOAA-21 VIIRS<br/>\n                    <b>Confidence: </b> Nominal<br/> \n                    <b>Day/Night: </b> Day<br/>\n                    <b>Scan: </b> 0.49 km<br/>\n                    <b>Track: </b> 0.41 km<br/>\n                    <b>FRP: </b> 10.76 MW<br/>\n                    <b>Brightness: </b> 336.82 K" }, "geometry": { "type": "Point", "coordinates": [ 35.8478, 46.81997 ] } },
{ "type": "Feature", "properties": { "sensor": "NOAA-21", "description": "<b>Latitude: </b> 46.82126<br/> \n                    <b>Longitude: </b> 35.85407<br/> \n                    <b>Detection Time: </b> 2026-09-30 10:02 UTC<br/> \n                    <b>Sensor: </b> NOAA-21 VIIRS<br/>\n                    <b>Confidence: </b> Nominal<br/> \n                    <b>Day/Night: </b> Day<br/>\n                    <b>Scan: </b> 0.49 km<br/>\n                    <b>Track: </b> 0.41 km<br/>\n                    <b>FRP: </b> 10.76 MW<br/>\n                    <b>Brightness: </b> 331.65 K" }, "geometry": { "type": "Point", "coordinates": [ 35.85407, 46.82126 ] } },
{ "type": "Feature", "properties": { "sensor": "NOAA-21", "description": "<b>Latitude: </b> 46.32545<br/> \n                    <b>Longitude: </b> 34.39034<br/> \n                    <b>Detection Time: </b> 2026-09-30 10:02 UTC<br/> \n                    <b>Sensor: </b> NOAA-21 VIIRS<br/>\n                    <b>Confidence: </b> Nominal<br/> \n                    <b>Day/Night: </b> Day<br/>\n                    <b>Scan: </b> 0.38 km<br/>\n                    <b>Track: </b> 0.43 km<br/>\n                    <b>FRP: </b> 8.21 MW<br/>\n                    <b>Brightness: </b> 332.82 K" }, "geometry": { "type": "Point", "coordinates": [ 34.39034, 46.32545 ] } },
{ "type": "Feature", "properties": { "sensor": "NOAA-21", "description": "<b>Latitude: </b> 46.32269<br/> \n                    <b>Longitude: </b> 34.39687<br/> \n                    <b>Detection Time: </b> 2026-09-30 10:02 UTC<br/> \n                    <b>Sensor: </b> NOAA-21 VIIRS<br/>\n                    <b>Confidence: </b> Nominal<br/> \n                    <b>Day/Night: </b> Day<br/>\n                    <b>Scan: </b> 0.38 km<br/>\n                    <b>Track: </b> 0.43 km<br/>\n                    <b>FRP: </b> 8.21 MW<br/>\n                    <b>Brightness: </b> 341.49 K" }, "geometry": { "type": "Point", "coordinates": [ 34.39687, 46.32269 ] } },
{ "type": "Feature", "properties": { "sensor": "NOAA-21", "description": "<b>Latitude: </b> 46.32376<br/> \n                    <b>Longitude: </b> 34.40164<br/> \n                    <b>Detection Time: </b> 2026-09-30 10:02 UTC<br/> \n                    <b>Sensor: </b> NOAA-21 VIIRS<br/>\n                    <b>Confidence: </b> Nominal<br/> \n                    <b>Day/Night: </b> Day<br/>\n                    <b>Scan: </b> 0.38 km<br/>\n                    <b>Track: </b> 0.43 km<br/>\n                    <b>FRP: </b> 12.91 MW<br/>\n                    <b>Brightness: </b> 347.19 K" }, "geometry": { "type": "Point", "coordinates": [ 34.40164, 46.32376 ] } },
{ "type": "Feature", "properties": { "sensor": "NOAA-21", "description": "<b>Latitude: </b> 46.32273<br/> \n                    <b>Longitude: </b> 34.38968<br/> \n                    <b>Detection Time: </b> 2026-09-30 10:02 UTC<br/> \n                    <b>Sensor: </b> NOAA-21 VIIRS<br/>\n                    <b>Confidence: </b> Nominal<br/> \n                    <b>Day/Night: </b> Day<br/>\n                    <b>Scan: </b> 0.38 km<br/>\n                    <b>Track: </b> 0.43 km<br/>\n                    <b>FRP: </b> 4.78 MW<br/>\n                    <b>Brightness: </b> 328.74 K" }, "geometry": { "type": "Point", "coordinates": [ 34.38968, 46.32273 ] } },
{ "type": "Feature", "properties": { "sensor": "NOAA-21", "description": "<b>Latitude: </b> 46.32484<br/> \n                    <b>Longitude: </b> 34.39927<br/> \n                    <b>Detection Time: </b> 2026-09-30 10:02 UTC<br/> \n                    <b>Sensor: </b> NOAA-21 VIIRS<br/>\n                    <b>Confidence: </b> Nominal<br/> \n                    <b>Day/Night: </b> Day<br/>\n                    <b>Scan: </b> 0.38 km<br/>\n                    <b>Track: </b> 0.43 km<br/>\n                    <b>FRP: </b> 9.95 MW<br/>\n                    <b>Brightness: </b> 354.37 K" }, "geometry": { "type": "Point", "coordinates": [ 34.39927, 46.32484 ] } },
{ "type": "Feature", "properties": { "sensor": "NOAA-21", "description": "<b>Latitude: </b> 46.31995<br/> \n                    <b>Longitude: </b> 34.39624<br/> \n                    <b>Detection Time: </b> 2026-09-30 10:02 UTC<br/> \n                    <b>Sensor: </b> NOAA-21 VIIRS<br/>\n                    <b>Confidence: </b> Nominal<br/> \n                    <b>Day/Night: </b> Day<br/>\n                    <b>Scan: </b> 0.38 km<br/>\n                    <b>Track: </b> 0.43 km<br/>\n                    <b>FRP: </b> 4.78 MW<br/>\n                    <b>Brightness: </b> 336.12 K" }, "geometry": { "type": "Point", "coordinates": [ 34.39624, 46.31995 ] } },
{ "type": "Feature", "properties": { "sensor": "NOAA-21", "description": "<b>Latitude: </b> 46.321<br/> \n                    <b>Longitude: </b> 34.40102<br/> \n                    <b>Detection Time: </b> 2026-09-30 10:02 UTC<br/> \n                    <b>Sensor: </b> NOAA-21 VIIRS<br/>\n                    <b>Confidence: </b> Nominal<br/> \n                    <b>Day/Night: </b> Day<br/>\n                    <b>Scan: </b> 0.38 km<br/>\n                    <b>Track: </b> 0.43 km<br/>\n                    <b>FRP: </b> 9.95 MW<br/>\n                    <b>Brightness: </b> 342.81 K" }, "geometry": { "type": "Point", "coordinates": [ 34.40102, 46.321 ] } },
{ "type": "Feature", "properties": { "sensor": "NOAA-21", "description": "<b>Latitude: </b> 45.66864<br/> \n                    <b>Longitude: </b> 37.91768<br/> \n                    <b>Detection Time: </b> 2026-09-30 10:02 UTC<br/> \n                    <b>Sensor: </b> NOAA-21 VIIRS<br/>\n                    <b>Confidence: </b> Nominal<br/> \n                    <b>Day/Night: </b> Day<br/>\n                    <b>Scan: </b> 0.44 km<br/>\n                    <b>Track: </b> 0.39 km<br/>\n                    <b>FRP: </b> 3.34 MW<br/>\n                    <b>Brightness: </b> 333.96 K" }, "geometry": { "type": "Point", "coordinates": [ 37.91768, 45.66864 ] } },
{ "type": "Feature", "properties": { "sensor": "NOAA-21", "description": "<b>Latitude: </b> 46.09467<br/> \n                    <b>Longitude: </b> 43.73616<br/> \n                    <b>Detection Time: </b> 2026-09-30 10:02 UTC<br/> \n                    <b>Sensor: </b> NOAA-21 VIIRS<br/>\n                    <b>Confidence: </b> Nominal<br/> \n                    <b>Day/Night: </b> Day<br/>\n                    <b>Scan: </b> 0.4 km<br/>\n                    <b>Track: </b> 0.37 km<br/>\n                    <b>FRP: </b> 11.13 MW<br/>\n                    <b>Brightness: </b> 345.87 K" }, "geometry": { "type": "Point", "coordinates": [ 43.73616, 46.09467 ] } },
{ "type": "Feature", "properties": { "sensor": "NOAA-21", "description": "<b>Latitude: </b> 46.09536<br/> \n                    <b>Longitude: </b> 43.74129<br/> \n                    <b>Detection Time: </b> 2026-09-30 10:02 UTC<br/> \n                    <b>Sensor: </b> NOAA-21 VIIRS<br/>\n                    <b>Confidence: </b> Nominal<br/> \n                    <b>Day/Night: </b> Day<br/>\n                    <b>Scan: </b> 0.4 km<br/>\n                    <b>Track: </b> 0.37 km<br/>\n                    <b>FRP: </b> 11.13 MW<br/>\n                    <b>Brightness: </b> 343.54 K" }, "geometry": { "type": "Point", "coordinates": [ 43.74129, 46.09536 ] } },
{ "type": "Feature", "properties": { "sensor": "NOAA-21", "description": "<b>Latitude: </b> 46.09202<br/> \n                    <b>Longitude: </b> 43.74223<br/> \n                    <b>Detection Time: </b> 2026-09-30 10:02 UTC<br/> \n                    <b>Sensor: </b> NOAA-21 VIIRS<br/>\n                    <b>Confidence: </b> Low<br/> \n                    <b>Day/Night: </b> Day<br/>\n                    <b>Scan: </b> 0.4 km<br/>\n                    <b>Track: </b> 0.37 km<br/>\n                    <b>FRP: </b> 11.13 MW<br/>\n                    <b>Brightness: </b> 356.25 K" }, "geometry": { "type": "Point", "coordinates": [ 43.74223, 46.09202 ] } },
{ "type": "Feature", "properties": { "sensor": "NOAA-21", "description": "<b>Latitude: </b> 46.09063<br/> \n                    <b>Longitude: </b> 43.73198<br/> \n                    <b>Detection Time: </b> 2026-09-30 10:02 UTC<br/> \n                    <b>Sensor: </b> NOAA-21 VIIRS<br/>\n                    <b>Confidence: </b> Nominal<br/> \n                    <b>Day/Night: </b> Day<br/>\n                    <b>Scan: </b> 0.4 km<br/>\n                    <b>Track: </b> 0.37 km<br/>\n                    <b>FRP: </b> 9.99 MW<br/>\n                    <b>Brightness: </b> 343.15 K" }, "geometry": { "type": "Point", "coordinates": [ 43.73198, 46.09063 ] } },
{ "type": "Feature", "properties": { "sensor": "NOAA-21", "description": "<b>Latitude: </b> 46.09132<br/> \n                    <b>Longitude: </b> 43.7371<br/> \n                    <b>Detection Time: </b> 2026-09-30 10:02 UTC<br/> \n                    <b>Sensor: </b> NOAA-21 VIIRS<br/>\n                    <b>Confidence: </b> Nominal<br/> \n                    <b>Day/Night: </b> Day<br/>\n                    <b>Scan: </b> 0.4 km<br/>\n                    <b>Track: </b> 0.37 km<br/>\n                    <b>FRP: </b> 11.13 MW<br/>\n                    <b>Brightness: </b> 355.22 K" }, "geometry": { "type": "Point", "coordinates": [ 43.7371, 46.09132 ] } },
{ "type": "Feature", "properties": { "sensor": "NOAA-21", "description": "<b>Latitude: </b> 46.09272<br/> \n                    <b>Longitude: </b> 43.74735<br/> \n                    <b>Detection Time: </b> 2026-09-30 10:02 UTC<br/> \n                    <b>Sensor: </b> NOAA-21 VIIRS<br/>\n                    <b>Confidence: </b> Nominal<br/> \n                    <b>Day/Night: </b> Day<br/>\n                    <b>Scan: </b> 0.4 km<br/>\n                    <b>Track: </b> 0.37 km<br/>\n                    <b>FRP: </b> 7.2 MW<br/>\n                    <b>Brightness: </b> 354.34 K" }, "geometry": { "type": "Point", "coordinates": [ 43.74735, 46.09272 ] } },
{ "type": "Feature", "properties": { "sensor": "NOAA-21", "description": "<b>Latitude: </b> 46.09342<br/> \n                    <b>Longitude: </b> 43.75248<br/> \n                    <b>Detection Time: </b> 2026-09-30 10:02 UTC<br/> \n                    <b>Sensor: </b> NOAA-21 VIIRS<br/>\n                    <b>Confidence: </b> Nominal<br/> \n                    <b>Day/Night: </b> Day<br/>\n                    <b>Scan: </b> 0.4 km<br/>\n                    <b>Track: </b> 0.37 km<br/>\n                    <b>FRP: </b> 7.2 MW<br/>\n                    <b>Brightness: </b> 337.76 K" }, "geometry": { "type": "Point", "coordinates": [ 43.75248, 46.09342 ] } },
{ "type": "Feature", "properties": { "sensor": "NOAA-21", "description": "<b>Latitude: </b> 46.08729<br/> \n                    <b>Longitude: </b> 43.73292<br/> \n                    <b>Detection Time: </b> 2026-09-30 10:02 UTC<br/> \n                    <b>Sensor: </b> NOAA-21 VIIRS<br/>\n                    <b>Confidence: </b> Nominal<br/> \n                    <b>Day/Night: </b> Day<br/>\n                    <b>Scan: </b> 0.4 km<br/>\n                    <b>Track: </b> 0.37 km<br/>\n                    <b>FRP: </b> 4.41 MW<br/>\n                    <b>Brightness: </b> 340.35 K" }, "geometry": { "type": "Point", "coordinates": [ 43.73292, 46.08729 ] } },
{ "type": "Feature", "properties": { "sensor": "NOAA-21", "description": "<b>Latitude: </b> 46.08799<br/> \n                    <b>Longitude: </b> 43.73804<br/> \n                    <b>Detection Time: </b> 2026-09-30 10:02 UTC<br/> \n                    <b>Sensor: </b> NOAA-21 VIIRS<br/>\n                    <b>Confidence: </b> Nominal<br/> \n                    <b>Day/Night: </b> Day<br/>\n                    <b>Scan: </b> 0.4 km<br/>\n                    <b>Track: </b> 0.37 km<br/>\n                    <b>FRP: </b> 18.37 MW<br/>\n                    <b>Brightness: </b> 355.01 K" }, "geometry": { "type": "Point", "coordinates": [ 43.73804, 46.08799 ] } },
{ "type": "Feature", "properties": { "sensor": "NOAA-21", "description": "<b>Latitude: </b> 46.08868<br/> \n                    <b>Longitude: </b> 43.74317<br/> \n                    <b>Detection Time: </b> 2026-09-30 10:02 UTC<br/> \n                    <b>Sensor: </b> NOAA-21 VIIRS<br/>\n                    <b>Confidence: </b> Nominal<br/> \n                    <b>Day/Night: </b> Day<br/>\n                    <b>Scan: </b> 0.4 km<br/>\n                    <b>Track: </b> 0.37 km<br/>\n                    <b>FRP: </b> 18.37 MW<br/>\n                    <b>Brightness: </b> 348.65 K" }, "geometry": { "type": "Point", "coordinates": [ 43.74317, 46.08868 ] } },
{ "type": "Feature", "properties": { "sensor": "NOAA-21", "description": "<b>Latitude: </b> 46.08938<br/> \n                    <b>Longitude: </b> 43.74829<br/> \n                    <b>Detection Time: </b> 2026-09-30 10:02 UTC<br/> \n                    <b>Sensor: </b> NOAA-21 VIIRS<br/>\n                    <b>Confidence: </b> Nominal<br/> \n                    <b>Day/Night: </b> Day<br/>\n                    <b>Scan: </b> 0.4 km<br/>\n                    <b>Track: </b> 0.37 km<br/>\n                    <b>FRP: </b> 13.58 MW<br/>\n                    <b>Brightness: </b> 351.34 K" }, "geometry": { "type": "Point", "coordinates": [ 43.74829, 46.08938 ] } },
{ "type": "Feature", "properties": { "sensor": "NOAA-21", "description": "<b>Latitude: </b> 46.09008<br/> \n                    <b>Longitude: </b> 43.75342<br/> \n                    <b>Detection Time: </b> 2026-09-30 10:02 UTC<br/> \n                    <b>Sensor: </b> NOAA-21 VIIRS<br/>\n                    <b>Confidence: </b> Nominal<br/> \n                    <b>Day/Night: </b> Day<br/>\n                    <b>Scan: </b> 0.4 km<br/>\n                    <b>Track: </b> 0.37 km<br/>\n                    <b>FRP: </b> 13.58 MW<br/>\n                    <b>Brightness: </b> 347.54 K" }, "geometry": { "type": "Point", "coordinates": [ 43.75342, 46.09008 ] } },
{ "type": "Feature", "properties": { "sensor": "NOAA-21", "description": "<b>Latitude: </b> 46.08535<br/> \n                    <b>Longitude: </b> 43.74411<br/> \n                    <b>Detection Time: </b> 2026-09-30 10:02 UTC<br/> \n                    <b>Sensor: </b> NOAA-21 VIIRS<br/>\n                    <b>Confidence: </b> Low<br/> \n                    <b>Day/Night: </b> Day<br/>\n                    <b>Scan: </b> 0.4 km<br/>\n                    <b>Track: </b> 0.37 km<br/>\n                    <b>FRP: </b> 18.37 MW<br/>\n                    <b>Brightness: </b> 355.56 K" }, "geometry": { "type": "Point", "coordinates": [ 43.74411, 46.08535 ] } },
{ "type": "Feature", "properties": { "sensor": "NOAA-21", "description": "<b>Latitude: </b> 46.08604<br/> \n                    <b>Longitude: </b> 43.74923<br/> \n                    <b>Detection Time: </b> 2026-09-30 10:02 UTC<br/> \n                    <b>Sensor: </b> NOAA-21 VIIRS<br/>\n                    <b>Confidence: </b> Low<br/> \n                    <b>Day/Night: </b> Day<br/>\n                    <b>Scan: </b> 0.4 km<br/>\n                    <b>Track: </b> 0.37 km<br/>\n                    <b>FRP: </b> 13.58 MW<br/>\n                    <b>Brightness: </b> 355.54 K" }, "geometry": { "type": "Point", "coordinates": [ 43.74923, 46.08604 ] } },
{ "type": "Feature", "properties": { "sensor": "NOAA-21", "description": "<b>Latitude: </b> 46.08395<br/> \n                    <b>Longitude: </b> 43.73386<br/> \n                    <b>Detection Time: </b> 2026-09-30 10:02 UTC<br/> \n                    <b>Sensor: </b> NOAA-21 VIIRS<br/>\n                    <b>Confidence: </b> Nominal<br/> \n                    <b>Day/Night: </b> Day<br/>\n                    <b>Scan: </b> 0.4 km<br/>\n                    <b>Track: </b> 0.37 km<br/>\n                    <b>FRP: </b> 4.41 MW<br/>\n                    <b>Brightness: </b> 336.66 K" }, "geometry": { "type": "Point", "coordinates": [ 43.73386, 46.08395 ] } },
{ "type": "Feature", "properties": { "sensor": "NOAA-21", "description": "<b>Latitude: </b> 46.08465<br/> \n                    <b>Longitude: </b> 43.73898<br/> \n                    <b>Detection Time: </b> 2026-09-30 10:02 UTC<br/> \n                    <b>Sensor: </b> NOAA-21 VIIRS<br/>\n                    <b>Confidence: </b> Nominal<br/> \n                    <b>Day/Night: </b> Day<br/>\n                    <b>Scan: </b> 0.4 km<br/>\n                    <b>Track: </b> 0.37 km<br/>\n                    <b>FRP: </b> 18.37 MW<br/>\n                    <b>Brightness: </b> 351.58 K" }, "geometry": { "type": "Point", "coordinates": [ 43.73898, 46.08465 ] } },
{ "type": "Feature", "properties": { "sensor": "NOAA-21", "description": "<b>Latitude: </b> 46.08674<br/> \n                    <b>Longitude: </b> 43.75436<br/> \n                    <b>Detection Time: </b> 2026-09-30 10:02 UTC<br/> \n                    <b>Sensor: </b> NOAA-21 VIIRS<br/>\n                    <b>Confidence: </b> Nominal<br/> \n                    <b>Day/Night: </b> Day<br/>\n                    <b>Scan: </b> 0.4 km<br/>\n                    <b>Track: </b> 0.37 km<br/>\n                    <b>FRP: </b> 13.58 MW<br/>\n                    <b>Brightness: </b> 349.09 K" }, "geometry": { "type": "Point", "coordinates": [ 43.75436, 46.08674 ] } },
{ "type": "Feature", "properties": { "sensor": "NOAA-21", "description": "<b>Latitude: </b> 46.07992<br/> \n                    <b>Longitude: </b> 43.72969<br/> \n                    <b>Detection Time: </b> 2026-09-30 10:02 UTC<br/> \n                    <b>Sensor: </b> NOAA-21 VIIRS<br/>\n                    <b>Confidence: </b> Nominal<br/> \n                    <b>Day/Night: </b> Day<br/>\n                    <b>Scan: </b> 0.4 km<br/>\n                    <b>Track: </b> 0.37 km<br/>\n                    <b>FRP: </b> 3.75 MW<br/>\n                    <b>Brightness: </b> 335.62 K" }, "geometry": { "type": "Point", "coordinates": [ 43.72969, 46.07992 ] } },
{ "type": "Feature", "properties": { "sensor": "NOAA-21", "description": "<b>Latitude: </b> 46.08062<br/> \n                    <b>Longitude: </b> 43.7348<br/> \n                    <b>Detection Time: </b> 2026-09-30 10:02 UTC<br/> \n                    <b>Sensor: </b> NOAA-21 VIIRS<br/>\n                    <b>Confidence: </b> Nominal<br/> \n                    <b>Day/Night: </b> Day<br/>\n                    <b>Scan: </b> 0.4 km<br/>\n                    <b>Track: </b> 0.37 km<br/>\n                    <b>FRP: </b> 3.75 MW<br/>\n                    <b>Brightness: </b> 339.67 K" }, "geometry": { "type": "Point", "coordinates": [ 43.7348, 46.08062 ] } },
{ "type": "Feature", "properties": { "sensor": "NOAA-21", "description": "<b>Latitude: </b> 46.08131<br/> \n                    <b>Longitude: </b> 43.73992<br/> \n                    <b>Detection Time: </b> 2026-09-30 10:02 UTC<br/> \n                    <b>Sensor: </b> NOAA-21 VIIRS<br/>\n                    <b>Confidence: </b> Nominal<br/> \n                    <b>Day/Night: </b> Day<br/>\n                    <b>Scan: </b> 0.4 km<br/>\n                    <b>Track: </b> 0.37 km<br/>\n                    <b>FRP: </b> 3.59 MW<br/>\n                    <b>Brightness: </b> 337.68 K" }, "geometry": { "type": "Point", "coordinates": [ 43.73992, 46.08131 ] } },
{ "type": "Feature", "properties": { "sensor": "NOAA-21", "description": "<b>Latitude: </b> 46.08201<br/> \n                    <b>Longitude: </b> 43.74504<br/> \n                    <b>Detection Time: </b> 2026-09-30 10:02 UTC<br/> \n                    <b>Sensor: </b> NOAA-21 VIIRS<br/>\n                    <b>Confidence: </b> Nominal<br/> \n                    <b>Day/Night: </b> Day<br/>\n                    <b>Scan: </b> 0.4 km<br/>\n                    <b>Track: </b> 0.37 km<br/>\n                    <b>FRP: </b> 3.59 MW<br/>\n                    <b>Brightness: </b> 345.67 K" }, "geometry": { "type": "Point", "coordinates": [ 43.74504, 46.08201 ] } },
{ "type": "Feature", "properties": { "sensor": "NOAA-21", "description": "<b>Latitude: </b> 46.08271<br/> \n                    <b>Longitude: </b> 43.75017<br/> \n                    <b>Detection Time: </b> 2026-09-30 10:02 UTC<br/> \n                    <b>Sensor: </b> NOAA-21 VIIRS<br/>\n                    <b>Confidence: </b> Nominal<br/> \n                    <b>Day/Night: </b> Day<br/>\n                    <b>Scan: </b> 0.4 km<br/>\n                    <b>Track: </b> 0.37 km<br/>\n                    <b>FRP: </b> 5.23 MW<br/>\n                    <b>Brightness: </b> 346.6 K" }, "geometry": { "type": "Point", "coordinates": [ 43.75017, 46.08271 ] } },
{ "type": "Feature", "properties": { "sensor": "NOAA-21", "description": "<b>Latitude: </b> 46.0834<br/> \n                    <b>Longitude: </b> 43.7553<br/> \n                    <b>Detection Time: </b> 2026-09-30 10:02 UTC<br/> \n                    <b>Sensor: </b> NOAA-21 VIIRS<br/>\n                    <b>Confidence: </b> Nominal<br/> \n                    <b>Day/Night: </b> Day<br/>\n                    <b>Scan: </b> 0.4 km<br/>\n                    <b>Track: </b> 0.37 km<br/>\n                    <b>FRP: </b> 5.23 MW<br/>\n                    <b>Brightness: </b> 337.16 K" }, "geometry": { "type": "Point", "coordinates": [ 43.7553, 46.0834 ] } },
{ "type": "Feature", "properties": { "sensor": "NOAA-21", "description": "<b>Latitude: </b> 46.07922<br/> \n                    <b>Longitude: </b> 43.72456<br/> \n                    <b>Detection Time: </b> 2026-09-30 10:02 UTC<br/> \n                    <b>Sensor: </b> NOAA-21 VIIRS<br/>\n                    <b>Confidence: </b> High<br/> \n                    <b>Day/Night: </b> Day<br/>\n                    <b>Scan: </b> 0.4 km<br/>\n                    <b>Track: </b> 0.37 km<br/>\n                    <b>FRP: </b> 18.87 MW<br/>\n                    <b>Brightness: </b> 367 K" }, "geometry": { "type": "Point", "coordinates": [ 43.72456, 46.07922 ] } },
{ "type": "Feature", "properties": { "sensor": "NOAA-21", "description": "<b>Latitude: </b> 46.07658<br/> \n                    <b>Longitude: </b> 43.73062<br/> \n                    <b>Detection Time: </b> 2026-09-30 10:02 UTC<br/> \n                    <b>Sensor: </b> NOAA-21 VIIRS<br/>\n                    <b>Confidence: </b> Nominal<br/> \n                    <b>Day/Night: </b> Day<br/>\n                    <b>Scan: </b> 0.4 km<br/>\n                    <b>Track: </b> 0.37 km<br/>\n                    <b>FRP: </b> 3.75 MW<br/>\n                    <b>Brightness: </b> 330.48 K" }, "geometry": { "type": "Point", "coordinates": [ 43.73062, 46.07658 ] } },
{ "type": "Feature", "properties": { "sensor": "NOAA-21", "description": "<b>Latitude: </b> 46.07867<br/> \n                    <b>Longitude: </b> 43.74599<br/> \n                    <b>Detection Time: </b> 2026-09-30 10:02 UTC<br/> \n                    <b>Sensor: </b> NOAA-21 VIIRS<br/>\n                    <b>Confidence: </b> Nominal<br/> \n                    <b>Day/Night: </b> Day<br/>\n                    <b>Scan: </b> 0.4 km<br/>\n                    <b>Track: </b> 0.37 km<br/>\n                    <b>FRP: </b> 3.59 MW<br/>\n                    <b>Brightness: </b> 329.52 K" }, "geometry": { "type": "Point", "coordinates": [ 43.74599, 46.07867 ] } }
]
}
