{
"type": "FeatureCollection",
"name": "centroids_6_12.geojson",
"crs": { "type": "name", "properties": { "name": "urn:ogc:def:crs:OGC:1.3:CRS84" } },
"features": [
{ "type": "Feature", "properties": { "sensor": "MODIS_C6.1", "description": "<b>Latitude: </b> 53.00079<br/> \n                    <b>Longitude: </b> 50.5582<br/> \n                    <b>Detection Time: </b> 2026-10-07 16:01 UTC<br/> \n                    <b>Sensor: </b> Terra MODIS<br/>\n                    <b>Confidence [0-100%]: </b> 100%<br/> \n                    <b>Day/Night: </b> Night<br/>\n                    <b>Scan: </b> 1.68 km<br/>\n                    <b>Track: </b> 1.27 km<br/>\n                    <b>FRP: </b> 122.18 MW<br/>\n                    <b>Brightness: </b> 345.86 K" }, "geometry": { "type": "Point", "coordinates": [ 50.5582, 53.00079 ] } },
{ "type": "Feature", "properties": { "sensor": "MODIS_C6.1", "description": "<b>Latitude: </b> 52.99583<br/> \n                    <b>Longitude: </b> 50.53533<br/> \n                    <b>Detection Time: </b> 2026-10-07 16:01 UTC<br/> \n                    <b>Sensor: </b> Terra MODIS<br/>\n                    <b>Confidence [0-100%]: </b> 100%<br/> \n                    <b>Day/Night: </b> Night<br/>\n                    <b>Scan: </b> 1.68 km<br/>\n                    <b>Track: </b> 1.27 km<br/>\n                    <b>FRP: </b> 93.69 MW<br/>\n                    <b>Brightness: </b> 338.11 K" }, "geometry": { "type": "Point", "coordinates": [ 50.53533, 52.99583 ] } },
{ "type": "Feature", "properties": { "sensor": "MODIS_C6.1", "description": "<b>Latitude: </b> 52.98519<br/> \n                    <b>Longitude: </b> 50.54174<br/> \n                    <b>Detection Time: </b> 2026-10-07 16:01 UTC<br/> \n                    <b>Sensor: </b> Terra MODIS<br/>\n                    <b>Confidence [0-100%]: </b> 56%<br/> \n                    <b>Day/Night: </b> Night<br/>\n                    <b>Scan: </b> 1.68 km<br/>\n                    <b>Track: </b> 1.27 km<br/>\n                    <b>FRP: </b> 20.1 MW<br/>\n                    <b>Brightness: </b> 303.69 K" }, "geometry": { "type": "Point", "coordinates": [ 50.54174, 52.98519 ] } },
{ "type": "Feature", "properties": { "sensor": "MODIS_C6.1", "description": "<b>Latitude: </b> 51.56379<br/> \n                    <b>Longitude: </b> 52.75539<br/> \n                    <b>Detection Time: </b> 2026-10-07 16:01 UTC<br/> \n                    <b>Sensor: </b> Terra MODIS<br/>\n                    <b>Confidence [0-100%]: </b> 55%<br/> \n                    <b>Day/Night: </b> Night<br/>\n                    <b>Scan: </b> 1.47 km<br/>\n                    <b>Track: </b> 1.2 km<br/>\n                    <b>FRP: </b> 15.69 MW<br/>\n                    <b>Brightness: </b> 303.44 K" }, "geometry": { "type": "Point", "coordinates": [ 52.75539, 51.56379 ] } },
{ "type": "Feature", "properties": { "sensor": "MODIS_C6.1", "description": "<b>Latitude: </b> 51.60949<br/> \n                    <b>Longitude: </b> 52.92853<br/> \n                    <b>Detection Time: </b> 2026-10-07 16:01 UTC<br/> \n                    <b>Sensor: </b> Terra MODIS<br/>\n                    <b>Confidence [0-100%]: </b> 25%<br/> \n                    <b>Day/Night: </b> Night<br/>\n                    <b>Scan: </b> 1.45 km<br/>\n                    <b>Track: </b> 1.19 km<br/>\n                    <b>FRP: </b> 11.8 MW<br/>\n                    <b>Brightness: </b> 300.31 K" }, "geometry": { "type": "Point", "coordinates": [ 52.92853, 51.60949 ] } },
{ "type": "Feature", "properties": { "sensor": "MODIS_C6.1", "description": "<b>Latitude: </b> 52.98611<br/> \n                    <b>Longitude: </b> 50.54756<br/> \n                    <b>Detection Time: </b> 2026-10-07 16:01 UTC<br/> \n                    <b>Sensor: </b> Terra MODIS<br/>\n                    <b>Confidence [0-100%]: </b> 35%<br/> \n                    <b>Day/Night: </b> Night<br/>\n                    <b>Scan: </b> 1.68 km<br/>\n                    <b>Track: </b> 1.27 km<br/>\n                    <b>FRP: </b> 16.09 MW<br/>\n                    <b>Brightness: </b> 301.59 K" }, "geometry": { "type": "Point", "coordinates": [ 50.54756, 52.98611 ] } },
{ "type": "Feature", "properties": { "sensor": "MODIS_C6.1", "description": "<b>Latitude: </b> 51.23773<br/> \n                    <b>Longitude: </b> 34.98018<br/> \n                    <b>Detection Time: </b> 2026-10-07 13:16 UTC<br/> \n                    <b>Sensor: </b> Aqua MODIS<br/>\n                    <b>Confidence [0-100%]: </b> 18%<br/> \n                    <b>Day/Night: </b> Day<br/>\n                    <b>Scan: </b> 1.96 km<br/>\n                    <b>Track: </b> 1.37 km<br/>\n                    <b>FRP: </b> 10.63 MW<br/>\n                    <b>Brightness: </b> 301.78 K" }, "geometry": { "type": "Point", "coordinates": [ 34.98018, 51.23773 ] } },
{ "type": "Feature", "properties": { "sensor": "MODIS_C6.1", "description": "<b>Latitude: </b> 51.2435<br/> \n                    <b>Longitude: </b> 34.95596<br/> \n                    <b>Detection Time: </b> 2026-10-07 13:16 UTC<br/> \n                    <b>Sensor: </b> Aqua MODIS<br/>\n                    <b>Confidence [0-100%]: </b> 91%<br/> \n                    <b>Day/Night: </b> Day<br/>\n                    <b>Scan: </b> 1.96 km<br/>\n                    <b>Track: </b> 1.37 km<br/>\n                    <b>FRP: </b> 113.11 MW<br/>\n                    <b>Brightness: </b> 339.51 K" }, "geometry": { "type": "Point", "coordinates": [ 34.95596, 51.2435 ] } },
{ "type": "Feature", "properties": { "sensor": "MODIS_C6.1", "description": "<b>Latitude: </b> 51.16023<br/> \n                    <b>Longitude: </b> 35.3383<br/> \n                    <b>Detection Time: </b> 2026-10-07 13:16 UTC<br/> \n                    <b>Sensor: </b> Aqua MODIS<br/>\n                    <b>Confidence [0-100%]: </b> 35%<br/> \n                    <b>Day/Night: </b> Day<br/>\n                    <b>Scan: </b> 2.04 km<br/>\n                    <b>Track: </b> 1.39 km<br/>\n                    <b>FRP: </b> 12.26 MW<br/>\n                    <b>Brightness: </b> 301.67 K" }, "geometry": { "type": "Point", "coordinates": [ 35.3383, 51.16023 ] } },
{ "type": "Feature", "properties": { "sensor": "MODIS_C6.1", "description": "<b>Latitude: </b> 50.12984<br/> \n                    <b>Longitude: </b> 30.66969<br/> \n                    <b>Detection Time: </b> 2026-10-07 13:16 UTC<br/> \n                    <b>Sensor: </b> Aqua MODIS<br/>\n                    <b>Confidence [0-100%]: </b> 78%<br/> \n                    <b>Day/Night: </b> Day<br/>\n                    <b>Scan: </b> 1.21 km<br/>\n                    <b>Track: </b> 1.09 km<br/>\n                    <b>FRP: </b> 29.08 MW<br/>\n                    <b>Brightness: </b> 324.59 K" }, "geometry": { "type": "Point", "coordinates": [ 30.66969, 50.12984 ] } },
{ "type": "Feature", "properties": { "sensor": "MODIS_C6.1", "description": "<b>Latitude: </b> 50.13168<br/> \n                    <b>Longitude: </b> 30.68615<br/> \n                    <b>Detection Time: </b> 2026-10-07 13:16 UTC<br/> \n                    <b>Sensor: </b> Aqua MODIS<br/>\n                    <b>Confidence [0-100%]: </b> 62%<br/> \n                    <b>Day/Night: </b> Day<br/>\n                    <b>Scan: </b> 1.21 km<br/>\n                    <b>Track: </b> 1.09 km<br/>\n                    <b>FRP: </b> 12.74 MW<br/>\n                    <b>Brightness: </b> 311.01 K" }, "geometry": { "type": "Point", "coordinates": [ 30.68615, 50.13168 ] } },
{ "type": "Feature", "properties": { "sensor": "MODIS_C6.1", "description": "<b>Latitude: </b> 52.84638<br/> \n                    <b>Longitude: </b> 34.8634<br/> \n                    <b>Detection Time: </b> 2026-10-07 13:16 UTC<br/> \n                    <b>Sensor: </b> Aqua MODIS<br/>\n                    <b>Confidence [0-100%]: </b> 56%<br/> \n                    <b>Day/Night: </b> Day<br/>\n                    <b>Scan: </b> 2.03 km<br/>\n                    <b>Track: </b> 1.39 km<br/>\n                    <b>FRP: </b> 18.38 MW<br/>\n                    <b>Brightness: </b> 303.53 K" }, "geometry": { "type": "Point", "coordinates": [ 34.8634, 52.84638 ] } },
{ "type": "Feature", "properties": { "sensor": "MODIS_C6.1", "description": "<b>Latitude: </b> 52.84353<br/> \n                    <b>Longitude: </b> 34.86866<br/> \n                    <b>Detection Time: </b> 2026-10-07 13:16 UTC<br/> \n                    <b>Sensor: </b> Aqua MODIS<br/>\n                    <b>Confidence [0-100%]: </b> 57%<br/> \n                    <b>Day/Night: </b> Day<br/>\n                    <b>Scan: </b> 2.03 km<br/>\n                    <b>Track: </b> 1.39 km<br/>\n                    <b>FRP: </b> 19.91 MW<br/>\n                    <b>Brightness: </b> 303.87 K" }, "geometry": { "type": "Point", "coordinates": [ 34.86866, 52.84353 ] } },
{ "type": "Feature", "properties": { "sensor": "MODIS_C6.1", "description": "<b>Latitude: </b> 52.33096<br/> \n                    <b>Longitude: </b> 32.68192<br/> \n                    <b>Detection Time: </b> 2026-10-07 13:16 UTC<br/> \n                    <b>Sensor: </b> Aqua MODIS<br/>\n                    <b>Confidence [0-100%]: </b> 20%<br/> \n                    <b>Day/Night: </b> Day<br/>\n                    <b>Scan: </b> 1.57 km<br/>\n                    <b>Track: </b> 1.24 km<br/>\n                    <b>FRP: </b> 8.22 MW<br/>\n                    <b>Brightness: </b> 300.02 K" }, "geometry": { "type": "Point", "coordinates": [ 32.68192, 52.33096 ] } },
{ "type": "Feature", "properties": { "sensor": "MODIS_C6.1", "description": "<b>Latitude: </b> 52.3212<br/> \n                    <b>Longitude: </b> 34.1015<br/> \n                    <b>Detection Time: </b> 2026-10-07 13:16 UTC<br/> \n                    <b>Sensor: </b> Aqua MODIS<br/>\n                    <b>Confidence [0-100%]: </b> 70%<br/> \n                    <b>Day/Night: </b> Day<br/>\n                    <b>Scan: </b> 1.83 km<br/>\n                    <b>Track: </b> 1.33 km<br/>\n                    <b>FRP: </b> 25.81 MW<br/>\n                    <b>Brightness: </b> 310.57 K" }, "geometry": { "type": "Point", "coordinates": [ 34.1015, 52.3212 ] } },
{ "type": "Feature", "properties": { "sensor": "MODIS_C6.1", "description": "<b>Latitude: </b> 52.30957<br/> \n                    <b>Longitude: </b> 34.10376<br/> \n                    <b>Detection Time: </b> 2026-10-07 13:16 UTC<br/> \n                    <b>Sensor: </b> Aqua MODIS<br/>\n                    <b>Confidence [0-100%]: </b> 57%<br/> \n                    <b>Day/Night: </b> Day<br/>\n                    <b>Scan: </b> 1.83 km<br/>\n                    <b>Track: </b> 1.33 km<br/>\n                    <b>FRP: </b> 14.71 MW<br/>\n                    <b>Brightness: </b> 303.87 K" }, "geometry": { "type": "Point", "coordinates": [ 34.10376, 52.30957 ] } },
{ "type": "Feature", "properties": { "sensor": "MODIS_C6.1", "description": "<b>Latitude: </b> 52.22954<br/> \n                    <b>Longitude: </b> 33.38061<br/> \n                    <b>Detection Time: </b> 2026-10-07 13:16 UTC<br/> \n                    <b>Sensor: </b> Aqua MODIS<br/>\n                    <b>Confidence [0-100%]: </b> 46%<br/> \n                    <b>Day/Night: </b> Day<br/>\n                    <b>Scan: </b> 1.69 km<br/>\n                    <b>Track: </b> 1.28 km<br/>\n                    <b>FRP: </b> 10.73 MW<br/>\n                    <b>Brightness: </b> 301.27 K" }, "geometry": { "type": "Point", "coordinates": [ 33.38061, 52.22954 ] } },
{ "type": "Feature", "properties": { "sensor": "MODIS_C6.1", "description": "<b>Latitude: </b> 51.24813<br/> \n                    <b>Longitude: </b> 34.78606<br/> \n                    <b>Detection Time: </b> 2026-10-07 13:16 UTC<br/> \n                    <b>Sensor: </b> Aqua MODIS<br/>\n                    <b>Confidence [0-100%]: </b> 82%<br/> \n                    <b>Day/Night: </b> Day<br/>\n                    <b>Scan: </b> 1.92 km<br/>\n                    <b>Track: </b> 1.35 km<br/>\n                    <b>FRP: </b> 55.29 MW<br/>\n                    <b>Brightness: </b> 323.02 K" }, "geometry": { "type": "Point", "coordinates": [ 34.78606, 51.24813 ] } },
{ "type": "Feature", "properties": { "sensor": "MODIS_C6.1", "description": "<b>Latitude: </b> 51.25006<br/> \n                    <b>Longitude: </b> 34.81272<br/> \n                    <b>Detection Time: </b> 2026-10-07 13:16 UTC<br/> \n                    <b>Sensor: </b> Aqua MODIS<br/>\n                    <b>Confidence [0-100%]: </b> 91%<br/> \n                    <b>Day/Night: </b> Day<br/>\n                    <b>Scan: </b> 1.93 km<br/>\n                    <b>Track: </b> 1.36 km<br/>\n                    <b>FRP: </b> 109.01 MW<br/>\n                    <b>Brightness: </b> 338.62 K" }, "geometry": { "type": "Point", "coordinates": [ 34.81272, 51.25006 ] } },
{ "type": "Feature", "properties": { "sensor": "MODIS_C6.1", "description": "<b>Latitude: </b> 51.24779<br/> \n                    <b>Longitude: </b> 34.95039<br/> \n                    <b>Detection Time: </b> 2026-10-07 13:16 UTC<br/> \n                    <b>Sensor: </b> Aqua MODIS<br/>\n                    <b>Confidence [0-100%]: </b> 79%<br/> \n                    <b>Day/Night: </b> Day<br/>\n                    <b>Scan: </b> 1.96 km<br/>\n                    <b>Track: </b> 1.37 km<br/>\n                    <b>FRP: </b> 43.36 MW<br/>\n                    <b>Brightness: </b> 319.03 K" }, "geometry": { "type": "Point", "coordinates": [ 34.95039, 51.24779 ] } },
{ "type": "Feature", "properties": { "sensor": "MODIS_C6.1", "description": "<b>Latitude: </b> 51.23581<br/> \n                    <b>Longitude: </b> 34.95258<br/> \n                    <b>Detection Time: </b> 2026-10-07 13:16 UTC<br/> \n                    <b>Sensor: </b> Aqua MODIS<br/>\n                    <b>Confidence [0-100%]: </b> 82%<br/> \n                    <b>Day/Night: </b> Day<br/>\n                    <b>Scan: </b> 1.96 km<br/>\n                    <b>Track: </b> 1.37 km<br/>\n                    <b>FRP: </b> 52.77 MW<br/>\n                    <b>Brightness: </b> 322.35 K" }, "geometry": { "type": "Point", "coordinates": [ 34.95258, 51.23581 ] } },
{ "type": "Feature", "properties": { "sensor": "MODIS_C6.1", "description": "<b>Latitude: </b> 45.88211<br/> \n                    <b>Longitude: </b> 28.86612<br/> \n                    <b>Detection Time: </b> 2026-10-07 13:14 UTC<br/> \n                    <b>Sensor: </b> Aqua MODIS<br/>\n                    <b>Confidence [0-100%]: </b> 70%<br/> \n                    <b>Day/Night: </b> Day<br/>\n                    <b>Scan: </b> 1.01 km<br/>\n                    <b>Track: </b> 1 km<br/>\n                    <b>FRP: </b> 9.24 MW<br/>\n                    <b>Brightness: </b> 313.04 K" }, "geometry": { "type": "Point", "coordinates": [ 28.86612, 45.88211 ] } },
{ "type": "Feature", "properties": { "sensor": "MODIS_C6.1", "description": "<b>Latitude: </b> 45.91288<br/> \n                    <b>Longitude: </b> 30.02425<br/> \n                    <b>Detection Time: </b> 2026-10-07 13:14 UTC<br/> \n                    <b>Sensor: </b> Aqua MODIS<br/>\n                    <b>Confidence [0-100%]: </b> 67%<br/> \n                    <b>Day/Night: </b> Day<br/>\n                    <b>Scan: </b> 1.05 km<br/>\n                    <b>Track: </b> 1.02 km<br/>\n                    <b>FRP: </b> 8.72 MW<br/>\n                    <b>Brightness: </b> 311.85 K" }, "geometry": { "type": "Point", "coordinates": [ 30.02425, 45.91288 ] } },
{ "type": "Feature", "properties": { "sensor": "MODIS_C6.1", "description": "<b>Latitude: </b> 45.58525<br/> \n                    <b>Longitude: </b> 29.04893<br/> \n                    <b>Detection Time: </b> 2026-10-07 13:14 UTC<br/> \n                    <b>Sensor: </b> Aqua MODIS<br/>\n                    <b>Confidence [0-100%]: </b> 55%<br/> \n                    <b>Day/Night: </b> Day<br/>\n                    <b>Scan: </b> 1.01 km<br/>\n                    <b>Track: </b> 1 km<br/>\n                    <b>FRP: </b> 5.66 MW<br/>\n                    <b>Brightness: </b> 309.82 K" }, "geometry": { "type": "Point", "coordinates": [ 29.04893, 45.58525 ] } },
{ "type": "Feature", "properties": { "sensor": "MODIS_C6.1", "description": "<b>Latitude: </b> 45.32789<br/> \n                    <b>Longitude: </b> 28.43059<br/> \n                    <b>Detection Time: </b> 2026-10-07 13:14 UTC<br/> \n                    <b>Sensor: </b> Aqua MODIS<br/>\n                    <b>Confidence [0-100%]: </b> 34%<br/> \n                    <b>Day/Night: </b> Day<br/>\n                    <b>Scan: </b> 1 km<br/>\n                    <b>Track: </b> 1 km<br/>\n                    <b>FRP: </b> 3.7 MW<br/>\n                    <b>Brightness: </b> 305.54 K" }, "geometry": { "type": "Point", "coordinates": [ 28.43059, 45.32789 ] } },
{ "type": "Feature", "properties": { "sensor": "MODIS_C6.1", "description": "<b>Latitude: </b> 45.71188<br/> \n                    <b>Longitude: </b> 38.54319<br/> \n                    <b>Detection Time: </b> 2026-10-07 13:14 UTC<br/> \n                    <b>Sensor: </b> Aqua MODIS<br/>\n                    <b>Confidence [0-100%]: </b> 65%<br/> \n                    <b>Day/Night: </b> Day<br/>\n                    <b>Scan: </b> 2.64 km<br/>\n                    <b>Track: </b> 1.56 km<br/>\n                    <b>FRP: </b> 35.67 MW<br/>\n                    <b>Brightness: </b> 309.94 K" }, "geometry": { "type": "Point", "coordinates": [ 38.54319, 45.71188 ] } },
{ "type": "Feature", "properties": { "sensor": "MODIS_C6.1", "description": "<b>Latitude: </b> 45.6355<br/> \n                    <b>Longitude: </b> 38.29557<br/> \n                    <b>Detection Time: </b> 2026-10-07 13:14 UTC<br/> \n                    <b>Sensor: </b> Aqua MODIS<br/>\n                    <b>Confidence [0-100%]: </b> 47%<br/> \n                    <b>Day/Night: </b> Day<br/>\n                    <b>Scan: </b> 2.55 km<br/>\n                    <b>Track: </b> 1.54 km<br/>\n                    <b>FRP: </b> 13.01 MW<br/>\n                    <b>Brightness: </b> 301.47 K" }, "geometry": { "type": "Point", "coordinates": [ 38.29557, 45.6355 ] } },
{ "type": "Feature", "properties": { "sensor": "MODIS_C6.1", "description": "<b>Latitude: </b> 45.21748<br/> \n                    <b>Longitude: </b> 37.81861<br/> \n                    <b>Detection Time: </b> 2026-10-07 13:14 UTC<br/> \n                    <b>Sensor: </b> Aqua MODIS<br/>\n                    <b>Confidence [0-100%]: </b> 60%<br/> \n                    <b>Day/Night: </b> Day<br/>\n                    <b>Scan: </b> 2.37 km<br/>\n                    <b>Track: </b> 1.49 km<br/>\n                    <b>FRP: </b> 23.1 MW<br/>\n                    <b>Brightness: </b> 306.13 K" }, "geometry": { "type": "Point", "coordinates": [ 37.81861, 45.21748 ] } },
{ "type": "Feature", "properties": { "sensor": "MODIS_C6.1", "description": "<b>Latitude: </b> 44.75759<br/> \n                    <b>Longitude: </b> 41.08653<br/> \n                    <b>Detection Time: </b> 2026-10-07 13:14 UTC<br/> \n                    <b>Sensor: </b> Aqua MODIS<br/>\n                    <b>Confidence [0-100%]: </b> 48%<br/> \n                    <b>Day/Night: </b> Day<br/>\n                    <b>Scan: </b> 3.64 km<br/>\n                    <b>Track: </b> 1.79 km<br/>\n                    <b>FRP: </b> 23.01 MW<br/>\n                    <b>Brightness: </b> 301.65 K" }, "geometry": { "type": "Point", "coordinates": [ 41.08653, 44.75759 ] } },
{ "type": "Feature", "properties": { "sensor": "MODIS_C6.1", "description": "<b>Latitude: </b> 44.76418<br/> \n                    <b>Longitude: </b> 41.0905<br/> \n                    <b>Detection Time: </b> 2026-10-07 13:14 UTC<br/> \n                    <b>Sensor: </b> Aqua MODIS<br/>\n                    <b>Confidence [0-100%]: </b> 40%<br/> \n                    <b>Day/Night: </b> Day<br/>\n                    <b>Scan: </b> 3.64 km<br/>\n                    <b>Track: </b> 1.79 km<br/>\n                    <b>FRP: </b> 20.74 MW<br/>\n                    <b>Brightness: </b> 301.22 K" }, "geometry": { "type": "Point", "coordinates": [ 41.0905, 44.76418 ] } },
{ "type": "Feature", "properties": { "sensor": "MODIS_C6.1", "description": "<b>Latitude: </b> 59.99185<br/> \n                    <b>Longitude: </b> 103.68897<br/> \n                    <b>Detection Time: </b> 2026-10-07 12:44 UTC<br/> \n                    <b>Sensor: </b> Terra MODIS<br/>\n                    <b>Confidence [0-100%]: </b> 100%<br/> \n                    <b>Day/Night: </b> Night<br/>\n                    <b>Scan: </b> 1 km<br/>\n                    <b>Track: </b> 1 km<br/>\n                    <b>FRP: </b> 33.01 MW<br/>\n                    <b>Brightness: </b> 328.84 K" }, "geometry": { "type": "Point", "coordinates": [ 103.68897, 59.99185 ] } },
{ "type": "Feature", "properties": { "sensor": "MODIS_C6.1", "description": "<b>Latitude: </b> 60.92152<br/> \n                    <b>Longitude: </b> 112.10712<br/> \n                    <b>Detection Time: </b> 2026-10-07 12:44 UTC<br/> \n                    <b>Sensor: </b> Terra MODIS<br/>\n                    <b>Confidence [0-100%]: </b> 95%<br/> \n                    <b>Day/Night: </b> Night<br/>\n                    <b>Scan: </b> 1.48 km<br/>\n                    <b>Track: </b> 1.2 km<br/>\n                    <b>FRP: </b> 0 MW<br/>\n                    <b>Brightness: </b> 325.11 K" }, "geometry": { "type": "Point", "coordinates": [ 112.10712, 60.92152 ] } },
{ "type": "Feature", "properties": { "sensor": "MODIS_C6.1", "description": "<b>Latitude: </b> 61.34727<br/> \n                    <b>Longitude: </b> 112.80714<br/> \n                    <b>Detection Time: </b> 2026-10-07 12:44 UTC<br/> \n                    <b>Sensor: </b> Terra MODIS<br/>\n                    <b>Confidence [0-100%]: </b> 98%<br/> \n                    <b>Day/Night: </b> Night<br/>\n                    <b>Scan: </b> 1.59 km<br/>\n                    <b>Track: </b> 1.24 km<br/>\n                    <b>FRP: </b> 0 MW<br/>\n                    <b>Brightness: </b> 328.43 K" }, "geometry": { "type": "Point", "coordinates": [ 112.80714, 61.34727 ] } },
{ "type": "Feature", "properties": { "sensor": "MODIS_C6.1", "description": "<b>Latitude: </b> 59.99306<br/> \n                    <b>Longitude: </b> 102.56902<br/> \n                    <b>Detection Time: </b> 2026-10-07 12:44 UTC<br/> \n                    <b>Sensor: </b> Terra MODIS<br/>\n                    <b>Confidence [0-100%]: </b> 100%<br/> \n                    <b>Day/Night: </b> Night<br/>\n                    <b>Scan: </b> 1.02 km<br/>\n                    <b>Track: </b> 1.01 km<br/>\n                    <b>FRP: </b> 0 MW<br/>\n                    <b>Brightness: </b> 363.53 K" }, "geometry": { "type": "Point", "coordinates": [ 102.56902, 59.99306 ] } },
{ "type": "Feature", "properties": { "sensor": "MODIS_C6.1", "description": "<b>Latitude: </b> 59.99036<br/> \n                    <b>Longitude: </b> 102.55169<br/> \n                    <b>Detection Time: </b> 2026-10-07 12:44 UTC<br/> \n                    <b>Sensor: </b> Terra MODIS<br/>\n                    <b>Confidence [0-100%]: </b> 100%<br/> \n                    <b>Day/Night: </b> Night<br/>\n                    <b>Scan: </b> 1.02 km<br/>\n                    <b>Track: </b> 1.01 km<br/>\n                    <b>FRP: </b> 0 MW<br/>\n                    <b>Brightness: </b> 332.7 K" }, "geometry": { "type": "Point", "coordinates": [ 102.55169, 59.99036 ] } },
{ "type": "Feature", "properties": { "sensor": "MODIS_C6.1", "description": "<b>Latitude: </b> 60.00163<br/> \n                    <b>Longitude: </b> 102.5636<br/> \n                    <b>Detection Time: </b> 2026-10-07 12:44 UTC<br/> \n                    <b>Sensor: </b> Terra MODIS<br/>\n                    <b>Confidence [0-100%]: </b> 100%<br/> \n                    <b>Day/Night: </b> Night<br/>\n                    <b>Scan: </b> 1.02 km<br/>\n                    <b>Track: </b> 1.01 km<br/>\n                    <b>FRP: </b> 0 MW<br/>\n                    <b>Brightness: </b> 348.41 K" }, "geometry": { "type": "Point", "coordinates": [ 102.5636, 60.00163 ] } },
{ "type": "Feature", "properties": { "sensor": "MODIS_C6.1", "description": "<b>Latitude: </b> 59.99893<br/> \n                    <b>Longitude: </b> 102.54626<br/> \n                    <b>Detection Time: </b> 2026-10-07 12:44 UTC<br/> \n                    <b>Sensor: </b> Terra MODIS<br/>\n                    <b>Confidence [0-100%]: </b> 100%<br/> \n                    <b>Day/Night: </b> Night<br/>\n                    <b>Scan: </b> 1.02 km<br/>\n                    <b>Track: </b> 1.01 km<br/>\n                    <b>FRP: </b> 0 MW<br/>\n                    <b>Brightness: </b> 334.89 K" }, "geometry": { "type": "Point", "coordinates": [ 102.54626, 59.99893 ] } },
{ "type": "Feature", "properties": { "sensor": "MODIS_C6.1", "description": "<b>Latitude: </b> 59.99577<br/> \n                    <b>Longitude: </b> 102.58633<br/> \n                    <b>Detection Time: </b> 2026-10-07 12:44 UTC<br/> \n                    <b>Sensor: </b> Terra MODIS<br/>\n                    <b>Confidence [0-100%]: </b> 100%<br/> \n                    <b>Day/Night: </b> Night<br/>\n                    <b>Scan: </b> 1.02 km<br/>\n                    <b>Track: </b> 1.01 km<br/>\n                    <b>FRP: </b> 0 MW<br/>\n                    <b>Brightness: </b> 374.16 K" }, "geometry": { "type": "Point", "coordinates": [ 102.58633, 59.99577 ] } },
{ "type": "Feature", "properties": { "sensor": "MODIS_C6.1", "description": "<b>Latitude: </b> 59.99789<br/> \n                    <b>Longitude: </b> 103.66681<br/> \n                    <b>Detection Time: </b> 2026-10-07 12:44 UTC<br/> \n                    <b>Sensor: </b> Terra MODIS<br/>\n                    <b>Confidence [0-100%]: </b> 100%<br/> \n                    <b>Day/Night: </b> Night<br/>\n                    <b>Scan: </b> 1 km<br/>\n                    <b>Track: </b> 1 km<br/>\n                    <b>FRP: </b> 114.71 MW<br/>\n                    <b>Brightness: </b> 367.72 K" }, "geometry": { "type": "Point", "coordinates": [ 103.66681, 59.99789 ] } },
{ "type": "Feature", "properties": { "sensor": "MODIS_C6.1", "description": "<b>Latitude: </b> 59.99847<br/> \n                    <b>Longitude: </b> 102.6037<br/> \n                    <b>Detection Time: </b> 2026-10-07 12:44 UTC<br/> \n                    <b>Sensor: </b> Terra MODIS<br/>\n                    <b>Confidence [0-100%]: </b> 100%<br/> \n                    <b>Day/Night: </b> Night<br/>\n                    <b>Scan: </b> 1.02 km<br/>\n                    <b>Track: </b> 1.01 km<br/>\n                    <b>FRP: </b> 0 MW<br/>\n                    <b>Brightness: </b> 366.59 K" }, "geometry": { "type": "Point", "coordinates": [ 102.6037, 59.99847 ] } },
{ "type": "Feature", "properties": { "sensor": "MODIS_C6.1", "description": "<b>Latitude: </b> 60.0004<br/> \n                    <b>Longitude: </b> 103.68391<br/> \n                    <b>Detection Time: </b> 2026-10-07 12:44 UTC<br/> \n                    <b>Sensor: </b> Terra MODIS<br/>\n                    <b>Confidence [0-100%]: </b> 100%<br/> \n                    <b>Day/Night: </b> Night<br/>\n                    <b>Scan: </b> 1 km<br/>\n                    <b>Track: </b> 1 km<br/>\n                    <b>FRP: </b> 84.96 MW<br/>\n                    <b>Brightness: </b> 357.25 K" }, "geometry": { "type": "Point", "coordinates": [ 103.68391, 60.0004 ] } },
{ "type": "Feature", "properties": { "sensor": "MODIS_C6.1", "description": "<b>Latitude: </b> 59.98934<br/> \n                    <b>Longitude: </b> 103.67186<br/> \n                    <b>Detection Time: </b> 2026-10-07 12:44 UTC<br/> \n                    <b>Sensor: </b> Terra MODIS<br/>\n                    <b>Confidence [0-100%]: </b> 100%<br/> \n                    <b>Day/Night: </b> Night<br/>\n                    <b>Scan: </b> 1 km<br/>\n                    <b>Track: </b> 1 km<br/>\n                    <b>FRP: </b> 25.73 MW<br/>\n                    <b>Brightness: </b> 322.5 K" }, "geometry": { "type": "Point", "coordinates": [ 103.67186, 59.98934 ] } },
{ "type": "Feature", "properties": { "sensor": "MODIS_C6.1", "description": "<b>Latitude: </b> 53.33768<br/> \n                    <b>Longitude: </b> 40.25627<br/> \n                    <b>Detection Time: </b> 2026-10-07 11:40 UTC<br/> \n                    <b>Sensor: </b> Aqua MODIS<br/>\n                    <b>Confidence [0-100%]: </b> 73%<br/> \n                    <b>Day/Night: </b> Day<br/>\n                    <b>Scan: </b> 1.88 km<br/>\n                    <b>Track: </b> 1.34 km<br/>\n                    <b>FRP: </b> 35.87 MW<br/>\n                    <b>Brightness: </b> 317.08 K" }, "geometry": { "type": "Point", "coordinates": [ 40.25627, 53.33768 ] } },
{ "type": "Feature", "properties": { "sensor": "MODIS_C6.1", "description": "<b>Latitude: </b> 54.5718<br/> \n                    <b>Longitude: </b> 42.78667<br/> \n                    <b>Detection Time: </b> 2026-10-07 11:40 UTC<br/> \n                    <b>Sensor: </b> Aqua MODIS<br/>\n                    <b>Confidence [0-100%]: </b> 14%<br/> \n                    <b>Day/Night: </b> Day<br/>\n                    <b>Scan: </b> 1.36 km<br/>\n                    <b>Track: </b> 1.15 km<br/>\n                    <b>FRP: </b> 7.9 MW<br/>\n                    <b>Brightness: </b> 301.03 K" }, "geometry": { "type": "Point", "coordinates": [ 42.78667, 54.5718 ] } },
{ "type": "Feature", "properties": { "sensor": "MODIS_C6.1", "description": "<b>Latitude: </b> 53.34414<br/> \n                    <b>Longitude: </b> 40.24447<br/> \n                    <b>Detection Time: </b> 2026-10-07 11:40 UTC<br/> \n                    <b>Sensor: </b> Aqua MODIS<br/>\n                    <b>Confidence [0-100%]: </b> 68%<br/> \n                    <b>Day/Night: </b> Day<br/>\n                    <b>Scan: </b> 1.88 km<br/>\n                    <b>Track: </b> 1.34 km<br/>\n                    <b>FRP: </b> 23.1 MW<br/>\n                    <b>Brightness: </b> 309.38 K" }, "geometry": { "type": "Point", "coordinates": [ 40.24447, 53.34414 ] } },
{ "type": "Feature", "properties": { "sensor": "MODIS_C6.1", "description": "<b>Latitude: </b> 55.00779<br/> \n                    <b>Longitude: </b> 40.66879<br/> \n                    <b>Detection Time: </b> 2026-10-07 11:40 UTC<br/> \n                    <b>Sensor: </b> Aqua MODIS<br/>\n                    <b>Confidence [0-100%]: </b> 47%<br/> \n                    <b>Day/Night: </b> Day<br/>\n                    <b>Scan: </b> 1.6 km<br/>\n                    <b>Track: </b> 1.24 km<br/>\n                    <b>FRP: </b> 12.03 MW<br/>\n                    <b>Brightness: </b> 301.42 K" }, "geometry": { "type": "Point", "coordinates": [ 40.66879, 55.00779 ] } },
{ "type": "Feature", "properties": { "sensor": "MODIS_C6.1", "description": "<b>Latitude: </b> 54.30216<br/> \n                    <b>Longitude: </b> 37.4831<br/> \n                    <b>Detection Time: </b> 2026-10-07 11:40 UTC<br/> \n                    <b>Sensor: </b> Aqua MODIS<br/>\n                    <b>Confidence [0-100%]: </b> 47%<br/> \n                    <b>Day/Night: </b> Day<br/>\n                    <b>Scan: </b> 2.3 km<br/>\n                    <b>Track: </b> 1.47 km<br/>\n                    <b>FRP: </b> 19.06 MW<br/>\n                    <b>Brightness: </b> 301.47 K" }, "geometry": { "type": "Point", "coordinates": [ 37.4831, 54.30216 ] } },
{ "type": "Feature", "properties": { "sensor": "MODIS_C6.1", "description": "<b>Latitude: </b> 55.5716<br/> \n                    <b>Longitude: </b> 37.32751<br/> \n                    <b>Detection Time: </b> 2026-10-07 11:40 UTC<br/> \n                    <b>Sensor: </b> Aqua MODIS<br/>\n                    <b>Confidence [0-100%]: </b> 67%<br/> \n                    <b>Day/Night: </b> Day<br/>\n                    <b>Scan: </b> 2.1 km<br/>\n                    <b>Track: </b> 1.41 km<br/>\n                    <b>FRP: </b> 30.6 MW<br/>\n                    <b>Brightness: </b> 308.72 K" }, "geometry": { "type": "Point", "coordinates": [ 37.32751, 55.5716 ] } },
{ "type": "Feature", "properties": { "sensor": "MODIS_C6.1", "description": "<b>Latitude: </b> 55.57917<br/> \n                    <b>Longitude: </b> 37.35705<br/> \n                    <b>Detection Time: </b> 2026-10-07 11:40 UTC<br/> \n                    <b>Sensor: </b> Aqua MODIS<br/>\n                    <b>Confidence [0-100%]: </b> 76%<br/> \n                    <b>Day/Night: </b> Day<br/>\n                    <b>Scan: </b> 2.09 km<br/>\n                    <b>Track: </b> 1.41 km<br/>\n                    <b>FRP: </b> 45.95 MW<br/>\n                    <b>Brightness: </b> 315.67 K" }, "geometry": { "type": "Point", "coordinates": [ 37.35705, 55.57917 ] } },
{ "type": "Feature", "properties": { "sensor": "MODIS_C6.1", "description": "<b>Latitude: </b> 55.84819<br/> \n                    <b>Longitude: </b> 41.47784<br/> \n                    <b>Detection Time: </b> 2026-10-07 11:40 UTC<br/> \n                    <b>Sensor: </b> Aqua MODIS<br/>\n                    <b>Confidence [0-100%]: </b> 56%<br/> \n                    <b>Day/Night: </b> Day<br/>\n                    <b>Scan: </b> 1.4 km<br/>\n                    <b>Track: </b> 1.17 km<br/>\n                    <b>FRP: </b> 11.47 MW<br/>\n                    <b>Brightness: </b> 303.35 K" }, "geometry": { "type": "Point", "coordinates": [ 41.47784, 55.84819 ] } },
{ "type": "Feature", "properties": { "sensor": "MODIS_C6.1", "description": "<b>Latitude: </b> 57.0685<br/> \n                    <b>Longitude: </b> 50.68103<br/> \n                    <b>Detection Time: </b> 2026-10-07 11:40 UTC<br/> \n                    <b>Sensor: </b> Aqua MODIS<br/>\n                    <b>Confidence [0-100%]: </b> 58%<br/> \n                    <b>Day/Night: </b> Day<br/>\n                    <b>Scan: </b> 1.08 km<br/>\n                    <b>Track: </b> 1.04 km<br/>\n                    <b>FRP: </b> 10.25 MW<br/>\n                    <b>Brightness: </b> 303.96 K" }, "geometry": { "type": "Point", "coordinates": [ 50.68103, 57.0685 ] } },
{ "type": "Feature", "properties": { "sensor": "MODIS_C6.1", "description": "<b>Latitude: </b> 55.3612<br/> \n                    <b>Longitude: </b> 41.78719<br/> \n                    <b>Detection Time: </b> 2026-10-07 11:40 UTC<br/> \n                    <b>Sensor: </b> Aqua MODIS<br/>\n                    <b>Confidence [0-100%]: </b> 47%<br/> \n                    <b>Day/Night: </b> Day<br/>\n                    <b>Scan: </b> 1.41 km<br/>\n                    <b>Track: </b> 1.18 km<br/>\n                    <b>FRP: </b> 10.3 MW<br/>\n                    <b>Brightness: </b> 301.51 K" }, "geometry": { "type": "Point", "coordinates": [ 41.78719, 55.3612 ] } },
{ "type": "Feature", "properties": { "sensor": "MODIS_C6.1", "description": "<b>Latitude: </b> 54.57356<br/> \n                    <b>Longitude: </b> 42.80224<br/> \n                    <b>Detection Time: </b> 2026-10-07 11:40 UTC<br/> \n                    <b>Sensor: </b> Aqua MODIS<br/>\n                    <b>Confidence [0-100%]: </b> 26%<br/> \n                    <b>Day/Night: </b> Day<br/>\n                    <b>Scan: </b> 1.36 km<br/>\n                    <b>Track: </b> 1.15 km<br/>\n                    <b>FRP: </b> 9.97 MW<br/>\n                    <b>Brightness: </b> 303.29 K" }, "geometry": { "type": "Point", "coordinates": [ 42.80224, 54.57356 ] } },
{ "type": "Feature", "properties": { "sensor": "MODIS_C6.1", "description": "<b>Latitude: </b> 54.3009<br/> \n                    <b>Longitude: </b> 37.48<br/> \n                    <b>Detection Time: </b> 2026-10-07 11:40 UTC<br/> \n                    <b>Sensor: </b> Aqua MODIS<br/>\n                    <b>Confidence [0-100%]: </b> 40%<br/> \n                    <b>Day/Night: </b> Day<br/>\n                    <b>Scan: </b> 2.3 km<br/>\n                    <b>Track: </b> 1.47 km<br/>\n                    <b>FRP: </b> 16.53 MW<br/>\n                    <b>Brightness: </b> 300.63 K" }, "geometry": { "type": "Point", "coordinates": [ 37.48, 54.3009 ] } },
{ "type": "Feature", "properties": { "sensor": "MODIS_C6.1", "description": "<b>Latitude: </b> 53.35027<br/> \n                    <b>Longitude: </b> 40.27012<br/> \n                    <b>Detection Time: </b> 2026-10-07 11:40 UTC<br/> \n                    <b>Sensor: </b> Aqua MODIS<br/>\n                    <b>Confidence [0-100%]: </b> 65%<br/> \n                    <b>Day/Night: </b> Day<br/>\n                    <b>Scan: </b> 1.87 km<br/>\n                    <b>Track: </b> 1.34 km<br/>\n                    <b>FRP: </b> 19.42 MW<br/>\n                    <b>Brightness: </b> 307.04 K" }, "geometry": { "type": "Point", "coordinates": [ 40.27012, 53.35027 ] } },
{ "type": "Feature", "properties": { "sensor": "MODIS_C6.1", "description": "<b>Latitude: </b> 51.74931<br/> \n                    <b>Longitude: </b> 34.47132<br/> \n                    <b>Detection Time: </b> 2026-10-07 11:40 UTC<br/> \n                    <b>Sensor: </b> Aqua MODIS<br/>\n                    <b>Confidence [0-100%]: </b> 17%<br/> \n                    <b>Day/Night: </b> Day<br/>\n                    <b>Scan: </b> 3.92 km<br/>\n                    <b>Track: </b> 1.84 km<br/>\n                    <b>FRP: </b> 25.93 MW<br/>\n                    <b>Brightness: </b> 300.01 K" }, "geometry": { "type": "Point", "coordinates": [ 34.47132, 51.74931 ] } },
{ "type": "Feature", "properties": { "sensor": "MODIS_C6.1", "description": "<b>Latitude: </b> 47.0316<br/> \n                    <b>Longitude: </b> 43.01538<br/> \n                    <b>Detection Time: </b> 2026-10-07 11:38 UTC<br/> \n                    <b>Sensor: </b> Aqua MODIS<br/>\n                    <b>Confidence [0-100%]: </b> 56%<br/> \n                    <b>Day/Night: </b> Day<br/>\n                    <b>Scan: </b> 2.19 km<br/>\n                    <b>Track: </b> 1.44 km<br/>\n                    <b>FRP: </b> 13.66 MW<br/>\n                    <b>Brightness: </b> 307.02 K" }, "geometry": { "type": "Point", "coordinates": [ 43.01538, 47.0316 ] } },
{ "type": "Feature", "properties": { "sensor": "MODIS_C6.1", "description": "<b>Latitude: </b> 47.39544<br/> \n                    <b>Longitude: </b> 37.90695<br/> \n                    <b>Detection Time: </b> 2026-10-07 11:38 UTC<br/> \n                    <b>Sensor: </b> Aqua MODIS<br/>\n                    <b>Confidence [0-100%]: </b> 56%<br/> \n                    <b>Day/Night: </b> Day<br/>\n                    <b>Scan: </b> 3.92 km<br/>\n                    <b>Track: </b> 1.84 km<br/>\n                    <b>FRP: </b> 38.91 MW<br/>\n                    <b>Brightness: </b> 307.39 K" }, "geometry": { "type": "Point", "coordinates": [ 37.90695, 47.39544 ] } },
{ "type": "Feature", "properties": { "sensor": "MODIS_C6.1", "description": "<b>Latitude: </b> 53.20956<br/> \n                    <b>Longitude: </b> 41.71607<br/> \n                    <b>Detection Time: </b> 2026-10-07 11:38 UTC<br/> \n                    <b>Sensor: </b> Aqua MODIS<br/>\n                    <b>Confidence [0-100%]: </b> 31%<br/> \n                    <b>Day/Night: </b> Day<br/>\n                    <b>Scan: </b> 1.64 km<br/>\n                    <b>Track: </b> 1.26 km<br/>\n                    <b>FRP: </b> 9.79 MW<br/>\n                    <b>Brightness: </b> 300.7 K" }, "geometry": { "type": "Point", "coordinates": [ 41.71607, 53.20956 ] } },
{ "type": "Feature", "properties": { "sensor": "MODIS_C6.1", "description": "<b>Latitude: </b> 49.98035<br/> \n                    <b>Longitude: </b> 36.64481<br/> \n                    <b>Detection Time: </b> 2026-10-07 11:38 UTC<br/> \n                    <b>Sensor: </b> Aqua MODIS<br/>\n                    <b>Confidence [0-100%]: </b> 8%<br/> \n                    <b>Day/Night: </b> Day<br/>\n                    <b>Scan: </b> 3.64 km<br/>\n                    <b>Track: </b> 1.79 km<br/>\n                    <b>FRP: </b> 17.02 MW<br/>\n                    <b>Brightness: </b> 300.01 K" }, "geometry": { "type": "Point", "coordinates": [ 36.64481, 49.98035 ] } },
{ "type": "Feature", "properties": { "sensor": "MODIS_C6.1", "description": "<b>Latitude: </b> 50.1412<br/> \n                    <b>Longitude: </b> 37.3681<br/> \n                    <b>Detection Time: </b> 2026-10-07 11:38 UTC<br/> \n                    <b>Sensor: </b> Aqua MODIS<br/>\n                    <b>Confidence [0-100%]: </b> 16%<br/> \n                    <b>Day/Night: </b> Day<br/>\n                    <b>Scan: </b> 3.32 km<br/>\n                    <b>Track: </b> 1.72 km<br/>\n                    <b>FRP: </b> 15.17 MW<br/>\n                    <b>Brightness: </b> 300.43 K" }, "geometry": { "type": "Point", "coordinates": [ 37.3681, 50.1412 ] } },
{ "type": "Feature", "properties": { "sensor": "MODIS_C6.1", "description": "<b>Latitude: </b> 49.16889<br/> \n                    <b>Longitude: </b> 36.53707<br/> \n                    <b>Detection Time: </b> 2026-10-07 11:38 UTC<br/> \n                    <b>Sensor: </b> Aqua MODIS<br/>\n                    <b>Confidence [0-100%]: </b> 19%<br/> \n                    <b>Day/Night: </b> Day<br/>\n                    <b>Scan: </b> 3.95 km<br/>\n                    <b>Track: </b> 1.85 km<br/>\n                    <b>FRP: </b> 18.65 MW<br/>\n                    <b>Brightness: </b> 302.9 K" }, "geometry": { "type": "Point", "coordinates": [ 36.53707, 49.16889 ] } },
{ "type": "Feature", "properties": { "sensor": "MODIS_C6.1", "description": "<b>Latitude: </b> 49.1829<br/> \n                    <b>Longitude: </b> 36.58372<br/> \n                    <b>Detection Time: </b> 2026-10-07 11:38 UTC<br/> \n                    <b>Sensor: </b> Aqua MODIS<br/>\n                    <b>Confidence [0-100%]: </b> 35%<br/> \n                    <b>Day/Night: </b> Day<br/>\n                    <b>Scan: </b> 3.92 km<br/>\n                    <b>Track: </b> 1.84 km<br/>\n                    <b>FRP: </b> 19.45 MW<br/>\n                    <b>Brightness: </b> 302.78 K" }, "geometry": { "type": "Point", "coordinates": [ 36.58372, 49.1829 ] } },
{ "type": "Feature", "properties": { "sensor": "MODIS_C6.1", "description": "<b>Latitude: </b> 50.76652<br/> \n                    <b>Longitude: </b> 47.69353<br/> \n                    <b>Detection Time: </b> 2026-10-07 11:38 UTC<br/> \n                    <b>Sensor: </b> Aqua MODIS<br/>\n                    <b>Confidence [0-100%]: </b> 40%<br/> \n                    <b>Day/Night: </b> Day<br/>\n                    <b>Scan: </b> 1.11 km<br/>\n                    <b>Track: </b> 1.05 km<br/>\n                    <b>FRP: </b> 5.83 MW<br/>\n                    <b>Brightness: </b> 304.09 K" }, "geometry": { "type": "Point", "coordinates": [ 47.69353, 50.76652 ] } },
{ "type": "Feature", "properties": { "sensor": "MODIS_C6.1", "description": "<b>Latitude: </b> 50.76917<br/> \n                    <b>Longitude: </b> 47.70839<br/> \n                    <b>Detection Time: </b> 2026-10-07 11:38 UTC<br/> \n                    <b>Sensor: </b> Aqua MODIS<br/>\n                    <b>Confidence [0-100%]: </b> 96%<br/> \n                    <b>Day/Night: </b> Day<br/>\n                    <b>Scan: </b> 1.11 km<br/>\n                    <b>Track: </b> 1.05 km<br/>\n                    <b>FRP: </b> 75.16 MW<br/>\n                    <b>Brightness: </b> 351.17 K" }, "geometry": { "type": "Point", "coordinates": [ 47.70839, 50.76917 ] } },
{ "type": "Feature", "properties": { "sensor": "MODIS_C6.1", "description": "<b>Latitude: </b> 50.59448<br/> \n                    <b>Longitude: </b> 47.10268<br/> \n                    <b>Detection Time: </b> 2026-10-07 11:38 UTC<br/> \n                    <b>Sensor: </b> Aqua MODIS<br/>\n                    <b>Confidence [0-100%]: </b> 44%<br/> \n                    <b>Day/Night: </b> Day<br/>\n                    <b>Scan: </b> 1.16 km<br/>\n                    <b>Track: </b> 1.07 km<br/>\n                    <b>FRP: </b> 9.25 MW<br/>\n                    <b>Brightness: </b> 309.7 K" }, "geometry": { "type": "Point", "coordinates": [ 47.10268, 50.59448 ] } },
{ "type": "Feature", "properties": { "sensor": "MODIS_C6.1", "description": "<b>Latitude: </b> 48.80762<br/> \n                    <b>Longitude: </b> 39.61924<br/> \n                    <b>Detection Time: </b> 2026-10-07 11:38 UTC<br/> \n                    <b>Sensor: </b> Aqua MODIS<br/>\n                    <b>Confidence [0-100%]: </b> 63%<br/> \n                    <b>Day/Night: </b> Day<br/>\n                    <b>Scan: </b> 2.87 km<br/>\n                    <b>Track: </b> 1.62 km<br/>\n                    <b>FRP: </b> 25.38 MW<br/>\n                    <b>Brightness: </b> 307.49 K" }, "geometry": { "type": "Point", "coordinates": [ 39.61924, 48.80762 ] } },
{ "type": "Feature", "properties": { "sensor": "MODIS_C6.1", "description": "<b>Latitude: </b> 49.31278<br/> \n                    <b>Longitude: </b> 44.15886<br/> \n                    <b>Detection Time: </b> 2026-10-07 11:38 UTC<br/> \n                    <b>Sensor: </b> Aqua MODIS<br/>\n                    <b>Confidence [0-100%]: </b> 68%<br/> \n                    <b>Day/Night: </b> Day<br/>\n                    <b>Scan: </b> 1.65 km<br/>\n                    <b>Track: </b> 1.26 km<br/>\n                    <b>FRP: </b> 15.76 MW<br/>\n                    <b>Brightness: </b> 310.61 K" }, "geometry": { "type": "Point", "coordinates": [ 44.15886, 49.31278 ] } },
{ "type": "Feature", "properties": { "sensor": "MODIS_C6.1", "description": "<b>Latitude: </b> 48.71492<br/> \n                    <b>Longitude: </b> 42.57265<br/> \n                    <b>Detection Time: </b> 2026-10-07 11:38 UTC<br/> \n                    <b>Sensor: </b> Aqua MODIS<br/>\n                    <b>Confidence [0-100%]: </b> 70%<br/> \n                    <b>Day/Night: </b> Day<br/>\n                    <b>Scan: </b> 2.05 km<br/>\n                    <b>Track: </b> 1.39 km<br/>\n                    <b>FRP: </b> 24.89 MW<br/>\n                    <b>Brightness: </b> 312.71 K" }, "geometry": { "type": "Point", "coordinates": [ 42.57265, 48.71492 ] } },
{ "type": "Feature", "properties": { "sensor": "MODIS_C6.1", "description": "<b>Latitude: </b> 48.72093<br/> \n                    <b>Longitude: </b> 42.59832<br/> \n                    <b>Detection Time: </b> 2026-10-07 11:38 UTC<br/> \n                    <b>Sensor: </b> Aqua MODIS<br/>\n                    <b>Confidence [0-100%]: </b> 66%<br/> \n                    <b>Day/Night: </b> Day<br/>\n                    <b>Scan: </b> 2.04 km<br/>\n                    <b>Track: </b> 1.39 km<br/>\n                    <b>FRP: </b> 18.48 MW<br/>\n                    <b>Brightness: </b> 309.61 K" }, "geometry": { "type": "Point", "coordinates": [ 42.59832, 48.72093 ] } },
{ "type": "Feature", "properties": { "sensor": "MODIS_C6.1", "description": "<b>Latitude: </b> 48.73112<br/> \n                    <b>Longitude: </b> 44.18599<br/> \n                    <b>Detection Time: </b> 2026-10-07 11:38 UTC<br/> \n                    <b>Sensor: </b> Aqua MODIS<br/>\n                    <b>Confidence [0-100%]: </b> 57%<br/> \n                    <b>Day/Night: </b> Day<br/>\n                    <b>Scan: </b> 1.7 km<br/>\n                    <b>Track: </b> 1.28 km<br/>\n                    <b>FRP: </b> 9.48 MW<br/>\n                    <b>Brightness: </b> 305.36 K" }, "geometry": { "type": "Point", "coordinates": [ 44.18599, 48.73112 ] } },
{ "type": "Feature", "properties": { "sensor": "MODIS_C6.1", "description": "<b>Latitude: </b> 48.61945<br/> \n                    <b>Longitude: </b> 44.00487<br/> \n                    <b>Detection Time: </b> 2026-10-07 11:38 UTC<br/> \n                    <b>Sensor: </b> Aqua MODIS<br/>\n                    <b>Confidence [0-100%]: </b> 52%<br/> \n                    <b>Day/Night: </b> Day<br/>\n                    <b>Scan: </b> 1.75 km<br/>\n                    <b>Track: </b> 1.3 km<br/>\n                    <b>FRP: </b> 9.75 MW<br/>\n                    <b>Brightness: </b> 304.09 K" }, "geometry": { "type": "Point", "coordinates": [ 44.00487, 48.61945 ] } },
{ "type": "Feature", "properties": { "sensor": "MODIS_C6.1", "description": "<b>Latitude: </b> 47.04114<br/> \n                    <b>Longitude: </b> 41.28825<br/> \n                    <b>Detection Time: </b> 2026-10-07 11:38 UTC<br/> \n                    <b>Sensor: </b> Aqua MODIS<br/>\n                    <b>Confidence [0-100%]: </b> 30%<br/> \n                    <b>Day/Night: </b> Day<br/>\n                    <b>Scan: </b> 2.7 km<br/>\n                    <b>Track: </b> 1.57 km<br/>\n                    <b>FRP: </b> 13.14 MW<br/>\n                    <b>Brightness: </b> 304.01 K" }, "geometry": { "type": "Point", "coordinates": [ 41.28825, 47.04114 ] } },
{ "type": "Feature", "properties": { "sensor": "MODIS_C6.1", "description": "<b>Latitude: </b> 47.03558<br/> \n                    <b>Longitude: </b> 41.29574<br/> \n                    <b>Detection Time: </b> 2026-10-07 11:38 UTC<br/> \n                    <b>Sensor: </b> Aqua MODIS<br/>\n                    <b>Confidence [0-100%]: </b> 45%<br/> \n                    <b>Day/Night: </b> Day<br/>\n                    <b>Scan: </b> 2.7 km<br/>\n                    <b>Track: </b> 1.57 km<br/>\n                    <b>FRP: </b> 18.43 MW<br/>\n                    <b>Brightness: </b> 305.63 K" }, "geometry": { "type": "Point", "coordinates": [ 41.29574, 47.03558 ] } },
{ "type": "Feature", "properties": { "sensor": "MODIS_C6.1", "description": "<b>Latitude: </b> 44.07639<br/> \n                    <b>Longitude: </b> 47.10179<br/> \n                    <b>Detection Time: </b> 2026-10-07 11:36 UTC<br/> \n                    <b>Sensor: </b> Aqua MODIS<br/>\n                    <b>Confidence [0-100%]: </b> 70%<br/> \n                    <b>Day/Night: </b> Day<br/>\n                    <b>Scan: </b> 1.61 km<br/>\n                    <b>Track: </b> 1.25 km<br/>\n                    <b>FRP: </b> 17 MW<br/>\n                    <b>Brightness: </b> 310.31 K" }, "geometry": { "type": "Point", "coordinates": [ 47.10179, 44.07639 ] } },
{ "type": "Feature", "properties": { "sensor": "MODIS_C6.1", "description": "<b>Latitude: </b> 46.03727<br/> \n                    <b>Longitude: </b> 48.30437<br/> \n                    <b>Detection Time: </b> 2026-10-07 11:36 UTC<br/> \n                    <b>Sensor: </b> Aqua MODIS<br/>\n                    <b>Confidence [0-100%]: </b> 64%<br/> \n                    <b>Day/Night: </b> Day<br/>\n                    <b>Scan: </b> 1.28 km<br/>\n                    <b>Track: </b> 1.12 km<br/>\n                    <b>FRP: </b> 10.02 MW<br/>\n                    <b>Brightness: </b> 309.53 K" }, "geometry": { "type": "Point", "coordinates": [ 48.30437, 46.03727 ] } },
{ "type": "Feature", "properties": { "sensor": "MODIS_C6.1", "description": "<b>Latitude: </b> 46.03433<br/> \n                    <b>Longitude: </b> 48.28877<br/> \n                    <b>Detection Time: </b> 2026-10-07 11:36 UTC<br/> \n                    <b>Sensor: </b> Aqua MODIS<br/>\n                    <b>Confidence [0-100%]: </b> 63%<br/> \n                    <b>Day/Night: </b> Day<br/>\n                    <b>Scan: </b> 1.28 km<br/>\n                    <b>Track: </b> 1.12 km<br/>\n                    <b>FRP: </b> 9.78 MW<br/>\n                    <b>Brightness: </b> 309.17 K" }, "geometry": { "type": "Point", "coordinates": [ 48.28877, 46.03433 ] } },
{ "type": "Feature", "properties": { "sensor": "MODIS_C6.1", "description": "<b>Latitude: </b> 46.03852<br/> \n                    <b>Longitude: </b> 48.29722<br/> \n                    <b>Detection Time: </b> 2026-10-07 11:36 UTC<br/> \n                    <b>Sensor: </b> Aqua MODIS<br/>\n                    <b>Confidence [0-100%]: </b> 74%<br/> \n                    <b>Day/Night: </b> Day<br/>\n                    <b>Scan: </b> 1.28 km<br/>\n                    <b>Track: </b> 1.12 km<br/>\n                    <b>FRP: </b> 16.77 MW<br/>\n                    <b>Brightness: </b> 315.74 K" }, "geometry": { "type": "Point", "coordinates": [ 48.29722, 46.03852 ] } },
{ "type": "Feature", "properties": { "sensor": "MODIS_C6.1", "description": "<b>Latitude: </b> 44.96204<br/> \n                    <b>Longitude: </b> 42.06632<br/> \n                    <b>Detection Time: </b> 2026-10-07 11:36 UTC<br/> \n                    <b>Sensor: </b> Aqua MODIS<br/>\n                    <b>Confidence [0-100%]: </b> 50%<br/> \n                    <b>Day/Night: </b> Day<br/>\n                    <b>Scan: </b> 2.87 km<br/>\n                    <b>Track: </b> 1.62 km<br/>\n                    <b>FRP: </b> 25.07 MW<br/>\n                    <b>Brightness: </b> 307.19 K" }, "geometry": { "type": "Point", "coordinates": [ 42.06632, 44.96204 ] } },
{ "type": "Feature", "properties": { "sensor": "MODIS_C6.1", "description": "<b>Latitude: </b> 46.79317<br/> \n                    <b>Longitude: </b> 48.12951<br/> \n                    <b>Detection Time: </b> 2026-10-07 11:36 UTC<br/> \n                    <b>Sensor: </b> Aqua MODIS<br/>\n                    <b>Confidence [0-100%]: </b> 62%<br/> \n                    <b>Day/Night: </b> Day<br/>\n                    <b>Scan: </b> 1.25 km<br/>\n                    <b>Track: </b> 1.11 km<br/>\n                    <b>FRP: </b> 9.28 MW<br/>\n                    <b>Brightness: </b> 310.22 K" }, "geometry": { "type": "Point", "coordinates": [ 48.12951, 46.79317 ] } },
{ "type": "Feature", "properties": { "sensor": "MODIS_C6.1", "description": "<b>Latitude: </b> 45.19087<br/> \n                    <b>Longitude: </b> 38.26957<br/> \n                    <b>Detection Time: </b> 2026-10-07 11:36 UTC<br/> \n                    <b>Sensor: </b> Aqua MODIS<br/>\n                    <b>Confidence [0-100%]: </b> 0%<br/> \n                    <b>Day/Night: </b> Day<br/>\n                    <b>Scan: </b> 4.5 km<br/>\n                    <b>Track: </b> 1.95 km<br/>\n                    <b>FRP: </b> 41.93 MW<br/>\n                    <b>Brightness: </b> 305.46 K" }, "geometry": { "type": "Point", "coordinates": [ 38.26957, 45.19087 ] } },
{ "type": "Feature", "properties": { "sensor": "MODIS_C6.1", "description": "<b>Latitude: </b> 46.70071<br/> \n                    <b>Longitude: </b> 43.29873<br/> \n                    <b>Detection Time: </b> 2026-10-07 11:36 UTC<br/> \n                    <b>Sensor: </b> Aqua MODIS<br/>\n                    <b>Confidence [0-100%]: </b> 58%<br/> \n                    <b>Day/Night: </b> Day<br/>\n                    <b>Scan: </b> 2.17 km<br/>\n                    <b>Track: </b> 1.43 km<br/>\n                    <b>FRP: </b> 17.2 MW<br/>\n                    <b>Brightness: </b> 307.82 K" }, "geometry": { "type": "Point", "coordinates": [ 43.29873, 46.70071 ] } },
{ "type": "Feature", "properties": { "sensor": "SUOMI-NPP", "description": "<b>Latitude: </b> 44.53755<br/> \n                    <b>Longitude: </b> 132.75668<br/> \n                    <b>Detection Time: </b> 2026-10-07 17:17 UTC<br/> \n                    <b>Sensor: </b> Suomi-NPP VIIRS<br/>\n                    <b>Confidence: </b> Nominal<br/> \n                    <b>Day/Night: </b> Night<br/>\n                    <b>Scan: </b> 0.39 km<br/>\n                    <b>Track: </b> 0.36 km<br/>\n                    <b>FRP: </b> 1.33 MW<br/>\n                    <b>Brightness: </b> 295.32 K" }, "geometry": { "type": "Point", "coordinates": [ 132.75668, 44.53755 ] } },
{ "type": "Feature", "properties": { "sensor": "SUOMI-NPP", "description": "<b>Latitude: </b> 46.6282<br/> \n                    <b>Longitude: </b> 142.90802<br/> \n                    <b>Detection Time: </b> 2026-10-07 17:15 UTC<br/> \n                    <b>Sensor: </b> Suomi-NPP VIIRS<br/>\n                    <b>Confidence: </b> Nominal<br/> \n                    <b>Day/Night: </b> Night<br/>\n                    <b>Scan: </b> 0.43 km<br/>\n                    <b>Track: </b> 0.46 km<br/>\n                    <b>FRP: </b> 0.94 MW<br/>\n                    <b>Brightness: </b> 300.46 K" }, "geometry": { "type": "Point", "coordinates": [ 142.90802, 46.6282 ] } },
{ "type": "Feature", "properties": { "sensor": "SUOMI-NPP", "description": "<b>Latitude: </b> 46.62691<br/> \n                    <b>Longitude: </b> 142.91339<br/> \n                    <b>Detection Time: </b> 2026-10-07 17:15 UTC<br/> \n                    <b>Sensor: </b> Suomi-NPP VIIRS<br/>\n                    <b>Confidence: </b> Nominal<br/> \n                    <b>Day/Night: </b> Night<br/>\n                    <b>Scan: </b> 0.43 km<br/>\n                    <b>Track: </b> 0.46 km<br/>\n                    <b>FRP: </b> 0.94 MW<br/>\n                    <b>Brightness: </b> 295.29 K" }, "geometry": { "type": "Point", "coordinates": [ 142.91339, 46.62691 ] } },
{ "type": "Feature", "properties": { "sensor": "SUOMI-NPP", "description": "<b>Latitude: </b> 48.25248<br/> \n                    <b>Longitude: </b> 132.02071<br/> \n                    <b>Detection Time: </b> 2026-10-07 17:15 UTC<br/> \n                    <b>Sensor: </b> Suomi-NPP VIIRS<br/>\n                    <b>Confidence: </b> Nominal<br/> \n                    <b>Day/Night: </b> Night<br/>\n                    <b>Scan: </b> 0.42 km<br/>\n                    <b>Track: </b> 0.38 km<br/>\n                    <b>FRP: </b> 0.98 MW<br/>\n                    <b>Brightness: </b> 301.02 K" }, "geometry": { "type": "Point", "coordinates": [ 132.02071, 48.25248 ] } },
{ "type": "Feature", "properties": { "sensor": "SUOMI-NPP", "description": "<b>Latitude: </b> 51.55687<br/> \n                    <b>Longitude: </b> 135.86545<br/> \n                    <b>Detection Time: </b> 2026-10-07 17:15 UTC<br/> \n                    <b>Sensor: </b> Suomi-NPP VIIRS<br/>\n                    <b>Confidence: </b> Nominal<br/> \n                    <b>Day/Night: </b> Night<br/>\n                    <b>Scan: </b> 0.39 km<br/>\n                    <b>Track: </b> 0.36 km<br/>\n                    <b>FRP: </b> 1.16 MW<br/>\n                    <b>Brightness: </b> 297.96 K" }, "geometry": { "type": "Point", "coordinates": [ 135.86545, 51.55687 ] } },
{ "type": "Feature", "properties": { "sensor": "SUOMI-NPP", "description": "<b>Latitude: </b> 51.69499<br/> \n                    <b>Longitude: </b> 135.74547<br/> \n                    <b>Detection Time: </b> 2026-10-07 17:15 UTC<br/> \n                    <b>Sensor: </b> Suomi-NPP VIIRS<br/>\n                    <b>Confidence: </b> Nominal<br/> \n                    <b>Day/Night: </b> Night<br/>\n                    <b>Scan: </b> 0.39 km<br/>\n                    <b>Track: </b> 0.36 km<br/>\n                    <b>FRP: </b> 0.31 MW<br/>\n                    <b>Brightness: </b> 298.33 K" }, "geometry": { "type": "Point", "coordinates": [ 135.74547, 51.69499 ] } },
{ "type": "Feature", "properties": { "sensor": "SUOMI-NPP", "description": "<b>Latitude: </b> 51.69583<br/> \n                    <b>Longitude: </b> 135.73994<br/> \n                    <b>Detection Time: </b> 2026-10-07 17:15 UTC<br/> \n                    <b>Sensor: </b> Suomi-NPP VIIRS<br/>\n                    <b>Confidence: </b> Nominal<br/> \n                    <b>Day/Night: </b> Night<br/>\n                    <b>Scan: </b> 0.39 km<br/>\n                    <b>Track: </b> 0.36 km<br/>\n                    <b>FRP: </b> 0.78 MW<br/>\n                    <b>Brightness: </b> 296.34 K" }, "geometry": { "type": "Point", "coordinates": [ 135.73994, 51.69583 ] } },
{ "type": "Feature", "properties": { "sensor": "SUOMI-NPP", "description": "<b>Latitude: </b> 52.14143<br/> \n                    <b>Longitude: </b> 143.01866<br/> \n                    <b>Detection Time: </b> 2026-10-07 17:15 UTC<br/> \n                    <b>Sensor: </b> Suomi-NPP VIIRS<br/>\n                    <b>Confidence: </b> Nominal<br/> \n                    <b>Day/Night: </b> Night<br/>\n                    <b>Scan: </b> 0.49 km<br/>\n                    <b>Track: </b> 0.4 km<br/>\n                    <b>FRP: </b> 0.5 MW<br/>\n                    <b>Brightness: </b> 295.48 K" }, "geometry": { "type": "Point", "coordinates": [ 143.01866, 52.14143 ] } },
{ "type": "Feature", "properties": { "sensor": "SUOMI-NPP", "description": "<b>Latitude: </b> 50.24816<br/> \n                    <b>Longitude: </b> 129.12082<br/> \n                    <b>Detection Time: </b> 2026-10-07 17:15 UTC<br/> \n                    <b>Sensor: </b> Suomi-NPP VIIRS<br/>\n                    <b>Confidence: </b> Nominal<br/> \n                    <b>Day/Night: </b> Night<br/>\n                    <b>Scan: </b> 0.54 km<br/>\n                    <b>Track: </b> 0.42 km<br/>\n                    <b>FRP: </b> 2.59 MW<br/>\n                    <b>Brightness: </b> 317.09 K" }, "geometry": { "type": "Point", "coordinates": [ 129.12082, 50.24816 ] } },
{ "type": "Feature", "properties": { "sensor": "SUOMI-NPP", "description": "<b>Latitude: </b> 48.55666<br/> \n                    <b>Longitude: </b> 135.51733<br/> \n                    <b>Detection Time: </b> 2026-10-07 17:15 UTC<br/> \n                    <b>Sensor: </b> Suomi-NPP VIIRS<br/>\n                    <b>Confidence: </b> Nominal<br/> \n                    <b>Day/Night: </b> Night<br/>\n                    <b>Scan: </b> 0.38 km<br/>\n                    <b>Track: </b> 0.36 km<br/>\n                    <b>FRP: </b> 2.13 MW<br/>\n                    <b>Brightness: </b> 330.7 K" }, "geometry": { "type": "Point", "coordinates": [ 135.51733, 48.55666 ] } },
{ "type": "Feature", "properties": { "sensor": "SUOMI-NPP", "description": "<b>Latitude: </b> 48.55422<br/> \n                    <b>Longitude: </b> 135.511<br/> \n                    <b>Detection Time: </b> 2026-10-07 17:15 UTC<br/> \n                    <b>Sensor: </b> Suomi-NPP VIIRS<br/>\n                    <b>Confidence: </b> Nominal<br/> \n                    <b>Day/Night: </b> Night<br/>\n                    <b>Scan: </b> 0.38 km<br/>\n                    <b>Track: </b> 0.36 km<br/>\n                    <b>FRP: </b> 1.22 MW<br/>\n                    <b>Brightness: </b> 318.55 K" }, "geometry": { "type": "Point", "coordinates": [ 135.511, 48.55422 ] } },
{ "type": "Feature", "properties": { "sensor": "SUOMI-NPP", "description": "<b>Latitude: </b> 50.50772<br/> \n                    <b>Longitude: </b> 136.90073<br/> \n                    <b>Detection Time: </b> 2026-10-07 17:15 UTC<br/> \n                    <b>Sensor: </b> Suomi-NPP VIIRS<br/>\n                    <b>Confidence: </b> Nominal<br/> \n                    <b>Day/Night: </b> Night<br/>\n                    <b>Scan: </b> 0.39 km<br/>\n                    <b>Track: </b> 0.36 km<br/>\n                    <b>FRP: </b> 2.64 MW<br/>\n                    <b>Brightness: </b> 327.2 K" }, "geometry": { "type": "Point", "coordinates": [ 136.90073, 50.50772 ] } },
{ "type": "Feature", "properties": { "sensor": "SUOMI-NPP", "description": "<b>Latitude: </b> 51.5416<br/> \n                    <b>Longitude: </b> 128.1573<br/> \n                    <b>Detection Time: </b> 2026-10-07 17:15 UTC<br/> \n                    <b>Sensor: </b> Suomi-NPP VIIRS<br/>\n                    <b>Confidence: </b> Nominal<br/> \n                    <b>Day/Night: </b> Night<br/>\n                    <b>Scan: </b> 0.4 km<br/>\n                    <b>Track: </b> 0.45 km<br/>\n                    <b>FRP: </b> 0.58 MW<br/>\n                    <b>Brightness: </b> 309.81 K" }, "geometry": { "type": "Point", "coordinates": [ 128.1573, 51.5416 ] } },
{ "type": "Feature", "properties": { "sensor": "SUOMI-NPP", "description": "<b>Latitude: </b> 50.50446<br/> \n                    <b>Longitude: </b> 136.89938<br/> \n                    <b>Detection Time: </b> 2026-10-07 17:15 UTC<br/> \n                    <b>Sensor: </b> Suomi-NPP VIIRS<br/>\n                    <b>Confidence: </b> Nominal<br/> \n                    <b>Day/Night: </b> Night<br/>\n                    <b>Scan: </b> 0.39 km<br/>\n                    <b>Track: </b> 0.36 km<br/>\n                    <b>FRP: </b> 2.64 MW<br/>\n                    <b>Brightness: </b> 305.5 K" }, "geometry": { "type": "Point", "coordinates": [ 136.89938, 50.50446 ] } },
{ "type": "Feature", "properties": { "sensor": "SUOMI-NPP", "description": "<b>Latitude: </b> 48.55096<br/> \n                    <b>Longitude: </b> 135.50981<br/> \n                    <b>Detection Time: </b> 2026-10-07 17:15 UTC<br/> \n                    <b>Sensor: </b> Suomi-NPP VIIRS<br/>\n                    <b>Confidence: </b> Nominal<br/> \n                    <b>Day/Night: </b> Night<br/>\n                    <b>Scan: </b> 0.38 km<br/>\n                    <b>Track: </b> 0.36 km<br/>\n                    <b>FRP: </b> 1.22 MW<br/>\n                    <b>Brightness: </b> 307.83 K" }, "geometry": { "type": "Point", "coordinates": [ 135.50981, 48.55096 ] } },
{ "type": "Feature", "properties": { "sensor": "SUOMI-NPP", "description": "<b>Latitude: </b> 61.54321<br/> \n                    <b>Longitude: </b> 113.15002<br/> \n                    <b>Detection Time: </b> 2026-10-07 17:13 UTC<br/> \n                    <b>Sensor: </b> Suomi-NPP VIIRS<br/>\n                    <b>Confidence: </b> Nominal<br/> \n                    <b>Day/Night: </b> Night<br/>\n                    <b>Scan: </b> 0.79 km<br/>\n                    <b>Track: </b> 0.78 km<br/>\n                    <b>FRP: </b> 6.42 MW<br/>\n                    <b>Brightness: </b> 320.63 K" }, "geometry": { "type": "Point", "coordinates": [ 113.15002, 61.54321 ] } },
{ "type": "Feature", "properties": { "sensor": "SUOMI-NPP", "description": "<b>Latitude: </b> 61.5422<br/> \n                    <b>Longitude: </b> 113.16248<br/> \n                    <b>Detection Time: </b> 2026-10-07 17:13 UTC<br/> \n                    <b>Sensor: </b> Suomi-NPP VIIRS<br/>\n                    <b>Confidence: </b> High<br/> \n                    <b>Day/Night: </b> Night<br/>\n                    <b>Scan: </b> 0.79 km<br/>\n                    <b>Track: </b> 0.78 km<br/>\n                    <b>FRP: </b> 13.74 MW<br/>\n                    <b>Brightness: </b> 367 K" }, "geometry": { "type": "Point", "coordinates": [ 113.16248, 61.5422 ] } },
{ "type": "Feature", "properties": { "sensor": "SUOMI-NPP", "description": "<b>Latitude: </b> 62.35345<br/> \n                    <b>Longitude: </b> 113.76327<br/> \n                    <b>Detection Time: </b> 2026-10-07 17:13 UTC<br/> \n                    <b>Sensor: </b> Suomi-NPP VIIRS<br/>\n                    <b>Confidence: </b> Nominal<br/> \n                    <b>Day/Night: </b> Night<br/>\n                    <b>Scan: </b> 0.75 km<br/>\n                    <b>Track: </b> 0.77 km<br/>\n                    <b>FRP: </b> 4.78 MW<br/>\n                    <b>Brightness: </b> 331.68 K" }, "geometry": { "type": "Point", "coordinates": [ 113.76327, 62.35345 ] } },
{ "type": "Feature", "properties": { "sensor": "SUOMI-NPP", "description": "<b>Latitude: </b> 62.3572<br/> \n                    <b>Longitude: </b> 113.70013<br/> \n                    <b>Detection Time: </b> 2026-10-07 17:13 UTC<br/> \n                    <b>Sensor: </b> Suomi-NPP VIIRS<br/>\n                    <b>Confidence: </b> Nominal<br/> \n                    <b>Day/Night: </b> Night<br/>\n                    <b>Scan: </b> 0.75 km<br/>\n                    <b>Track: </b> 0.77 km<br/>\n                    <b>FRP: </b> 12.1 MW<br/>\n                    <b>Brightness: </b> 349.87 K" }, "geometry": { "type": "Point", "coordinates": [ 113.70013, 62.3572 ] } },
{ "type": "Feature", "properties": { "sensor": "SUOMI-NPP", "description": "<b>Latitude: </b> 62.40198<br/> \n                    <b>Longitude: </b> 113.58379<br/> \n                    <b>Detection Time: </b> 2026-10-07 17:13 UTC<br/> \n                    <b>Sensor: </b> Suomi-NPP VIIRS<br/>\n                    <b>Confidence: </b> Nominal<br/> \n                    <b>Day/Night: </b> Night<br/>\n                    <b>Scan: </b> 0.76 km<br/>\n                    <b>Track: </b> 0.77 km<br/>\n                    <b>FRP: </b> 5.73 MW<br/>\n                    <b>Brightness: </b> 333.05 K" }, "geometry": { "type": "Point", "coordinates": [ 113.58379, 62.40198 ] } },
{ "type": "Feature", "properties": { "sensor": "SUOMI-NPP", "description": "<b>Latitude: </b> 62.44277<br/> \n                    <b>Longitude: </b> 113.66212<br/> \n                    <b>Detection Time: </b> 2026-10-07 17:13 UTC<br/> \n                    <b>Sensor: </b> Suomi-NPP VIIRS<br/>\n                    <b>Confidence: </b> Nominal<br/> \n                    <b>Day/Night: </b> Night<br/>\n                    <b>Scan: </b> 0.75 km<br/>\n                    <b>Track: </b> 0.77 km<br/>\n                    <b>FRP: </b> 7.5 MW<br/>\n                    <b>Brightness: </b> 348.45 K" }, "geometry": { "type": "Point", "coordinates": [ 113.66212, 62.44277 ] } },
{ "type": "Feature", "properties": { "sensor": "SUOMI-NPP", "description": "<b>Latitude: </b> 62.40247<br/> \n                    <b>Longitude: </b> 113.59466<br/> \n                    <b>Detection Time: </b> 2026-10-07 17:13 UTC<br/> \n                    <b>Sensor: </b> Suomi-NPP VIIRS<br/>\n                    <b>Confidence: </b> Nominal<br/> \n                    <b>Day/Night: </b> Night<br/>\n                    <b>Scan: </b> 0.76 km<br/>\n                    <b>Track: </b> 0.77 km<br/>\n                    <b>FRP: </b> 8.56 MW<br/>\n                    <b>Brightness: </b> 330.34 K" }, "geometry": { "type": "Point", "coordinates": [ 113.59466, 62.40247 ] } },
{ "type": "Feature", "properties": { "sensor": "SUOMI-NPP", "description": "<b>Latitude: </b> 62.35629<br/> \n                    <b>Longitude: </b> 113.68417<br/> \n                    <b>Detection Time: </b> 2026-10-07 17:13 UTC<br/> \n                    <b>Sensor: </b> Suomi-NPP VIIRS<br/>\n                    <b>Confidence: </b> Nominal<br/> \n                    <b>Day/Night: </b> Night<br/>\n                    <b>Scan: </b> 0.75 km<br/>\n                    <b>Track: </b> 0.77 km<br/>\n                    <b>FRP: </b> 12.1 MW<br/>\n                    <b>Brightness: </b> 332.8 K" }, "geometry": { "type": "Point", "coordinates": [ 113.68417, 62.35629 ] } },
{ "type": "Feature", "properties": { "sensor": "SUOMI-NPP", "description": "<b>Latitude: </b> 54.60787<br/> \n                    <b>Longitude: </b> 160.30139<br/> \n                    <b>Detection Time: </b> 2026-10-07 17:13 UTC<br/> \n                    <b>Sensor: </b> Suomi-NPP VIIRS<br/>\n                    <b>Confidence: </b> Nominal<br/> \n                    <b>Day/Night: </b> Night<br/>\n                    <b>Scan: </b> 0.55 km<br/>\n                    <b>Track: </b> 0.68 km<br/>\n                    <b>FRP: </b> 1.81 MW<br/>\n                    <b>Brightness: </b> 308.61 K" }, "geometry": { "type": "Point", "coordinates": [ 160.30139, 54.60787 ] } },
{ "type": "Feature", "properties": { "sensor": "SUOMI-NPP", "description": "<b>Latitude: </b> 54.60909<br/> \n                    <b>Longitude: </b> 160.2897<br/> \n                    <b>Detection Time: </b> 2026-10-07 17:13 UTC<br/> \n                    <b>Sensor: </b> Suomi-NPP VIIRS<br/>\n                    <b>Confidence: </b> Nominal<br/> \n                    <b>Day/Night: </b> Night<br/>\n                    <b>Scan: </b> 0.55 km<br/>\n                    <b>Track: </b> 0.68 km<br/>\n                    <b>FRP: </b> 1.65 MW<br/>\n                    <b>Brightness: </b> 304.39 K" }, "geometry": { "type": "Point", "coordinates": [ 160.2897, 54.60909 ] } },
{ "type": "Feature", "properties": { "sensor": "SUOMI-NPP", "description": "<b>Latitude: </b> 54.61157<br/> \n                    <b>Longitude: </b> 160.30309<br/> \n                    <b>Detection Time: </b> 2026-10-07 17:13 UTC<br/> \n                    <b>Sensor: </b> Suomi-NPP VIIRS<br/>\n                    <b>Confidence: </b> Nominal<br/> \n                    <b>Day/Night: </b> Night<br/>\n                    <b>Scan: </b> 0.55 km<br/>\n                    <b>Track: </b> 0.68 km<br/>\n                    <b>FRP: </b> 1.65 MW<br/>\n                    <b>Brightness: </b> 300.59 K" }, "geometry": { "type": "Point", "coordinates": [ 160.30309, 54.61157 ] } },
{ "type": "Feature", "properties": { "sensor": "SUOMI-NPP", "description": "<b>Latitude: </b> 61.54414<br/> \n                    <b>Longitude: </b> 113.16557<br/> \n                    <b>Detection Time: </b> 2026-10-07 17:13 UTC<br/> \n                    <b>Sensor: </b> Suomi-NPP VIIRS<br/>\n                    <b>Confidence: </b> Nominal<br/> \n                    <b>Day/Night: </b> Night<br/>\n                    <b>Scan: </b> 0.79 km<br/>\n                    <b>Track: </b> 0.78 km<br/>\n                    <b>FRP: </b> 6.42 MW<br/>\n                    <b>Brightness: </b> 340.26 K" }, "geometry": { "type": "Point", "coordinates": [ 113.16557, 61.54414 ] } },
{ "type": "Feature", "properties": { "sensor": "SUOMI-NPP", "description": "<b>Latitude: </b> 63.86917<br/> \n                    <b>Longitude: </b> 122.70275<br/> \n                    <b>Detection Time: </b> 2026-10-07 17:11 UTC<br/> \n                    <b>Sensor: </b> Suomi-NPP VIIRS<br/>\n                    <b>Confidence: </b> Nominal<br/> \n                    <b>Day/Night: </b> Night<br/>\n                    <b>Scan: </b> 0.39 km<br/>\n                    <b>Track: </b> 0.6 km<br/>\n                    <b>FRP: </b> 1.7 MW<br/>\n                    <b>Brightness: </b> 328.55 K" }, "geometry": { "type": "Point", "coordinates": [ 122.70275, 63.86917 ] } },
{ "type": "Feature", "properties": { "sensor": "SUOMI-NPP", "description": "<b>Latitude: </b> 46.62768<br/> \n                    <b>Longitude: </b> 142.90926<br/> \n                    <b>Detection Time: </b> 2026-10-07 15:35 UTC<br/> \n                    <b>Sensor: </b> Suomi-NPP VIIRS<br/>\n                    <b>Confidence: </b> Nominal<br/> \n                    <b>Day/Night: </b> Night<br/>\n                    <b>Scan: </b> 0.55 km<br/>\n                    <b>Track: </b> 0.68 km<br/>\n                    <b>FRP: </b> 2.59 MW<br/>\n                    <b>Brightness: </b> 301.44 K" }, "geometry": { "type": "Point", "coordinates": [ 142.90926, 46.62768 ] } },
{ "type": "Feature", "properties": { "sensor": "SUOMI-NPP", "description": "<b>Latitude: </b> 46.62776<br/> \n                    <b>Longitude: </b> 142.9015<br/> \n                    <b>Detection Time: </b> 2026-10-07 15:35 UTC<br/> \n                    <b>Sensor: </b> Suomi-NPP VIIRS<br/>\n                    <b>Confidence: </b> Nominal<br/> \n                    <b>Day/Night: </b> Night<br/>\n                    <b>Scan: </b> 0.55 km<br/>\n                    <b>Track: </b> 0.68 km<br/>\n                    <b>FRP: </b> 4.95 MW<br/>\n                    <b>Brightness: </b> 334.47 K" }, "geometry": { "type": "Point", "coordinates": [ 142.9015, 46.62776 ] } },
{ "type": "Feature", "properties": { "sensor": "SUOMI-NPP", "description": "<b>Latitude: </b> 54.61061<br/> \n                    <b>Longitude: </b> 160.2827<br/> \n                    <b>Detection Time: </b> 2026-10-07 15:33 UTC<br/> \n                    <b>Sensor: </b> Suomi-NPP VIIRS<br/>\n                    <b>Confidence: </b> Nominal<br/> \n                    <b>Day/Night: </b> Night<br/>\n                    <b>Scan: </b> 0.41 km<br/>\n                    <b>Track: </b> 0.37 km<br/>\n                    <b>FRP: </b> 6.63 MW<br/>\n                    <b>Brightness: </b> 332.25 K" }, "geometry": { "type": "Point", "coordinates": [ 160.2827, 54.61061 ] } },
{ "type": "Feature", "properties": { "sensor": "SUOMI-NPP", "description": "<b>Latitude: </b> 54.60979<br/> \n                    <b>Longitude: </b> 160.28886<br/> \n                    <b>Detection Time: </b> 2026-10-07 15:33 UTC<br/> \n                    <b>Sensor: </b> Suomi-NPP VIIRS<br/>\n                    <b>Confidence: </b> Nominal<br/> \n                    <b>Day/Night: </b> Night<br/>\n                    <b>Scan: </b> 0.41 km<br/>\n                    <b>Track: </b> 0.37 km<br/>\n                    <b>FRP: </b> 6.63 MW<br/>\n                    <b>Brightness: </b> 333.9 K" }, "geometry": { "type": "Point", "coordinates": [ 160.28886, 54.60979 ] } },
{ "type": "Feature", "properties": { "sensor": "SUOMI-NPP", "description": "<b>Latitude: </b> 52.13766<br/> \n                    <b>Longitude: </b> 143.01431<br/> \n                    <b>Detection Time: </b> 2026-10-07 15:33 UTC<br/> \n                    <b>Sensor: </b> Suomi-NPP VIIRS<br/>\n                    <b>Confidence: </b> Nominal<br/> \n                    <b>Day/Night: </b> Night<br/>\n                    <b>Scan: </b> 0.57 km<br/>\n                    <b>Track: </b> 0.69 km<br/>\n                    <b>FRP: </b> 0.87 MW<br/>\n                    <b>Brightness: </b> 300.37 K" }, "geometry": { "type": "Point", "coordinates": [ 143.01431, 52.13766 ] } },
{ "type": "Feature", "properties": { "sensor": "SUOMI-NPP", "description": "<b>Latitude: </b> 54.61165<br/> \n                    <b>Longitude: </b> 160.30177<br/> \n                    <b>Detection Time: </b> 2026-10-07 15:33 UTC<br/> \n                    <b>Sensor: </b> Suomi-NPP VIIRS<br/>\n                    <b>Confidence: </b> Nominal<br/> \n                    <b>Day/Night: </b> Night<br/>\n                    <b>Scan: </b> 0.41 km<br/>\n                    <b>Track: </b> 0.37 km<br/>\n                    <b>FRP: </b> 1.94 MW<br/>\n                    <b>Brightness: </b> 297.87 K" }, "geometry": { "type": "Point", "coordinates": [ 160.30177, 54.61165 ] } },
{ "type": "Feature", "properties": { "sensor": "SUOMI-NPP", "description": "<b>Latitude: </b> 54.61241<br/> \n                    <b>Longitude: </b> 160.29599<br/> \n                    <b>Detection Time: </b> 2026-10-07 15:33 UTC<br/> \n                    <b>Sensor: </b> Suomi-NPP VIIRS<br/>\n                    <b>Confidence: </b> Nominal<br/> \n                    <b>Day/Night: </b> Night<br/>\n                    <b>Scan: </b> 0.41 km<br/>\n                    <b>Track: </b> 0.37 km<br/>\n                    <b>FRP: </b> 1.94 MW<br/>\n                    <b>Brightness: </b> 322.16 K" }, "geometry": { "type": "Point", "coordinates": [ 160.29599, 54.61241 ] } },
{ "type": "Feature", "properties": { "sensor": "SUOMI-NPP", "description": "<b>Latitude: </b> 54.61319<br/> \n                    <b>Longitude: </b> 160.29005<br/> \n                    <b>Detection Time: </b> 2026-10-07 15:33 UTC<br/> \n                    <b>Sensor: </b> Suomi-NPP VIIRS<br/>\n                    <b>Confidence: </b> Nominal<br/> \n                    <b>Day/Night: </b> Night<br/>\n                    <b>Scan: </b> 0.41 km<br/>\n                    <b>Track: </b> 0.37 km<br/>\n                    <b>FRP: </b> 8.05 MW<br/>\n                    <b>Brightness: </b> 344.74 K" }, "geometry": { "type": "Point", "coordinates": [ 160.29005, 54.61319 ] } },
{ "type": "Feature", "properties": { "sensor": "SUOMI-NPP", "description": "<b>Latitude: </b> 55.96737<br/> \n                    <b>Longitude: </b> 29.46506<br/> \n                    <b>Detection Time: </b> 2026-10-07 11:51 UTC<br/> \n                    <b>Sensor: </b> Suomi-NPP VIIRS<br/>\n                    <b>Confidence: </b> Nominal<br/> \n                    <b>Day/Night: </b> Day<br/>\n                    <b>Scan: </b> 0.36 km<br/>\n                    <b>Track: </b> 0.57 km<br/>\n                    <b>FRP: </b> 3.4 MW<br/>\n                    <b>Brightness: </b> 341.64 K" }, "geometry": { "type": "Point", "coordinates": [ 29.46506, 55.96737 ] } },
{ "type": "Feature", "properties": { "sensor": "SUOMI-NPP", "description": "<b>Latitude: </b> 51.75135<br/> \n                    <b>Longitude: </b> 34.47214<br/> \n                    <b>Detection Time: </b> 2026-10-07 11:49 UTC<br/> \n                    <b>Sensor: </b> Suomi-NPP VIIRS<br/>\n                    <b>Confidence: </b> Nominal<br/> \n                    <b>Day/Night: </b> Day<br/>\n                    <b>Scan: </b> 0.55 km<br/>\n                    <b>Track: </b> 0.68 km<br/>\n                    <b>FRP: </b> 7.07 MW<br/>\n                    <b>Brightness: </b> 346.88 K" }, "geometry": { "type": "Point", "coordinates": [ 34.47214, 51.75135 ] } },
{ "type": "Feature", "properties": { "sensor": "SUOMI-NPP", "description": "<b>Latitude: </b> 50.13479<br/> \n                    <b>Longitude: </b> 30.68028<br/> \n                    <b>Detection Time: </b> 2026-10-07 11:49 UTC<br/> \n                    <b>Sensor: </b> Suomi-NPP VIIRS<br/>\n                    <b>Confidence: </b> Nominal<br/> \n                    <b>Day/Night: </b> Day<br/>\n                    <b>Scan: </b> 0.37 km<br/>\n                    <b>Track: </b> 0.58 km<br/>\n                    <b>FRP: </b> 7.2 MW<br/>\n                    <b>Brightness: </b> 330.47 K" }, "geometry": { "type": "Point", "coordinates": [ 30.68028, 50.13479 ] } },
{ "type": "Feature", "properties": { "sensor": "SUOMI-NPP", "description": "<b>Latitude: </b> 50.1346<br/> \n                    <b>Longitude: </b> 30.67486<br/> \n                    <b>Detection Time: </b> 2026-10-07 11:49 UTC<br/> \n                    <b>Sensor: </b> Suomi-NPP VIIRS<br/>\n                    <b>Confidence: </b> High<br/> \n                    <b>Day/Night: </b> Day<br/>\n                    <b>Scan: </b> 0.37 km<br/>\n                    <b>Track: </b> 0.58 km<br/>\n                    <b>FRP: </b> 9.57 MW<br/>\n                    <b>Brightness: </b> 367 K" }, "geometry": { "type": "Point", "coordinates": [ 30.67486, 50.1346 ] } },
{ "type": "Feature", "properties": { "sensor": "SUOMI-NPP", "description": "<b>Latitude: </b> 50.12915<br/> \n                    <b>Longitude: </b> 30.67476<br/> \n                    <b>Detection Time: </b> 2026-10-07 11:49 UTC<br/> \n                    <b>Sensor: </b> Suomi-NPP VIIRS<br/>\n                    <b>Confidence: </b> Nominal<br/> \n                    <b>Day/Night: </b> Day<br/>\n                    <b>Scan: </b> 0.37 km<br/>\n                    <b>Track: </b> 0.58 km<br/>\n                    <b>FRP: </b> 8.34 MW<br/>\n                    <b>Brightness: </b> 345.72 K" }, "geometry": { "type": "Point", "coordinates": [ 30.67476, 50.12915 ] } },
{ "type": "Feature", "properties": { "sensor": "SUOMI-NPP", "description": "<b>Latitude: </b> 51.3451<br/> \n                    <b>Longitude: </b> 34.53824<br/> \n                    <b>Detection Time: </b> 2026-10-07 11:49 UTC<br/> \n                    <b>Sensor: </b> Suomi-NPP VIIRS<br/>\n                    <b>Confidence: </b> Nominal<br/> \n                    <b>Day/Night: </b> Day<br/>\n                    <b>Scan: </b> 0.56 km<br/>\n                    <b>Track: </b> 0.68 km<br/>\n                    <b>FRP: </b> 5.86 MW<br/>\n                    <b>Brightness: </b> 338.47 K" }, "geometry": { "type": "Point", "coordinates": [ 34.53824, 51.3451 ] } },
{ "type": "Feature", "properties": { "sensor": "SUOMI-NPP", "description": "<b>Latitude: </b> 51.34564<br/> \n                    <b>Longitude: </b> 34.53812<br/> \n                    <b>Detection Time: </b> 2026-10-07 11:49 UTC<br/> \n                    <b>Sensor: </b> Suomi-NPP VIIRS<br/>\n                    <b>Confidence: </b> Nominal<br/> \n                    <b>Day/Night: </b> Day<br/>\n                    <b>Scan: </b> 0.56 km<br/>\n                    <b>Track: </b> 0.68 km<br/>\n                    <b>FRP: </b> 5.73 MW<br/>\n                    <b>Brightness: </b> 338.75 K" }, "geometry": { "type": "Point", "coordinates": [ 34.53812, 51.34564 ] } },
{ "type": "Feature", "properties": { "sensor": "SUOMI-NPP", "description": "<b>Latitude: </b> 51.74493<br/> \n                    <b>Longitude: </b> 34.47216<br/> \n                    <b>Detection Time: </b> 2026-10-07 11:49 UTC<br/> \n                    <b>Sensor: </b> Suomi-NPP VIIRS<br/>\n                    <b>Confidence: </b> Nominal<br/> \n                    <b>Day/Night: </b> Day<br/>\n                    <b>Scan: </b> 0.55 km<br/>\n                    <b>Track: </b> 0.68 km<br/>\n                    <b>FRP: </b> 5.56 MW<br/>\n                    <b>Brightness: </b> 330.2 K" }, "geometry": { "type": "Point", "coordinates": [ 34.47216, 51.74493 ] } },
{ "type": "Feature", "properties": { "sensor": "SUOMI-NPP", "description": "<b>Latitude: </b> 50.12933<br/> \n                    <b>Longitude: </b> 30.68022<br/> \n                    <b>Detection Time: </b> 2026-10-07 11:49 UTC<br/> \n                    <b>Sensor: </b> Suomi-NPP VIIRS<br/>\n                    <b>Confidence: </b> High<br/> \n                    <b>Day/Night: </b> Day<br/>\n                    <b>Scan: </b> 0.37 km<br/>\n                    <b>Track: </b> 0.58 km<br/>\n                    <b>FRP: </b> 13.84 MW<br/>\n                    <b>Brightness: </b> 367 K" }, "geometry": { "type": "Point", "coordinates": [ 30.68022, 50.12933 ] } },
{ "type": "Feature", "properties": { "sensor": "SUOMI-NPP", "description": "<b>Latitude: </b> 49.82087<br/> \n                    <b>Longitude: </b> 30.2958<br/> \n                    <b>Detection Time: </b> 2026-10-07 11:49 UTC<br/> \n                    <b>Sensor: </b> Suomi-NPP VIIRS<br/>\n                    <b>Confidence: </b> Nominal<br/> \n                    <b>Day/Night: </b> Day<br/>\n                    <b>Scan: </b> 0.36 km<br/>\n                    <b>Track: </b> 0.57 km<br/>\n                    <b>FRP: </b> 9.28 MW<br/>\n                    <b>Brightness: </b> 344.24 K" }, "geometry": { "type": "Point", "coordinates": [ 30.2958, 49.82087 ] } },
{ "type": "Feature", "properties": { "sensor": "SUOMI-NPP", "description": "<b>Latitude: </b> 49.81554<br/> \n                    <b>Longitude: </b> 30.29627<br/> \n                    <b>Detection Time: </b> 2026-10-07 11:49 UTC<br/> \n                    <b>Sensor: </b> Suomi-NPP VIIRS<br/>\n                    <b>Confidence: </b> High<br/> \n                    <b>Day/Night: </b> Day<br/>\n                    <b>Scan: </b> 0.36 km<br/>\n                    <b>Track: </b> 0.57 km<br/>\n                    <b>FRP: </b> 9.28 MW<br/>\n                    <b>Brightness: </b> 367 K" }, "geometry": { "type": "Point", "coordinates": [ 30.29627, 49.81554 ] } },
{ "type": "Feature", "properties": { "sensor": "SUOMI-NPP", "description": "<b>Latitude: </b> 49.81768<br/> \n                    <b>Longitude: </b> 30.29387<br/> \n                    <b>Detection Time: </b> 2026-10-07 11:49 UTC<br/> \n                    <b>Sensor: </b> Suomi-NPP VIIRS<br/>\n                    <b>Confidence: </b> Nominal<br/> \n                    <b>Day/Night: </b> Day<br/>\n                    <b>Scan: </b> 0.36 km<br/>\n                    <b>Track: </b> 0.57 km<br/>\n                    <b>FRP: </b> 15.85 MW<br/>\n                    <b>Brightness: </b> 355.23 K" }, "geometry": { "type": "Point", "coordinates": [ 30.29387, 49.81768 ] } },
{ "type": "Feature", "properties": { "sensor": "SUOMI-NPP", "description": "<b>Latitude: </b> 49.81789<br/> \n                    <b>Longitude: </b> 30.29896<br/> \n                    <b>Detection Time: </b> 2026-10-07 11:49 UTC<br/> \n                    <b>Sensor: </b> Suomi-NPP VIIRS<br/>\n                    <b>Confidence: </b> Nominal<br/> \n                    <b>Day/Night: </b> Day<br/>\n                    <b>Scan: </b> 0.36 km<br/>\n                    <b>Track: </b> 0.57 km<br/>\n                    <b>FRP: </b> 16.33 MW<br/>\n                    <b>Brightness: </b> 351.22 K" }, "geometry": { "type": "Point", "coordinates": [ 30.29896, 49.81789 ] } },
{ "type": "Feature", "properties": { "sensor": "SUOMI-NPP", "description": "<b>Latitude: </b> 48.69695<br/> \n                    <b>Longitude: </b> 29.90126<br/> \n                    <b>Detection Time: </b> 2026-10-07 11:49 UTC<br/> \n                    <b>Sensor: </b> Suomi-NPP VIIRS<br/>\n                    <b>Confidence: </b> Nominal<br/> \n                    <b>Day/Night: </b> Day<br/>\n                    <b>Scan: </b> 0.34 km<br/>\n                    <b>Track: </b> 0.56 km<br/>\n                    <b>FRP: </b> 2.37 MW<br/>\n                    <b>Brightness: </b> 347.45 K" }, "geometry": { "type": "Point", "coordinates": [ 29.90126, 48.69695 ] } },
{ "type": "Feature", "properties": { "sensor": "SUOMI-NPP", "description": "<b>Latitude: </b> 51.20289<br/> \n                    <b>Longitude: </b> 34.78732<br/> \n                    <b>Detection Time: </b> 2026-10-07 11:49 UTC<br/> \n                    <b>Sensor: </b> Suomi-NPP VIIRS<br/>\n                    <b>Confidence: </b> Nominal<br/> \n                    <b>Day/Night: </b> Day<br/>\n                    <b>Scan: </b> 0.57 km<br/>\n                    <b>Track: </b> 0.69 km<br/>\n                    <b>FRP: </b> 5.01 MW<br/>\n                    <b>Brightness: </b> 350.85 K" }, "geometry": { "type": "Point", "coordinates": [ 34.78732, 51.20289 ] } },
{ "type": "Feature", "properties": { "sensor": "SUOMI-NPP", "description": "<b>Latitude: </b> 50.13512<br/> \n                    <b>Longitude: </b> 30.67369<br/> \n                    <b>Detection Time: </b> 2026-10-07 11:49 UTC<br/> \n                    <b>Sensor: </b> Suomi-NPP VIIRS<br/>\n                    <b>Confidence: </b> Nominal<br/> \n                    <b>Day/Night: </b> Day<br/>\n                    <b>Scan: </b> 0.37 km<br/>\n                    <b>Track: </b> 0.58 km<br/>\n                    <b>FRP: </b> 9.47 MW<br/>\n                    <b>Brightness: </b> 350.92 K" }, "geometry": { "type": "Point", "coordinates": [ 30.67369, 50.13512 ] } },
{ "type": "Feature", "properties": { "sensor": "SUOMI-NPP", "description": "<b>Latitude: </b> 50.12968<br/> \n                    <b>Longitude: </b> 30.6736<br/> \n                    <b>Detection Time: </b> 2026-10-07 11:49 UTC<br/> \n                    <b>Sensor: </b> Suomi-NPP VIIRS<br/>\n                    <b>Confidence: </b> Nominal<br/> \n                    <b>Day/Night: </b> Day<br/>\n                    <b>Scan: </b> 0.37 km<br/>\n                    <b>Track: </b> 0.58 km<br/>\n                    <b>FRP: </b> 9.47 MW<br/>\n                    <b>Brightness: </b> 333.23 K" }, "geometry": { "type": "Point", "coordinates": [ 30.6736, 50.12968 ] } },
{ "type": "Feature", "properties": { "sensor": "SUOMI-NPP", "description": "<b>Latitude: </b> 50.12984<br/> \n                    <b>Longitude: </b> 30.67907<br/> \n                    <b>Detection Time: </b> 2026-10-07 11:49 UTC<br/> \n                    <b>Sensor: </b> Suomi-NPP VIIRS<br/>\n                    <b>Confidence: </b> High<br/> \n                    <b>Day/Night: </b> Day<br/>\n                    <b>Scan: </b> 0.37 km<br/>\n                    <b>Track: </b> 0.58 km<br/>\n                    <b>FRP: </b> 9.47 MW<br/>\n                    <b>Brightness: </b> 367 K" }, "geometry": { "type": "Point", "coordinates": [ 30.67907, 50.12984 ] } },
{ "type": "Feature", "properties": { "sensor": "SUOMI-NPP", "description": "<b>Latitude: </b> 52.42367<br/> \n                    <b>Longitude: </b> 33.47144<br/> \n                    <b>Detection Time: </b> 2026-10-07 11:49 UTC<br/> \n                    <b>Sensor: </b> Suomi-NPP VIIRS<br/>\n                    <b>Confidence: </b> Nominal<br/> \n                    <b>Day/Night: </b> Day<br/>\n                    <b>Scan: </b> 0.5 km<br/>\n                    <b>Track: </b> 0.66 km<br/>\n                    <b>FRP: </b> 7.29 MW<br/>\n                    <b>Brightness: </b> 327.49 K" }, "geometry": { "type": "Point", "coordinates": [ 33.47144, 52.42367 ] } },
{ "type": "Feature", "properties": { "sensor": "SUOMI-NPP", "description": "<b>Latitude: </b> 52.229<br/> \n                    <b>Longitude: </b> 33.38912<br/> \n                    <b>Detection Time: </b> 2026-10-07 11:49 UTC<br/> \n                    <b>Sensor: </b> Suomi-NPP VIIRS<br/>\n                    <b>Confidence: </b> Nominal<br/> \n                    <b>Day/Night: </b> Day<br/>\n                    <b>Scan: </b> 0.5 km<br/>\n                    <b>Track: </b> 0.66 km<br/>\n                    <b>FRP: </b> 7 MW<br/>\n                    <b>Brightness: </b> 346.44 K" }, "geometry": { "type": "Point", "coordinates": [ 33.38912, 52.229 ] } },
{ "type": "Feature", "properties": { "sensor": "SUOMI-NPP", "description": "<b>Latitude: </b> 51.78483<br/> \n                    <b>Longitude: </b> 34.32422<br/> \n                    <b>Detection Time: </b> 2026-10-07 11:49 UTC<br/> \n                    <b>Sensor: </b> Suomi-NPP VIIRS<br/>\n                    <b>Confidence: </b> Nominal<br/> \n                    <b>Day/Night: </b> Day<br/>\n                    <b>Scan: </b> 0.55 km<br/>\n                    <b>Track: </b> 0.68 km<br/>\n                    <b>FRP: </b> 4.88 MW<br/>\n                    <b>Brightness: </b> 337.43 K" }, "geometry": { "type": "Point", "coordinates": [ 34.32422, 51.78483 ] } },
{ "type": "Feature", "properties": { "sensor": "SUOMI-NPP", "description": "<b>Latitude: </b> 51.75205<br/> \n                    <b>Longitude: </b> 34.47244<br/> \n                    <b>Detection Time: </b> 2026-10-07 11:49 UTC<br/> \n                    <b>Sensor: </b> Suomi-NPP VIIRS<br/>\n                    <b>Confidence: </b> Nominal<br/> \n                    <b>Day/Night: </b> Day<br/>\n                    <b>Scan: </b> 0.55 km<br/>\n                    <b>Track: </b> 0.68 km<br/>\n                    <b>FRP: </b> 6.77 MW<br/>\n                    <b>Brightness: </b> 336.15 K" }, "geometry": { "type": "Point", "coordinates": [ 34.47244, 51.75205 ] } },
{ "type": "Feature", "properties": { "sensor": "SUOMI-NPP", "description": "<b>Latitude: </b> 51.74563<br/> \n                    <b>Longitude: </b> 34.4725<br/> \n                    <b>Detection Time: </b> 2026-10-07 11:49 UTC<br/> \n                    <b>Sensor: </b> Suomi-NPP VIIRS<br/>\n                    <b>Confidence: </b> Nominal<br/> \n                    <b>Day/Night: </b> Day<br/>\n                    <b>Scan: </b> 0.55 km<br/>\n                    <b>Track: </b> 0.68 km<br/>\n                    <b>FRP: </b> 8.4 MW<br/>\n                    <b>Brightness: </b> 339.44 K" }, "geometry": { "type": "Point", "coordinates": [ 34.4725, 51.74563 ] } },
{ "type": "Feature", "properties": { "sensor": "SUOMI-NPP", "description": "<b>Latitude: </b> 45.5242<br/> \n                    <b>Longitude: </b> 29.01976<br/> \n                    <b>Detection Time: </b> 2026-10-07 11:47 UTC<br/> \n                    <b>Sensor: </b> Suomi-NPP VIIRS<br/>\n                    <b>Confidence: </b> Nominal<br/> \n                    <b>Day/Night: </b> Day<br/>\n                    <b>Scan: </b> 0.57 km<br/>\n                    <b>Track: </b> 0.52 km<br/>\n                    <b>FRP: </b> 10.47 MW<br/>\n                    <b>Brightness: </b> 344.21 K" }, "geometry": { "type": "Point", "coordinates": [ 29.01976, 45.5242 ] } },
{ "type": "Feature", "properties": { "sensor": "SUOMI-NPP", "description": "<b>Latitude: </b> 45.32288<br/> \n                    <b>Longitude: </b> 37.75267<br/> \n                    <b>Detection Time: </b> 2026-10-07 11:47 UTC<br/> \n                    <b>Sensor: </b> Suomi-NPP VIIRS<br/>\n                    <b>Confidence: </b> Nominal<br/> \n                    <b>Day/Night: </b> Day<br/>\n                    <b>Scan: </b> 0.75 km<br/>\n                    <b>Track: </b> 0.77 km<br/>\n                    <b>FRP: </b> 7.3 MW<br/>\n                    <b>Brightness: </b> 341.47 K" }, "geometry": { "type": "Point", "coordinates": [ 37.75267, 45.32288 ] } },
{ "type": "Feature", "properties": { "sensor": "SUOMI-NPP", "description": "<b>Latitude: </b> 45.32156<br/> \n                    <b>Longitude: </b> 37.7504<br/> \n                    <b>Detection Time: </b> 2026-10-07 11:47 UTC<br/> \n                    <b>Sensor: </b> Suomi-NPP VIIRS<br/>\n                    <b>Confidence: </b> Nominal<br/> \n                    <b>Day/Night: </b> Day<br/>\n                    <b>Scan: </b> 0.75 km<br/>\n                    <b>Track: </b> 0.77 km<br/>\n                    <b>FRP: </b> 7.86 MW<br/>\n                    <b>Brightness: </b> 332.87 K" }, "geometry": { "type": "Point", "coordinates": [ 37.7504, 45.32156 ] } },
{ "type": "Feature", "properties": { "sensor": "SUOMI-NPP", "description": "<b>Latitude: </b> 45.29962<br/> \n                    <b>Longitude: </b> 37.76974<br/> \n                    <b>Detection Time: </b> 2026-10-07 11:47 UTC<br/> \n                    <b>Sensor: </b> Suomi-NPP VIIRS<br/>\n                    <b>Confidence: </b> Nominal<br/> \n                    <b>Day/Night: </b> Day<br/>\n                    <b>Scan: </b> 0.75 km<br/>\n                    <b>Track: </b> 0.77 km<br/>\n                    <b>FRP: </b> 6.46 MW<br/>\n                    <b>Brightness: </b> 326.16 K" }, "geometry": { "type": "Point", "coordinates": [ 37.76974, 45.29962 ] } },
{ "type": "Feature", "properties": { "sensor": "SUOMI-NPP", "description": "<b>Latitude: </b> 45.19756<br/> \n                    <b>Longitude: </b> 38.25905<br/> \n                    <b>Detection Time: </b> 2026-10-07 11:47 UTC<br/> \n                    <b>Sensor: </b> Suomi-NPP VIIRS<br/>\n                    <b>Confidence: </b> Nominal<br/> \n                    <b>Day/Night: </b> Day<br/>\n                    <b>Scan: </b> 0.8 km<br/>\n                    <b>Track: </b> 0.78 km<br/>\n                    <b>FRP: </b> 6.5 MW<br/>\n                    <b>Brightness: </b> 329.11 K" }, "geometry": { "type": "Point", "coordinates": [ 38.25905, 45.19756 ] } },
{ "type": "Feature", "properties": { "sensor": "SUOMI-NPP", "description": "<b>Latitude: </b> 45.15347<br/> \n                    <b>Longitude: </b> 37.81993<br/> \n                    <b>Detection Time: </b> 2026-10-07 11:47 UTC<br/> \n                    <b>Sensor: </b> Suomi-NPP VIIRS<br/>\n                    <b>Confidence: </b> Nominal<br/> \n                    <b>Day/Night: </b> Day<br/>\n                    <b>Scan: </b> 0.76 km<br/>\n                    <b>Track: </b> 0.77 km<br/>\n                    <b>FRP: </b> 4.31 MW<br/>\n                    <b>Brightness: </b> 328.7 K" }, "geometry": { "type": "Point", "coordinates": [ 37.81993, 45.15347 ] } },
{ "type": "Feature", "properties": { "sensor": "SUOMI-NPP", "description": "<b>Latitude: </b> 45.5829<br/> \n                    <b>Longitude: </b> 29.05011<br/> \n                    <b>Detection Time: </b> 2026-10-07 11:47 UTC<br/> \n                    <b>Sensor: </b> Suomi-NPP VIIRS<br/>\n                    <b>Confidence: </b> High<br/> \n                    <b>Day/Night: </b> Day<br/>\n                    <b>Scan: </b> 0.57 km<br/>\n                    <b>Track: </b> 0.52 km<br/>\n                    <b>FRP: </b> 35.42 MW<br/>\n                    <b>Brightness: </b> 367 K" }, "geometry": { "type": "Point", "coordinates": [ 29.05011, 45.5829 ] } },
{ "type": "Feature", "properties": { "sensor": "SUOMI-NPP", "description": "<b>Latitude: </b> 45.57805<br/> \n                    <b>Longitude: </b> 29.05068<br/> \n                    <b>Detection Time: </b> 2026-10-07 11:47 UTC<br/> \n                    <b>Sensor: </b> Suomi-NPP VIIRS<br/>\n                    <b>Confidence: </b> Nominal<br/> \n                    <b>Day/Night: </b> Day<br/>\n                    <b>Scan: </b> 0.57 km<br/>\n                    <b>Track: </b> 0.52 km<br/>\n                    <b>FRP: </b> 4.71 MW<br/>\n                    <b>Brightness: </b> 336.64 K" }, "geometry": { "type": "Point", "coordinates": [ 29.05068, 45.57805 ] } },
{ "type": "Feature", "properties": { "sensor": "SUOMI-NPP", "description": "<b>Latitude: </b> 45.5295<br/> \n                    <b>Longitude: </b> 29.02661<br/> \n                    <b>Detection Time: </b> 2026-10-07 11:47 UTC<br/> \n                    <b>Sensor: </b> Suomi-NPP VIIRS<br/>\n                    <b>Confidence: </b> Nominal<br/> \n                    <b>Day/Night: </b> Day<br/>\n                    <b>Scan: </b> 0.57 km<br/>\n                    <b>Track: </b> 0.52 km<br/>\n                    <b>FRP: </b> 10.47 MW<br/>\n                    <b>Brightness: </b> 336.45 K" }, "geometry": { "type": "Point", "coordinates": [ 29.02661, 45.5295 ] } },
{ "type": "Feature", "properties": { "sensor": "SUOMI-NPP", "description": "<b>Latitude: </b> 47.86402<br/> \n                    <b>Longitude: </b> 35.68165<br/> \n                    <b>Detection Time: </b> 2026-10-07 11:47 UTC<br/> \n                    <b>Sensor: </b> Suomi-NPP VIIRS<br/>\n                    <b>Confidence: </b> Nominal<br/> \n                    <b>Day/Night: </b> Day<br/>\n                    <b>Scan: </b> 0.61 km<br/>\n                    <b>Track: </b> 0.71 km<br/>\n                    <b>FRP: </b> 3.86 MW<br/>\n                    <b>Brightness: </b> 336.73 K" }, "geometry": { "type": "Point", "coordinates": [ 35.68165, 47.86402 ] } },
{ "type": "Feature", "properties": { "sensor": "SUOMI-NPP", "description": "<b>Latitude: </b> 47.76777<br/> \n                    <b>Longitude: </b> 35.58833<br/> \n                    <b>Detection Time: </b> 2026-10-07 11:47 UTC<br/> \n                    <b>Sensor: </b> Suomi-NPP VIIRS<br/>\n                    <b>Confidence: </b> Nominal<br/> \n                    <b>Day/Night: </b> Day<br/>\n                    <b>Scan: </b> 0.61 km<br/>\n                    <b>Track: </b> 0.71 km<br/>\n                    <b>FRP: </b> 5.24 MW<br/>\n                    <b>Brightness: </b> 348.15 K" }, "geometry": { "type": "Point", "coordinates": [ 35.58833, 47.76777 ] } },
{ "type": "Feature", "properties": { "sensor": "SUOMI-NPP", "description": "<b>Latitude: </b> 47.39434<br/> \n                    <b>Longitude: </b> 37.91658<br/> \n                    <b>Detection Time: </b> 2026-10-07 11:47 UTC<br/> \n                    <b>Sensor: </b> Suomi-NPP VIIRS<br/>\n                    <b>Confidence: </b> Nominal<br/> \n                    <b>Day/Night: </b> Day<br/>\n                    <b>Scan: </b> 0.77 km<br/>\n                    <b>Track: </b> 0.77 km<br/>\n                    <b>FRP: </b> 12.48 MW<br/>\n                    <b>Brightness: </b> 344.56 K" }, "geometry": { "type": "Point", "coordinates": [ 37.91658, 47.39434 ] } },
{ "type": "Feature", "properties": { "sensor": "SUOMI-NPP", "description": "<b>Latitude: </b> 47.394<br/> \n                    <b>Longitude: </b> 37.9143<br/> \n                    <b>Detection Time: </b> 2026-10-07 11:47 UTC<br/> \n                    <b>Sensor: </b> Suomi-NPP VIIRS<br/>\n                    <b>Confidence: </b> Nominal<br/> \n                    <b>Day/Night: </b> Day<br/>\n                    <b>Scan: </b> 0.77 km<br/>\n                    <b>Track: </b> 0.77 km<br/>\n                    <b>FRP: </b> 11.15 MW<br/>\n                    <b>Brightness: </b> 348.79 K" }, "geometry": { "type": "Point", "coordinates": [ 37.9143, 47.394 ] } },
{ "type": "Feature", "properties": { "sensor": "SUOMI-NPP", "description": "<b>Latitude: </b> 46.8881<br/> \n                    <b>Longitude: </b> 34.4483<br/> \n                    <b>Detection Time: </b> 2026-10-07 11:47 UTC<br/> \n                    <b>Sensor: </b> Suomi-NPP VIIRS<br/>\n                    <b>Confidence: </b> Nominal<br/> \n                    <b>Day/Night: </b> Day<br/>\n                    <b>Scan: </b> 0.53 km<br/>\n                    <b>Track: </b> 0.67 km<br/>\n                    <b>FRP: </b> 9.21 MW<br/>\n                    <b>Brightness: </b> 349.23 K" }, "geometry": { "type": "Point", "coordinates": [ 34.4483, 46.8881 ] } },
{ "type": "Feature", "properties": { "sensor": "SUOMI-NPP", "description": "<b>Latitude: </b> 46.88815<br/> \n                    <b>Longitude: </b> 34.45556<br/> \n                    <b>Detection Time: </b> 2026-10-07 11:47 UTC<br/> \n                    <b>Sensor: </b> Suomi-NPP VIIRS<br/>\n                    <b>Confidence: </b> High<br/> \n                    <b>Day/Night: </b> Day<br/>\n                    <b>Scan: </b> 0.53 km<br/>\n                    <b>Track: </b> 0.67 km<br/>\n                    <b>FRP: </b> 17.18 MW<br/>\n                    <b>Brightness: </b> 367 K" }, "geometry": { "type": "Point", "coordinates": [ 34.45556, 46.88815 ] } },
{ "type": "Feature", "properties": { "sensor": "SUOMI-NPP", "description": "<b>Latitude: </b> 46.88178<br/> \n                    <b>Longitude: </b> 34.4484<br/> \n                    <b>Detection Time: </b> 2026-10-07 11:47 UTC<br/> \n                    <b>Sensor: </b> Suomi-NPP VIIRS<br/>\n                    <b>Confidence: </b> Nominal<br/> \n                    <b>Day/Night: </b> Day<br/>\n                    <b>Scan: </b> 0.53 km<br/>\n                    <b>Track: </b> 0.67 km<br/>\n                    <b>FRP: </b> 5.95 MW<br/>\n                    <b>Brightness: </b> 336.96 K" }, "geometry": { "type": "Point", "coordinates": [ 34.4484, 46.88178 ] } },
{ "type": "Feature", "properties": { "sensor": "NOAA-20", "description": "<b>Latitude: </b> 46.63208<br/> \n                    <b>Longitude: </b> 142.90919<br/> \n                    <b>Detection Time: </b> 2026-10-07 15:56 UTC<br/> \n                    <b>Sensor: </b> NOAA-20 VIIRS<br/>\n                    <b>Confidence: </b> Nominal<br/> \n                    <b>Day/Night: </b> Night<br/>\n                    <b>Scan: </b> 0.54 km<br/>\n                    <b>Track: </b> 0.51 km<br/>\n                    <b>FRP: </b> 0.76 MW<br/>\n                    <b>Brightness: </b> 298.64 K" }, "geometry": { "type": "Point", "coordinates": [ 142.90919, 46.63208 ] } },
{ "type": "Feature", "properties": { "sensor": "NOAA-20", "description": "<b>Latitude: </b> 46.62789<br/> \n                    <b>Longitude: </b> 142.9012<br/> \n                    <b>Detection Time: </b> 2026-10-07 15:56 UTC<br/> \n                    <b>Sensor: </b> NOAA-20 VIIRS<br/>\n                    <b>Confidence: </b> Nominal<br/> \n                    <b>Day/Night: </b> Night<br/>\n                    <b>Scan: </b> 0.54 km<br/>\n                    <b>Track: </b> 0.51 km<br/>\n                    <b>FRP: </b> 1.73 MW<br/>\n                    <b>Brightness: </b> 315.95 K" }, "geometry": { "type": "Point", "coordinates": [ 142.9012, 46.62789 ] } },
{ "type": "Feature", "properties": { "sensor": "NOAA-20", "description": "<b>Latitude: </b> 48.55776<br/> \n                    <b>Longitude: </b> 135.50993<br/> \n                    <b>Detection Time: </b> 2026-10-07 15:56 UTC<br/> \n                    <b>Sensor: </b> NOAA-20 VIIRS<br/>\n                    <b>Confidence: </b> Nominal<br/> \n                    <b>Day/Night: </b> Night<br/>\n                    <b>Scan: </b> 0.62 km<br/>\n                    <b>Track: </b> 0.71 km<br/>\n                    <b>FRP: </b> 3.38 MW<br/>\n                    <b>Brightness: </b> 315.38 K" }, "geometry": { "type": "Point", "coordinates": [ 135.50993, 48.55776 ] } },
{ "type": "Feature", "properties": { "sensor": "NOAA-20", "description": "<b>Latitude: </b> 48.55497<br/> \n                    <b>Longitude: </b> 135.50887<br/> \n                    <b>Detection Time: </b> 2026-10-07 15:56 UTC<br/> \n                    <b>Sensor: </b> NOAA-20 VIIRS<br/>\n                    <b>Confidence: </b> Nominal<br/> \n                    <b>Day/Night: </b> Night<br/>\n                    <b>Scan: </b> 0.62 km<br/>\n                    <b>Track: </b> 0.71 km<br/>\n                    <b>FRP: </b> 2.75 MW<br/>\n                    <b>Brightness: </b> 317.73 K" }, "geometry": { "type": "Point", "coordinates": [ 135.50887, 48.55497 ] } },
{ "type": "Feature", "properties": { "sensor": "NOAA-20", "description": "<b>Latitude: </b> 52.14101<br/> \n                    <b>Longitude: </b> 143.01073<br/> \n                    <b>Detection Time: </b> 2026-10-07 15:54 UTC<br/> \n                    <b>Sensor: </b> NOAA-20 VIIRS<br/>\n                    <b>Confidence: </b> Nominal<br/> \n                    <b>Day/Night: </b> Night<br/>\n                    <b>Scan: </b> 0.6 km<br/>\n                    <b>Track: </b> 0.53 km<br/>\n                    <b>FRP: </b> 1.19 MW<br/>\n                    <b>Brightness: </b> 302.92 K" }, "geometry": { "type": "Point", "coordinates": [ 143.01073, 52.14101 ] } },
{ "type": "Feature", "properties": { "sensor": "NOAA-20", "description": "<b>Latitude: </b> 50.13241<br/> \n                    <b>Longitude: </b> 30.67908<br/> \n                    <b>Detection Time: </b> 2026-10-07 12:10 UTC<br/> \n                    <b>Sensor: </b> NOAA-20 VIIRS<br/>\n                    <b>Confidence: </b> High<br/> \n                    <b>Day/Night: </b> Day<br/>\n                    <b>Scan: </b> 0.74 km<br/>\n                    <b>Track: </b> 0.76 km<br/>\n                    <b>FRP: </b> 17.57 MW<br/>\n                    <b>Brightness: </b> 367 K" }, "geometry": { "type": "Point", "coordinates": [ 30.67908, 50.13241 ] } },
{ "type": "Feature", "properties": { "sensor": "NOAA-21", "description": "<b>Latitude: </b> 44.53594<br/> \n                    <b>Longitude: </b> 132.75471<br/> \n                    <b>Detection Time: </b> 2026-10-07 16:41 UTC<br/> \n                    <b>Sensor: </b> NOAA-21 VIIRS<br/>\n                    <b>Confidence: </b> Nominal<br/> \n                    <b>Day/Night: </b> Night<br/>\n                    <b>Scan: </b> 0.39 km<br/>\n                    <b>Track: </b> 0.44 km<br/>\n                    <b>FRP: </b> 1.32 MW<br/>\n                    <b>Brightness: </b> 300.72 K" }, "geometry": { "type": "Point", "coordinates": [ 132.75471, 44.53594 ] } },
{ "type": "Feature", "properties": { "sensor": "NOAA-21", "description": "<b>Latitude: </b> 46.62737<br/> \n                    <b>Longitude: </b> 142.91182<br/> \n                    <b>Detection Time: </b> 2026-10-07 16:39 UTC<br/> \n                    <b>Sensor: </b> NOAA-21 VIIRS<br/>\n                    <b>Confidence: </b> Nominal<br/> \n                    <b>Day/Night: </b> Night<br/>\n                    <b>Scan: </b> 0.41 km<br/>\n                    <b>Track: </b> 0.37 km<br/>\n                    <b>FRP: </b> 0.99 MW<br/>\n                    <b>Brightness: </b> 301.76 K" }, "geometry": { "type": "Point", "coordinates": [ 142.91182, 46.62737 ] } },
{ "type": "Feature", "properties": { "sensor": "NOAA-21", "description": "<b>Latitude: </b> 46.6268<br/> \n                    <b>Longitude: </b> 142.90924<br/> \n                    <b>Detection Time: </b> 2026-10-07 16:39 UTC<br/> \n                    <b>Sensor: </b> NOAA-21 VIIRS<br/>\n                    <b>Confidence: </b> Nominal<br/> \n                    <b>Day/Night: </b> Night<br/>\n                    <b>Scan: </b> 0.41 km<br/>\n                    <b>Track: </b> 0.37 km<br/>\n                    <b>FRP: </b> 2.15 MW<br/>\n                    <b>Brightness: </b> 318.62 K" }, "geometry": { "type": "Point", "coordinates": [ 142.90924, 46.6268 ] } },
{ "type": "Feature", "properties": { "sensor": "NOAA-21", "description": "<b>Latitude: </b> 46.62831<br/> \n                    <b>Longitude: </b> 142.90666<br/> \n                    <b>Detection Time: </b> 2026-10-07 16:39 UTC<br/> \n                    <b>Sensor: </b> NOAA-21 VIIRS<br/>\n                    <b>Confidence: </b> Nominal<br/> \n                    <b>Day/Night: </b> Night<br/>\n                    <b>Scan: </b> 0.41 km<br/>\n                    <b>Track: </b> 0.37 km<br/>\n                    <b>FRP: </b> 0.52 MW<br/>\n                    <b>Brightness: </b> 297.18 K" }, "geometry": { "type": "Point", "coordinates": [ 142.90666, 46.62831 ] } },
{ "type": "Feature", "properties": { "sensor": "NOAA-21", "description": "<b>Latitude: </b> 51.69268<br/> \n                    <b>Longitude: </b> 135.73543<br/> \n                    <b>Detection Time: </b> 2026-10-07 16:39 UTC<br/> \n                    <b>Sensor: </b> NOAA-21 VIIRS<br/>\n                    <b>Confidence: </b> Nominal<br/> \n                    <b>Day/Night: </b> Night<br/>\n                    <b>Scan: </b> 0.53 km<br/>\n                    <b>Track: </b> 0.42 km<br/>\n                    <b>FRP: </b> 2.43 MW<br/>\n                    <b>Brightness: </b> 295.24 K" }, "geometry": { "type": "Point", "coordinates": [ 135.73543, 51.69268 ] } },
{ "type": "Feature", "properties": { "sensor": "NOAA-21", "description": "<b>Latitude: </b> 51.54203<br/> \n                    <b>Longitude: </b> 128.15887<br/> \n                    <b>Detection Time: </b> 2026-10-07 16:39 UTC<br/> \n                    <b>Sensor: </b> NOAA-21 VIIRS<br/>\n                    <b>Confidence: </b> Nominal<br/> \n                    <b>Day/Night: </b> Night<br/>\n                    <b>Scan: </b> 0.36 km<br/>\n                    <b>Track: </b> 0.58 km<br/>\n                    <b>FRP: </b> 0.64 MW<br/>\n                    <b>Brightness: </b> 301.5 K" }, "geometry": { "type": "Point", "coordinates": [ 128.15887, 51.54203 ] } },
{ "type": "Feature", "properties": { "sensor": "NOAA-21", "description": "<b>Latitude: </b> 50.24871<br/> \n                    <b>Longitude: </b> 129.12233<br/> \n                    <b>Detection Time: </b> 2026-10-07 16:39 UTC<br/> \n                    <b>Sensor: </b> NOAA-21 VIIRS<br/>\n                    <b>Confidence: </b> Nominal<br/> \n                    <b>Day/Night: </b> Night<br/>\n                    <b>Scan: </b> 0.32 km<br/>\n                    <b>Track: </b> 0.55 km<br/>\n                    <b>FRP: </b> 1.04 MW<br/>\n                    <b>Brightness: </b> 306.6 K" }, "geometry": { "type": "Point", "coordinates": [ 129.12233, 50.24871 ] } },
{ "type": "Feature", "properties": { "sensor": "NOAA-21", "description": "<b>Latitude: </b> 48.5552<br/> \n                    <b>Longitude: </b> 135.51089<br/> \n                    <b>Detection Time: </b> 2026-10-07 16:39 UTC<br/> \n                    <b>Sensor: </b> NOAA-21 VIIRS<br/>\n                    <b>Confidence: </b> Nominal<br/> \n                    <b>Day/Night: </b> Night<br/>\n                    <b>Scan: </b> 0.5 km<br/>\n                    <b>Track: </b> 0.41 km<br/>\n                    <b>FRP: </b> 2.55 MW<br/>\n                    <b>Brightness: </b> 322.44 K" }, "geometry": { "type": "Point", "coordinates": [ 135.51089, 48.5552 ] } },
{ "type": "Feature", "properties": { "sensor": "NOAA-21", "description": "<b>Latitude: </b> 48.5545<br/> \n                    <b>Longitude: </b> 135.51768<br/> \n                    <b>Detection Time: </b> 2026-10-07 16:39 UTC<br/> \n                    <b>Sensor: </b> NOAA-21 VIIRS<br/>\n                    <b>Confidence: </b> Nominal<br/> \n                    <b>Day/Night: </b> Night<br/>\n                    <b>Scan: </b> 0.5 km<br/>\n                    <b>Track: </b> 0.41 km<br/>\n                    <b>FRP: </b> 2.55 MW<br/>\n                    <b>Brightness: </b> 311.04 K" }, "geometry": { "type": "Point", "coordinates": [ 135.51768, 48.5545 ] } },
{ "type": "Feature", "properties": { "sensor": "NOAA-21", "description": "<b>Latitude: </b> 48.55148<br/> \n                    <b>Longitude: </b> 135.51009<br/> \n                    <b>Detection Time: </b> 2026-10-07 16:39 UTC<br/> \n                    <b>Sensor: </b> NOAA-21 VIIRS<br/>\n                    <b>Confidence: </b> Nominal<br/> \n                    <b>Day/Night: </b> Night<br/>\n                    <b>Scan: </b> 0.5 km<br/>\n                    <b>Track: </b> 0.41 km<br/>\n                    <b>FRP: </b> 2.06 MW<br/>\n                    <b>Brightness: </b> 311.77 K" }, "geometry": { "type": "Point", "coordinates": [ 135.51009, 48.55148 ] } },
{ "type": "Feature", "properties": { "sensor": "NOAA-21", "description": "<b>Latitude: </b> 48.55717<br/> \n                    <b>Longitude: </b> 135.51826<br/> \n                    <b>Detection Time: </b> 2026-10-07 16:39 UTC<br/> \n                    <b>Sensor: </b> NOAA-21 VIIRS<br/>\n                    <b>Confidence: </b> Nominal<br/> \n                    <b>Day/Night: </b> Night<br/>\n                    <b>Scan: </b> 0.5 km<br/>\n                    <b>Track: </b> 0.41 km<br/>\n                    <b>FRP: </b> 2.06 MW<br/>\n                    <b>Brightness: </b> 309.23 K" }, "geometry": { "type": "Point", "coordinates": [ 135.51826, 48.55717 ] } },
{ "type": "Feature", "properties": { "sensor": "NOAA-21", "description": "<b>Latitude: </b> 48.55419<br/> \n                    <b>Longitude: </b> 135.51062<br/> \n                    <b>Detection Time: </b> 2026-10-07 16:39 UTC<br/> \n                    <b>Sensor: </b> NOAA-21 VIIRS<br/>\n                    <b>Confidence: </b> Nominal<br/> \n                    <b>Day/Night: </b> Night<br/>\n                    <b>Scan: </b> 0.5 km<br/>\n                    <b>Track: </b> 0.41 km<br/>\n                    <b>FRP: </b> 3.48 MW<br/>\n                    <b>Brightness: </b> 324.3 K" }, "geometry": { "type": "Point", "coordinates": [ 135.51062, 48.55419 ] } },
{ "type": "Feature", "properties": { "sensor": "NOAA-21", "description": "<b>Latitude: </b> 48.55047<br/> \n                    <b>Longitude: </b> 135.5098<br/> \n                    <b>Detection Time: </b> 2026-10-07 16:39 UTC<br/> \n                    <b>Sensor: </b> NOAA-21 VIIRS<br/>\n                    <b>Confidence: </b> Nominal<br/> \n                    <b>Day/Night: </b> Night<br/>\n                    <b>Scan: </b> 0.5 km<br/>\n                    <b>Track: </b> 0.41 km<br/>\n                    <b>FRP: </b> 1.37 MW<br/>\n                    <b>Brightness: </b> 304.84 K" }, "geometry": { "type": "Point", "coordinates": [ 135.5098, 48.55047 ] } },
{ "type": "Feature", "properties": { "sensor": "NOAA-21", "description": "<b>Latitude: </b> 48.25165<br/> \n                    <b>Longitude: </b> 132.02254<br/> \n                    <b>Detection Time: </b> 2026-10-07 16:39 UTC<br/> \n                    <b>Sensor: </b> NOAA-21 VIIRS<br/>\n                    <b>Confidence: </b> Nominal<br/> \n                    <b>Day/Night: </b> Night<br/>\n                    <b>Scan: </b> 0.46 km<br/>\n                    <b>Track: </b> 0.47 km<br/>\n                    <b>FRP: </b> 0.82 MW<br/>\n                    <b>Brightness: </b> 300.61 K" }, "geometry": { "type": "Point", "coordinates": [ 132.02254, 48.25165 ] } },
{ "type": "Feature", "properties": { "sensor": "NOAA-21", "description": "<b>Latitude: </b> 46.63069<br/> \n                    <b>Longitude: </b> 142.91306<br/> \n                    <b>Detection Time: </b> 2026-10-07 16:39 UTC<br/> \n                    <b>Sensor: </b> NOAA-21 VIIRS<br/>\n                    <b>Confidence: </b> Nominal<br/> \n                    <b>Day/Night: </b> Night<br/>\n                    <b>Scan: </b> 0.41 km<br/>\n                    <b>Track: </b> 0.37 km<br/>\n                    <b>FRP: </b> 0.99 MW<br/>\n                    <b>Brightness: </b> 302.91 K" }, "geometry": { "type": "Point", "coordinates": [ 142.91306, 46.63069 ] } },
{ "type": "Feature", "properties": { "sensor": "NOAA-21", "description": "<b>Latitude: </b> 54.62471<br/> \n                    <b>Longitude: </b> 160.31184<br/> \n                    <b>Detection Time: </b> 2026-10-07 16:37 UTC<br/> \n                    <b>Sensor: </b> NOAA-21 VIIRS<br/>\n                    <b>Confidence: </b> Nominal<br/> \n                    <b>Day/Night: </b> Night<br/>\n                    <b>Scan: </b> 0.35 km<br/>\n                    <b>Track: </b> 0.57 km<br/>\n                    <b>FRP: </b> 1.09 MW<br/>\n                    <b>Brightness: </b> 296.58 K" }, "geometry": { "type": "Point", "coordinates": [ 160.31184, 54.62471 ] } },
{ "type": "Feature", "properties": { "sensor": "NOAA-21", "description": "<b>Latitude: </b> 53.20181<br/> \n                    <b>Longitude: </b> 143.24068<br/> \n                    <b>Detection Time: </b> 2026-10-07 16:37 UTC<br/> \n                    <b>Sensor: </b> NOAA-21 VIIRS<br/>\n                    <b>Confidence: </b> Nominal<br/> \n                    <b>Day/Night: </b> Night<br/>\n                    <b>Scan: </b> 0.38 km<br/>\n                    <b>Track: </b> 0.36 km<br/>\n                    <b>FRP: </b> 2.59 MW<br/>\n                    <b>Brightness: </b> 328.47 K" }, "geometry": { "type": "Point", "coordinates": [ 143.24068, 53.20181 ] } }
]
}
