{
"type": "FeatureCollection",
"name": "footprints_6_12.geojson",
"crs": { "type": "name", "properties": { "name": "urn:ogc:def:crs:OGC:1.3:CRS84" } },
"features": [
{ "type": "Feature", "properties": { "sensor": "MODIS_C6.1", "description": "<b>Latitude: </b> 46.92719<br/> \n                    <b>Longitude: </b> 30.11704<br/> \n                    <b>Detection Time: </b> 2026-09-30 17:58 UTC<br/> \n                    <b>Sensor: </b> Terra MODIS<br/>\n                    <b>Confidence [0-100%]: </b> 50%<br/> \n                    <b>Day/Night: </b> Night<br/>\n                    <b>Scan: </b> 1.02 km<br/>\n                    <b>Track: </b> 1.01 km<br/>\n                    <b>FRP: </b> 7.71 MW<br/>\n                    <b>Brightness: </b> 303.02 K" }, "geometry": { "type": "Polygon", "coordinates": [ [ [ 30.11046, 46.93168 ], [ 30.12362, 46.93168 ], [ 30.12362, 46.9227 ], [ 30.11046, 46.9227 ], [ 30.11046, 46.93168 ] ] ] } },
{ "type": "Feature", "properties": { "sensor": "MODIS_C6.1", "description": "<b>Latitude: </b> 46.93594<br/> \n                    <b>Longitude: </b> 30.11418<br/> \n                    <b>Detection Time: </b> 2026-09-30 17:58 UTC<br/> \n                    <b>Sensor: </b> Terra MODIS<br/>\n                    <b>Confidence [0-100%]: </b> 77%<br/> \n                    <b>Day/Night: </b> Night<br/>\n                    <b>Scan: </b> 1.02 km<br/>\n                    <b>Track: </b> 1.01 km<br/>\n                    <b>FRP: </b> 12.17 MW<br/>\n                    <b>Brightness: </b> 309.42 K" }, "geometry": { "type": "Polygon", "coordinates": [ [ [ 30.1076, 46.94043 ], [ 30.12076, 46.94043 ], [ 30.12076, 46.93145 ], [ 30.1076, 46.93145 ], [ 30.1076, 46.94043 ] ] ] } },
{ "type": "Feature", "properties": { "sensor": "MODIS_C6.1", "description": "<b>Latitude: </b> 51.60464<br/> \n                    <b>Longitude: </b> 52.91954<br/> \n                    <b>Detection Time: </b> 2026-09-30 16:22 UTC<br/> \n                    <b>Sensor: </b> Terra MODIS<br/>\n                    <b>Confidence [0-100%]: </b> 67%<br/> \n                    <b>Day/Night: </b> Night<br/>\n                    <b>Scan: </b> 1.02 km<br/>\n                    <b>Track: </b> 1.01 km<br/>\n                    <b>FRP: </b> 11.25 MW<br/>\n                    <b>Brightness: </b> 306.12 K" }, "geometry": { "type": "Polygon", "coordinates": [ [ [ 52.91231, 51.60913 ], [ 52.92677, 51.60913 ], [ 52.92677, 51.60015 ], [ 52.91231, 51.60015 ], [ 52.91231, 51.60913 ] ] ] } },
{ "type": "Feature", "properties": { "sensor": "MODIS_C6.1", "description": "<b>Latitude: </b> 57.9444<br/> \n                    <b>Longitude: </b> 60.04945<br/> \n                    <b>Detection Time: </b> 2026-09-30 16:22 UTC<br/> \n                    <b>Sensor: </b> Terra MODIS<br/>\n                    <b>Confidence [0-100%]: </b> 66%<br/> \n                    <b>Day/Night: </b> Night<br/>\n                    <b>Scan: </b> 1.68 km<br/>\n                    <b>Track: </b> 1.27 km<br/>\n                    <b>FRP: </b> 22.19 MW<br/>\n                    <b>Brightness: </b> 305.96 K" }, "geometry": { "type": "Polygon", "coordinates": [ [ [ 60.04099, 57.94889 ], [ 60.05791, 57.94889 ], [ 60.05791, 57.93991 ], [ 60.04099, 57.93991 ], [ 60.04099, 57.94889 ] ] ] } },
{ "type": "Feature", "properties": { "sensor": "MODIS_C6.1", "description": "<b>Latitude: </b> 57.9457<br/> \n                    <b>Longitude: </b> 60.056<br/> \n                    <b>Detection Time: </b> 2026-09-30 16:22 UTC<br/> \n                    <b>Sensor: </b> Terra MODIS<br/>\n                    <b>Confidence [0-100%]: </b> 70%<br/> \n                    <b>Day/Night: </b> Night<br/>\n                    <b>Scan: </b> 1.68 km<br/>\n                    <b>Track: </b> 1.27 km<br/>\n                    <b>FRP: </b> 24.49 MW<br/>\n                    <b>Brightness: </b> 307.05 K" }, "geometry": { "type": "Polygon", "coordinates": [ [ [ 60.04754, 57.95019 ], [ 60.06446, 57.95019 ], [ 60.06446, 57.94121 ], [ 60.04754, 57.94121 ], [ 60.04754, 57.95019 ] ] ] } },
{ "type": "Feature", "properties": { "sensor": "MODIS_C6.1", "description": "<b>Latitude: </b> 55.98425<br/> \n                    <b>Longitude: </b> 54.75205<br/> \n                    <b>Detection Time: </b> 2026-09-30 16:22 UTC<br/> \n                    <b>Sensor: </b> Terra MODIS<br/>\n                    <b>Confidence [0-100%]: </b> 100%<br/> \n                    <b>Day/Night: </b> Night<br/>\n                    <b>Scan: </b> 1.06 km<br/>\n                    <b>Track: </b> 1.03 km<br/>\n                    <b>FRP: </b> 34.98 MW<br/>\n                    <b>Brightness: </b> 328.76 K" }, "geometry": { "type": "Polygon", "coordinates": [ [ [ 54.74402, 55.98874 ], [ 54.76008, 55.98874 ], [ 54.76008, 55.97976 ], [ 54.74402, 55.97976 ], [ 54.74402, 55.98874 ] ] ] } },
{ "type": "Feature", "properties": { "sensor": "MODIS_C6.1", "description": "<b>Latitude: </b> 53.45369<br/> \n                    <b>Longitude: </b> 59.02285<br/> \n                    <b>Detection Time: </b> 2026-09-30 16:22 UTC<br/> \n                    <b>Sensor: </b> Terra MODIS<br/>\n                    <b>Confidence [0-100%]: </b> 72%<br/> \n                    <b>Day/Night: </b> Night<br/>\n                    <b>Scan: </b> 1.34 km<br/>\n                    <b>Track: </b> 1.15 km<br/>\n                    <b>FRP: </b> 17.78 MW<br/>\n                    <b>Brightness: </b> 307.56 K" }, "geometry": { "type": "Polygon", "coordinates": [ [ [ 59.01531, 53.45818 ], [ 59.03039, 53.45818 ], [ 59.03039, 53.4492 ], [ 59.01531, 53.4492 ], [ 59.01531, 53.45818 ] ] ] } },
{ "type": "Feature", "properties": { "sensor": "MODIS_C6.1", "description": "<b>Latitude: </b> 53.45548<br/> \n                    <b>Longitude: </b> 59.04257<br/> \n                    <b>Detection Time: </b> 2026-09-30 16:22 UTC<br/> \n                    <b>Sensor: </b> Terra MODIS<br/>\n                    <b>Confidence [0-100%]: </b> 64%<br/> \n                    <b>Day/Night: </b> Night<br/>\n                    <b>Scan: </b> 1.34 km<br/>\n                    <b>Track: </b> 1.15 km<br/>\n                    <b>FRP: </b> 15.99 MW<br/>\n                    <b>Brightness: </b> 305.27 K" }, "geometry": { "type": "Polygon", "coordinates": [ [ [ 59.03503, 53.45997 ], [ 59.05011, 53.45997 ], [ 59.05011, 53.45099 ], [ 59.03503, 53.45099 ], [ 59.03503, 53.45997 ] ] ] } },
{ "type": "Feature", "properties": { "sensor": "MODIS_C6.1", "description": "<b>Latitude: </b> 51.86603<br/> \n                    <b>Longitude: </b> 54.69793<br/> \n                    <b>Detection Time: </b> 2026-09-30 16:22 UTC<br/> \n                    <b>Sensor: </b> Terra MODIS<br/>\n                    <b>Confidence [0-100%]: </b> 31%<br/> \n                    <b>Day/Night: </b> Night<br/>\n                    <b>Scan: </b> 1.01 km<br/>\n                    <b>Track: </b> 1 km<br/>\n                    <b>FRP: </b> 7.5 MW<br/>\n                    <b>Brightness: </b> 300.64 K" }, "geometry": { "type": "Polygon", "coordinates": [ [ [ 54.69066, 51.87052 ], [ 54.7052, 51.87052 ], [ 54.7052, 51.86154 ], [ 54.69066, 51.86154 ], [ 54.69066, 51.87052 ] ] ] } },
{ "type": "Feature", "properties": { "sensor": "MODIS_C6.1", "description": "<b>Latitude: </b> 51.87168<br/> \n                    <b>Longitude: </b> 54.74036<br/> \n                    <b>Detection Time: </b> 2026-09-30 16:22 UTC<br/> \n                    <b>Sensor: </b> Terra MODIS<br/>\n                    <b>Confidence [0-100%]: </b> 83%<br/> \n                    <b>Day/Night: </b> Night<br/>\n                    <b>Scan: </b> 1.01 km<br/>\n                    <b>Track: </b> 1 km<br/>\n                    <b>FRP: </b> 14.4 MW<br/>\n                    <b>Brightness: </b> 311.71 K" }, "geometry": { "type": "Polygon", "coordinates": [ [ [ 54.73309, 51.87617 ], [ 54.74763, 51.87617 ], [ 54.74763, 51.86719 ], [ 54.73309, 51.86719 ], [ 54.73309, 51.87617 ] ] ] } },
{ "type": "Feature", "properties": { "sensor": "MODIS_C6.1", "description": "<b>Latitude: </b> 51.87356<br/> \n                    <b>Longitude: </b> 54.75448<br/> \n                    <b>Detection Time: </b> 2026-09-30 16:22 UTC<br/> \n                    <b>Sensor: </b> Terra MODIS<br/>\n                    <b>Confidence [0-100%]: </b> 77%<br/> \n                    <b>Day/Night: </b> Night<br/>\n                    <b>Scan: </b> 1.01 km<br/>\n                    <b>Track: </b> 1 km<br/>\n                    <b>FRP: </b> 12.85 MW<br/>\n                    <b>Brightness: </b> 309.29 K" }, "geometry": { "type": "Polygon", "coordinates": [ [ [ 54.74721, 51.87805 ], [ 54.76175, 51.87805 ], [ 54.76175, 51.86907 ], [ 54.74721, 51.86907 ], [ 54.74721, 51.87805 ] ] ] } },
{ "type": "Feature", "properties": { "sensor": "MODIS_C6.1", "description": "<b>Latitude: </b> 51.24464<br/> \n                    <b>Longitude: </b> 58.15119<br/> \n                    <b>Detection Time: </b> 2026-09-30 16:22 UTC<br/> \n                    <b>Sensor: </b> Terra MODIS<br/>\n                    <b>Confidence [0-100%]: </b> 100%<br/> \n                    <b>Day/Night: </b> Night<br/>\n                    <b>Scan: </b> 1.17 km<br/>\n                    <b>Track: </b> 1.08 km<br/>\n                    <b>FRP: </b> 51.62 MW<br/>\n                    <b>Brightness: </b> 337.27 K" }, "geometry": { "type": "Polygon", "coordinates": [ [ [ 58.14401, 51.24913 ], [ 58.15837, 51.24913 ], [ 58.15837, 51.24015 ], [ 58.14401, 51.24015 ], [ 58.14401, 51.24913 ] ] ] } },
{ "type": "Feature", "properties": { "sensor": "MODIS_C6.1", "description": "<b>Latitude: </b> 51.24635<br/> \n                    <b>Longitude: </b> 58.16751<br/> \n                    <b>Detection Time: </b> 2026-09-30 16:22 UTC<br/> \n                    <b>Sensor: </b> Terra MODIS<br/>\n                    <b>Confidence [0-100%]: </b> 94%<br/> \n                    <b>Day/Night: </b> Night<br/>\n                    <b>Scan: </b> 1.17 km<br/>\n                    <b>Track: </b> 1.08 km<br/>\n                    <b>FRP: </b> 21.11 MW<br/>\n                    <b>Brightness: </b> 316.66 K" }, "geometry": { "type": "Polygon", "coordinates": [ [ [ 58.16033, 51.25084 ], [ 58.17469, 51.25084 ], [ 58.17469, 51.24186 ], [ 58.16033, 51.24186 ], [ 58.16033, 51.25084 ] ] ] } },
{ "type": "Feature", "properties": { "sensor": "MODIS_C6.1", "description": "<b>Latitude: </b> 51.24806<br/> \n                    <b>Longitude: </b> 58.18387<br/> \n                    <b>Detection Time: </b> 2026-09-30 16:22 UTC<br/> \n                    <b>Sensor: </b> Terra MODIS<br/>\n                    <b>Confidence [0-100%]: </b> 100%<br/> \n                    <b>Day/Night: </b> Night<br/>\n                    <b>Scan: </b> 1.17 km<br/>\n                    <b>Track: </b> 1.08 km<br/>\n                    <b>FRP: </b> 68.02 MW<br/>\n                    <b>Brightness: </b> 344.83 K" }, "geometry": { "type": "Polygon", "coordinates": [ [ [ 58.17669, 51.25255 ], [ 58.19105, 51.25255 ], [ 58.19105, 51.24357 ], [ 58.17669, 51.24357 ], [ 58.17669, 51.25255 ] ] ] } },
{ "type": "Feature", "properties": { "sensor": "MODIS_C6.1", "description": "<b>Latitude: </b> 51.24979<br/> \n                    <b>Longitude: </b> 58.20037<br/> \n                    <b>Detection Time: </b> 2026-09-30 16:22 UTC<br/> \n                    <b>Sensor: </b> Terra MODIS<br/>\n                    <b>Confidence [0-100%]: </b> 100%<br/> \n                    <b>Day/Night: </b> Night<br/>\n                    <b>Scan: </b> 1.17 km<br/>\n                    <b>Track: </b> 1.08 km<br/>\n                    <b>FRP: </b> 54.21 MW<br/>\n                    <b>Brightness: </b> 338.29 K" }, "geometry": { "type": "Polygon", "coordinates": [ [ [ 58.19319, 51.25428 ], [ 58.20755, 51.25428 ], [ 58.20755, 51.2453 ], [ 58.19319, 51.2453 ], [ 58.19319, 51.25428 ] ] ] } },
{ "type": "Feature", "properties": { "sensor": "MODIS_C6.1", "description": "<b>Latitude: </b> 51.25837<br/> \n                    <b>Longitude: </b> 58.28291<br/> \n                    <b>Detection Time: </b> 2026-09-30 16:22 UTC<br/> \n                    <b>Sensor: </b> Terra MODIS<br/>\n                    <b>Confidence [0-100%]: </b> 45%<br/> \n                    <b>Day/Night: </b> Night<br/>\n                    <b>Scan: </b> 1.18 km<br/>\n                    <b>Track: </b> 1.08 km<br/>\n                    <b>FRP: </b> 9.14 MW<br/>\n                    <b>Brightness: </b> 301.94 K" }, "geometry": { "type": "Polygon", "coordinates": [ [ [ 58.27573, 51.26286 ], [ 58.29009, 51.26286 ], [ 58.29009, 51.25388 ], [ 58.27573, 51.25388 ], [ 58.27573, 51.26286 ] ] ] } },
{ "type": "Feature", "properties": { "sensor": "MODIS_C6.1", "description": "<b>Latitude: </b> 51.2318<br/> \n                    <b>Longitude: </b> 58.12122<br/> \n                    <b>Detection Time: </b> 2026-09-30 16:22 UTC<br/> \n                    <b>Sensor: </b> Terra MODIS<br/>\n                    <b>Confidence [0-100%]: </b> 90%<br/> \n                    <b>Day/Night: </b> Night<br/>\n                    <b>Scan: </b> 1.17 km<br/>\n                    <b>Track: </b> 1.07 km<br/>\n                    <b>FRP: </b> 19.84 MW<br/>\n                    <b>Brightness: </b> 314.72 K" }, "geometry": { "type": "Polygon", "coordinates": [ [ [ 58.11405, 51.23629 ], [ 58.12839, 51.23629 ], [ 58.12839, 51.22731 ], [ 58.11405, 51.22731 ], [ 58.11405, 51.23629 ] ] ] } },
{ "type": "Feature", "properties": { "sensor": "MODIS_C6.1", "description": "<b>Latitude: </b> 51.23349<br/> \n                    <b>Longitude: </b> 58.13743<br/> \n                    <b>Detection Time: </b> 2026-09-30 16:22 UTC<br/> \n                    <b>Sensor: </b> Terra MODIS<br/>\n                    <b>Confidence [0-100%]: </b> 100%<br/> \n                    <b>Day/Night: </b> Night<br/>\n                    <b>Scan: </b> 1.17 km<br/>\n                    <b>Track: </b> 1.08 km<br/>\n                    <b>FRP: </b> 29.77 MW<br/>\n                    <b>Brightness: </b> 323.67 K" }, "geometry": { "type": "Polygon", "coordinates": [ [ [ 58.13026, 51.23798 ], [ 58.1446, 51.23798 ], [ 58.1446, 51.229 ], [ 58.13026, 51.229 ], [ 58.13026, 51.23798 ] ] ] } },
{ "type": "Feature", "properties": { "sensor": "MODIS_C6.1", "description": "<b>Latitude: </b> 51.2352<br/> \n                    <b>Longitude: </b> 58.1537<br/> \n                    <b>Detection Time: </b> 2026-09-30 16:22 UTC<br/> \n                    <b>Sensor: </b> Terra MODIS<br/>\n                    <b>Confidence [0-100%]: </b> 72%<br/> \n                    <b>Day/Night: </b> Night<br/>\n                    <b>Scan: </b> 1.17 km<br/>\n                    <b>Track: </b> 1.08 km<br/>\n                    <b>FRP: </b> 16.96 MW<br/>\n                    <b>Brightness: </b> 312.69 K" }, "geometry": { "type": "Polygon", "coordinates": [ [ [ 58.14653, 51.23969 ], [ 58.16087, 51.23969 ], [ 58.16087, 51.23071 ], [ 58.14653, 51.23071 ], [ 58.14653, 51.23969 ] ] ] } },
{ "type": "Feature", "properties": { "sensor": "MODIS_C6.1", "description": "<b>Latitude: </b> 51.60677<br/> \n                    <b>Longitude: </b> 52.93365<br/> \n                    <b>Detection Time: </b> 2026-09-30 16:22 UTC<br/> \n                    <b>Sensor: </b> Terra MODIS<br/>\n                    <b>Confidence [0-100%]: </b> 84%<br/> \n                    <b>Day/Night: </b> Night<br/>\n                    <b>Scan: </b> 1.02 km<br/>\n                    <b>Track: </b> 1.01 km<br/>\n                    <b>FRP: </b> 15.51 MW<br/>\n                    <b>Brightness: </b> 312.03 K" }, "geometry": { "type": "Polygon", "coordinates": [ [ [ 52.92642, 51.61126 ], [ 52.94088, 51.61126 ], [ 52.94088, 51.60228 ], [ 52.92642, 51.60228 ], [ 52.92642, 51.61126 ] ] ] } },
{ "type": "Feature", "properties": { "sensor": "MODIS_C6.1", "description": "<b>Latitude: </b> 51.93174<br/> \n                    <b>Longitude: </b> 58.60371<br/> \n                    <b>Detection Time: </b> 2026-09-30 16:22 UTC<br/> \n                    <b>Sensor: </b> Terra MODIS<br/>\n                    <b>Confidence [0-100%]: </b> 84%<br/> \n                    <b>Day/Night: </b> Night<br/>\n                    <b>Scan: </b> 1.23 km<br/>\n                    <b>Track: </b> 1.1 km<br/>\n                    <b>FRP: </b> 19.12 MW<br/>\n                    <b>Brightness: </b> 312.08 K" }, "geometry": { "type": "Polygon", "coordinates": [ [ [ 58.59643, 51.93623 ], [ 58.61099, 51.93623 ], [ 58.61099, 51.92725 ], [ 58.59643, 51.92725 ], [ 58.59643, 51.93623 ] ] ] } },
{ "type": "Feature", "properties": { "sensor": "MODIS_C6.1", "description": "<b>Latitude: </b> 51.91234<br/> \n                    <b>Longitude: </b> 58.60876<br/> \n                    <b>Detection Time: </b> 2026-09-30 16:22 UTC<br/> \n                    <b>Sensor: </b> Terra MODIS<br/>\n                    <b>Confidence [0-100%]: </b> 100%<br/> \n                    <b>Day/Night: </b> Night<br/>\n                    <b>Scan: </b> 1.23 km<br/>\n                    <b>Track: </b> 1.1 km<br/>\n                    <b>FRP: </b> 38.5 MW<br/>\n                    <b>Brightness: </b> 327.26 K" }, "geometry": { "type": "Polygon", "coordinates": [ [ [ 58.60148, 51.91683 ], [ 58.61604, 51.91683 ], [ 58.61604, 51.90785 ], [ 58.60148, 51.90785 ], [ 58.60148, 51.91683 ] ] ] } },
{ "type": "Feature", "properties": { "sensor": "MODIS_C6.1", "description": "<b>Latitude: </b> 51.90926<br/> \n                    <b>Longitude: </b> 58.5974<br/> \n                    <b>Detection Time: </b> 2026-09-30 16:22 UTC<br/> \n                    <b>Sensor: </b> Terra MODIS<br/>\n                    <b>Confidence [0-100%]: </b> 90%<br/> \n                    <b>Day/Night: </b> Night<br/>\n                    <b>Scan: </b> 1.23 km<br/>\n                    <b>Track: </b> 1.1 km<br/>\n                    <b>FRP: </b> 21.85 MW<br/>\n                    <b>Brightness: </b> 315.01 K" }, "geometry": { "type": "Polygon", "coordinates": [ [ [ 58.59012, 51.91375 ], [ 58.60468, 51.91375 ], [ 58.60468, 51.90477 ], [ 58.59012, 51.90477 ], [ 58.59012, 51.91375 ] ] ] } },
{ "type": "Feature", "properties": { "sensor": "MODIS_C6.1", "description": "<b>Latitude: </b> 51.91102<br/> \n                    <b>Longitude: </b> 58.61478<br/> \n                    <b>Detection Time: </b> 2026-09-30 16:22 UTC<br/> \n                    <b>Sensor: </b> Terra MODIS<br/>\n                    <b>Confidence [0-100%]: </b> 100%<br/> \n                    <b>Day/Night: </b> Night<br/>\n                    <b>Scan: </b> 1.23 km<br/>\n                    <b>Track: </b> 1.1 km<br/>\n                    <b>FRP: </b> 28.12 MW<br/>\n                    <b>Brightness: </b> 320.07 K" }, "geometry": { "type": "Polygon", "coordinates": [ [ [ 58.6075, 51.91551 ], [ 58.62206, 51.91551 ], [ 58.62206, 51.90653 ], [ 58.6075, 51.90653 ], [ 58.6075, 51.91551 ] ] ] } },
{ "type": "Feature", "properties": { "sensor": "MODIS_C6.1", "description": "<b>Latitude: </b> 51.36206<br/> \n                    <b>Longitude: </b> 54.74971<br/> \n                    <b>Detection Time: </b> 2026-09-30 16:22 UTC<br/> \n                    <b>Sensor: </b> Terra MODIS<br/>\n                    <b>Confidence [0-100%]: </b> 33%<br/> \n                    <b>Day/Night: </b> Night<br/>\n                    <b>Scan: </b> 1 km<br/>\n                    <b>Track: </b> 1 km<br/>\n                    <b>FRP: </b> 16.13 MW<br/>\n                    <b>Brightness: </b> 316.16 K" }, "geometry": { "type": "Polygon", "coordinates": [ [ [ 54.74252, 51.36655 ], [ 54.7569, 51.36655 ], [ 54.7569, 51.35757 ], [ 54.74252, 51.35757 ], [ 54.74252, 51.36655 ] ] ] } },
{ "type": "Feature", "properties": { "sensor": "MODIS_C6.1", "description": "<b>Latitude: </b> 51.36394<br/> \n                    <b>Longitude: </b> 54.76365<br/> \n                    <b>Detection Time: </b> 2026-09-30 16:22 UTC<br/> \n                    <b>Sensor: </b> Terra MODIS<br/>\n                    <b>Confidence [0-100%]: </b> 100%<br/> \n                    <b>Day/Night: </b> Night<br/>\n                    <b>Scan: </b> 1 km<br/>\n                    <b>Track: </b> 1 km<br/>\n                    <b>FRP: </b> 38.2 MW<br/>\n                    <b>Brightness: </b> 335.42 K" }, "geometry": { "type": "Polygon", "coordinates": [ [ [ 54.75646, 51.36843 ], [ 54.77084, 51.36843 ], [ 54.77084, 51.35945 ], [ 54.75646, 51.35945 ], [ 54.75646, 51.36843 ] ] ] } },
{ "type": "Feature", "properties": { "sensor": "MODIS_C6.1", "description": "<b>Latitude: </b> 51.35335<br/> \n                    <b>Longitude: </b> 54.75275<br/> \n                    <b>Detection Time: </b> 2026-09-30 16:22 UTC<br/> \n                    <b>Sensor: </b> Terra MODIS<br/>\n                    <b>Confidence [0-100%]: </b> 19%<br/> \n                    <b>Day/Night: </b> Night<br/>\n                    <b>Scan: </b> 1 km<br/>\n                    <b>Track: </b> 1 km<br/>\n                    <b>FRP: </b> 13.95 MW<br/>\n                    <b>Brightness: </b> 313.35 K" }, "geometry": { "type": "Polygon", "coordinates": [ [ [ 54.74556, 51.35784 ], [ 54.75994, 51.35784 ], [ 54.75994, 51.34886 ], [ 54.74556, 51.34886 ], [ 54.74556, 51.35784 ] ] ] } },
{ "type": "Feature", "properties": { "sensor": "MODIS_C6.1", "description": "<b>Latitude: </b> 51.35523<br/> \n                    <b>Longitude: </b> 54.76668<br/> \n                    <b>Detection Time: </b> 2026-09-30 16:22 UTC<br/> \n                    <b>Sensor: </b> Terra MODIS<br/>\n                    <b>Confidence [0-100%]: </b> 67%<br/> \n                    <b>Day/Night: </b> Night<br/>\n                    <b>Scan: </b> 1 km<br/>\n                    <b>Track: </b> 1 km<br/>\n                    <b>FRP: </b> 24.57 MW<br/>\n                    <b>Brightness: </b> 325 K" }, "geometry": { "type": "Polygon", "coordinates": [ [ [ 54.75949, 51.35972 ], [ 54.77387, 51.35972 ], [ 54.77387, 51.35074 ], [ 54.75949, 51.35074 ], [ 54.75949, 51.35972 ] ] ] } },
{ "type": "Feature", "properties": { "sensor": "MODIS_C6.1", "description": "<b>Latitude: </b> 51.34464<br/> \n                    <b>Longitude: </b> 54.75578<br/> \n                    <b>Detection Time: </b> 2026-09-30 16:22 UTC<br/> \n                    <b>Sensor: </b> Terra MODIS<br/>\n                    <b>Confidence [0-100%]: </b> 100%<br/> \n                    <b>Day/Night: </b> Night<br/>\n                    <b>Scan: </b> 1 km<br/>\n                    <b>Track: </b> 1 km<br/>\n                    <b>FRP: </b> 26.41 MW<br/>\n                    <b>Brightness: </b> 324.83 K" }, "geometry": { "type": "Polygon", "coordinates": [ [ [ 54.74859, 51.34913 ], [ 54.76297, 51.34913 ], [ 54.76297, 51.34015 ], [ 54.74859, 51.34015 ], [ 54.74859, 51.34913 ] ] ] } },
{ "type": "Feature", "properties": { "sensor": "MODIS_C6.1", "description": "<b>Latitude: </b> 51.34652<br/> \n                    <b>Longitude: </b> 54.76971<br/> \n                    <b>Detection Time: </b> 2026-09-30 16:22 UTC<br/> \n                    <b>Sensor: </b> Terra MODIS<br/>\n                    <b>Confidence [0-100%]: </b> 62%<br/> \n                    <b>Day/Night: </b> Night<br/>\n                    <b>Scan: </b> 1 km<br/>\n                    <b>Track: </b> 1 km<br/>\n                    <b>FRP: </b> 10.98 MW<br/>\n                    <b>Brightness: </b> 307.24 K" }, "geometry": { "type": "Polygon", "coordinates": [ [ [ 54.76252, 51.35101 ], [ 54.7769, 51.35101 ], [ 54.7769, 51.34203 ], [ 54.76252, 51.34203 ], [ 54.76252, 51.35101 ] ] ] } },
{ "type": "Feature", "properties": { "sensor": "MODIS_C6.1", "description": "<b>Latitude: </b> 51.43211<br/> \n                    <b>Longitude: </b> 57.73723<br/> \n                    <b>Detection Time: </b> 2026-09-30 16:22 UTC<br/> \n                    <b>Sensor: </b> Terra MODIS<br/>\n                    <b>Confidence [0-100%]: </b> 83%<br/> \n                    <b>Day/Night: </b> Night<br/>\n                    <b>Scan: </b> 1.14 km<br/>\n                    <b>Track: </b> 1.06 km<br/>\n                    <b>FRP: </b> 17.54 MW<br/>\n                    <b>Brightness: </b> 311.65 K" }, "geometry": { "type": "Polygon", "coordinates": [ [ [ 57.73003, 51.4366 ], [ 57.74443, 51.4366 ], [ 57.74443, 51.42762 ], [ 57.73003, 51.42762 ], [ 57.73003, 51.4366 ] ] ] } },
{ "type": "Feature", "properties": { "sensor": "MODIS_C6.1", "description": "<b>Latitude: </b> 51.43386<br/> \n                    <b>Longitude: </b> 57.75325<br/> \n                    <b>Detection Time: </b> 2026-09-30 16:22 UTC<br/> \n                    <b>Sensor: </b> Terra MODIS<br/>\n                    <b>Confidence [0-100%]: </b> 92%<br/> \n                    <b>Day/Night: </b> Night<br/>\n                    <b>Scan: </b> 1.14 km<br/>\n                    <b>Track: </b> 1.06 km<br/>\n                    <b>FRP: </b> 21.65 MW<br/>\n                    <b>Brightness: </b> 315.81 K" }, "geometry": { "type": "Polygon", "coordinates": [ [ [ 57.74605, 51.43835 ], [ 57.76045, 51.43835 ], [ 57.76045, 51.42937 ], [ 57.74605, 51.42937 ], [ 57.74605, 51.43835 ] ] ] } },
{ "type": "Feature", "properties": { "sensor": "MODIS_C6.1", "description": "<b>Latitude: </b> 51.286<br/> \n                    <b>Longitude: </b> 58.36102<br/> \n                    <b>Detection Time: </b> 2026-09-30 16:22 UTC<br/> \n                    <b>Sensor: </b> Terra MODIS<br/>\n                    <b>Confidence [0-100%]: </b> 74%<br/> \n                    <b>Day/Night: </b> Night<br/>\n                    <b>Scan: </b> 1.19 km<br/>\n                    <b>Track: </b> 1.08 km<br/>\n                    <b>FRP: </b> 13.76 MW<br/>\n                    <b>Brightness: </b> 308.17 K" }, "geometry": { "type": "Polygon", "coordinates": [ [ [ 58.35384, 51.29049 ], [ 58.3682, 51.29049 ], [ 58.3682, 51.28151 ], [ 58.35384, 51.28151 ], [ 58.35384, 51.29049 ] ] ] } },
{ "type": "Feature", "properties": { "sensor": "MODIS_C6.1", "description": "<b>Latitude: </b> 51.25752<br/> \n                    <b>Longitude: </b> 58.18133<br/> \n                    <b>Detection Time: </b> 2026-09-30 16:22 UTC<br/> \n                    <b>Sensor: </b> Terra MODIS<br/>\n                    <b>Confidence [0-100%]: </b> 20%<br/> \n                    <b>Day/Night: </b> Night<br/>\n                    <b>Scan: </b> 1.17 km<br/>\n                    <b>Track: </b> 1.08 km<br/>\n                    <b>FRP: </b> 8.75 MW<br/>\n                    <b>Brightness: </b> 301.6 K" }, "geometry": { "type": "Polygon", "coordinates": [ [ [ 58.17415, 51.26201 ], [ 58.18851, 51.26201 ], [ 58.18851, 51.25303 ], [ 58.17415, 51.25303 ], [ 58.17415, 51.26201 ] ] ] } },
{ "type": "Feature", "properties": { "sensor": "MODIS_C6.1", "description": "<b>Latitude: </b> 51.25925<br/> \n                    <b>Longitude: </b> 58.19791<br/> \n                    <b>Detection Time: </b> 2026-09-30 16:22 UTC<br/> \n                    <b>Sensor: </b> Terra MODIS<br/>\n                    <b>Confidence [0-100%]: </b> 81%<br/> \n                    <b>Day/Night: </b> Night<br/>\n                    <b>Scan: </b> 1.17 km<br/>\n                    <b>Track: </b> 1.08 km<br/>\n                    <b>FRP: </b> 16.11 MW<br/>\n                    <b>Brightness: </b> 310.67 K" }, "geometry": { "type": "Polygon", "coordinates": [ [ [ 58.19073, 51.26374 ], [ 58.20509, 51.26374 ], [ 58.20509, 51.25476 ], [ 58.19073, 51.25476 ], [ 58.19073, 51.26374 ] ] ] } },
{ "type": "Feature", "properties": { "sensor": "MODIS_C6.1", "description": "<b>Latitude: </b> 51.24293<br/> \n                    <b>Longitude: </b> 58.13489<br/> \n                    <b>Detection Time: </b> 2026-09-30 16:22 UTC<br/> \n                    <b>Sensor: </b> Terra MODIS<br/>\n                    <b>Confidence [0-100%]: </b> 100%<br/> \n                    <b>Day/Night: </b> Night<br/>\n                    <b>Scan: </b> 1.17 km<br/>\n                    <b>Track: </b> 1.08 km<br/>\n                    <b>FRP: </b> 29.83 MW<br/>\n                    <b>Brightness: </b> 323.47 K" }, "geometry": { "type": "Polygon", "coordinates": [ [ [ 58.12772, 51.24742 ], [ 58.14206, 51.24742 ], [ 58.14206, 51.23844 ], [ 58.12772, 51.23844 ], [ 58.12772, 51.24742 ] ] ] } },
{ "type": "Feature", "properties": { "sensor": "MODIS_C6.1", "description": "<b>Latitude: </b> 57.42644<br/> \n                    <b>Longitude: </b> 78.68727<br/> \n                    <b>Detection Time: </b> 2026-09-30 14:44 UTC<br/> \n                    <b>Sensor: </b> Terra MODIS<br/>\n                    <b>Confidence [0-100%]: </b> 63%<br/> \n                    <b>Day/Night: </b> Night<br/>\n                    <b>Scan: </b> 1.06 km<br/>\n                    <b>Track: </b> 1.03 km<br/>\n                    <b>FRP: </b> 11.99 MW<br/>\n                    <b>Brightness: </b> 305.09 K" }, "geometry": { "type": "Polygon", "coordinates": [ [ [ 78.67893, 57.43093 ], [ 78.69561, 57.43093 ], [ 78.69561, 57.42195 ], [ 78.67893, 57.42195 ], [ 78.67893, 57.43093 ] ] ] } },
{ "type": "Feature", "properties": { "sensor": "MODIS_C6.1", "description": "<b>Latitude: </b> 57.42847<br/> \n                    <b>Longitude: </b> 78.70442<br/> \n                    <b>Detection Time: </b> 2026-09-30 14:44 UTC<br/> \n                    <b>Sensor: </b> Terra MODIS<br/>\n                    <b>Confidence [0-100%]: </b> 23%<br/> \n                    <b>Day/Night: </b> Night<br/>\n                    <b>Scan: </b> 1.06 km<br/>\n                    <b>Track: </b> 1.03 km<br/>\n                    <b>FRP: </b> 9.21 MW<br/>\n                    <b>Brightness: </b> 300.26 K" }, "geometry": { "type": "Polygon", "coordinates": [ [ [ 78.69608, 57.43296 ], [ 78.71276, 57.43296 ], [ 78.71276, 57.42398 ], [ 78.69608, 57.42398 ], [ 78.69608, 57.43296 ] ] ] } },
{ "type": "Feature", "properties": { "sensor": "MODIS_C6.1", "description": "<b>Latitude: </b> 60.84293<br/> \n                    <b>Longitude: </b> 70.78642<br/> \n                    <b>Detection Time: </b> 2026-09-30 14:44 UTC<br/> \n                    <b>Sensor: </b> Terra MODIS<br/>\n                    <b>Confidence [0-100%]: </b> 56%<br/> \n                    <b>Day/Night: </b> Night<br/>\n                    <b>Scan: </b> 1.06 km<br/>\n                    <b>Track: </b> 1.03 km<br/>\n                    <b>FRP: </b> 10.53 MW<br/>\n                    <b>Brightness: </b> 303.59 K" }, "geometry": { "type": "Polygon", "coordinates": [ [ [ 70.7772, 60.84742 ], [ 70.79564, 60.84742 ], [ 70.79564, 60.83844 ], [ 70.7772, 60.83844 ], [ 70.7772, 60.84742 ] ] ] } },
{ "type": "Feature", "properties": { "sensor": "MODIS_C6.1", "description": "<b>Latitude: </b> 60.86724<br/> \n                    <b>Longitude: </b> 71.28077<br/> \n                    <b>Detection Time: </b> 2026-09-30 14:44 UTC<br/> \n                    <b>Sensor: </b> Terra MODIS<br/>\n                    <b>Confidence [0-100%]: </b> 38%<br/> \n                    <b>Day/Night: </b> Night<br/>\n                    <b>Scan: </b> 1.04 km<br/>\n                    <b>Track: </b> 1.02 km<br/>\n                    <b>FRP: </b> 8.85 MW<br/>\n                    <b>Brightness: </b> 301.13 K" }, "geometry": { "type": "Polygon", "coordinates": [ [ [ 71.27154, 60.87173 ], [ 71.29, 60.87173 ], [ 71.29, 60.86275 ], [ 71.27154, 60.86275 ], [ 71.27154, 60.87173 ] ] ] } },
{ "type": "Feature", "properties": { "sensor": "MODIS_C6.1", "description": "<b>Latitude: </b> 59.89044<br/> \n                    <b>Longitude: </b> 71.72813<br/> \n                    <b>Detection Time: </b> 2026-09-30 14:44 UTC<br/> \n                    <b>Sensor: </b> Terra MODIS<br/>\n                    <b>Confidence [0-100%]: </b> 53%<br/> \n                    <b>Day/Night: </b> Night<br/>\n                    <b>Scan: </b> 1.05 km<br/>\n                    <b>Track: </b> 1.02 km<br/>\n                    <b>FRP: </b> 10.19 MW<br/>\n                    <b>Brightness: </b> 303.06 K" }, "geometry": { "type": "Polygon", "coordinates": [ [ [ 71.71918, 59.89493 ], [ 71.73708, 59.89493 ], [ 71.73708, 59.88595 ], [ 71.71918, 59.88595 ], [ 71.71918, 59.89493 ] ] ] } },
{ "type": "Feature", "properties": { "sensor": "MODIS_C6.1", "description": "<b>Latitude: </b> 46.92498<br/> \n                    <b>Longitude: </b> 30.10806<br/> \n                    <b>Detection Time: </b> 2026-09-30 13:44 UTC<br/> \n                    <b>Sensor: </b> Aqua MODIS<br/>\n                    <b>Confidence [0-100%]: </b> 56%<br/> \n                    <b>Day/Night: </b> Day<br/>\n                    <b>Scan: </b> 2.42 km<br/>\n                    <b>Track: </b> 1.5 km<br/>\n                    <b>FRP: </b> 12.9 MW<br/>\n                    <b>Brightness: </b> 303.55 K" }, "geometry": { "type": "Polygon", "coordinates": [ [ [ 30.10148, 46.92947 ], [ 30.11464, 46.92947 ], [ 30.11464, 46.92049 ], [ 30.10148, 46.92049 ], [ 30.10148, 46.92947 ] ] ] } },
{ "type": "Feature", "properties": { "sensor": "MODIS_C6.1", "description": "<b>Latitude: </b> 46.93407<br/> \n                    <b>Longitude: </b> 30.10188<br/> \n                    <b>Detection Time: </b> 2026-09-30 13:44 UTC<br/> \n                    <b>Sensor: </b> Aqua MODIS<br/>\n                    <b>Confidence [0-100%]: </b> 58%<br/> \n                    <b>Day/Night: </b> Day<br/>\n                    <b>Scan: </b> 2.42 km<br/>\n                    <b>Track: </b> 1.5 km<br/>\n                    <b>FRP: </b> 14.91 MW<br/>\n                    <b>Brightness: </b> 304.17 K" }, "geometry": { "type": "Polygon", "coordinates": [ [ [ 30.0953, 46.93856 ], [ 30.10846, 46.93856 ], [ 30.10846, 46.92958 ], [ 30.0953, 46.92958 ], [ 30.0953, 46.93856 ] ] ] } },
{ "type": "Feature", "properties": { "sensor": "MODIS_C6.1", "description": "<b>Latitude: </b> 45.5236<br/> \n                    <b>Longitude: </b> 28.7944<br/> \n                    <b>Detection Time: </b> 2026-09-30 13:44 UTC<br/> \n                    <b>Sensor: </b> Aqua MODIS<br/>\n                    <b>Confidence [0-100%]: </b> 73%<br/> \n                    <b>Day/Night: </b> Day<br/>\n                    <b>Scan: </b> 1.96 km<br/>\n                    <b>Track: </b> 1.37 km<br/>\n                    <b>FRP: </b> 25 MW<br/>\n                    <b>Brightness: </b> 313.1 K" }, "geometry": { "type": "Polygon", "coordinates": [ [ [ 28.78799, 45.52809 ], [ 28.80081, 45.52809 ], [ 28.80081, 45.51911 ], [ 28.78799, 45.51911 ], [ 28.78799, 45.52809 ] ] ] } },
{ "type": "Feature", "properties": { "sensor": "MODIS_C6.1", "description": "<b>Latitude: </b> 45.52554<br/> \n                    <b>Longitude: </b> 28.81877<br/> \n                    <b>Detection Time: </b> 2026-09-30 13:44 UTC<br/> \n                    <b>Sensor: </b> Aqua MODIS<br/>\n                    <b>Confidence [0-100%]: </b> 99%<br/> \n                    <b>Day/Night: </b> Day<br/>\n                    <b>Scan: </b> 1.96 km<br/>\n                    <b>Track: </b> 1.37 km<br/>\n                    <b>FRP: </b> 206.66 MW<br/>\n                    <b>Brightness: </b> 357.25 K" }, "geometry": { "type": "Polygon", "coordinates": [ [ [ 28.81236, 45.53003 ], [ 28.82518, 45.53003 ], [ 28.82518, 45.52105 ], [ 28.81236, 45.52105 ], [ 28.81236, 45.53003 ] ] ] } },
{ "type": "Feature", "properties": { "sensor": "MODIS_C6.1", "description": "<b>Latitude: </b> 62.35971<br/> \n                    <b>Longitude: </b> 113.67621<br/> \n                    <b>Detection Time: </b> 2026-09-30 13:06 UTC<br/> \n                    <b>Sensor: </b> Terra MODIS<br/>\n                    <b>Confidence [0-100%]: </b> 59%<br/> \n                    <b>Day/Night: </b> Night<br/>\n                    <b>Scan: </b> 2.76 km<br/>\n                    <b>Track: </b> 1.59 km<br/>\n                    <b>FRP: </b> 51.03 MW<br/>\n                    <b>Brightness: </b> 304.11 K" }, "geometry": { "type": "Polygon", "coordinates": [ [ [ 113.66653, 62.3642 ], [ 113.68589, 62.3642 ], [ 113.68589, 62.35522 ], [ 113.66653, 62.35522 ], [ 113.66653, 62.3642 ] ] ] } },
{ "type": "Feature", "properties": { "sensor": "MODIS_C6.1", "description": "<b>Latitude: </b> 51.06582<br/> \n                    <b>Longitude: </b> 35.34425<br/> \n                    <b>Detection Time: </b> 2026-09-30 12:08 UTC<br/> \n                    <b>Sensor: </b> Aqua MODIS<br/>\n                    <b>Confidence [0-100%]: </b> 43%<br/> \n                    <b>Day/Night: </b> Day<br/>\n                    <b>Scan: </b> 1.68 km<br/>\n                    <b>Track: </b> 1.28 km<br/>\n                    <b>FRP: </b> 9.52 MW<br/>\n                    <b>Brightness: </b> 300.92 K" }, "geometry": { "type": "Polygon", "coordinates": [ [ [ 35.3371, 51.07031 ], [ 35.3514, 51.07031 ], [ 35.3514, 51.06133 ], [ 35.3371, 51.06133 ], [ 35.3371, 51.07031 ] ] ] } },
{ "type": "Feature", "properties": { "sensor": "MODIS_C6.1", "description": "<b>Latitude: </b> 51.16135<br/> \n                    <b>Longitude: </b> 35.23531<br/> \n                    <b>Detection Time: </b> 2026-09-30 12:08 UTC<br/> \n                    <b>Sensor: </b> Aqua MODIS<br/>\n                    <b>Confidence [0-100%]: </b> 48%<br/> \n                    <b>Day/Night: </b> Day<br/>\n                    <b>Scan: </b> 1.69 km<br/>\n                    <b>Track: </b> 1.28 km<br/>\n                    <b>FRP: </b> 9.95 MW<br/>\n                    <b>Brightness: </b> 301.62 K" }, "geometry": { "type": "Polygon", "coordinates": [ [ [ 35.22815, 51.16584 ], [ 35.24247, 51.16584 ], [ 35.24247, 51.15686 ], [ 35.22815, 51.15686 ], [ 35.22815, 51.16584 ] ] ] } },
{ "type": "Feature", "properties": { "sensor": "MODIS_C6.1", "description": "<b>Latitude: </b> 55.40146<br/> \n                    <b>Longitude: </b> 42.32834<br/> \n                    <b>Detection Time: </b> 2026-09-30 12:08 UTC<br/> \n                    <b>Sensor: </b> Aqua MODIS<br/>\n                    <b>Confidence [0-100%]: </b> 51%<br/> \n                    <b>Day/Night: </b> Day<br/>\n                    <b>Scan: </b> 1.01 km<br/>\n                    <b>Track: </b> 1.01 km<br/>\n                    <b>FRP: </b> 6.05 MW<br/>\n                    <b>Brightness: </b> 302.33 K" }, "geometry": { "type": "Polygon", "coordinates": [ [ [ 42.32043, 55.40595 ], [ 42.33625, 55.40595 ], [ 42.33625, 55.39697 ], [ 42.32043, 55.39697 ], [ 42.32043, 55.40595 ] ] ] } },
{ "type": "Feature", "properties": { "sensor": "MODIS_C6.1", "description": "<b>Latitude: </b> 53.67393<br/> \n                    <b>Longitude: </b> 33.26711<br/> \n                    <b>Detection Time: </b> 2026-09-30 12:08 UTC<br/> \n                    <b>Sensor: </b> Aqua MODIS<br/>\n                    <b>Confidence [0-100%]: </b> 51%<br/> \n                    <b>Day/Night: </b> Day<br/>\n                    <b>Scan: </b> 1.74 km<br/>\n                    <b>Track: </b> 1.29 km<br/>\n                    <b>FRP: </b> 11.96 MW<br/>\n                    <b>Brightness: </b> 302.23 K" }, "geometry": { "type": "Polygon", "coordinates": [ [ [ 33.25953, 53.67842 ], [ 33.27469, 53.67842 ], [ 33.27469, 53.66944 ], [ 33.25953, 53.66944 ], [ 33.25953, 53.67842 ] ] ] } },
{ "type": "Feature", "properties": { "sensor": "MODIS_C6.1", "description": "<b>Latitude: </b> 53.02236<br/> \n                    <b>Longitude: </b> 32.99097<br/> \n                    <b>Detection Time: </b> 2026-09-30 12:08 UTC<br/> \n                    <b>Sensor: </b> Aqua MODIS<br/>\n                    <b>Confidence [0-100%]: </b> 62%<br/> \n                    <b>Day/Night: </b> Day<br/>\n                    <b>Scan: </b> 1.87 km<br/>\n                    <b>Track: </b> 1.34 km<br/>\n                    <b>FRP: </b> 16.91 MW<br/>\n                    <b>Brightness: </b> 305.54 K" }, "geometry": { "type": "Polygon", "coordinates": [ [ [ 32.9835, 53.02685 ], [ 32.99844, 53.02685 ], [ 32.99844, 53.01787 ], [ 32.9835, 53.01787 ], [ 32.9835, 53.02685 ] ] ] } },
{ "type": "Feature", "properties": { "sensor": "MODIS_C6.1", "description": "<b>Latitude: </b> 53.02073<br/> \n                    <b>Longitude: </b> 32.96975<br/> \n                    <b>Detection Time: </b> 2026-09-30 12:08 UTC<br/> \n                    <b>Sensor: </b> Aqua MODIS<br/>\n                    <b>Confidence [0-100%]: </b> 41%<br/> \n                    <b>Day/Night: </b> Day<br/>\n                    <b>Scan: </b> 1.88 km<br/>\n                    <b>Track: </b> 1.34 km<br/>\n                    <b>FRP: </b> 9.95 MW<br/>\n                    <b>Brightness: </b> 301.41 K" }, "geometry": { "type": "Polygon", "coordinates": [ [ [ 32.96228, 53.02522 ], [ 32.97722, 53.02522 ], [ 32.97722, 53.01624 ], [ 32.96228, 53.01624 ], [ 32.96228, 53.02522 ] ] ] } },
{ "type": "Feature", "properties": { "sensor": "MODIS_C6.1", "description": "<b>Latitude: </b> 53.02673<br/> \n                    <b>Longitude: </b> 32.99548<br/> \n                    <b>Detection Time: </b> 2026-09-30 12:08 UTC<br/> \n                    <b>Sensor: </b> Aqua MODIS<br/>\n                    <b>Confidence [0-100%]: </b> 50%<br/> \n                    <b>Day/Night: </b> Day<br/>\n                    <b>Scan: </b> 1.87 km<br/>\n                    <b>Track: </b> 1.34 km<br/>\n                    <b>FRP: </b> 11.16 MW<br/>\n                    <b>Brightness: </b> 302.28 K" }, "geometry": { "type": "Polygon", "coordinates": [ [ [ 32.98801, 53.03122 ], [ 33.00295, 53.03122 ], [ 33.00295, 53.02224 ], [ 32.98801, 53.02224 ], [ 32.98801, 53.03122 ] ] ] } },
{ "type": "Feature", "properties": { "sensor": "MODIS_C6.1", "description": "<b>Latitude: </b> 52.54515<br/> \n                    <b>Longitude: </b> 32.24218<br/> \n                    <b>Detection Time: </b> 2026-09-30 12:08 UTC<br/> \n                    <b>Sensor: </b> Aqua MODIS<br/>\n                    <b>Confidence [0-100%]: </b> 68%<br/> \n                    <b>Day/Night: </b> Day<br/>\n                    <b>Scan: </b> 2.1 km<br/>\n                    <b>Track: </b> 1.41 km<br/>\n                    <b>FRP: </b> 27.42 MW<br/>\n                    <b>Brightness: </b> 309.09 K" }, "geometry": { "type": "Polygon", "coordinates": [ [ [ 32.23479, 52.54964 ], [ 32.24957, 52.54964 ], [ 32.24957, 52.54066 ], [ 32.23479, 52.54066 ], [ 32.23479, 52.54964 ] ] ] } },
{ "type": "Feature", "properties": { "sensor": "MODIS_C6.1", "description": "<b>Latitude: </b> 54.57144<br/> \n                    <b>Longitude: </b> 42.80073<br/> \n                    <b>Detection Time: </b> 2026-09-30 12:08 UTC<br/> \n                    <b>Sensor: </b> Aqua MODIS<br/>\n                    <b>Confidence [0-100%]: </b> 51%<br/> \n                    <b>Day/Night: </b> Day<br/>\n                    <b>Scan: </b> 1.02 km<br/>\n                    <b>Track: </b> 1.01 km<br/>\n                    <b>FRP: </b> 6.38 MW<br/>\n                    <b>Brightness: </b> 302.15 K" }, "geometry": { "type": "Polygon", "coordinates": [ [ [ 42.79298, 54.57593 ], [ 42.80848, 54.57593 ], [ 42.80848, 54.56695 ], [ 42.79298, 54.56695 ], [ 42.79298, 54.57593 ] ] ] } },
{ "type": "Feature", "properties": { "sensor": "MODIS_C6.1", "description": "<b>Latitude: </b> 52.55445<br/> \n                    <b>Longitude: </b> 32.23997<br/> \n                    <b>Detection Time: </b> 2026-09-30 12:08 UTC<br/> \n                    <b>Sensor: </b> Aqua MODIS<br/>\n                    <b>Confidence [0-100%]: </b> 51%<br/> \n                    <b>Day/Night: </b> Day<br/>\n                    <b>Scan: </b> 2.1 km<br/>\n                    <b>Track: </b> 1.41 km<br/>\n                    <b>FRP: </b> 14.21 MW<br/>\n                    <b>Brightness: </b> 302.21 K" }, "geometry": { "type": "Polygon", "coordinates": [ [ [ 32.23258, 52.55894 ], [ 32.24736, 52.55894 ], [ 32.24736, 52.54996 ], [ 32.23258, 52.54996 ], [ 32.23258, 52.55894 ] ] ] } },
{ "type": "Feature", "properties": { "sensor": "MODIS_C6.1", "description": "<b>Latitude: </b> 53.05177<br/> \n                    <b>Longitude: </b> 35.90733<br/> \n                    <b>Detection Time: </b> 2026-09-30 12:08 UTC<br/> \n                    <b>Sensor: </b> Aqua MODIS<br/>\n                    <b>Confidence [0-100%]: </b> 41%<br/> \n                    <b>Day/Night: </b> Day<br/>\n                    <b>Scan: </b> 1.4 km<br/>\n                    <b>Track: </b> 1.17 km<br/>\n                    <b>FRP: </b> 6.67 MW<br/>\n                    <b>Brightness: </b> 300.74 K" }, "geometry": { "type": "Polygon", "coordinates": [ [ [ 35.89986, 53.05626 ], [ 35.9148, 53.05626 ], [ 35.9148, 53.04728 ], [ 35.89986, 53.04728 ], [ 35.89986, 53.05626 ] ] ] } },
{ "type": "Feature", "properties": { "sensor": "MODIS_C6.1", "description": "<b>Latitude: </b> 52.19612<br/> \n                    <b>Longitude: </b> 34.03838<br/> \n                    <b>Detection Time: </b> 2026-09-30 12:08 UTC<br/> \n                    <b>Sensor: </b> Aqua MODIS<br/>\n                    <b>Confidence [0-100%]: </b> 58%<br/> \n                    <b>Day/Night: </b> Day<br/>\n                    <b>Scan: </b> 1.79 km<br/>\n                    <b>Track: </b> 1.31 km<br/>\n                    <b>FRP: </b> 15.4 MW<br/>\n                    <b>Brightness: </b> 304.17 K" }, "geometry": { "type": "Polygon", "coordinates": [ [ [ 34.03105, 52.20061 ], [ 34.04571, 52.20061 ], [ 34.04571, 52.19163 ], [ 34.03105, 52.19163 ], [ 34.03105, 52.20061 ] ] ] } },
{ "type": "Feature", "properties": { "sensor": "MODIS_C6.1", "description": "<b>Latitude: </b> 52.19344<br/> \n                    <b>Longitude: </b> 34.01693<br/> \n                    <b>Detection Time: </b> 2026-09-30 12:08 UTC<br/> \n                    <b>Sensor: </b> Aqua MODIS<br/>\n                    <b>Confidence [0-100%]: </b> 33%<br/> \n                    <b>Day/Night: </b> Day<br/>\n                    <b>Scan: </b> 1.79 km<br/>\n                    <b>Track: </b> 1.31 km<br/>\n                    <b>FRP: </b> 9.2 MW<br/>\n                    <b>Brightness: </b> 300.47 K" }, "geometry": { "type": "Polygon", "coordinates": [ [ [ 34.0096, 52.19793 ], [ 34.02426, 52.19793 ], [ 34.02426, 52.18895 ], [ 34.0096, 52.18895 ], [ 34.0096, 52.19793 ] ] ] } },
{ "type": "Feature", "properties": { "sensor": "MODIS_C6.1", "description": "<b>Latitude: </b> 52.19891<br/> \n                    <b>Longitude: </b> 34.04101<br/> \n                    <b>Detection Time: </b> 2026-09-30 12:08 UTC<br/> \n                    <b>Sensor: </b> Aqua MODIS<br/>\n                    <b>Confidence [0-100%]: </b> 49%<br/> \n                    <b>Day/Night: </b> Day<br/>\n                    <b>Scan: </b> 1.79 km<br/>\n                    <b>Track: </b> 1.31 km<br/>\n                    <b>FRP: </b> 11.1 MW<br/>\n                    <b>Brightness: </b> 301.94 K" }, "geometry": { "type": "Polygon", "coordinates": [ [ [ 34.03368, 52.2034 ], [ 34.04834, 52.2034 ], [ 34.04834, 52.19442 ], [ 34.03368, 52.19442 ], [ 34.03368, 52.2034 ] ] ] } },
{ "type": "Feature", "properties": { "sensor": "MODIS_C6.1", "description": "<b>Latitude: </b> 53.52089<br/> \n                    <b>Longitude: </b> 40.91247<br/> \n                    <b>Detection Time: </b> 2026-09-30 12:08 UTC<br/> \n                    <b>Sensor: </b> Aqua MODIS<br/>\n                    <b>Confidence [0-100%]: </b> 41%<br/> \n                    <b>Day/Night: </b> Day<br/>\n                    <b>Scan: </b> 1.01 km<br/>\n                    <b>Track: </b> 1.01 km<br/>\n                    <b>FRP: </b> 5.05 MW<br/>\n                    <b>Brightness: </b> 301.85 K" }, "geometry": { "type": "Polygon", "coordinates": [ [ [ 40.90492, 53.52538 ], [ 40.92002, 53.52538 ], [ 40.92002, 53.5164 ], [ 40.90492, 53.5164 ], [ 40.90492, 53.52538 ] ] ] } },
{ "type": "Feature", "properties": { "sensor": "MODIS_C6.1", "description": "<b>Latitude: </b> 53.51231<br/> \n                    <b>Longitude: </b> 40.91638<br/> \n                    <b>Detection Time: </b> 2026-09-30 12:08 UTC<br/> \n                    <b>Sensor: </b> Aqua MODIS<br/>\n                    <b>Confidence [0-100%]: </b> 69%<br/> \n                    <b>Day/Night: </b> Day<br/>\n                    <b>Scan: </b> 1.01 km<br/>\n                    <b>Track: </b> 1.01 km<br/>\n                    <b>FRP: </b> 10.28 MW<br/>\n                    <b>Brightness: </b> 309.78 K" }, "geometry": { "type": "Polygon", "coordinates": [ [ [ 40.90883, 53.5168 ], [ 40.92393, 53.5168 ], [ 40.92393, 53.50782 ], [ 40.90883, 53.50782 ], [ 40.90883, 53.5168 ] ] ] } },
{ "type": "Feature", "properties": { "sensor": "MODIS_C6.1", "description": "<b>Latitude: </b> 52.55801<br/> \n                    <b>Longitude: </b> 39.56107<br/> \n                    <b>Detection Time: </b> 2026-09-30 12:08 UTC<br/> \n                    <b>Sensor: </b> Aqua MODIS<br/>\n                    <b>Confidence [0-100%]: </b> 48%<br/> \n                    <b>Day/Night: </b> Day<br/>\n                    <b>Scan: </b> 1.09 km<br/>\n                    <b>Track: </b> 1.04 km<br/>\n                    <b>FRP: </b> 6.04 MW<br/>\n                    <b>Brightness: </b> 302.07 K" }, "geometry": { "type": "Polygon", "coordinates": [ [ [ 39.55368, 52.5625 ], [ 39.56846, 52.5625 ], [ 39.56846, 52.55352 ], [ 39.55368, 52.55352 ], [ 39.55368, 52.5625 ] ] ] } },
{ "type": "Feature", "properties": { "sensor": "MODIS_C6.1", "description": "<b>Latitude: </b> 52.5492<br/> \n                    <b>Longitude: </b> 39.56537<br/> \n                    <b>Detection Time: </b> 2026-09-30 12:08 UTC<br/> \n                    <b>Sensor: </b> Aqua MODIS<br/>\n                    <b>Confidence [0-100%]: </b> 85%<br/> \n                    <b>Day/Night: </b> Day<br/>\n                    <b>Scan: </b> 1.09 km<br/>\n                    <b>Track: </b> 1.04 km<br/>\n                    <b>FRP: </b> 44.12 MW<br/>\n                    <b>Brightness: </b> 336.74 K" }, "geometry": { "type": "Polygon", "coordinates": [ [ [ 39.55798, 52.55369 ], [ 39.57276, 52.55369 ], [ 39.57276, 52.54471 ], [ 39.55798, 52.54471 ], [ 39.55798, 52.55369 ] ] ] } },
{ "type": "Feature", "properties": { "sensor": "MODIS_C6.1", "description": "<b>Latitude: </b> 52.55189<br/> \n                    <b>Longitude: </b> 39.58054<br/> \n                    <b>Detection Time: </b> 2026-09-30 12:08 UTC<br/> \n                    <b>Sensor: </b> Aqua MODIS<br/>\n                    <b>Confidence [0-100%]: </b> 72%<br/> \n                    <b>Day/Night: </b> Day<br/>\n                    <b>Scan: </b> 1.09 km<br/>\n                    <b>Track: </b> 1.04 km<br/>\n                    <b>FRP: </b> 63.36 MW<br/>\n                    <b>Brightness: </b> 346.59 K" }, "geometry": { "type": "Polygon", "coordinates": [ [ [ 39.57315, 52.55638 ], [ 39.58793, 52.55638 ], [ 39.58793, 52.5474 ], [ 39.57315, 52.5474 ], [ 39.57315, 52.55638 ] ] ] } },
{ "type": "Feature", "properties": { "sensor": "MODIS_C6.1", "description": "<b>Latitude: </b> 52.53296<br/> \n                    <b>Longitude: </b> 39.62742<br/> \n                    <b>Detection Time: </b> 2026-09-30 12:08 UTC<br/> \n                    <b>Sensor: </b> Aqua MODIS<br/>\n                    <b>Confidence [0-100%]: </b> 34%<br/> \n                    <b>Day/Night: </b> Day<br/>\n                    <b>Scan: </b> 1.09 km<br/>\n                    <b>Track: </b> 1.04 km<br/>\n                    <b>FRP: </b> 5.81 MW<br/>\n                    <b>Brightness: </b> 303.44 K" }, "geometry": { "type": "Polygon", "coordinates": [ [ [ 39.62004, 52.53745 ], [ 39.6348, 52.53745 ], [ 39.6348, 52.52847 ], [ 39.62004, 52.52847 ], [ 39.62004, 52.53745 ] ] ] } },
{ "type": "Feature", "properties": { "sensor": "MODIS_C6.1", "description": "<b>Latitude: </b> 52.54788<br/> \n                    <b>Longitude: </b> 40.0413<br/> \n                    <b>Detection Time: </b> 2026-09-30 12:08 UTC<br/> \n                    <b>Sensor: </b> Aqua MODIS<br/>\n                    <b>Confidence [0-100%]: </b> 46%<br/> \n                    <b>Day/Night: </b> Day<br/>\n                    <b>Scan: </b> 1.06 km<br/>\n                    <b>Track: </b> 1.03 km<br/>\n                    <b>FRP: </b> 5.57 MW<br/>\n                    <b>Brightness: </b> 302.67 K" }, "geometry": { "type": "Polygon", "coordinates": [ [ [ 40.03391, 52.55237 ], [ 40.04869, 52.55237 ], [ 40.04869, 52.54339 ], [ 40.03391, 52.54339 ], [ 40.03391, 52.55237 ] ] ] } },
{ "type": "Feature", "properties": { "sensor": "MODIS_C6.1", "description": "<b>Latitude: </b> 52.55043<br/> \n                    <b>Longitude: </b> 40.0561<br/> \n                    <b>Detection Time: </b> 2026-09-30 12:08 UTC<br/> \n                    <b>Sensor: </b> Aqua MODIS<br/>\n                    <b>Confidence [0-100%]: </b> 91%<br/> \n                    <b>Day/Night: </b> Day<br/>\n                    <b>Scan: </b> 1.06 km<br/>\n                    <b>Track: </b> 1.03 km<br/>\n                    <b>FRP: </b> 44.27 MW<br/>\n                    <b>Brightness: </b> 337.84 K" }, "geometry": { "type": "Polygon", "coordinates": [ [ [ 40.04871, 52.55492 ], [ 40.06349, 52.55492 ], [ 40.06349, 52.54594 ], [ 40.04871, 52.54594 ], [ 40.04871, 52.55492 ] ] ] } },
{ "type": "Feature", "properties": { "sensor": "MODIS_C6.1", "description": "<b>Latitude: </b> 52.55299<br/> \n                    <b>Longitude: </b> 40.07093<br/> \n                    <b>Detection Time: </b> 2026-09-30 12:08 UTC<br/> \n                    <b>Sensor: </b> Aqua MODIS<br/>\n                    <b>Confidence [0-100%]: </b> 41%<br/> \n                    <b>Day/Night: </b> Day<br/>\n                    <b>Scan: </b> 1.06 km<br/>\n                    <b>Track: </b> 1.03 km<br/>\n                    <b>FRP: </b> 5.29 MW<br/>\n                    <b>Brightness: </b> 302.11 K" }, "geometry": { "type": "Polygon", "coordinates": [ [ [ 40.06354, 52.55748 ], [ 40.07832, 52.55748 ], [ 40.07832, 52.5485 ], [ 40.06354, 52.5485 ], [ 40.06354, 52.55748 ] ] ] } },
{ "type": "Feature", "properties": { "sensor": "MODIS_C6.1", "description": "<b>Latitude: </b> 52.53913<br/> \n                    <b>Longitude: </b> 40.04538<br/> \n                    <b>Detection Time: </b> 2026-09-30 12:08 UTC<br/> \n                    <b>Sensor: </b> Aqua MODIS<br/>\n                    <b>Confidence [0-100%]: </b> 31%<br/> \n                    <b>Day/Night: </b> Day<br/>\n                    <b>Scan: </b> 1.06 km<br/>\n                    <b>Track: </b> 1.03 km<br/>\n                    <b>FRP: </b> 5 MW<br/>\n                    <b>Brightness: </b> 302.12 K" }, "geometry": { "type": "Polygon", "coordinates": [ [ [ 40.038, 52.54362 ], [ 40.05276, 52.54362 ], [ 40.05276, 52.53464 ], [ 40.038, 52.53464 ], [ 40.038, 52.54362 ] ] ] } },
{ "type": "Feature", "properties": { "sensor": "MODIS_C6.1", "description": "<b>Latitude: </b> 52.5417<br/> \n                    <b>Longitude: </b> 40.06022<br/> \n                    <b>Detection Time: </b> 2026-09-30 12:08 UTC<br/> \n                    <b>Sensor: </b> Aqua MODIS<br/>\n                    <b>Confidence [0-100%]: </b> 84%<br/> \n                    <b>Day/Night: </b> Day<br/>\n                    <b>Scan: </b> 1.06 km<br/>\n                    <b>Track: </b> 1.03 km<br/>\n                    <b>FRP: </b> 26.35 MW<br/>\n                    <b>Brightness: </b> 325.97 K" }, "geometry": { "type": "Polygon", "coordinates": [ [ [ 40.05283, 52.54619 ], [ 40.06761, 52.54619 ], [ 40.06761, 52.53721 ], [ 40.05283, 52.53721 ], [ 40.05283, 52.54619 ] ] ] } },
{ "type": "Feature", "properties": { "sensor": "MODIS_C6.1", "description": "<b>Latitude: </b> 51.26767<br/> \n                    <b>Longitude: </b> 35.0093<br/> \n                    <b>Detection Time: </b> 2026-09-30 12:08 UTC<br/> \n                    <b>Sensor: </b> Aqua MODIS<br/>\n                    <b>Confidence [0-100%]: </b> 58%<br/> \n                    <b>Day/Night: </b> Day<br/>\n                    <b>Scan: </b> 1.72 km<br/>\n                    <b>Track: </b> 1.29 km<br/>\n                    <b>FRP: </b> 15.25 MW<br/>\n                    <b>Brightness: </b> 305.56 K" }, "geometry": { "type": "Polygon", "coordinates": [ [ [ 35.00212, 51.27216 ], [ 35.01648, 51.27216 ], [ 35.01648, 51.26318 ], [ 35.00212, 51.26318 ], [ 35.00212, 51.27216 ] ] ] } },
{ "type": "Feature", "properties": { "sensor": "MODIS_C6.1", "description": "<b>Latitude: </b> 51.25836<br/> \n                    <b>Longitude: </b> 35.0192<br/> \n                    <b>Detection Time: </b> 2026-09-30 12:08 UTC<br/> \n                    <b>Sensor: </b> Aqua MODIS<br/>\n                    <b>Confidence [0-100%]: </b> 55%<br/> \n                    <b>Day/Night: </b> Day<br/>\n                    <b>Scan: </b> 1.72 km<br/>\n                    <b>Track: </b> 1.29 km<br/>\n                    <b>FRP: </b> 11.1 MW<br/>\n                    <b>Brightness: </b> 303.28 K" }, "geometry": { "type": "Polygon", "coordinates": [ [ [ 35.01202, 51.26285 ], [ 35.02638, 51.26285 ], [ 35.02638, 51.25387 ], [ 35.01202, 51.25387 ], [ 35.01202, 51.26285 ] ] ] } },
{ "type": "Feature", "properties": { "sensor": "MODIS_C6.1", "description": "<b>Latitude: </b> 47.24633<br/> \n                    <b>Longitude: </b> 34.15779<br/> \n                    <b>Detection Time: </b> 2026-09-30 12:06 UTC<br/> \n                    <b>Sensor: </b> Aqua MODIS<br/>\n                    <b>Confidence [0-100%]: </b> 31%<br/> \n                    <b>Day/Night: </b> Day<br/>\n                    <b>Scan: </b> 2.54 km<br/>\n                    <b>Track: </b> 1.53 km<br/>\n                    <b>FRP: </b> 8.67 MW<br/>\n                    <b>Brightness: </b> 300.45 K" }, "geometry": { "type": "Polygon", "coordinates": [ [ [ 34.15117, 47.25082 ], [ 34.16441, 47.25082 ], [ 34.16441, 47.24184 ], [ 34.15117, 47.24184 ], [ 34.15117, 47.25082 ] ] ] } },
{ "type": "Feature", "properties": { "sensor": "MODIS_C6.1", "description": "<b>Latitude: </b> 49.37618<br/> \n                    <b>Longitude: </b> 32.07232<br/> \n                    <b>Detection Time: </b> 2026-09-30 12:06 UTC<br/> \n                    <b>Sensor: </b> Aqua MODIS<br/>\n                    <b>Confidence [0-100%]: </b> 59%<br/> \n                    <b>Day/Night: </b> Day<br/>\n                    <b>Scan: </b> 2.75 km<br/>\n                    <b>Track: </b> 1.59 km<br/>\n                    <b>FRP: </b> 24.27 MW<br/>\n                    <b>Brightness: </b> 304.4 K" }, "geometry": { "type": "Polygon", "coordinates": [ [ [ 32.06542, 49.38067 ], [ 32.07922, 49.38067 ], [ 32.07922, 49.37169 ], [ 32.06542, 49.37169 ], [ 32.06542, 49.38067 ] ] ] } },
{ "type": "Feature", "properties": { "sensor": "MODIS_C6.1", "description": "<b>Latitude: </b> 49.38426<br/> \n                    <b>Longitude: </b> 32.07154<br/> \n                    <b>Detection Time: </b> 2026-09-30 12:06 UTC<br/> \n                    <b>Sensor: </b> Aqua MODIS<br/>\n                    <b>Confidence [0-100%]: </b> 27%<br/> \n                    <b>Day/Night: </b> Day<br/>\n                    <b>Scan: </b> 2.75 km<br/>\n                    <b>Track: </b> 1.59 km<br/>\n                    <b>FRP: </b> 13.21 MW<br/>\n                    <b>Brightness: </b> 300.1 K" }, "geometry": { "type": "Polygon", "coordinates": [ [ [ 32.06464, 49.38875 ], [ 32.07844, 49.38875 ], [ 32.07844, 49.37977 ], [ 32.06464, 49.37977 ], [ 32.06464, 49.38875 ] ] ] } },
{ "type": "Feature", "properties": { "sensor": "MODIS_C6.1", "description": "<b>Latitude: </b> 52.59822<br/> \n                    <b>Longitude: </b> 52.81821<br/> \n                    <b>Detection Time: </b> 2026-09-30 12:06 UTC<br/> \n                    <b>Sensor: </b> Aqua MODIS<br/>\n                    <b>Confidence [0-100%]: </b> 51%<br/> \n                    <b>Day/Night: </b> Day<br/>\n                    <b>Scan: </b> 2.22 km<br/>\n                    <b>Track: </b> 1.44 km<br/>\n                    <b>FRP: </b> 15.69 MW<br/>\n                    <b>Brightness: </b> 302.12 K" }, "geometry": { "type": "Polygon", "coordinates": [ [ [ 52.81082, 52.60271 ], [ 52.8256, 52.60271 ], [ 52.8256, 52.59373 ], [ 52.81082, 52.59373 ], [ 52.81082, 52.60271 ] ] ] } },
{ "type": "Feature", "properties": { "sensor": "MODIS_C6.1", "description": "<b>Latitude: </b> 51.93095<br/> \n                    <b>Longitude: </b> 58.59888<br/> \n                    <b>Detection Time: </b> 2026-09-30 12:06 UTC<br/> \n                    <b>Sensor: </b> Aqua MODIS<br/>\n                    <b>Confidence [0-100%]: </b> 21%<br/> \n                    <b>Day/Night: </b> Day<br/>\n                    <b>Scan: </b> 4.28 km<br/>\n                    <b>Track: </b> 1.91 km<br/>\n                    <b>FRP: </b> 29.94 MW<br/>\n                    <b>Brightness: </b> 300.63 K" }, "geometry": { "type": "Polygon", "coordinates": [ [ [ 58.5916, 51.93544 ], [ 58.60616, 51.93544 ], [ 58.60616, 51.92646 ], [ 58.5916, 51.92646 ], [ 58.5916, 51.93544 ] ] ] } },
{ "type": "Feature", "properties": { "sensor": "MODIS_C6.1", "description": "<b>Latitude: </b> 51.59793<br/> \n                    <b>Longitude: </b> 52.92551<br/> \n                    <b>Detection Time: </b> 2026-09-30 12:06 UTC<br/> \n                    <b>Sensor: </b> Aqua MODIS<br/>\n                    <b>Confidence [0-100%]: </b> 70%<br/> \n                    <b>Day/Night: </b> Day<br/>\n                    <b>Scan: </b> 2.19 km<br/>\n                    <b>Track: </b> 1.43 km<br/>\n                    <b>FRP: </b> 28.71 MW<br/>\n                    <b>Brightness: </b> 310.36 K" }, "geometry": { "type": "Polygon", "coordinates": [ [ [ 52.91828, 51.60242 ], [ 52.93274, 51.60242 ], [ 52.93274, 51.59344 ], [ 52.91828, 51.59344 ], [ 52.91828, 51.60242 ] ] ] } },
{ "type": "Feature", "properties": { "sensor": "MODIS_C6.1", "description": "<b>Latitude: </b> 51.39244<br/> \n                    <b>Longitude: </b> 54.79314<br/> \n                    <b>Detection Time: </b> 2026-09-30 12:06 UTC<br/> \n                    <b>Sensor: </b> Aqua MODIS<br/>\n                    <b>Confidence [0-100%]: </b> 65%<br/> \n                    <b>Day/Night: </b> Day<br/>\n                    <b>Scan: </b> 2.71 km<br/>\n                    <b>Track: </b> 1.58 km<br/>\n                    <b>FRP: </b> 29.63 MW<br/>\n                    <b>Brightness: </b> 307.08 K" }, "geometry": { "type": "Polygon", "coordinates": [ [ [ 54.78594, 51.39693 ], [ 54.80034, 51.39693 ], [ 54.80034, 51.38795 ], [ 54.78594, 51.38795 ], [ 54.78594, 51.39693 ] ] ] } },
{ "type": "Feature", "properties": { "sensor": "MODIS_C6.1", "description": "<b>Latitude: </b> 51.38383<br/> \n                    <b>Longitude: </b> 54.76446<br/> \n                    <b>Detection Time: </b> 2026-09-30 12:06 UTC<br/> \n                    <b>Sensor: </b> Aqua MODIS<br/>\n                    <b>Confidence [0-100%]: </b> 85%<br/> \n                    <b>Day/Night: </b> Day<br/>\n                    <b>Scan: </b> 2.7 km<br/>\n                    <b>Track: </b> 1.57 km<br/>\n                    <b>FRP: </b> 106.25 MW<br/>\n                    <b>Brightness: </b> 327.98 K" }, "geometry": { "type": "Polygon", "coordinates": [ [ [ 54.75726, 51.38832 ], [ 54.77166, 51.38832 ], [ 54.77166, 51.37934 ], [ 54.75726, 51.37934 ], [ 54.75726, 51.38832 ] ] ] } },
{ "type": "Feature", "properties": { "sensor": "MODIS_C6.1", "description": "<b>Latitude: </b> 51.36997<br/> \n                    <b>Longitude: </b> 54.76627<br/> \n                    <b>Detection Time: </b> 2026-09-30 12:06 UTC<br/> \n                    <b>Sensor: </b> Aqua MODIS<br/>\n                    <b>Confidence [0-100%]: </b> 96%<br/> \n                    <b>Day/Night: </b> Day<br/>\n                    <b>Scan: </b> 2.7 km<br/>\n                    <b>Track: </b> 1.57 km<br/>\n                    <b>FRP: </b> 266.86 MW<br/>\n                    <b>Brightness: </b> 350.66 K" }, "geometry": { "type": "Polygon", "coordinates": [ [ [ 54.75908, 51.37446 ], [ 54.77346, 51.37446 ], [ 54.77346, 51.36548 ], [ 54.75908, 51.36548 ], [ 54.75908, 51.37446 ] ] ] } },
{ "type": "Feature", "properties": { "sensor": "MODIS_C6.1", "description": "<b>Latitude: </b> 51.26814<br/> \n                    <b>Longitude: </b> 58.25824<br/> \n                    <b>Detection Time: </b> 2026-09-30 12:06 UTC<br/> \n                    <b>Sensor: </b> Aqua MODIS<br/>\n                    <b>Confidence [0-100%]: </b> 78%<br/> \n                    <b>Day/Night: </b> Day<br/>\n                    <b>Scan: </b> 4.08 km<br/>\n                    <b>Track: </b> 1.87 km<br/>\n                    <b>FRP: </b> 155.7 MW<br/>\n                    <b>Brightness: </b> 324.02 K" }, "geometry": { "type": "Polygon", "coordinates": [ [ [ 58.25106, 51.27263 ], [ 58.26542, 51.27263 ], [ 58.26542, 51.26365 ], [ 58.25106, 51.26365 ], [ 58.25106, 51.27263 ] ] ] } },
{ "type": "Feature", "properties": { "sensor": "MODIS_C6.1", "description": "<b>Latitude: </b> 51.26331<br/> \n                    <b>Longitude: </b> 58.26268<br/> \n                    <b>Detection Time: </b> 2026-09-30 12:06 UTC<br/> \n                    <b>Sensor: </b> Aqua MODIS<br/>\n                    <b>Confidence [0-100%]: </b> 79%<br/> \n                    <b>Day/Night: </b> Day<br/>\n                    <b>Scan: </b> 4.08 km<br/>\n                    <b>Track: </b> 1.87 km<br/>\n                    <b>FRP: </b> 204.78 MW<br/>\n                    <b>Brightness: </b> 330.35 K" }, "geometry": { "type": "Polygon", "coordinates": [ [ [ 58.2555, 51.2678 ], [ 58.26986, 51.2678 ], [ 58.26986, 51.25882 ], [ 58.2555, 51.25882 ], [ 58.2555, 51.2678 ] ] ] } },
{ "type": "Feature", "properties": { "sensor": "MODIS_C6.1", "description": "<b>Latitude: </b> 47.42995<br/> \n                    <b>Longitude: </b> 33.78811<br/> \n                    <b>Detection Time: </b> 2026-09-30 12:06 UTC<br/> \n                    <b>Sensor: </b> Aqua MODIS<br/>\n                    <b>Confidence [0-100%]: </b> 59%<br/> \n                    <b>Day/Night: </b> Day<br/>\n                    <b>Scan: </b> 2.62 km<br/>\n                    <b>Track: </b> 1.55 km<br/>\n                    <b>FRP: </b> 18.38 MW<br/>\n                    <b>Brightness: </b> 304.72 K" }, "geometry": { "type": "Polygon", "coordinates": [ [ [ 33.78147, 47.43444 ], [ 33.79475, 47.43444 ], [ 33.79475, 47.42546 ], [ 33.78147, 47.42546 ], [ 33.78147, 47.43444 ] ] ] } },
{ "type": "Feature", "properties": { "sensor": "MODIS_C6.1", "description": "<b>Latitude: </b> 49.1872<br/> \n                    <b>Longitude: </b> 42.68305<br/> \n                    <b>Detection Time: </b> 2026-09-30 12:06 UTC<br/> \n                    <b>Sensor: </b> Aqua MODIS<br/>\n                    <b>Confidence [0-100%]: </b> 28%<br/> \n                    <b>Day/Night: </b> Day<br/>\n                    <b>Scan: </b> 1.02 km<br/>\n                    <b>Track: </b> 1.01 km<br/>\n                    <b>FRP: </b> 4.27 MW<br/>\n                    <b>Brightness: </b> 307.26 K" }, "geometry": { "type": "Polygon", "coordinates": [ [ [ 42.67618, 49.19169 ], [ 42.68992, 49.19169 ], [ 42.68992, 49.18271 ], [ 42.67618, 49.18271 ], [ 42.67618, 49.19169 ] ] ] } },
{ "type": "Feature", "properties": { "sensor": "MODIS_C6.1", "description": "<b>Latitude: </b> 49.18935<br/> \n                    <b>Longitude: </b> 42.69642<br/> \n                    <b>Detection Time: </b> 2026-09-30 12:06 UTC<br/> \n                    <b>Sensor: </b> Aqua MODIS<br/>\n                    <b>Confidence [0-100%]: </b> 61%<br/> \n                    <b>Day/Night: </b> Day<br/>\n                    <b>Scan: </b> 1.02 km<br/>\n                    <b>Track: </b> 1.01 km<br/>\n                    <b>FRP: </b> 6.63 MW<br/>\n                    <b>Brightness: </b> 310.69 K" }, "geometry": { "type": "Polygon", "coordinates": [ [ [ 42.68955, 49.19384 ], [ 42.70329, 49.19384 ], [ 42.70329, 49.18486 ], [ 42.68955, 49.18486 ], [ 42.68955, 49.19384 ] ] ] } },
{ "type": "Feature", "properties": { "sensor": "MODIS_C6.1", "description": "<b>Latitude: </b> 49.17855<br/> \n                    <b>Longitude: </b> 42.68633<br/> \n                    <b>Detection Time: </b> 2026-09-30 12:06 UTC<br/> \n                    <b>Sensor: </b> Aqua MODIS<br/>\n                    <b>Confidence [0-100%]: </b> 31%<br/> \n                    <b>Day/Night: </b> Day<br/>\n                    <b>Scan: </b> 1.02 km<br/>\n                    <b>Track: </b> 1.01 km<br/>\n                    <b>FRP: </b> 3.69 MW<br/>\n                    <b>Brightness: </b> 306.47 K" }, "geometry": { "type": "Polygon", "coordinates": [ [ [ 42.67946, 49.18304 ], [ 42.6932, 49.18304 ], [ 42.6932, 49.17406 ], [ 42.67946, 49.17406 ], [ 42.67946, 49.18304 ] ] ] } },
{ "type": "Feature", "properties": { "sensor": "MODIS_C6.1", "description": "<b>Latitude: </b> 49.1807<br/> \n                    <b>Longitude: </b> 42.69971<br/> \n                    <b>Detection Time: </b> 2026-09-30 12:06 UTC<br/> \n                    <b>Sensor: </b> Aqua MODIS<br/>\n                    <b>Confidence [0-100%]: </b> 75%<br/> \n                    <b>Day/Night: </b> Day<br/>\n                    <b>Scan: </b> 1.02 km<br/>\n                    <b>Track: </b> 1.01 km<br/>\n                    <b>FRP: </b> 10.12 MW<br/>\n                    <b>Brightness: </b> 315.18 K" }, "geometry": { "type": "Polygon", "coordinates": [ [ [ 42.69284, 49.18519 ], [ 42.70658, 49.18519 ], [ 42.70658, 49.17621 ], [ 42.69284, 49.17621 ], [ 42.69284, 49.18519 ] ] ] } },
{ "type": "Feature", "properties": { "sensor": "MODIS_C6.1", "description": "<b>Latitude: </b> 47.05821<br/> \n                    <b>Longitude: </b> 33.33242<br/> \n                    <b>Detection Time: </b> 2026-09-30 12:06 UTC<br/> \n                    <b>Sensor: </b> Aqua MODIS<br/>\n                    <b>Confidence [0-100%]: </b> 64%<br/> \n                    <b>Day/Night: </b> Day<br/>\n                    <b>Scan: </b> 2.84 km<br/>\n                    <b>Track: </b> 1.61 km<br/>\n                    <b>FRP: </b> 26.4 MW<br/>\n                    <b>Brightness: </b> 306.62 K" }, "geometry": { "type": "Polygon", "coordinates": [ [ [ 33.32583, 47.0627 ], [ 33.33901, 47.0627 ], [ 33.33901, 47.05372 ], [ 33.32583, 47.05372 ], [ 33.32583, 47.0627 ] ] ] } },
{ "type": "Feature", "properties": { "sensor": "MODIS_C6.1", "description": "<b>Latitude: </b> 47.06736<br/> \n                    <b>Longitude: </b> 33.335<br/> \n                    <b>Detection Time: </b> 2026-09-30 12:06 UTC<br/> \n                    <b>Sensor: </b> Aqua MODIS<br/>\n                    <b>Confidence [0-100%]: </b> 66%<br/> \n                    <b>Day/Night: </b> Day<br/>\n                    <b>Scan: </b> 2.84 km<br/>\n                    <b>Track: </b> 1.61 km<br/>\n                    <b>FRP: </b> 29.03 MW<br/>\n                    <b>Brightness: </b> 307.62 K" }, "geometry": { "type": "Polygon", "coordinates": [ [ [ 33.32841, 47.07185 ], [ 33.34159, 47.07185 ], [ 33.34159, 47.06287 ], [ 33.32841, 47.06287 ], [ 33.32841, 47.07185 ] ] ] } },
{ "type": "Feature", "properties": { "sensor": "MODIS_C6.1", "description": "<b>Latitude: </b> 49.03351<br/> \n                    <b>Longitude: </b> 44.0452<br/> \n                    <b>Detection Time: </b> 2026-09-30 12:06 UTC<br/> \n                    <b>Sensor: </b> Aqua MODIS<br/>\n                    <b>Confidence [0-100%]: </b> 76%<br/> \n                    <b>Day/Night: </b> Day<br/>\n                    <b>Scan: </b> 1 km<br/>\n                    <b>Track: </b> 1 km<br/>\n                    <b>FRP: </b> 11.69 MW<br/>\n                    <b>Brightness: </b> 316.01 K" }, "geometry": { "type": "Polygon", "coordinates": [ [ [ 44.03835, 49.038 ], [ 44.05205, 49.038 ], [ 44.05205, 49.02902 ], [ 44.03835, 49.02902 ], [ 44.03835, 49.038 ] ] ] } },
{ "type": "Feature", "properties": { "sensor": "MODIS_C6.1", "description": "<b>Latitude: </b> 46.8851<br/> \n                    <b>Longitude: </b> 34.20283<br/> \n                    <b>Detection Time: </b> 2026-09-30 12:06 UTC<br/> \n                    <b>Sensor: </b> Aqua MODIS<br/>\n                    <b>Confidence [0-100%]: </b> 20%<br/> \n                    <b>Day/Night: </b> Day<br/>\n                    <b>Scan: </b> 2.6 km<br/>\n                    <b>Track: </b> 1.55 km<br/>\n                    <b>FRP: </b> 7.92 MW<br/>\n                    <b>Brightness: </b> 301.63 K" }, "geometry": { "type": "Polygon", "coordinates": [ [ [ 34.19626, 46.88959 ], [ 34.2094, 46.88959 ], [ 34.2094, 46.88061 ], [ 34.19626, 46.88061 ], [ 34.19626, 46.88959 ] ] ] } },
{ "type": "Feature", "properties": { "sensor": "MODIS_C6.1", "description": "<b>Latitude: </b> 46.72702<br/> \n                    <b>Longitude: </b> 33.92752<br/> \n                    <b>Detection Time: </b> 2026-09-30 12:06 UTC<br/> \n                    <b>Sensor: </b> Aqua MODIS<br/>\n                    <b>Confidence [0-100%]: </b> 23%<br/> \n                    <b>Day/Night: </b> Day<br/>\n                    <b>Scan: </b> 2.71 km<br/>\n                    <b>Track: </b> 1.58 km<br/>\n                    <b>FRP: </b> 8.56 MW<br/>\n                    <b>Brightness: </b> 301.88 K" }, "geometry": { "type": "Polygon", "coordinates": [ [ [ 33.92097, 46.73151 ], [ 33.93407, 46.73151 ], [ 33.93407, 46.72253 ], [ 33.92097, 46.72253 ], [ 33.92097, 46.73151 ] ] ] } },
{ "type": "Feature", "properties": { "sensor": "MODIS_C6.1", "description": "<b>Latitude: </b> 46.73458<br/> \n                    <b>Longitude: </b> 33.92769<br/> \n                    <b>Detection Time: </b> 2026-09-30 12:06 UTC<br/> \n                    <b>Sensor: </b> Aqua MODIS<br/>\n                    <b>Confidence [0-100%]: </b> 18%<br/> \n                    <b>Day/Night: </b> Day<br/>\n                    <b>Scan: </b> 2.71 km<br/>\n                    <b>Track: </b> 1.58 km<br/>\n                    <b>FRP: </b> 7.83 MW<br/>\n                    <b>Brightness: </b> 301.56 K" }, "geometry": { "type": "Polygon", "coordinates": [ [ [ 33.92114, 46.73907 ], [ 33.93424, 46.73907 ], [ 33.93424, 46.73009 ], [ 33.92114, 46.73009 ], [ 33.92114, 46.73907 ] ] ] } },
{ "type": "Feature", "properties": { "sensor": "MODIS_C6.1", "description": "<b>Latitude: </b> 46.72158<br/> \n                    <b>Longitude: </b> 33.93486<br/> \n                    <b>Detection Time: </b> 2026-09-30 12:06 UTC<br/> \n                    <b>Sensor: </b> Aqua MODIS<br/>\n                    <b>Confidence [0-100%]: </b> 31%<br/> \n                    <b>Day/Night: </b> Day<br/>\n                    <b>Scan: </b> 2.71 km<br/>\n                    <b>Track: </b> 1.58 km<br/>\n                    <b>FRP: </b> 8.75 MW<br/>\n                    <b>Brightness: </b> 301.98 K" }, "geometry": { "type": "Polygon", "coordinates": [ [ [ 33.92831, 46.72607 ], [ 33.94141, 46.72607 ], [ 33.94141, 46.71709 ], [ 33.92831, 46.71709 ], [ 33.92831, 46.72607 ] ] ] } },
{ "type": "Feature", "properties": { "sensor": "MODIS_C6.1", "description": "<b>Latitude: </b> 46.76807<br/> \n                    <b>Longitude: </b> 34.23533<br/> \n                    <b>Detection Time: </b> 2026-09-30 12:06 UTC<br/> \n                    <b>Sensor: </b> Aqua MODIS<br/>\n                    <b>Confidence [0-100%]: </b> 26%<br/> \n                    <b>Day/Night: </b> Day<br/>\n                    <b>Scan: </b> 2.61 km<br/>\n                    <b>Track: </b> 1.55 km<br/>\n                    <b>FRP: </b> 6.66 MW<br/>\n                    <b>Brightness: </b> 300.36 K" }, "geometry": { "type": "Polygon", "coordinates": [ [ [ 34.22877, 46.77256 ], [ 34.24189, 46.77256 ], [ 34.24189, 46.76358 ], [ 34.22877, 46.76358 ], [ 34.22877, 46.77256 ] ] ] } },
{ "type": "Feature", "properties": { "sensor": "MODIS_C6.1", "description": "<b>Latitude: </b> 48.71208<br/> \n                    <b>Longitude: </b> 44.06488<br/> \n                    <b>Detection Time: </b> 2026-09-30 12:06 UTC<br/> \n                    <b>Sensor: </b> Aqua MODIS<br/>\n                    <b>Confidence [0-100%]: </b> 39%<br/> \n                    <b>Day/Night: </b> Day<br/>\n                    <b>Scan: </b> 1 km<br/>\n                    <b>Track: </b> 1 km<br/>\n                    <b>FRP: </b> 4.97 MW<br/>\n                    <b>Brightness: </b> 307.76 K" }, "geometry": { "type": "Polygon", "coordinates": [ [ [ 44.05807, 48.71657 ], [ 44.07169, 48.71657 ], [ 44.07169, 48.70759 ], [ 44.05807, 48.70759 ], [ 44.05807, 48.71657 ] ] ] } },
{ "type": "Feature", "properties": { "sensor": "MODIS_C6.1", "description": "<b>Latitude: </b> 48.71404<br/> \n                    <b>Longitude: </b> 44.0779<br/> \n                    <b>Detection Time: </b> 2026-09-30 12:06 UTC<br/> \n                    <b>Sensor: </b> Aqua MODIS<br/>\n                    <b>Confidence [0-100%]: </b> 73%<br/> \n                    <b>Day/Night: </b> Day<br/>\n                    <b>Scan: </b> 1 km<br/>\n                    <b>Track: </b> 1 km<br/>\n                    <b>FRP: </b> 9.14 MW<br/>\n                    <b>Brightness: </b> 313.11 K" }, "geometry": { "type": "Polygon", "coordinates": [ [ [ 44.07109, 48.71853 ], [ 44.08471, 48.71853 ], [ 44.08471, 48.70955 ], [ 44.07109, 48.70955 ], [ 44.07109, 48.71853 ] ] ] } },
{ "type": "Feature", "properties": { "sensor": "MODIS_C6.1", "description": "<b>Latitude: </b> 48.71599<br/> \n                    <b>Longitude: </b> 44.09092<br/> \n                    <b>Detection Time: </b> 2026-09-30 12:06 UTC<br/> \n                    <b>Sensor: </b> Aqua MODIS<br/>\n                    <b>Confidence [0-100%]: </b> 71%<br/> \n                    <b>Day/Night: </b> Day<br/>\n                    <b>Scan: </b> 1 km<br/>\n                    <b>Track: </b> 1 km<br/>\n                    <b>FRP: </b> 7.65 MW<br/>\n                    <b>Brightness: </b> 311.52 K" }, "geometry": { "type": "Polygon", "coordinates": [ [ [ 44.08411, 48.72048 ], [ 44.09773, 48.72048 ], [ 44.09773, 48.7115 ], [ 44.08411, 48.7115 ], [ 44.08411, 48.72048 ] ] ] } },
{ "type": "Feature", "properties": { "sensor": "MODIS_C6.1", "description": "<b>Latitude: </b> 48.54223<br/> \n                    <b>Longitude: </b> 43.33461<br/> \n                    <b>Detection Time: </b> 2026-09-30 12:06 UTC<br/> \n                    <b>Sensor: </b> Aqua MODIS<br/>\n                    <b>Confidence [0-100%]: </b> 74%<br/> \n                    <b>Day/Night: </b> Day<br/>\n                    <b>Scan: </b> 1.01 km<br/>\n                    <b>Track: </b> 1.01 km<br/>\n                    <b>FRP: </b> 9.56 MW<br/>\n                    <b>Brightness: </b> 314.09 K" }, "geometry": { "type": "Polygon", "coordinates": [ [ [ 43.32783, 48.54672 ], [ 43.34139, 48.54672 ], [ 43.34139, 48.53774 ], [ 43.32783, 48.53774 ], [ 43.32783, 48.54672 ] ] ] } },
{ "type": "Feature", "properties": { "sensor": "MODIS_C6.1", "description": "<b>Latitude: </b> 48.5336<br/> \n                    <b>Longitude: </b> 43.33775<br/> \n                    <b>Detection Time: </b> 2026-09-30 12:06 UTC<br/> \n                    <b>Sensor: </b> Aqua MODIS<br/>\n                    <b>Confidence [0-100%]: </b> 71%<br/> \n                    <b>Day/Night: </b> Day<br/>\n                    <b>Scan: </b> 1.01 km<br/>\n                    <b>Track: </b> 1.01 km<br/>\n                    <b>FRP: </b> 8.49 MW<br/>\n                    <b>Brightness: </b> 312.49 K" }, "geometry": { "type": "Polygon", "coordinates": [ [ [ 43.33097, 48.53809 ], [ 43.34453, 48.53809 ], [ 43.34453, 48.52911 ], [ 43.33097, 48.52911 ], [ 43.33097, 48.53809 ] ] ] } },
{ "type": "Feature", "properties": { "sensor": "MODIS_C6.1", "description": "<b>Latitude: </b> 48.53566<br/> \n                    <b>Longitude: </b> 43.35083<br/> \n                    <b>Detection Time: </b> 2026-09-30 12:06 UTC<br/> \n                    <b>Sensor: </b> Aqua MODIS<br/>\n                    <b>Confidence [0-100%]: </b> 35%<br/> \n                    <b>Day/Night: </b> Day<br/>\n                    <b>Scan: </b> 1.01 km<br/>\n                    <b>Track: </b> 1 km<br/>\n                    <b>FRP: </b> 4.02 MW<br/>\n                    <b>Brightness: </b> 305.99 K" }, "geometry": { "type": "Polygon", "coordinates": [ [ [ 43.34405, 48.54015 ], [ 43.35761, 48.54015 ], [ 43.35761, 48.53117 ], [ 43.34405, 48.53117 ], [ 43.34405, 48.54015 ] ] ] } },
{ "type": "Feature", "properties": { "sensor": "MODIS_C6.1", "description": "<b>Latitude: </b> 48.34956<br/> \n                    <b>Longitude: </b> 42.59989<br/> \n                    <b>Detection Time: </b> 2026-09-30 12:06 UTC<br/> \n                    <b>Sensor: </b> Aqua MODIS<br/>\n                    <b>Confidence [0-100%]: </b> 94%<br/> \n                    <b>Day/Night: </b> Day<br/>\n                    <b>Scan: </b> 1.04 km<br/>\n                    <b>Track: </b> 1.02 km<br/>\n                    <b>FRP: </b> 50.17 MW<br/>\n                    <b>Brightness: </b> 344.25 K" }, "geometry": { "type": "Polygon", "coordinates": [ [ [ 42.59313, 48.35405 ], [ 42.60665, 48.35405 ], [ 42.60665, 48.34507 ], [ 42.59313, 48.34507 ], [ 42.59313, 48.35405 ] ] ] } },
{ "type": "Feature", "properties": { "sensor": "MODIS_C6.1", "description": "<b>Latitude: </b> 48.47695<br/> \n                    <b>Longitude: </b> 44.12402<br/> \n                    <b>Detection Time: </b> 2026-09-30 12:06 UTC<br/> \n                    <b>Sensor: </b> Aqua MODIS<br/>\n                    <b>Confidence [0-100%]: </b> 73%<br/> \n                    <b>Day/Night: </b> Day<br/>\n                    <b>Scan: </b> 1 km<br/>\n                    <b>Track: </b> 1 km<br/>\n                    <b>FRP: </b> 8.51 MW<br/>\n                    <b>Brightness: </b> 312.89 K" }, "geometry": { "type": "Polygon", "coordinates": [ [ [ 44.11724, 48.48144 ], [ 44.1308, 48.48144 ], [ 44.1308, 48.47246 ], [ 44.11724, 48.47246 ], [ 44.11724, 48.48144 ] ] ] } },
{ "type": "Feature", "properties": { "sensor": "MODIS_C6.1", "description": "<b>Latitude: </b> 48.46443<br/> \n                    <b>Longitude: </b> 44.10107<br/> \n                    <b>Detection Time: </b> 2026-09-30 12:06 UTC<br/> \n                    <b>Sensor: </b> Aqua MODIS<br/>\n                    <b>Confidence [0-100%]: </b> 93%<br/> \n                    <b>Day/Night: </b> Day<br/>\n                    <b>Scan: </b> 1 km<br/>\n                    <b>Track: </b> 1 km<br/>\n                    <b>FRP: </b> 46.78 MW<br/>\n                    <b>Brightness: </b> 343.89 K" }, "geometry": { "type": "Polygon", "coordinates": [ [ [ 44.0943, 48.46892 ], [ 44.10784, 48.46892 ], [ 44.10784, 48.45994 ], [ 44.0943, 48.45994 ], [ 44.0943, 48.46892 ] ] ] } },
{ "type": "Feature", "properties": { "sensor": "MODIS_C6.1", "description": "<b>Latitude: </b> 48.46638<br/> \n                    <b>Longitude: </b> 44.11403<br/> \n                    <b>Detection Time: </b> 2026-09-30 12:06 UTC<br/> \n                    <b>Sensor: </b> Aqua MODIS<br/>\n                    <b>Confidence [0-100%]: </b> 96%<br/> \n                    <b>Day/Night: </b> Day<br/>\n                    <b>Scan: </b> 1 km<br/>\n                    <b>Track: </b> 1 km<br/>\n                    <b>FRP: </b> 60.36 MW<br/>\n                    <b>Brightness: </b> 350.75 K" }, "geometry": { "type": "Polygon", "coordinates": [ [ [ 44.10726, 48.47087 ], [ 44.1208, 48.47087 ], [ 44.1208, 48.46189 ], [ 44.10726, 48.46189 ], [ 44.10726, 48.47087 ] ] ] } },
{ "type": "Feature", "properties": { "sensor": "MODIS_C6.1", "description": "<b>Latitude: </b> 48.46834<br/> \n                    <b>Longitude: </b> 44.12699<br/> \n                    <b>Detection Time: </b> 2026-09-30 12:06 UTC<br/> \n                    <b>Sensor: </b> Aqua MODIS<br/>\n                    <b>Confidence [0-100%]: </b> 89%<br/> \n                    <b>Day/Night: </b> Day<br/>\n                    <b>Scan: </b> 1 km<br/>\n                    <b>Track: </b> 1 km<br/>\n                    <b>FRP: </b> 29.99 MW<br/>\n                    <b>Brightness: </b> 333.52 K" }, "geometry": { "type": "Polygon", "coordinates": [ [ [ 44.12022, 48.47283 ], [ 44.13376, 48.47283 ], [ 44.13376, 48.46385 ], [ 44.12022, 48.46385 ], [ 44.12022, 48.47283 ] ] ] } },
{ "type": "Feature", "properties": { "sensor": "MODIS_C6.1", "description": "<b>Latitude: </b> 48.09351<br/> \n                    <b>Longitude: </b> 42.46656<br/> \n                    <b>Detection Time: </b> 2026-09-30 12:06 UTC<br/> \n                    <b>Sensor: </b> Aqua MODIS<br/>\n                    <b>Confidence [0-100%]: </b> 39%<br/> \n                    <b>Day/Night: </b> Day<br/>\n                    <b>Scan: </b> 1.05 km<br/>\n                    <b>Track: </b> 1.02 km<br/>\n                    <b>FRP: </b> 4.39 MW<br/>\n                    <b>Brightness: </b> 301.55 K" }, "geometry": { "type": "Polygon", "coordinates": [ [ [ 42.45984, 48.098 ], [ 42.47328, 48.098 ], [ 42.47328, 48.08902 ], [ 42.45984, 48.08902 ], [ 42.45984, 48.098 ] ] ] } },
{ "type": "Feature", "properties": { "sensor": "MODIS_C6.1", "description": "<b>Latitude: </b> 48.09576<br/> \n                    <b>Longitude: </b> 42.47999<br/> \n                    <b>Detection Time: </b> 2026-09-30 12:06 UTC<br/> \n                    <b>Sensor: </b> Aqua MODIS<br/>\n                    <b>Confidence [0-100%]: </b> 54%<br/> \n                    <b>Day/Night: </b> Day<br/>\n                    <b>Scan: </b> 1.05 km<br/>\n                    <b>Track: </b> 1.02 km<br/>\n                    <b>FRP: </b> 5.61 MW<br/>\n                    <b>Brightness: </b> 303.97 K" }, "geometry": { "type": "Polygon", "coordinates": [ [ [ 42.47326, 48.10025 ], [ 42.48672, 48.10025 ], [ 42.48672, 48.09127 ], [ 42.47326, 48.09127 ], [ 42.47326, 48.10025 ] ] ] } },
{ "type": "Feature", "properties": { "sensor": "MODIS_C6.1", "description": "<b>Latitude: </b> 48.10888<br/> \n                    <b>Longitude: </b> 43.54713<br/> \n                    <b>Detection Time: </b> 2026-09-30 12:06 UTC<br/> \n                    <b>Sensor: </b> Aqua MODIS<br/>\n                    <b>Confidence [0-100%]: </b> 62%<br/> \n                    <b>Day/Night: </b> Day<br/>\n                    <b>Scan: </b> 1.01 km<br/>\n                    <b>Track: </b> 1 km<br/>\n                    <b>FRP: </b> 4.68 MW<br/>\n                    <b>Brightness: </b> 306.62 K" }, "geometry": { "type": "Polygon", "coordinates": [ [ [ 43.5404, 48.11337 ], [ 43.55386, 48.11337 ], [ 43.55386, 48.10439 ], [ 43.5404, 48.10439 ], [ 43.5404, 48.11337 ] ] ] } },
{ "type": "Feature", "properties": { "sensor": "MODIS_C6.1", "description": "<b>Latitude: </b> 47.01225<br/> \n                    <b>Longitude: </b> 42.95217<br/> \n                    <b>Detection Time: </b> 2026-09-30 12:06 UTC<br/> \n                    <b>Sensor: </b> Aqua MODIS<br/>\n                    <b>Confidence [0-100%]: </b> 48%<br/> \n                    <b>Day/Night: </b> Day<br/>\n                    <b>Scan: </b> 1.05 km<br/>\n                    <b>Track: </b> 1.02 km<br/>\n                    <b>FRP: </b> 9.3 MW<br/>\n                    <b>Brightness: </b> 307.7 K" }, "geometry": { "type": "Polygon", "coordinates": [ [ [ 42.94558, 47.01674 ], [ 42.95876, 47.01674 ], [ 42.95876, 47.00776 ], [ 42.94558, 47.00776 ], [ 42.94558, 47.01674 ] ] ] } },
{ "type": "Feature", "properties": { "sensor": "SUOMI-NPP", "description": "<b>Latitude: </b> 44.53439<br/> \n                    <b>Longitude: </b> 132.757<br/> \n                    <b>Detection Time: </b> 2026-09-30 17:49 UTC<br/> \n                    <b>Sensor: </b> Suomi-NPP VIIRS<br/>\n                    <b>Confidence: </b> Nominal<br/> \n                    <b>Day/Night: </b> Night<br/>\n                    <b>Scan: </b> 0.39 km<br/>\n                    <b>Track: </b> 0.44 km<br/>\n                    <b>FRP: </b> 1.1 MW<br/>\n                    <b>Brightness: </b> 297.1 K" }, "geometry": { "type": "Polygon", "coordinates": [ [ [ 132.75464, 44.53607 ], [ 132.75936, 44.53607 ], [ 132.75936, 44.53271 ], [ 132.75464, 44.53271 ], [ 132.75464, 44.53607 ] ] ] } },
{ "type": "Feature", "properties": { "sensor": "SUOMI-NPP", "description": "<b>Latitude: </b> 58.09632<br/> \n                    <b>Longitude: </b> 106.55869<br/> \n                    <b>Detection Time: </b> 2026-09-30 17:45 UTC<br/> \n                    <b>Sensor: </b> Suomi-NPP VIIRS<br/>\n                    <b>Confidence: </b> Nominal<br/> \n                    <b>Day/Night: </b> Night<br/>\n                    <b>Scan: </b> 0.74 km<br/>\n                    <b>Track: </b> 0.76 km<br/>\n                    <b>FRP: </b> 8.88 MW<br/>\n                    <b>Brightness: </b> 350.25 K" }, "geometry": { "type": "Polygon", "coordinates": [ [ [ 106.5555, 58.098 ], [ 106.56188, 58.098 ], [ 106.56188, 58.09464 ], [ 106.5555, 58.09464 ], [ 106.5555, 58.098 ] ] ] } },
{ "type": "Feature", "properties": { "sensor": "SUOMI-NPP", "description": "<b>Latitude: </b> 58.09576<br/> \n                    <b>Longitude: </b> 106.54572<br/> \n                    <b>Detection Time: </b> 2026-09-30 17:45 UTC<br/> \n                    <b>Sensor: </b> Suomi-NPP VIIRS<br/>\n                    <b>Confidence: </b> Nominal<br/> \n                    <b>Day/Night: </b> Night<br/>\n                    <b>Scan: </b> 0.74 km<br/>\n                    <b>Track: </b> 0.76 km<br/>\n                    <b>FRP: </b> 9.14 MW<br/>\n                    <b>Brightness: </b> 296.94 K" }, "geometry": { "type": "Polygon", "coordinates": [ [ [ 106.54253, 58.09744 ], [ 106.54891, 58.09744 ], [ 106.54891, 58.09408 ], [ 106.54253, 58.09408 ], [ 106.54253, 58.09744 ] ] ] } },
{ "type": "Feature", "properties": { "sensor": "SUOMI-NPP", "description": "<b>Latitude: </b> 58.09704<br/> \n                    <b>Longitude: </b> 106.55997<br/> \n                    <b>Detection Time: </b> 2026-09-30 17:45 UTC<br/> \n                    <b>Sensor: </b> Suomi-NPP VIIRS<br/>\n                    <b>Confidence: </b> Nominal<br/> \n                    <b>Day/Night: </b> Night<br/>\n                    <b>Scan: </b> 0.74 km<br/>\n                    <b>Track: </b> 0.76 km<br/>\n                    <b>FRP: </b> 3.68 MW<br/>\n                    <b>Brightness: </b> 331.18 K" }, "geometry": { "type": "Polygon", "coordinates": [ [ [ 106.55678, 58.09872 ], [ 106.56316, 58.09872 ], [ 106.56316, 58.09536 ], [ 106.55678, 58.09536 ], [ 106.55678, 58.09872 ] ] ] } },
{ "type": "Feature", "properties": { "sensor": "SUOMI-NPP", "description": "<b>Latitude: </b> 58.09644<br/> \n                    <b>Longitude: </b> 106.54707<br/> \n                    <b>Detection Time: </b> 2026-09-30 17:45 UTC<br/> \n                    <b>Sensor: </b> Suomi-NPP VIIRS<br/>\n                    <b>Confidence: </b> Nominal<br/> \n                    <b>Day/Night: </b> Night<br/>\n                    <b>Scan: </b> 0.74 km<br/>\n                    <b>Track: </b> 0.76 km<br/>\n                    <b>FRP: </b> 9.82 MW<br/>\n                    <b>Brightness: </b> 310.87 K" }, "geometry": { "type": "Polygon", "coordinates": [ [ [ 106.54388, 58.09812 ], [ 106.55026, 58.09812 ], [ 106.55026, 58.09476 ], [ 106.54388, 58.09476 ], [ 106.54388, 58.09812 ] ] ] } },
{ "type": "Feature", "properties": { "sensor": "SUOMI-NPP", "description": "<b>Latitude: </b> 51.39619<br/> \n                    <b>Longitude: </b> 143.25058<br/> \n                    <b>Detection Time: </b> 2026-09-30 17:45 UTC<br/> \n                    <b>Sensor: </b> Suomi-NPP VIIRS<br/>\n                    <b>Confidence: </b> Nominal<br/> \n                    <b>Day/Night: </b> Night<br/>\n                    <b>Scan: </b> 0.34 km<br/>\n                    <b>Track: </b> 0.56 km<br/>\n                    <b>FRP: </b> 0.39 MW<br/>\n                    <b>Brightness: </b> 295.46 K" }, "geometry": { "type": "Polygon", "coordinates": [ [ [ 143.24788, 51.39787 ], [ 143.25328, 51.39787 ], [ 143.25328, 51.39451 ], [ 143.24788, 51.39451 ], [ 143.24788, 51.39787 ] ] ] } },
{ "type": "Feature", "properties": { "sensor": "SUOMI-NPP", "description": "<b>Latitude: </b> 57.59578<br/> \n                    <b>Longitude: </b> 139.27716<br/> \n                    <b>Detection Time: </b> 2026-09-30 17:45 UTC<br/> \n                    <b>Sensor: </b> Suomi-NPP VIIRS<br/>\n                    <b>Confidence: </b> Nominal<br/> \n                    <b>Day/Night: </b> Night<br/>\n                    <b>Scan: </b> 0.49 km<br/>\n                    <b>Track: </b> 0.41 km<br/>\n                    <b>FRP: </b> 0.94 MW<br/>\n                    <b>Brightness: </b> 295.52 K" }, "geometry": { "type": "Polygon", "coordinates": [ [ [ 139.27402, 57.59746 ], [ 139.2803, 57.59746 ], [ 139.2803, 57.5941 ], [ 139.27402, 57.5941 ], [ 139.27402, 57.59746 ] ] ] } },
{ "type": "Feature", "properties": { "sensor": "SUOMI-NPP", "description": "<b>Latitude: </b> 58.29626<br/> \n                    <b>Longitude: </b> 106.91632<br/> \n                    <b>Detection Time: </b> 2026-09-30 17:45 UTC<br/> \n                    <b>Sensor: </b> Suomi-NPP VIIRS<br/>\n                    <b>Confidence: </b> Nominal<br/> \n                    <b>Day/Night: </b> Night<br/>\n                    <b>Scan: </b> 0.72 km<br/>\n                    <b>Track: </b> 0.75 km<br/>\n                    <b>FRP: </b> 1.41 MW<br/>\n                    <b>Brightness: </b> 303.26 K" }, "geometry": { "type": "Polygon", "coordinates": [ [ [ 106.91311, 58.29794 ], [ 106.91953, 58.29794 ], [ 106.91953, 58.29458 ], [ 106.91311, 58.29458 ], [ 106.91311, 58.29794 ] ] ] } },
{ "type": "Feature", "properties": { "sensor": "SUOMI-NPP", "description": "<b>Latitude: </b> 58.28914<br/> \n                    <b>Longitude: </b> 106.91711<br/> \n                    <b>Detection Time: </b> 2026-09-30 17:45 UTC<br/> \n                    <b>Sensor: </b> Suomi-NPP VIIRS<br/>\n                    <b>Confidence: </b> Nominal<br/> \n                    <b>Day/Night: </b> Night<br/>\n                    <b>Scan: </b> 0.72 km<br/>\n                    <b>Track: </b> 0.75 km<br/>\n                    <b>FRP: </b> 1.86 MW<br/>\n                    <b>Brightness: </b> 302.6 K" }, "geometry": { "type": "Polygon", "coordinates": [ [ [ 106.91391, 58.29082 ], [ 106.92031, 58.29082 ], [ 106.92031, 58.28746 ], [ 106.91391, 58.28746 ], [ 106.91391, 58.29082 ] ] ] } },
{ "type": "Feature", "properties": { "sensor": "SUOMI-NPP", "description": "<b>Latitude: </b> 58.42193<br/> \n                    <b>Longitude: </b> 107.57466<br/> \n                    <b>Detection Time: </b> 2026-09-30 17:45 UTC<br/> \n                    <b>Sensor: </b> Suomi-NPP VIIRS<br/>\n                    <b>Confidence: </b> Nominal<br/> \n                    <b>Day/Night: </b> Night<br/>\n                    <b>Scan: </b> 0.68 km<br/>\n                    <b>Track: </b> 0.74 km<br/>\n                    <b>FRP: </b> 9.05 MW<br/>\n                    <b>Brightness: </b> 345.41 K" }, "geometry": { "type": "Polygon", "coordinates": [ [ [ 107.57144, 58.42361 ], [ 107.57788, 58.42361 ], [ 107.57788, 58.42025 ], [ 107.57144, 58.42025 ], [ 107.57144, 58.42361 ] ] ] } },
{ "type": "Feature", "properties": { "sensor": "SUOMI-NPP", "description": "<b>Latitude: </b> 58.45057<br/> \n                    <b>Longitude: </b> 107.59379<br/> \n                    <b>Detection Time: </b> 2026-09-30 17:45 UTC<br/> \n                    <b>Sensor: </b> Suomi-NPP VIIRS<br/>\n                    <b>Confidence: </b> Nominal<br/> \n                    <b>Day/Night: </b> Night<br/>\n                    <b>Scan: </b> 0.68 km<br/>\n                    <b>Track: </b> 0.74 km<br/>\n                    <b>FRP: </b> 0.79 MW<br/>\n                    <b>Brightness: </b> 298.06 K" }, "geometry": { "type": "Polygon", "coordinates": [ [ [ 107.59057, 58.45225 ], [ 107.59701, 58.45225 ], [ 107.59701, 58.44889 ], [ 107.59057, 58.44889 ], [ 107.59057, 58.45225 ] ] ] } },
{ "type": "Feature", "properties": { "sensor": "SUOMI-NPP", "description": "<b>Latitude: </b> 58.42154<br/> \n                    <b>Longitude: </b> 107.44495<br/> \n                    <b>Detection Time: </b> 2026-09-30 17:45 UTC<br/> \n                    <b>Sensor: </b> Suomi-NPP VIIRS<br/>\n                    <b>Confidence: </b> Nominal<br/> \n                    <b>Day/Night: </b> Night<br/>\n                    <b>Scan: </b> 0.69 km<br/>\n                    <b>Track: </b> 0.74 km<br/>\n                    <b>FRP: </b> 1.05 MW<br/>\n                    <b>Brightness: </b> 295.66 K" }, "geometry": { "type": "Polygon", "coordinates": [ [ [ 107.44173, 58.42322 ], [ 107.44817, 58.42322 ], [ 107.44817, 58.41986 ], [ 107.44173, 58.41986 ], [ 107.44173, 58.42322 ] ] ] } },
{ "type": "Feature", "properties": { "sensor": "SUOMI-NPP", "description": "<b>Latitude: </b> 58.42665<br/> \n                    <b>Longitude: </b> 107.57216<br/> \n                    <b>Detection Time: </b> 2026-09-30 17:45 UTC<br/> \n                    <b>Sensor: </b> Suomi-NPP VIIRS<br/>\n                    <b>Confidence: </b> Nominal<br/> \n                    <b>Day/Night: </b> Night<br/>\n                    <b>Scan: </b> 0.68 km<br/>\n                    <b>Track: </b> 0.74 km<br/>\n                    <b>FRP: </b> 3.69 MW<br/>\n                    <b>Brightness: </b> 324.71 K" }, "geometry": { "type": "Polygon", "coordinates": [ [ [ 107.56894, 58.42833 ], [ 107.57538, 58.42833 ], [ 107.57538, 58.42497 ], [ 107.56894, 58.42497 ], [ 107.56894, 58.42833 ] ] ] } },
{ "type": "Feature", "properties": { "sensor": "SUOMI-NPP", "description": "<b>Latitude: </b> 57.63984<br/> \n                    <b>Longitude: </b> 135.66406<br/> \n                    <b>Detection Time: </b> 2026-09-30 17:45 UTC<br/> \n                    <b>Sensor: </b> Suomi-NPP VIIRS<br/>\n                    <b>Confidence: </b> Nominal<br/> \n                    <b>Day/Night: </b> Night<br/>\n                    <b>Scan: </b> 0.41 km<br/>\n                    <b>Track: </b> 0.37 km<br/>\n                    <b>FRP: </b> 2.18 MW<br/>\n                    <b>Brightness: </b> 315.12 K" }, "geometry": { "type": "Polygon", "coordinates": [ [ [ 135.66091, 57.64152 ], [ 135.66721, 57.64152 ], [ 135.66721, 57.63816 ], [ 135.66091, 57.63816 ], [ 135.66091, 57.64152 ] ] ] } },
{ "type": "Feature", "properties": { "sensor": "SUOMI-NPP", "description": "<b>Latitude: </b> 57.63869<br/> \n                    <b>Longitude: </b> 135.70854<br/> \n                    <b>Detection Time: </b> 2026-09-30 17:45 UTC<br/> \n                    <b>Sensor: </b> Suomi-NPP VIIRS<br/>\n                    <b>Confidence: </b> Nominal<br/> \n                    <b>Day/Night: </b> Night<br/>\n                    <b>Scan: </b> 0.41 km<br/>\n                    <b>Track: </b> 0.37 km<br/>\n                    <b>FRP: </b> 0.83 MW<br/>\n                    <b>Brightness: </b> 296.14 K" }, "geometry": { "type": "Polygon", "coordinates": [ [ [ 135.70539, 57.64037 ], [ 135.71169, 57.64037 ], [ 135.71169, 57.63701 ], [ 135.70539, 57.63701 ], [ 135.70539, 57.64037 ] ] ] } },
{ "type": "Feature", "properties": { "sensor": "SUOMI-NPP", "description": "<b>Latitude: </b> 57.59112<br/> \n                    <b>Longitude: </b> 139.27553<br/> \n                    <b>Detection Time: </b> 2026-09-30 17:45 UTC<br/> \n                    <b>Sensor: </b> Suomi-NPP VIIRS<br/>\n                    <b>Confidence: </b> Nominal<br/> \n                    <b>Day/Night: </b> Night<br/>\n                    <b>Scan: </b> 0.49 km<br/>\n                    <b>Track: </b> 0.41 km<br/>\n                    <b>FRP: </b> 2.08 MW<br/>\n                    <b>Brightness: </b> 307.63 K" }, "geometry": { "type": "Polygon", "coordinates": [ [ [ 139.27239, 57.5928 ], [ 139.27867, 57.5928 ], [ 139.27867, 57.58944 ], [ 139.27239, 57.58944 ], [ 139.27239, 57.5928 ] ] ] } },
{ "type": "Feature", "properties": { "sensor": "SUOMI-NPP", "description": "<b>Latitude: </b> 57.58843<br/> \n                    <b>Longitude: </b> 139.27333<br/> \n                    <b>Detection Time: </b> 2026-09-30 17:45 UTC<br/> \n                    <b>Sensor: </b> Suomi-NPP VIIRS<br/>\n                    <b>Confidence: </b> Nominal<br/> \n                    <b>Day/Night: </b> Night<br/>\n                    <b>Scan: </b> 0.49 km<br/>\n                    <b>Track: </b> 0.41 km<br/>\n                    <b>FRP: </b> 1.02 MW<br/>\n                    <b>Brightness: </b> 301.44 K" }, "geometry": { "type": "Polygon", "coordinates": [ [ [ 139.27019, 57.59011 ], [ 139.27647, 57.59011 ], [ 139.27647, 57.58675 ], [ 139.27019, 57.58675 ], [ 139.27019, 57.59011 ] ] ] } },
{ "type": "Feature", "properties": { "sensor": "SUOMI-NPP", "description": "<b>Latitude: </b> 57.59207<br/> \n                    <b>Longitude: </b> 139.27539<br/> \n                    <b>Detection Time: </b> 2026-09-30 17:45 UTC<br/> \n                    <b>Sensor: </b> Suomi-NPP VIIRS<br/>\n                    <b>Confidence: </b> Nominal<br/> \n                    <b>Day/Night: </b> Night<br/>\n                    <b>Scan: </b> 0.49 km<br/>\n                    <b>Track: </b> 0.41 km<br/>\n                    <b>FRP: </b> 1.02 MW<br/>\n                    <b>Brightness: </b> 301.16 K" }, "geometry": { "type": "Polygon", "coordinates": [ [ [ 139.27225, 57.59375 ], [ 139.27853, 57.59375 ], [ 139.27853, 57.59039 ], [ 139.27225, 57.59039 ], [ 139.27225, 57.59375 ] ] ] } },
{ "type": "Feature", "properties": { "sensor": "SUOMI-NPP", "description": "<b>Latitude: </b> 58.29432<br/> \n                    <b>Longitude: </b> 106.91476<br/> \n                    <b>Detection Time: </b> 2026-09-30 17:45 UTC<br/> \n                    <b>Sensor: </b> Suomi-NPP VIIRS<br/>\n                    <b>Confidence: </b> Nominal<br/> \n                    <b>Day/Night: </b> Night<br/>\n                    <b>Scan: </b> 0.72 km<br/>\n                    <b>Track: </b> 0.75 km<br/>\n                    <b>FRP: </b> 2.5 MW<br/>\n                    <b>Brightness: </b> 308.39 K" }, "geometry": { "type": "Polygon", "coordinates": [ [ [ 106.91156, 58.296 ], [ 106.91796, 58.296 ], [ 106.91796, 58.29264 ], [ 106.91156, 58.29264 ], [ 106.91156, 58.296 ] ] ] } },
{ "type": "Feature", "properties": { "sensor": "SUOMI-NPP", "description": "<b>Latitude: </b> 58.08984<br/> \n                    <b>Longitude: </b> 106.56075<br/> \n                    <b>Detection Time: </b> 2026-09-30 17:45 UTC<br/> \n                    <b>Sensor: </b> Suomi-NPP VIIRS<br/>\n                    <b>Confidence: </b> Nominal<br/> \n                    <b>Day/Night: </b> Night<br/>\n                    <b>Scan: </b> 0.74 km<br/>\n                    <b>Track: </b> 0.76 km<br/>\n                    <b>FRP: </b> 3.68 MW<br/>\n                    <b>Brightness: </b> 309.77 K" }, "geometry": { "type": "Polygon", "coordinates": [ [ [ 106.55756, 58.09152 ], [ 106.56394, 58.09152 ], [ 106.56394, 58.08816 ], [ 106.55756, 58.08816 ], [ 106.55756, 58.09152 ] ] ] } },
{ "type": "Feature", "properties": { "sensor": "SUOMI-NPP", "description": "<b>Latitude: </b> 57.64199<br/> \n                    <b>Longitude: </b> 135.71046<br/> \n                    <b>Detection Time: </b> 2026-09-30 17:45 UTC<br/> \n                    <b>Sensor: </b> Suomi-NPP VIIRS<br/>\n                    <b>Confidence: </b> Nominal<br/> \n                    <b>Day/Night: </b> Night<br/>\n                    <b>Scan: </b> 0.41 km<br/>\n                    <b>Track: </b> 0.37 km<br/>\n                    <b>FRP: </b> 1.1 MW<br/>\n                    <b>Brightness: </b> 306.69 K" }, "geometry": { "type": "Polygon", "coordinates": [ [ [ 135.70731, 57.64367 ], [ 135.71361, 57.64367 ], [ 135.71361, 57.64031 ], [ 135.70731, 57.64031 ], [ 135.70731, 57.64367 ] ] ] } },
{ "type": "Feature", "properties": { "sensor": "SUOMI-NPP", "description": "<b>Latitude: </b> 63.18561<br/> \n                    <b>Longitude: </b> 125.70716<br/> \n                    <b>Detection Time: </b> 2026-09-30 17:43 UTC<br/> \n                    <b>Sensor: </b> Suomi-NPP VIIRS<br/>\n                    <b>Confidence: </b> Nominal<br/> \n                    <b>Day/Night: </b> Night<br/>\n                    <b>Scan: </b> 0.55 km<br/>\n                    <b>Track: </b> 0.43 km<br/>\n                    <b>FRP: </b> 0.66 MW<br/>\n                    <b>Brightness: </b> 298.72 K" }, "geometry": { "type": "Polygon", "coordinates": [ [ [ 125.70343, 63.18729 ], [ 125.71089, 63.18729 ], [ 125.71089, 63.18393 ], [ 125.70343, 63.18393 ], [ 125.70343, 63.18729 ] ] ] } },
{ "type": "Feature", "properties": { "sensor": "SUOMI-NPP", "description": "<b>Latitude: </b> 62.34791<br/> \n                    <b>Longitude: </b> 113.76528<br/> \n                    <b>Detection Time: </b> 2026-09-30 17:43 UTC<br/> \n                    <b>Sensor: </b> Suomi-NPP VIIRS<br/>\n                    <b>Confidence: </b> Nominal<br/> \n                    <b>Day/Night: </b> Night<br/>\n                    <b>Scan: </b> 0.42 km<br/>\n                    <b>Track: </b> 0.61 km<br/>\n                    <b>FRP: </b> 1.64 MW<br/>\n                    <b>Brightness: </b> 314.79 K" }, "geometry": { "type": "Polygon", "coordinates": [ [ [ 113.76165, 62.34959 ], [ 113.76891, 62.34959 ], [ 113.76891, 62.34623 ], [ 113.76165, 62.34623 ], [ 113.76165, 62.34959 ] ] ] } },
{ "type": "Feature", "properties": { "sensor": "SUOMI-NPP", "description": "<b>Latitude: </b> 62.35389<br/> \n                    <b>Longitude: </b> 113.70614<br/> \n                    <b>Detection Time: </b> 2026-09-30 17:43 UTC<br/> \n                    <b>Sensor: </b> Suomi-NPP VIIRS<br/>\n                    <b>Confidence: </b> Nominal<br/> \n                    <b>Day/Night: </b> Night<br/>\n                    <b>Scan: </b> 0.42 km<br/>\n                    <b>Track: </b> 0.61 km<br/>\n                    <b>FRP: </b> 6.93 MW<br/>\n                    <b>Brightness: </b> 298.09 K" }, "geometry": { "type": "Polygon", "coordinates": [ [ [ 113.70251, 62.35557 ], [ 113.70977, 62.35557 ], [ 113.70977, 62.35221 ], [ 113.70251, 62.35221 ], [ 113.70251, 62.35557 ] ] ] } },
{ "type": "Feature", "properties": { "sensor": "SUOMI-NPP", "description": "<b>Latitude: </b> 62.35392<br/> \n                    <b>Longitude: </b> 113.69769<br/> \n                    <b>Detection Time: </b> 2026-09-30 17:43 UTC<br/> \n                    <b>Sensor: </b> Suomi-NPP VIIRS<br/>\n                    <b>Confidence: </b> Nominal<br/> \n                    <b>Day/Night: </b> Night<br/>\n                    <b>Scan: </b> 0.42 km<br/>\n                    <b>Track: </b> 0.61 km<br/>\n                    <b>FRP: </b> 6.93 MW<br/>\n                    <b>Brightness: </b> 355.54 K" }, "geometry": { "type": "Polygon", "coordinates": [ [ [ 113.69406, 62.3556 ], [ 113.70132, 62.3556 ], [ 113.70132, 62.35224 ], [ 113.69406, 62.35224 ], [ 113.69406, 62.3556 ] ] ] } },
{ "type": "Feature", "properties": { "sensor": "SUOMI-NPP", "description": "<b>Latitude: </b> 62.35395<br/> \n                    <b>Longitude: </b> 113.68903<br/> \n                    <b>Detection Time: </b> 2026-09-30 17:43 UTC<br/> \n                    <b>Sensor: </b> Suomi-NPP VIIRS<br/>\n                    <b>Confidence: </b> Nominal<br/> \n                    <b>Day/Night: </b> Night<br/>\n                    <b>Scan: </b> 0.42 km<br/>\n                    <b>Track: </b> 0.61 km<br/>\n                    <b>FRP: </b> 11.12 MW<br/>\n                    <b>Brightness: </b> 321.39 K" }, "geometry": { "type": "Polygon", "coordinates": [ [ [ 113.6854, 62.35563 ], [ 113.69266, 62.35563 ], [ 113.69266, 62.35227 ], [ 113.6854, 62.35227 ], [ 113.6854, 62.35563 ] ] ] } },
{ "type": "Feature", "properties": { "sensor": "SUOMI-NPP", "description": "<b>Latitude: </b> 62.34771<br/> \n                    <b>Longitude: </b> 113.76852<br/> \n                    <b>Detection Time: </b> 2026-09-30 17:43 UTC<br/> \n                    <b>Sensor: </b> Suomi-NPP VIIRS<br/>\n                    <b>Confidence: </b> Nominal<br/> \n                    <b>Day/Night: </b> Night<br/>\n                    <b>Scan: </b> 0.42 km<br/>\n                    <b>Track: </b> 0.61 km<br/>\n                    <b>FRP: </b> 1.5 MW<br/>\n                    <b>Brightness: </b> 311.7 K" }, "geometry": { "type": "Polygon", "coordinates": [ [ [ 113.76489, 62.34939 ], [ 113.77215, 62.34939 ], [ 113.77215, 62.34603 ], [ 113.76489, 62.34603 ], [ 113.76489, 62.34939 ] ] ] } },
{ "type": "Feature", "properties": { "sensor": "SUOMI-NPP", "description": "<b>Latitude: </b> 62.35349<br/> \n                    <b>Longitude: </b> 113.701<br/> \n                    <b>Detection Time: </b> 2026-09-30 17:43 UTC<br/> \n                    <b>Sensor: </b> Suomi-NPP VIIRS<br/>\n                    <b>Confidence: </b> Nominal<br/> \n                    <b>Day/Night: </b> Night<br/>\n                    <b>Scan: </b> 0.42 km<br/>\n                    <b>Track: </b> 0.61 km<br/>\n                    <b>FRP: </b> 6.42 MW<br/>\n                    <b>Brightness: </b> 328.42 K" }, "geometry": { "type": "Polygon", "coordinates": [ [ [ 113.69737, 62.35517 ], [ 113.70463, 62.35517 ], [ 113.70463, 62.35181 ], [ 113.69737, 62.35181 ], [ 113.69737, 62.35517 ] ] ] } },
{ "type": "Feature", "properties": { "sensor": "SUOMI-NPP", "description": "<b>Latitude: </b> 62.35349<br/> \n                    <b>Longitude: </b> 113.69241<br/> \n                    <b>Detection Time: </b> 2026-09-30 17:43 UTC<br/> \n                    <b>Sensor: </b> Suomi-NPP VIIRS<br/>\n                    <b>Confidence: </b> High<br/> \n                    <b>Day/Night: </b> Night<br/>\n                    <b>Scan: </b> 0.42 km<br/>\n                    <b>Track: </b> 0.61 km<br/>\n                    <b>FRP: </b> 11.65 MW<br/>\n                    <b>Brightness: </b> 367 K" }, "geometry": { "type": "Polygon", "coordinates": [ [ [ 113.68878, 62.35517 ], [ 113.69604, 62.35517 ], [ 113.69604, 62.35181 ], [ 113.68878, 62.35181 ], [ 113.68878, 62.35517 ] ] ] } },
{ "type": "Feature", "properties": { "sensor": "SUOMI-NPP", "description": "<b>Latitude: </b> 62.39396<br/> \n                    <b>Longitude: </b> 113.49627<br/> \n                    <b>Detection Time: </b> 2026-09-30 17:43 UTC<br/> \n                    <b>Sensor: </b> Suomi-NPP VIIRS<br/>\n                    <b>Confidence: </b> Nominal<br/> \n                    <b>Day/Night: </b> Night<br/>\n                    <b>Scan: </b> 0.43 km<br/>\n                    <b>Track: </b> 0.62 km<br/>\n                    <b>FRP: </b> 2.02 MW<br/>\n                    <b>Brightness: </b> 324.68 K" }, "geometry": { "type": "Polygon", "coordinates": [ [ [ 113.49264, 62.39564 ], [ 113.4999, 62.39564 ], [ 113.4999, 62.39228 ], [ 113.49264, 62.39228 ], [ 113.49264, 62.39564 ] ] ] } },
{ "type": "Feature", "properties": { "sensor": "SUOMI-NPP", "description": "<b>Latitude: </b> 62.39969<br/> \n                    <b>Longitude: </b> 113.59068<br/> \n                    <b>Detection Time: </b> 2026-09-30 17:43 UTC<br/> \n                    <b>Sensor: </b> Suomi-NPP VIIRS<br/>\n                    <b>Confidence: </b> Nominal<br/> \n                    <b>Day/Night: </b> Night<br/>\n                    <b>Scan: </b> 0.43 km<br/>\n                    <b>Track: </b> 0.62 km<br/>\n                    <b>FRP: </b> 0.87 MW<br/>\n                    <b>Brightness: </b> 302.38 K" }, "geometry": { "type": "Polygon", "coordinates": [ [ [ 113.58704, 62.40137 ], [ 113.59432, 62.40137 ], [ 113.59432, 62.39801 ], [ 113.58704, 62.39801 ], [ 113.58704, 62.40137 ] ] ] } },
{ "type": "Feature", "properties": { "sensor": "SUOMI-NPP", "description": "<b>Latitude: </b> 62.39971<br/> \n                    <b>Longitude: </b> 113.58224<br/> \n                    <b>Detection Time: </b> 2026-09-30 17:43 UTC<br/> \n                    <b>Sensor: </b> Suomi-NPP VIIRS<br/>\n                    <b>Confidence: </b> Nominal<br/> \n                    <b>Day/Night: </b> Night<br/>\n                    <b>Scan: </b> 0.43 km<br/>\n                    <b>Track: </b> 0.62 km<br/>\n                    <b>FRP: </b> 0.87 MW<br/>\n                    <b>Brightness: </b> 295.61 K" }, "geometry": { "type": "Polygon", "coordinates": [ [ [ 113.5786, 62.40139 ], [ 113.58588, 62.40139 ], [ 113.58588, 62.39803 ], [ 113.5786, 62.39803 ], [ 113.5786, 62.40139 ] ] ] } },
{ "type": "Feature", "properties": { "sensor": "SUOMI-NPP", "description": "<b>Latitude: </b> 62.40547<br/> \n                    <b>Longitude: </b> 113.59112<br/> \n                    <b>Detection Time: </b> 2026-09-30 17:43 UTC<br/> \n                    <b>Sensor: </b> Suomi-NPP VIIRS<br/>\n                    <b>Confidence: </b> Nominal<br/> \n                    <b>Day/Night: </b> Night<br/>\n                    <b>Scan: </b> 0.43 km<br/>\n                    <b>Track: </b> 0.62 km<br/>\n                    <b>FRP: </b> 0.87 MW<br/>\n                    <b>Brightness: </b> 313.13 K" }, "geometry": { "type": "Polygon", "coordinates": [ [ [ 113.58748, 62.40715 ], [ 113.59476, 62.40715 ], [ 113.59476, 62.40379 ], [ 113.58748, 62.40379 ], [ 113.58748, 62.40715 ] ] ] } },
{ "type": "Feature", "properties": { "sensor": "SUOMI-NPP", "description": "<b>Latitude: </b> 62.40548<br/> \n                    <b>Longitude: </b> 113.58252<br/> \n                    <b>Detection Time: </b> 2026-09-30 17:43 UTC<br/> \n                    <b>Sensor: </b> Suomi-NPP VIIRS<br/>\n                    <b>Confidence: </b> Nominal<br/> \n                    <b>Day/Night: </b> Night<br/>\n                    <b>Scan: </b> 0.43 km<br/>\n                    <b>Track: </b> 0.62 km<br/>\n                    <b>FRP: </b> 0.87 MW<br/>\n                    <b>Brightness: </b> 296.4 K" }, "geometry": { "type": "Polygon", "coordinates": [ [ [ 113.57888, 62.40716 ], [ 113.58616, 62.40716 ], [ 113.58616, 62.4038 ], [ 113.57888, 62.4038 ], [ 113.57888, 62.40716 ] ] ] } },
{ "type": "Feature", "properties": { "sensor": "SUOMI-NPP", "description": "<b>Latitude: </b> 62.44574<br/> \n                    <b>Longitude: </b> 113.65961<br/> \n                    <b>Detection Time: </b> 2026-09-30 17:43 UTC<br/> \n                    <b>Sensor: </b> Suomi-NPP VIIRS<br/>\n                    <b>Confidence: </b> Nominal<br/> \n                    <b>Day/Night: </b> Night<br/>\n                    <b>Scan: </b> 0.42 km<br/>\n                    <b>Track: </b> 0.61 km<br/>\n                    <b>FRP: </b> 3.62 MW<br/>\n                    <b>Brightness: </b> 333.81 K" }, "geometry": { "type": "Polygon", "coordinates": [ [ [ 113.65597, 62.44742 ], [ 113.66325, 62.44742 ], [ 113.66325, 62.44406 ], [ 113.65597, 62.44406 ], [ 113.65597, 62.44742 ] ] ] } },
{ "type": "Feature", "properties": { "sensor": "SUOMI-NPP", "description": "<b>Latitude: </b> 62.44557<br/> \n                    <b>Longitude: </b> 113.66541<br/> \n                    <b>Detection Time: </b> 2026-09-30 17:43 UTC<br/> \n                    <b>Sensor: </b> Suomi-NPP VIIRS<br/>\n                    <b>Confidence: </b> Nominal<br/> \n                    <b>Day/Night: </b> Night<br/>\n                    <b>Scan: </b> 0.42 km<br/>\n                    <b>Track: </b> 0.61 km<br/>\n                    <b>FRP: </b> 2.12 MW<br/>\n                    <b>Brightness: </b> 310.73 K" }, "geometry": { "type": "Polygon", "coordinates": [ [ [ 113.66177, 62.44725 ], [ 113.66905, 62.44725 ], [ 113.66905, 62.44389 ], [ 113.66177, 62.44389 ], [ 113.66177, 62.44725 ] ] ] } },
{ "type": "Feature", "properties": { "sensor": "SUOMI-NPP", "description": "<b>Latitude: </b> 62.44557<br/> \n                    <b>Longitude: </b> 113.65659<br/> \n                    <b>Detection Time: </b> 2026-09-30 17:43 UTC<br/> \n                    <b>Sensor: </b> Suomi-NPP VIIRS<br/>\n                    <b>Confidence: </b> Nominal<br/> \n                    <b>Day/Night: </b> Night<br/>\n                    <b>Scan: </b> 0.42 km<br/>\n                    <b>Track: </b> 0.61 km<br/>\n                    <b>FRP: </b> 2.12 MW<br/>\n                    <b>Brightness: </b> 330.92 K" }, "geometry": { "type": "Polygon", "coordinates": [ [ [ 113.65295, 62.44725 ], [ 113.66023, 62.44725 ], [ 113.66023, 62.44389 ], [ 113.65295, 62.44389 ], [ 113.65295, 62.44725 ] ] ] } },
{ "type": "Feature", "properties": { "sensor": "SUOMI-NPP", "description": "<b>Latitude: </b> 62.49702<br/> \n                    <b>Longitude: </b> 113.90256<br/> \n                    <b>Detection Time: </b> 2026-09-30 17:43 UTC<br/> \n                    <b>Sensor: </b> Suomi-NPP VIIRS<br/>\n                    <b>Confidence: </b> Nominal<br/> \n                    <b>Day/Night: </b> Night<br/>\n                    <b>Scan: </b> 0.42 km<br/>\n                    <b>Track: </b> 0.61 km<br/>\n                    <b>FRP: </b> 1.25 MW<br/>\n                    <b>Brightness: </b> 318.7 K" }, "geometry": { "type": "Polygon", "coordinates": [ [ [ 113.89891, 62.4987 ], [ 113.90621, 62.4987 ], [ 113.90621, 62.49534 ], [ 113.89891, 62.49534 ], [ 113.89891, 62.4987 ] ] ] } },
{ "type": "Feature", "properties": { "sensor": "SUOMI-NPP", "description": "<b>Latitude: </b> 63.1842<br/> \n                    <b>Longitude: </b> 125.70034<br/> \n                    <b>Detection Time: </b> 2026-09-30 17:43 UTC<br/> \n                    <b>Sensor: </b> Suomi-NPP VIIRS<br/>\n                    <b>Confidence: </b> Nominal<br/> \n                    <b>Day/Night: </b> Night<br/>\n                    <b>Scan: </b> 0.55 km<br/>\n                    <b>Track: </b> 0.43 km<br/>\n                    <b>FRP: </b> 0.92 MW<br/>\n                    <b>Brightness: </b> 295.91 K" }, "geometry": { "type": "Polygon", "coordinates": [ [ [ 125.69661, 63.18588 ], [ 125.70407, 63.18588 ], [ 125.70407, 63.18252 ], [ 125.69661, 63.18252 ], [ 125.69661, 63.18588 ] ] ] } },
{ "type": "Feature", "properties": { "sensor": "SUOMI-NPP", "description": "<b>Latitude: </b> 45.38506<br/> \n                    <b>Longitude: </b> 148.81638<br/> \n                    <b>Detection Time: </b> 2026-09-30 16:07 UTC<br/> \n                    <b>Sensor: </b> Suomi-NPP VIIRS<br/>\n                    <b>Confidence: </b> Nominal<br/> \n                    <b>Day/Night: </b> Night<br/>\n                    <b>Scan: </b> 0.41 km<br/>\n                    <b>Track: </b> 0.37 km<br/>\n                    <b>FRP: </b> 0.87 MW<br/>\n                    <b>Brightness: </b> 296.41 K" }, "geometry": { "type": "Polygon", "coordinates": [ [ [ 148.81398, 45.38674 ], [ 148.81878, 45.38674 ], [ 148.81878, 45.38338 ], [ 148.81398, 45.38338 ], [ 148.81398, 45.38674 ] ] ] } },
{ "type": "Feature", "properties": { "sensor": "SUOMI-NPP", "description": "<b>Latitude: </b> 53.26553<br/> \n                    <b>Longitude: </b> 143.21896<br/> \n                    <b>Detection Time: </b> 2026-09-30 16:05 UTC<br/> \n                    <b>Sensor: </b> Suomi-NPP VIIRS<br/>\n                    <b>Confidence: </b> Nominal<br/> \n                    <b>Day/Night: </b> Night<br/>\n                    <b>Scan: </b> 0.52 km<br/>\n                    <b>Track: </b> 0.5 km<br/>\n                    <b>FRP: </b> 0.58 MW<br/>\n                    <b>Brightness: </b> 295.12 K" }, "geometry": { "type": "Polygon", "coordinates": [ [ [ 143.21614, 53.26721 ], [ 143.22178, 53.26721 ], [ 143.22178, 53.26385 ], [ 143.21614, 53.26385 ], [ 143.21614, 53.26721 ] ] ] } },
{ "type": "Feature", "properties": { "sensor": "SUOMI-NPP", "description": "<b>Latitude: </b> 53.20322<br/> \n                    <b>Longitude: </b> 143.24066<br/> \n                    <b>Detection Time: </b> 2026-09-30 16:05 UTC<br/> \n                    <b>Sensor: </b> Suomi-NPP VIIRS<br/>\n                    <b>Confidence: </b> Nominal<br/> \n                    <b>Day/Night: </b> Night<br/>\n                    <b>Scan: </b> 0.52 km<br/>\n                    <b>Track: </b> 0.5 km<br/>\n                    <b>FRP: </b> 3.05 MW<br/>\n                    <b>Brightness: </b> 329.98 K" }, "geometry": { "type": "Polygon", "coordinates": [ [ [ 143.23785, 53.2049 ], [ 143.24347, 53.2049 ], [ 143.24347, 53.20154 ], [ 143.23785, 53.20154 ], [ 143.23785, 53.2049 ] ] ] } },
{ "type": "Feature", "properties": { "sensor": "SUOMI-NPP", "description": "<b>Latitude: </b> 57.64167<br/> \n                    <b>Longitude: </b> 135.70999<br/> \n                    <b>Detection Time: </b> 2026-09-30 16:03 UTC<br/> \n                    <b>Sensor: </b> Suomi-NPP VIIRS<br/>\n                    <b>Confidence: </b> Nominal<br/> \n                    <b>Day/Night: </b> Night<br/>\n                    <b>Scan: </b> 0.54 km<br/>\n                    <b>Track: </b> 0.68 km<br/>\n                    <b>FRP: </b> 0.8 MW<br/>\n                    <b>Brightness: </b> 298.9 K" }, "geometry": { "type": "Polygon", "coordinates": [ [ [ 135.70684, 57.64335 ], [ 135.71314, 57.64335 ], [ 135.71314, 57.63999 ], [ 135.70684, 57.63999 ], [ 135.70684, 57.64335 ] ] ] } },
{ "type": "Feature", "properties": { "sensor": "SUOMI-NPP", "description": "<b>Latitude: </b> 46.26462<br/> \n                    <b>Longitude: </b> 29.70883<br/> \n                    <b>Detection Time: </b> 2026-09-30 12:19 UTC<br/> \n                    <b>Sensor: </b> Suomi-NPP VIIRS<br/>\n                    <b>Confidence: </b> Nominal<br/> \n                    <b>Day/Night: </b> Day<br/>\n                    <b>Scan: </b> 0.75 km<br/>\n                    <b>Track: </b> 0.77 km<br/>\n                    <b>FRP: </b> 4.62 MW<br/>\n                    <b>Brightness: </b> 335.99 K" }, "geometry": { "type": "Polygon", "coordinates": [ [ [ 29.70639, 46.2663 ], [ 29.71127, 46.2663 ], [ 29.71127, 46.26294 ], [ 29.70639, 46.26294 ], [ 29.70639, 46.2663 ] ] ] } },
{ "type": "Feature", "properties": { "sensor": "SUOMI-NPP", "description": "<b>Latitude: </b> 49.627<br/> \n                    <b>Longitude: </b> 28.82377<br/> \n                    <b>Detection Time: </b> 2026-09-30 12:19 UTC<br/> \n                    <b>Sensor: </b> Suomi-NPP VIIRS<br/>\n                    <b>Confidence: </b> Nominal<br/> \n                    <b>Day/Night: </b> Day<br/>\n                    <b>Scan: </b> 0.69 km<br/>\n                    <b>Track: </b> 0.74 km<br/>\n                    <b>FRP: </b> 9.68 MW<br/>\n                    <b>Brightness: </b> 337.87 K" }, "geometry": { "type": "Polygon", "coordinates": [ [ [ 28.82117, 49.62868 ], [ 28.82637, 49.62868 ], [ 28.82637, 49.62532 ], [ 28.82117, 49.62532 ], [ 28.82117, 49.62868 ] ] ] } },
{ "type": "Feature", "properties": { "sensor": "SUOMI-NPP", "description": "<b>Latitude: </b> 49.62229<br/> \n                    <b>Longitude: </b> 28.82191<br/> \n                    <b>Detection Time: </b> 2026-09-30 12:19 UTC<br/> \n                    <b>Sensor: </b> Suomi-NPP VIIRS<br/>\n                    <b>Confidence: </b> Nominal<br/> \n                    <b>Day/Night: </b> Day<br/>\n                    <b>Scan: </b> 0.69 km<br/>\n                    <b>Track: </b> 0.74 km<br/>\n                    <b>FRP: </b> 5.75 MW<br/>\n                    <b>Brightness: </b> 340.74 K" }, "geometry": { "type": "Polygon", "coordinates": [ [ [ 28.81931, 49.62397 ], [ 28.82451, 49.62397 ], [ 28.82451, 49.62061 ], [ 28.81931, 49.62061 ], [ 28.81931, 49.62397 ] ] ] } },
{ "type": "Feature", "properties": { "sensor": "NOAA-20", "description": "<b>Latitude: </b> 53.20381<br/> \n                    <b>Longitude: </b> 143.23878<br/> \n                    <b>Detection Time: </b> 2026-09-30 16:26 UTC<br/> \n                    <b>Sensor: </b> NOAA-20 VIIRS<br/>\n                    <b>Confidence: </b> Nominal<br/> \n                    <b>Day/Night: </b> Night<br/>\n                    <b>Scan: </b> 0.45 km<br/>\n                    <b>Track: </b> 0.39 km<br/>\n                    <b>FRP: </b> 5.41 MW<br/>\n                    <b>Brightness: </b> 328.4 K" }, "geometry": { "type": "Polygon", "coordinates": [ [ [ 143.23597, 53.20549 ], [ 143.24159, 53.20549 ], [ 143.24159, 53.20213 ], [ 143.23597, 53.20213 ], [ 143.23597, 53.20549 ] ] ] } },
{ "type": "Feature", "properties": { "sensor": "NOAA-20", "description": "<b>Latitude: </b> 52.5125<br/> \n                    <b>Longitude: </b> 143.1857<br/> \n                    <b>Detection Time: </b> 2026-09-30 16:26 UTC<br/> \n                    <b>Sensor: </b> NOAA-20 VIIRS<br/>\n                    <b>Confidence: </b> Nominal<br/> \n                    <b>Day/Night: </b> Night<br/>\n                    <b>Scan: </b> 0.45 km<br/>\n                    <b>Track: </b> 0.39 km<br/>\n                    <b>FRP: </b> 0.75 MW<br/>\n                    <b>Brightness: </b> 305.22 K" }, "geometry": { "type": "Polygon", "coordinates": [ [ [ 143.18293, 52.51418 ], [ 143.18847, 52.51418 ], [ 143.18847, 52.51082 ], [ 143.18293, 52.51082 ], [ 143.18293, 52.51418 ] ] ] } },
{ "type": "Feature", "properties": { "sensor": "NOAA-20", "description": "<b>Latitude: </b> 53.14668<br/> \n                    <b>Longitude: </b> 143.25533<br/> \n                    <b>Detection Time: </b> 2026-09-30 16:26 UTC<br/> \n                    <b>Sensor: </b> NOAA-20 VIIRS<br/>\n                    <b>Confidence: </b> Nominal<br/> \n                    <b>Day/Night: </b> Night<br/>\n                    <b>Scan: </b> 0.45 km<br/>\n                    <b>Track: </b> 0.39 km<br/>\n                    <b>FRP: </b> 3.65 MW<br/>\n                    <b>Brightness: </b> 335.88 K" }, "geometry": { "type": "Polygon", "coordinates": [ [ [ 143.25252, 53.14836 ], [ 143.25814, 53.14836 ], [ 143.25814, 53.145 ], [ 143.25252, 53.145 ], [ 143.25252, 53.14836 ] ] ] } },
{ "type": "Feature", "properties": { "sensor": "NOAA-20", "description": "<b>Latitude: </b> 53.26595<br/> \n                    <b>Longitude: </b> 143.22386<br/> \n                    <b>Detection Time: </b> 2026-09-30 16:26 UTC<br/> \n                    <b>Sensor: </b> NOAA-20 VIIRS<br/>\n                    <b>Confidence: </b> Nominal<br/> \n                    <b>Day/Night: </b> Night<br/>\n                    <b>Scan: </b> 0.46 km<br/>\n                    <b>Track: </b> 0.39 km<br/>\n                    <b>FRP: </b> 1.3 MW<br/>\n                    <b>Brightness: </b> 309.75 K" }, "geometry": { "type": "Polygon", "coordinates": [ [ [ 143.22104, 53.26763 ], [ 143.22668, 53.26763 ], [ 143.22668, 53.26427 ], [ 143.22104, 53.26427 ], [ 143.22104, 53.26763 ] ] ] } },
{ "type": "Feature", "properties": { "sensor": "NOAA-20", "description": "<b>Latitude: </b> 57.64072<br/> \n                    <b>Longitude: </b> 135.66101<br/> \n                    <b>Detection Time: </b> 2026-09-30 16:24 UTC<br/> \n                    <b>Sensor: </b> NOAA-20 VIIRS<br/>\n                    <b>Confidence: </b> Nominal<br/> \n                    <b>Day/Night: </b> Night<br/>\n                    <b>Scan: </b> 0.62 km<br/>\n                    <b>Track: </b> 0.54 km<br/>\n                    <b>FRP: </b> 1.81 MW<br/>\n                    <b>Brightness: </b> 298.74 K" }, "geometry": { "type": "Polygon", "coordinates": [ [ [ 135.65786, 57.6424 ], [ 135.66416, 57.6424 ], [ 135.66416, 57.63904 ], [ 135.65786, 57.63904 ], [ 135.65786, 57.6424 ] ] ] } },
{ "type": "Feature", "properties": { "sensor": "NOAA-20", "description": "<b>Latitude: </b> 57.64436<br/> \n                    <b>Longitude: </b> 135.70761<br/> \n                    <b>Detection Time: </b> 2026-09-30 16:24 UTC<br/> \n                    <b>Sensor: </b> NOAA-20 VIIRS<br/>\n                    <b>Confidence: </b> Nominal<br/> \n                    <b>Day/Night: </b> Night<br/>\n                    <b>Scan: </b> 0.62 km<br/>\n                    <b>Track: </b> 0.54 km<br/>\n                    <b>FRP: </b> 2.35 MW<br/>\n                    <b>Brightness: </b> 304.95 K" }, "geometry": { "type": "Polygon", "coordinates": [ [ [ 135.70446, 57.64604 ], [ 135.71076, 57.64604 ], [ 135.71076, 57.64268 ], [ 135.70446, 57.64268 ], [ 135.70446, 57.64604 ] ] ] } },
{ "type": "Feature", "properties": { "sensor": "NOAA-20", "description": "<b>Latitude: </b> 57.64421<br/> \n                    <b>Longitude: </b> 135.70474<br/> \n                    <b>Detection Time: </b> 2026-09-30 16:24 UTC<br/> \n                    <b>Sensor: </b> NOAA-20 VIIRS<br/>\n                    <b>Confidence: </b> Nominal<br/> \n                    <b>Day/Night: </b> Night<br/>\n                    <b>Scan: </b> 0.62 km<br/>\n                    <b>Track: </b> 0.54 km<br/>\n                    <b>FRP: </b> 1.16 MW<br/>\n                    <b>Brightness: </b> 295.87 K" }, "geometry": { "type": "Polygon", "coordinates": [ [ [ 135.70159, 57.64589 ], [ 135.70789, 57.64589 ], [ 135.70789, 57.64253 ], [ 135.70159, 57.64253 ], [ 135.70159, 57.64589 ] ] ] } },
{ "type": "Feature", "properties": { "sensor": "NOAA-21", "description": "<b>Latitude: </b> 57.25399<br/> \n                    <b>Longitude: </b> 135.79187<br/> \n                    <b>Detection Time: </b> 2026-09-30 17:09 UTC<br/> \n                    <b>Sensor: </b> NOAA-21 VIIRS<br/>\n                    <b>Confidence: </b> Nominal<br/> \n                    <b>Day/Night: </b> Night<br/>\n                    <b>Scan: </b> 0.39 km<br/>\n                    <b>Track: </b> 0.36 km<br/>\n                    <b>FRP: </b> 0.95 MW<br/>\n                    <b>Brightness: </b> 295.25 K" }, "geometry": { "type": "Polygon", "coordinates": [ [ [ 135.78876, 57.25567 ], [ 135.79498, 57.25567 ], [ 135.79498, 57.25231 ], [ 135.78876, 57.25231 ], [ 135.78876, 57.25567 ] ] ] } },
{ "type": "Feature", "properties": { "sensor": "NOAA-21", "description": "<b>Latitude: </b> 53.26488<br/> \n                    <b>Longitude: </b> 143.22235<br/> \n                    <b>Detection Time: </b> 2026-09-30 17:09 UTC<br/> \n                    <b>Sensor: </b> NOAA-21 VIIRS<br/>\n                    <b>Confidence: </b> Nominal<br/> \n                    <b>Day/Night: </b> Night<br/>\n                    <b>Scan: </b> 0.54 km<br/>\n                    <b>Track: </b> 0.42 km<br/>\n                    <b>FRP: </b> 0.99 MW<br/>\n                    <b>Brightness: </b> 299.83 K" }, "geometry": { "type": "Polygon", "coordinates": [ [ [ 143.21953, 53.26656 ], [ 143.22517, 53.26656 ], [ 143.22517, 53.2632 ], [ 143.21953, 53.2632 ], [ 143.21953, 53.26656 ] ] ] } },
{ "type": "Feature", "properties": { "sensor": "NOAA-21", "description": "<b>Latitude: </b> 53.203<br/> \n                    <b>Longitude: </b> 143.23579<br/> \n                    <b>Detection Time: </b> 2026-09-30 17:09 UTC<br/> \n                    <b>Sensor: </b> NOAA-21 VIIRS<br/>\n                    <b>Confidence: </b> Nominal<br/> \n                    <b>Day/Night: </b> Night<br/>\n                    <b>Scan: </b> 0.55 km<br/>\n                    <b>Track: </b> 0.42 km<br/>\n                    <b>FRP: </b> 1.89 MW<br/>\n                    <b>Brightness: </b> 315.78 K" }, "geometry": { "type": "Polygon", "coordinates": [ [ [ 143.23298, 53.20468 ], [ 143.2386, 53.20468 ], [ 143.2386, 53.20132 ], [ 143.23298, 53.20132 ], [ 143.23298, 53.20468 ] ] ] } },
{ "type": "Feature", "properties": { "sensor": "NOAA-21", "description": "<b>Latitude: </b> 52.93337<br/> \n                    <b>Longitude: </b> 138.82069<br/> \n                    <b>Detection Time: </b> 2026-09-30 17:09 UTC<br/> \n                    <b>Sensor: </b> NOAA-21 VIIRS<br/>\n                    <b>Confidence: </b> Nominal<br/> \n                    <b>Day/Night: </b> Night<br/>\n                    <b>Scan: </b> 0.42 km<br/>\n                    <b>Track: </b> 0.37 km<br/>\n                    <b>FRP: </b> 1.33 MW<br/>\n                    <b>Brightness: </b> 307.67 K" }, "geometry": { "type": "Polygon", "coordinates": [ [ [ 138.8179, 52.93505 ], [ 138.82348, 52.93505 ], [ 138.82348, 52.93169 ], [ 138.8179, 52.93169 ], [ 138.8179, 52.93505 ] ] ] } },
{ "type": "Feature", "properties": { "sensor": "NOAA-21", "description": "<b>Latitude: </b> 62.35642<br/> \n                    <b>Longitude: </b> 113.69678<br/> \n                    <b>Detection Time: </b> 2026-09-30 17:07 UTC<br/> \n                    <b>Sensor: </b> NOAA-21 VIIRS<br/>\n                    <b>Confidence: </b> High<br/> \n                    <b>Day/Night: </b> Night<br/>\n                    <b>Scan: </b> 0.67 km<br/>\n                    <b>Track: </b> 0.74 km<br/>\n                    <b>FRP: </b> 13.78 MW<br/>\n                    <b>Brightness: </b> 367 K" }, "geometry": { "type": "Polygon", "coordinates": [ [ [ 113.69315, 62.3581 ], [ 113.70041, 62.3581 ], [ 113.70041, 62.35474 ], [ 113.69315, 62.35474 ], [ 113.69315, 62.3581 ] ] ] } },
{ "type": "Feature", "properties": { "sensor": "NOAA-21", "description": "<b>Latitude: </b> 62.35234<br/> \n                    <b>Longitude: </b> 113.76376<br/> \n                    <b>Detection Time: </b> 2026-09-30 17:07 UTC<br/> \n                    <b>Sensor: </b> NOAA-21 VIIRS<br/>\n                    <b>Confidence: </b> Nominal<br/> \n                    <b>Day/Night: </b> Night<br/>\n                    <b>Scan: </b> 0.67 km<br/>\n                    <b>Track: </b> 0.73 km<br/>\n                    <b>FRP: </b> 10.64 MW<br/>\n                    <b>Brightness: </b> 353.08 K" }, "geometry": { "type": "Polygon", "coordinates": [ [ [ 113.76013, 62.35402 ], [ 113.76739, 62.35402 ], [ 113.76739, 62.35066 ], [ 113.76013, 62.35066 ], [ 113.76013, 62.35402 ] ] ] } },
{ "type": "Feature", "properties": { "sensor": "NOAA-21", "description": "<b>Latitude: </b> 62.34963<br/> \n                    <b>Longitude: </b> 113.69808<br/> \n                    <b>Detection Time: </b> 2026-09-30 17:07 UTC<br/> \n                    <b>Sensor: </b> NOAA-21 VIIRS<br/>\n                    <b>Confidence: </b> Nominal<br/> \n                    <b>Day/Night: </b> Night<br/>\n                    <b>Scan: </b> 0.67 km<br/>\n                    <b>Track: </b> 0.74 km<br/>\n                    <b>FRP: </b> 13.78 MW<br/>\n                    <b>Brightness: </b> 318.98 K" }, "geometry": { "type": "Polygon", "coordinates": [ [ [ 113.69445, 62.35131 ], [ 113.70171, 62.35131 ], [ 113.70171, 62.34795 ], [ 113.69445, 62.34795 ], [ 113.69445, 62.35131 ] ] ] } },
{ "type": "Feature", "properties": { "sensor": "NOAA-21", "description": "<b>Latitude: </b> 57.58926<br/> \n                    <b>Longitude: </b> 139.27608<br/> \n                    <b>Detection Time: </b> 2026-09-30 17:07 UTC<br/> \n                    <b>Sensor: </b> NOAA-21 VIIRS<br/>\n                    <b>Confidence: </b> Nominal<br/> \n                    <b>Day/Night: </b> Night<br/>\n                    <b>Scan: </b> 0.39 km<br/>\n                    <b>Track: </b> 0.36 km<br/>\n                    <b>FRP: </b> 2.1 MW<br/>\n                    <b>Brightness: </b> 310.24 K" }, "geometry": { "type": "Polygon", "coordinates": [ [ [ 139.27294, 57.59094 ], [ 139.27922, 57.59094 ], [ 139.27922, 57.58758 ], [ 139.27294, 57.58758 ], [ 139.27294, 57.59094 ] ] ] } },
{ "type": "Feature", "properties": { "sensor": "NOAA-21", "description": "<b>Latitude: </b> 57.64141<br/> \n                    <b>Longitude: </b> 135.71217<br/> \n                    <b>Detection Time: </b> 2026-09-30 17:07 UTC<br/> \n                    <b>Sensor: </b> NOAA-21 VIIRS<br/>\n                    <b>Confidence: </b> Nominal<br/> \n                    <b>Day/Night: </b> Night<br/>\n                    <b>Scan: </b> 0.39 km<br/>\n                    <b>Track: </b> 0.37 km<br/>\n                    <b>FRP: </b> 1.17 MW<br/>\n                    <b>Brightness: </b> 315.98 K" }, "geometry": { "type": "Polygon", "coordinates": [ [ [ 135.70902, 57.64309 ], [ 135.71532, 57.64309 ], [ 135.71532, 57.63973 ], [ 135.70902, 57.63973 ], [ 135.70902, 57.64309 ] ] ] } },
{ "type": "Feature", "properties": { "sensor": "NOAA-21", "description": "<b>Latitude: </b> 57.63792<br/> \n                    <b>Longitude: </b> 135.66211<br/> \n                    <b>Detection Time: </b> 2026-09-30 17:07 UTC<br/> \n                    <b>Sensor: </b> NOAA-21 VIIRS<br/>\n                    <b>Confidence: </b> Nominal<br/> \n                    <b>Day/Night: </b> Night<br/>\n                    <b>Scan: </b> 0.4 km<br/>\n                    <b>Track: </b> 0.37 km<br/>\n                    <b>FRP: </b> 1.6 MW<br/>\n                    <b>Brightness: </b> 306.1 K" }, "geometry": { "type": "Polygon", "coordinates": [ [ [ 135.65896, 57.6396 ], [ 135.66526, 57.6396 ], [ 135.66526, 57.63624 ], [ 135.65896, 57.63624 ], [ 135.65896, 57.6396 ] ] ] } },
{ "type": "Feature", "properties": { "sensor": "NOAA-21", "description": "<b>Latitude: </b> 57.63703<br/> \n                    <b>Longitude: </b> 135.66855<br/> \n                    <b>Detection Time: </b> 2026-09-30 17:07 UTC<br/> \n                    <b>Sensor: </b> NOAA-21 VIIRS<br/>\n                    <b>Confidence: </b> Nominal<br/> \n                    <b>Day/Night: </b> Night<br/>\n                    <b>Scan: </b> 0.4 km<br/>\n                    <b>Track: </b> 0.37 km<br/>\n                    <b>FRP: </b> 0.87 MW<br/>\n                    <b>Brightness: </b> 298.04 K" }, "geometry": { "type": "Polygon", "coordinates": [ [ [ 135.6654, 57.63871 ], [ 135.6717, 57.63871 ], [ 135.6717, 57.63535 ], [ 135.6654, 57.63535 ], [ 135.6654, 57.63871 ] ] ] } },
{ "type": "Feature", "properties": { "sensor": "NOAA-21", "description": "<b>Latitude: </b> 57.64116<br/> \n                    <b>Longitude: </b> 135.66393<br/> \n                    <b>Detection Time: </b> 2026-09-30 17:07 UTC<br/> \n                    <b>Sensor: </b> NOAA-21 VIIRS<br/>\n                    <b>Confidence: </b> Nominal<br/> \n                    <b>Day/Night: </b> Night<br/>\n                    <b>Scan: </b> 0.4 km<br/>\n                    <b>Track: </b> 0.37 km<br/>\n                    <b>FRP: </b> 1.98 MW<br/>\n                    <b>Brightness: </b> 315.65 K" }, "geometry": { "type": "Polygon", "coordinates": [ [ [ 135.66078, 57.64284 ], [ 135.66708, 57.64284 ], [ 135.66708, 57.63948 ], [ 135.66078, 57.63948 ], [ 135.66078, 57.64284 ] ] ] } },
{ "type": "Feature", "properties": { "sensor": "NOAA-21", "description": "<b>Latitude: </b> 63.18413<br/> \n                    <b>Longitude: </b> 125.70535<br/> \n                    <b>Detection Time: </b> 2026-09-30 17:07 UTC<br/> \n                    <b>Sensor: </b> NOAA-21 VIIRS<br/>\n                    <b>Confidence: </b> Nominal<br/> \n                    <b>Day/Night: </b> Night<br/>\n                    <b>Scan: </b> 0.55 km<br/>\n                    <b>Track: </b> 0.51 km<br/>\n                    <b>FRP: </b> 1.43 MW<br/>\n                    <b>Brightness: </b> 300.63 K" }, "geometry": { "type": "Polygon", "coordinates": [ [ [ 125.70162, 63.18581 ], [ 125.70908, 63.18581 ], [ 125.70908, 63.18245 ], [ 125.70162, 63.18245 ], [ 125.70162, 63.18581 ] ] ] } },
{ "type": "Feature", "properties": { "sensor": "NOAA-21", "description": "<b>Latitude: </b> 62.49661<br/> \n                    <b>Longitude: </b> 113.90669<br/> \n                    <b>Detection Time: </b> 2026-09-30 17:07 UTC<br/> \n                    <b>Sensor: </b> NOAA-21 VIIRS<br/>\n                    <b>Confidence: </b> Nominal<br/> \n                    <b>Day/Night: </b> Night<br/>\n                    <b>Scan: </b> 0.66 km<br/>\n                    <b>Track: </b> 0.73 km<br/>\n                    <b>FRP: </b> 3.25 MW<br/>\n                    <b>Brightness: </b> 304.93 K" }, "geometry": { "type": "Polygon", "coordinates": [ [ [ 113.90304, 62.49829 ], [ 113.91034, 62.49829 ], [ 113.91034, 62.49493 ], [ 113.90304, 62.49493 ], [ 113.90304, 62.49829 ] ] ] } },
{ "type": "Feature", "properties": { "sensor": "NOAA-21", "description": "<b>Latitude: </b> 62.44462<br/> \n                    <b>Longitude: </b> 113.65439<br/> \n                    <b>Detection Time: </b> 2026-09-30 17:07 UTC<br/> \n                    <b>Sensor: </b> NOAA-21 VIIRS<br/>\n                    <b>Confidence: </b> Nominal<br/> \n                    <b>Day/Night: </b> Night<br/>\n                    <b>Scan: </b> 0.67 km<br/>\n                    <b>Track: </b> 0.74 km<br/>\n                    <b>FRP: </b> 12.81 MW<br/>\n                    <b>Brightness: </b> 344.57 K" }, "geometry": { "type": "Polygon", "coordinates": [ [ [ 113.65075, 62.4463 ], [ 113.65803, 62.4463 ], [ 113.65803, 62.44294 ], [ 113.65075, 62.44294 ], [ 113.65075, 62.4463 ] ] ] } },
{ "type": "Feature", "properties": { "sensor": "NOAA-21", "description": "<b>Latitude: </b> 62.44525<br/> \n                    <b>Longitude: </b> 113.66817<br/> \n                    <b>Detection Time: </b> 2026-09-30 17:07 UTC<br/> \n                    <b>Sensor: </b> NOAA-21 VIIRS<br/>\n                    <b>Confidence: </b> Nominal<br/> \n                    <b>Day/Night: </b> Night<br/>\n                    <b>Scan: </b> 0.67 km<br/>\n                    <b>Track: </b> 0.74 km<br/>\n                    <b>FRP: </b> 8.88 MW<br/>\n                    <b>Brightness: </b> 304.88 K" }, "geometry": { "type": "Polygon", "coordinates": [ [ [ 113.66453, 62.44693 ], [ 113.67181, 62.44693 ], [ 113.67181, 62.44357 ], [ 113.66453, 62.44357 ], [ 113.66453, 62.44693 ] ] ] } },
{ "type": "Feature", "properties": { "sensor": "NOAA-21", "description": "<b>Latitude: </b> 62.49519<br/> \n                    <b>Longitude: </b> 113.90732<br/> \n                    <b>Detection Time: </b> 2026-09-30 17:07 UTC<br/> \n                    <b>Sensor: </b> NOAA-21 VIIRS<br/>\n                    <b>Confidence: </b> Nominal<br/> \n                    <b>Day/Night: </b> Night<br/>\n                    <b>Scan: </b> 0.66 km<br/>\n                    <b>Track: </b> 0.73 km<br/>\n                    <b>FRP: </b> 2.07 MW<br/>\n                    <b>Brightness: </b> 304.84 K" }, "geometry": { "type": "Polygon", "coordinates": [ [ [ 113.90367, 62.49687 ], [ 113.91097, 62.49687 ], [ 113.91097, 62.49351 ], [ 113.90367, 62.49351 ], [ 113.90367, 62.49687 ] ] ] } },
{ "type": "Feature", "properties": { "sensor": "NOAA-21", "description": "<b>Latitude: </b> 62.44403<br/> \n                    <b>Longitude: </b> 113.65533<br/> \n                    <b>Detection Time: </b> 2026-09-30 17:07 UTC<br/> \n                    <b>Sensor: </b> NOAA-21 VIIRS<br/>\n                    <b>Confidence: </b> Nominal<br/> \n                    <b>Day/Night: </b> Night<br/>\n                    <b>Scan: </b> 0.67 km<br/>\n                    <b>Track: </b> 0.74 km<br/>\n                    <b>FRP: </b> 8.43 MW<br/>\n                    <b>Brightness: </b> 349.03 K" }, "geometry": { "type": "Polygon", "coordinates": [ [ [ 113.65169, 62.44571 ], [ 113.65897, 62.44571 ], [ 113.65897, 62.44235 ], [ 113.65169, 62.44235 ], [ 113.65169, 62.44571 ] ] ] } },
{ "type": "Feature", "properties": { "sensor": "NOAA-21", "description": "<b>Latitude: </b> 62.44461<br/> \n                    <b>Longitude: </b> 113.66906<br/> \n                    <b>Detection Time: </b> 2026-09-30 17:07 UTC<br/> \n                    <b>Sensor: </b> NOAA-21 VIIRS<br/>\n                    <b>Confidence: </b> Nominal<br/> \n                    <b>Day/Night: </b> Night<br/>\n                    <b>Scan: </b> 0.67 km<br/>\n                    <b>Track: </b> 0.74 km<br/>\n                    <b>FRP: </b> 8.43 MW<br/>\n                    <b>Brightness: </b> 297.83 K" }, "geometry": { "type": "Polygon", "coordinates": [ [ [ 113.66542, 62.44629 ], [ 113.6727, 62.44629 ], [ 113.6727, 62.44293 ], [ 113.66542, 62.44293 ], [ 113.66542, 62.44629 ] ] ] } },
{ "type": "Feature", "properties": { "sensor": "NOAA-21", "description": "<b>Latitude: </b> 62.40223<br/> \n                    <b>Longitude: </b> 113.3288<br/> \n                    <b>Detection Time: </b> 2026-09-30 17:07 UTC<br/> \n                    <b>Sensor: </b> NOAA-21 VIIRS<br/>\n                    <b>Confidence: </b> Nominal<br/> \n                    <b>Day/Night: </b> Night<br/>\n                    <b>Scan: </b> 0.69 km<br/>\n                    <b>Track: </b> 0.74 km<br/>\n                    <b>FRP: </b> 3 MW<br/>\n                    <b>Brightness: </b> 312.6 K" }, "geometry": { "type": "Polygon", "coordinates": [ [ [ 113.32516, 62.40391 ], [ 113.33244, 62.40391 ], [ 113.33244, 62.40055 ], [ 113.32516, 62.40055 ], [ 113.32516, 62.40391 ] ] ] } },
{ "type": "Feature", "properties": { "sensor": "NOAA-21", "description": "<b>Latitude: </b> 62.3999<br/> \n                    <b>Longitude: </b> 113.58551<br/> \n                    <b>Detection Time: </b> 2026-09-30 17:07 UTC<br/> \n                    <b>Sensor: </b> NOAA-21 VIIRS<br/>\n                    <b>Confidence: </b> Nominal<br/> \n                    <b>Day/Night: </b> Night<br/>\n                    <b>Scan: </b> 0.68 km<br/>\n                    <b>Track: </b> 0.74 km<br/>\n                    <b>FRP: </b> 9.22 MW<br/>\n                    <b>Brightness: </b> 346.81 K" }, "geometry": { "type": "Polygon", "coordinates": [ [ [ 113.58187, 62.40158 ], [ 113.58915, 62.40158 ], [ 113.58915, 62.39822 ], [ 113.58187, 62.39822 ], [ 113.58187, 62.40158 ] ] ] } },
{ "type": "Feature", "properties": { "sensor": "NOAA-21", "description": "<b>Latitude: </b> 62.39579<br/> \n                    <b>Longitude: </b> 113.49266<br/> \n                    <b>Detection Time: </b> 2026-09-30 17:07 UTC<br/> \n                    <b>Sensor: </b> NOAA-21 VIIRS<br/>\n                    <b>Confidence: </b> Nominal<br/> \n                    <b>Day/Night: </b> Night<br/>\n                    <b>Scan: </b> 0.68 km<br/>\n                    <b>Track: </b> 0.74 km<br/>\n                    <b>FRP: </b> 2.83 MW<br/>\n                    <b>Brightness: </b> 312.92 K" }, "geometry": { "type": "Polygon", "coordinates": [ [ [ 113.48902, 62.39747 ], [ 113.4963, 62.39747 ], [ 113.4963, 62.39411 ], [ 113.48902, 62.39411 ], [ 113.48902, 62.39747 ] ] ] } },
{ "type": "Feature", "properties": { "sensor": "NOAA-21", "description": "<b>Latitude: </b> 62.35642<br/> \n                    <b>Longitude: </b> 113.68773<br/> \n                    <b>Detection Time: </b> 2026-09-30 17:07 UTC<br/> \n                    <b>Sensor: </b> NOAA-21 VIIRS<br/>\n                    <b>Confidence: </b> Nominal<br/> \n                    <b>Day/Night: </b> Night<br/>\n                    <b>Scan: </b> 0.67 km<br/>\n                    <b>Track: </b> 0.74 km<br/>\n                    <b>FRP: </b> 18.5 MW<br/>\n                    <b>Brightness: </b> 352.02 K" }, "geometry": { "type": "Polygon", "coordinates": [ [ [ 113.6841, 62.3581 ], [ 113.69136, 62.3581 ], [ 113.69136, 62.35474 ], [ 113.6841, 62.35474 ], [ 113.6841, 62.3581 ] ] ] } },
{ "type": "Feature", "properties": { "sensor": "NOAA-21", "description": "<b>Latitude: </b> 62.35702<br/> \n                    <b>Longitude: </b> 113.7012<br/> \n                    <b>Detection Time: </b> 2026-09-30 17:07 UTC<br/> \n                    <b>Sensor: </b> NOAA-21 VIIRS<br/>\n                    <b>Confidence: </b> Nominal<br/> \n                    <b>Day/Night: </b> Night<br/>\n                    <b>Scan: </b> 0.67 km<br/>\n                    <b>Track: </b> 0.74 km<br/>\n                    <b>FRP: </b> 17.25 MW<br/>\n                    <b>Brightness: </b> 326.33 K" }, "geometry": { "type": "Polygon", "coordinates": [ [ [ 113.69757, 62.3587 ], [ 113.70483, 62.3587 ], [ 113.70483, 62.35534 ], [ 113.69757, 62.35534 ], [ 113.69757, 62.3587 ] ] ] } },
{ "type": "Feature", "properties": { "sensor": "NOAA-21", "description": "<b>Latitude: </b> 62.34964<br/> \n                    <b>Longitude: </b> 113.68906<br/> \n                    <b>Detection Time: </b> 2026-09-30 17:07 UTC<br/> \n                    <b>Sensor: </b> NOAA-21 VIIRS<br/>\n                    <b>Confidence: </b> Nominal<br/> \n                    <b>Day/Night: </b> Night<br/>\n                    <b>Scan: </b> 0.67 km<br/>\n                    <b>Track: </b> 0.74 km<br/>\n                    <b>FRP: </b> 7.84 MW<br/>\n                    <b>Brightness: </b> 335.98 K" }, "geometry": { "type": "Polygon", "coordinates": [ [ [ 113.68543, 62.35132 ], [ 113.69269, 62.35132 ], [ 113.69269, 62.34796 ], [ 113.68543, 62.34796 ], [ 113.68543, 62.35132 ] ] ] } },
{ "type": "Feature", "properties": { "sensor": "NOAA-21", "description": "<b>Latitude: </b> 62.35313<br/> \n                    <b>Longitude: </b> 113.76794<br/> \n                    <b>Detection Time: </b> 2026-09-30 17:07 UTC<br/> \n                    <b>Sensor: </b> NOAA-21 VIIRS<br/>\n                    <b>Confidence: </b> Nominal<br/> \n                    <b>Day/Night: </b> Night<br/>\n                    <b>Scan: </b> 0.67 km<br/>\n                    <b>Track: </b> 0.73 km<br/>\n                    <b>FRP: </b> 7.35 MW<br/>\n                    <b>Brightness: </b> 322.72 K" }, "geometry": { "type": "Polygon", "coordinates": [ [ [ 113.76431, 62.35481 ], [ 113.77157, 62.35481 ], [ 113.77157, 62.35145 ], [ 113.76431, 62.35145 ], [ 113.76431, 62.35481 ] ] ] } },
{ "type": "Feature", "properties": { "sensor": "NOAA-21", "description": "<b>Latitude: </b> 62.35022<br/> \n                    <b>Longitude: </b> 113.70229<br/> \n                    <b>Detection Time: </b> 2026-09-30 17:07 UTC<br/> \n                    <b>Sensor: </b> NOAA-21 VIIRS<br/>\n                    <b>Confidence: </b> Nominal<br/> \n                    <b>Day/Night: </b> Night<br/>\n                    <b>Scan: </b> 0.67 km<br/>\n                    <b>Track: </b> 0.74 km<br/>\n                    <b>FRP: </b> 6.99 MW<br/>\n                    <b>Brightness: </b> 319.1 K" }, "geometry": { "type": "Polygon", "coordinates": [ [ [ 113.69866, 62.3519 ], [ 113.70592, 62.3519 ], [ 113.70592, 62.34854 ], [ 113.69866, 62.34854 ], [ 113.69866, 62.3519 ] ] ] } },
{ "type": "Feature", "properties": { "sensor": "NOAA-21", "description": "<b>Latitude: </b> 62.34636<br/> \n                    <b>Longitude: </b> 113.76926<br/> \n                    <b>Detection Time: </b> 2026-09-30 17:07 UTC<br/> \n                    <b>Sensor: </b> NOAA-21 VIIRS<br/>\n                    <b>Confidence: </b> Nominal<br/> \n                    <b>Day/Night: </b> Night<br/>\n                    <b>Scan: </b> 0.67 km<br/>\n                    <b>Track: </b> 0.73 km<br/>\n                    <b>FRP: </b> 7.35 MW<br/>\n                    <b>Brightness: </b> 321.97 K" }, "geometry": { "type": "Polygon", "coordinates": [ [ [ 113.76563, 62.34804 ], [ 113.77289, 62.34804 ], [ 113.77289, 62.34468 ], [ 113.76563, 62.34468 ], [ 113.76563, 62.34804 ] ] ] } }
]
}
