{
"type": "FeatureCollection",
"name": "footprints_12_24.geojson",
"crs": { "type": "name", "properties": { "name": "urn:ogc:def:crs:OGC:1.3:CRS84" } },
"features": [
{ "type": "Feature", "properties": { "sensor": "MODIS_C6.1", "description": "<b>Latitude: </b> 51.87965<br/> \n                    <b>Longitude: </b> 54.74044<br/> \n                    <b>Detection Time: </b> 2026-09-26 17:02 UTC<br/> \n                    <b>Sensor: </b> Terra MODIS<br/>\n                    <b>Confidence [0-100%]: </b> 65%<br/> \n                    <b>Day/Night: </b> Night<br/>\n                    <b>Scan: </b> 2.37 km<br/>\n                    <b>Track: </b> 1.49 km<br/>\n                    <b>FRP: </b> 39.36 MW<br/>\n                    <b>Brightness: </b> 305.64 K" }, "geometry": { "type": "Polygon", "coordinates": [ [ [ 54.73316, 51.88414 ], [ 54.74772, 51.88414 ], [ 54.74772, 51.87516 ], [ 54.73316, 51.87516 ], [ 54.73316, 51.88414 ] ] ] } },
{ "type": "Feature", "properties": { "sensor": "MODIS_C6.1", "description": "<b>Latitude: </b> 46.77433<br/> \n                    <b>Longitude: </b> 48.12461<br/> \n                    <b>Detection Time: </b> 2026-09-26 17:00 UTC<br/> \n                    <b>Sensor: </b> Terra MODIS<br/>\n                    <b>Confidence [0-100%]: </b> 75%<br/> \n                    <b>Day/Night: </b> Night<br/>\n                    <b>Scan: </b> 1.06 km<br/>\n                    <b>Track: </b> 1.03 km<br/>\n                    <b>FRP: </b> 12.09 MW<br/>\n                    <b>Brightness: </b> 308.72 K" }, "geometry": { "type": "Polygon", "coordinates": [ [ [ 48.11805, 46.77882 ], [ 48.13117, 46.77882 ], [ 48.13117, 46.76984 ], [ 48.11805, 46.76984 ], [ 48.11805, 46.77882 ] ] ] } },
{ "type": "Feature", "properties": { "sensor": "MODIS_C6.1", "description": "<b>Latitude: </b> 68.52774<br/> \n                    <b>Longitude: </b> 79.95108<br/> \n                    <b>Detection Time: </b> 2026-09-26 15:26 UTC<br/> \n                    <b>Sensor: </b> Terra MODIS<br/>\n                    <b>Confidence [0-100%]: </b> 67%<br/> \n                    <b>Day/Night: </b> Night<br/>\n                    <b>Scan: </b> 3.19 km<br/>\n                    <b>Track: </b> 1.69 km<br/>\n                    <b>FRP: </b> 69.36 MW<br/>\n                    <b>Brightness: </b> 306.19 K" }, "geometry": { "type": "Polygon", "coordinates": [ [ [ 79.93881, 68.53223 ], [ 79.96335, 68.53223 ], [ 79.96335, 68.52325 ], [ 79.93881, 68.52325 ], [ 79.93881, 68.53223 ] ] ] } },
{ "type": "Feature", "properties": { "sensor": "MODIS_C6.1", "description": "<b>Latitude: </b> 66.25175<br/> \n                    <b>Longitude: </b> 76.83043<br/> \n                    <b>Detection Time: </b> 2026-09-26 15:26 UTC<br/> \n                    <b>Sensor: </b> Terra MODIS<br/>\n                    <b>Confidence [0-100%]: </b> 63%<br/> \n                    <b>Day/Night: </b> Night<br/>\n                    <b>Scan: </b> 2.48 km<br/>\n                    <b>Track: </b> 1.52 km<br/>\n                    <b>FRP: </b> 43.67 MW<br/>\n                    <b>Brightness: </b> 305.23 K" }, "geometry": { "type": "Polygon", "coordinates": [ [ [ 76.81928, 66.25624 ], [ 76.84158, 66.25624 ], [ 76.84158, 66.24726 ], [ 76.81928, 66.24726 ], [ 76.81928, 66.25624 ] ] ] } },
{ "type": "Feature", "properties": { "sensor": "MODIS_C6.1", "description": "<b>Latitude: </b> 51.88183<br/> \n                    <b>Longitude: </b> 54.74855<br/> \n                    <b>Detection Time: </b> 2026-09-26 15:24 UTC<br/> \n                    <b>Sensor: </b> Terra MODIS<br/>\n                    <b>Confidence [0-100%]: </b> 45%<br/> \n                    <b>Day/Night: </b> Night<br/>\n                    <b>Scan: </b> 3.14 km<br/>\n                    <b>Track: </b> 1.68 km<br/>\n                    <b>FRP: </b> 45.49 MW<br/>\n                    <b>Brightness: </b> 301.89 K" }, "geometry": { "type": "Polygon", "coordinates": [ [ [ 54.74127, 51.88632 ], [ 54.75583, 51.88632 ], [ 54.75583, 51.87734 ], [ 54.74127, 51.87734 ], [ 54.74127, 51.88632 ] ] ] } },
{ "type": "Feature", "properties": { "sensor": "MODIS_C6.1", "description": "<b>Latitude: </b> 60.85921<br/> \n                    <b>Longitude: </b> 71.2804<br/> \n                    <b>Detection Time: </b> 2026-09-26 15:24 UTC<br/> \n                    <b>Sensor: </b> Terra MODIS<br/>\n                    <b>Confidence [0-100%]: </b> 60%<br/> \n                    <b>Day/Night: </b> Night<br/>\n                    <b>Scan: </b> 1.38 km<br/>\n                    <b>Track: </b> 1.16 km<br/>\n                    <b>FRP: </b> 16.27 MW<br/>\n                    <b>Brightness: </b> 304.35 K" }, "geometry": { "type": "Polygon", "coordinates": [ [ [ 71.27118, 60.8637 ], [ 71.28962, 60.8637 ], [ 71.28962, 60.85472 ], [ 71.27118, 60.85472 ], [ 71.27118, 60.8637 ] ] ] } },
{ "type": "Feature", "properties": { "sensor": "MODIS_C6.1", "description": "<b>Latitude: </b> 59.41682<br/> \n                    <b>Longitude: </b> 71.62749<br/> \n                    <b>Detection Time: </b> 2026-09-26 15:24 UTC<br/> \n                    <b>Sensor: </b> Terra MODIS<br/>\n                    <b>Confidence [0-100%]: </b> 65%<br/> \n                    <b>Day/Night: </b> Night<br/>\n                    <b>Scan: </b> 1.35 km<br/>\n                    <b>Track: </b> 1.15 km<br/>\n                    <b>FRP: </b> 16.42 MW<br/>\n                    <b>Brightness: </b> 305.5 K" }, "geometry": { "type": "Polygon", "coordinates": [ [ [ 71.61866, 59.42131 ], [ 71.63632, 59.42131 ], [ 71.63632, 59.41233 ], [ 71.61866, 59.41233 ], [ 71.61866, 59.42131 ] ] ] } },
{ "type": "Feature", "properties": { "sensor": "MODIS_C6.1", "description": "<b>Latitude: </b> 67.55424<br/> \n                    <b>Longitude: </b> 83.21983<br/> \n                    <b>Detection Time: </b> 2026-09-26 13:48 UTC<br/> \n                    <b>Sensor: </b> Terra MODIS<br/>\n                    <b>Confidence [0-100%]: </b> 55%<br/> \n                    <b>Day/Night: </b> Night<br/>\n                    <b>Scan: </b> 1 km<br/>\n                    <b>Track: </b> 1 km<br/>\n                    <b>FRP: </b> 10.01 MW<br/>\n                    <b>Brightness: </b> 303.46 K" }, "geometry": { "type": "Polygon", "coordinates": [ [ [ 83.20807, 67.55873 ], [ 83.23159, 67.55873 ], [ 83.23159, 67.54975 ], [ 83.20807, 67.54975 ], [ 83.20807, 67.55873 ] ] ] } },
{ "type": "Feature", "properties": { "sensor": "MODIS_C6.1", "description": "<b>Latitude: </b> 67.55111<br/> \n                    <b>Longitude: </b> 83.19794<br/> \n                    <b>Detection Time: </b> 2026-09-26 13:48 UTC<br/> \n                    <b>Sensor: </b> Terra MODIS<br/>\n                    <b>Confidence [0-100%]: </b> 100%<br/> \n                    <b>Day/Night: </b> Night<br/>\n                    <b>Scan: </b> 1 km<br/>\n                    <b>Track: </b> 1 km<br/>\n                    <b>FRP: </b> 26.86 MW<br/>\n                    <b>Brightness: </b> 324.18 K" }, "geometry": { "type": "Polygon", "coordinates": [ [ [ 83.18618, 67.5556 ], [ 83.2097, 67.5556 ], [ 83.2097, 67.54662 ], [ 83.18618, 67.54662 ], [ 83.18618, 67.5556 ] ] ] } },
{ "type": "Feature", "properties": { "sensor": "MODIS_C6.1", "description": "<b>Latitude: </b> 68.52242<br/> \n                    <b>Longitude: </b> 79.9379<br/> \n                    <b>Detection Time: </b> 2026-09-26 13:48 UTC<br/> \n                    <b>Sensor: </b> Terra MODIS<br/>\n                    <b>Confidence [0-100%]: </b> 92%<br/> \n                    <b>Day/Night: </b> Night<br/>\n                    <b>Scan: </b> 1.01 km<br/>\n                    <b>Track: </b> 1 km<br/>\n                    <b>FRP: </b> 18.72 MW<br/>\n                    <b>Brightness: </b> 315.85 K" }, "geometry": { "type": "Polygon", "coordinates": [ [ [ 79.92563, 68.52691 ], [ 79.95017, 68.52691 ], [ 79.95017, 68.51793 ], [ 79.92563, 68.51793 ], [ 79.92563, 68.52691 ] ] ] } },
{ "type": "Feature", "properties": { "sensor": "MODIS_C6.1", "description": "<b>Latitude: </b> 66.65742<br/> \n                    <b>Longitude: </b> 80.45591<br/> \n                    <b>Detection Time: </b> 2026-09-26 13:48 UTC<br/> \n                    <b>Sensor: </b> Terra MODIS<br/>\n                    <b>Confidence [0-100%]: </b> 54%<br/> \n                    <b>Day/Night: </b> Night<br/>\n                    <b>Scan: </b> 1.04 km<br/>\n                    <b>Track: </b> 1.02 km<br/>\n                    <b>FRP: </b> 10.41 MW<br/>\n                    <b>Brightness: </b> 303.29 K" }, "geometry": { "type": "Polygon", "coordinates": [ [ [ 80.44457, 66.66191 ], [ 80.46725, 66.66191 ], [ 80.46725, 66.65293 ], [ 80.44457, 66.65293 ], [ 80.44457, 66.66191 ] ] ] } },
{ "type": "Feature", "properties": { "sensor": "MODIS_C6.1", "description": "<b>Latitude: </b> 68.52599<br/> \n                    <b>Longitude: </b> 79.96044<br/> \n                    <b>Detection Time: </b> 2026-09-26 13:48 UTC<br/> \n                    <b>Sensor: </b> Terra MODIS<br/>\n                    <b>Confidence [0-100%]: </b> 100%<br/> \n                    <b>Day/Night: </b> Night<br/>\n                    <b>Scan: </b> 1.01 km<br/>\n                    <b>Track: </b> 1 km<br/>\n                    <b>FRP: </b> 26.12 MW<br/>\n                    <b>Brightness: </b> 323.47 K" }, "geometry": { "type": "Polygon", "coordinates": [ [ [ 79.94817, 68.53048 ], [ 79.97271, 68.53048 ], [ 79.97271, 68.5215 ], [ 79.94817, 68.5215 ], [ 79.94817, 68.53048 ] ] ] } },
{ "type": "Feature", "properties": { "sensor": "MODIS_C6.1", "description": "<b>Latitude: </b> 53.02863<br/> \n                    <b>Longitude: </b> 31.56817<br/> \n                    <b>Detection Time: </b> 2026-09-26 12:53 UTC<br/> \n                    <b>Sensor: </b> Aqua MODIS<br/>\n                    <b>Confidence [0-100%]: </b> 21%<br/> \n                    <b>Day/Night: </b> Day<br/>\n                    <b>Scan: </b> 1 km<br/>\n                    <b>Track: </b> 1 km<br/>\n                    <b>FRP: </b> 4.15 MW<br/>\n                    <b>Brightness: </b> 300.59 K" }, "geometry": { "type": "Polygon", "coordinates": [ [ [ 31.5607, 53.03312 ], [ 31.57564, 53.03312 ], [ 31.57564, 53.02414 ], [ 31.5607, 53.02414 ], [ 31.5607, 53.03312 ] ] ] } },
{ "type": "Feature", "properties": { "sensor": "MODIS_C6.1", "description": "<b>Latitude: </b> 53.42569<br/> \n                    <b>Longitude: </b> 34.01374<br/> \n                    <b>Detection Time: </b> 2026-09-26 12:53 UTC<br/> \n                    <b>Sensor: </b> Aqua MODIS<br/>\n                    <b>Confidence [0-100%]: </b> 19%<br/> \n                    <b>Day/Night: </b> Day<br/>\n                    <b>Scan: </b> 1.11 km<br/>\n                    <b>Track: </b> 1.05 km<br/>\n                    <b>FRP: </b> 4.93 MW<br/>\n                    <b>Brightness: </b> 300.04 K" }, "geometry": { "type": "Polygon", "coordinates": [ [ [ 34.0062, 53.43018 ], [ 34.02128, 53.43018 ], [ 34.02128, 53.4212 ], [ 34.0062, 53.4212 ], [ 34.0062, 53.43018 ] ] ] } },
{ "type": "Feature", "properties": { "sensor": "MODIS_C6.1", "description": "<b>Latitude: </b> 47.05027<br/> \n                    <b>Longitude: </b> 31.28604<br/> \n                    <b>Detection Time: </b> 2026-09-26 12:51 UTC<br/> \n                    <b>Sensor: </b> Aqua MODIS<br/>\n                    <b>Confidence [0-100%]: </b> 41%<br/> \n                    <b>Day/Night: </b> Day<br/>\n                    <b>Scan: </b> 1.07 km<br/>\n                    <b>Track: </b> 1.03 km<br/>\n                    <b>FRP: </b> 6.28 MW<br/>\n                    <b>Brightness: </b> 300.72 K" }, "geometry": { "type": "Polygon", "coordinates": [ [ [ 31.27945, 47.05476 ], [ 31.29263, 47.05476 ], [ 31.29263, 47.04578 ], [ 31.27945, 47.04578 ], [ 31.27945, 47.05476 ] ] ] } },
{ "type": "Feature", "properties": { "sensor": "MODIS_C6.1", "description": "<b>Latitude: </b> 48.78835<br/> \n                    <b>Longitude: </b> 37.58398<br/> \n                    <b>Detection Time: </b> 2026-09-26 12:51 UTC<br/> \n                    <b>Sensor: </b> Aqua MODIS<br/>\n                    <b>Confidence [0-100%]: </b> 78%<br/> \n                    <b>Day/Night: </b> Day<br/>\n                    <b>Scan: </b> 1.29 km<br/>\n                    <b>Track: </b> 1.13 km<br/>\n                    <b>FRP: </b> 23.13 MW<br/>\n                    <b>Brightness: </b> 318.32 K" }, "geometry": { "type": "Polygon", "coordinates": [ [ [ 37.57716, 48.79284 ], [ 37.5908, 48.79284 ], [ 37.5908, 48.78386 ], [ 37.57716, 48.78386 ], [ 37.57716, 48.79284 ] ] ] } },
{ "type": "Feature", "properties": { "sensor": "MODIS_C6.1", "description": "<b>Latitude: </b> 50.50946<br/> \n                    <b>Longitude: </b> 26.99442<br/> \n                    <b>Detection Time: </b> 2026-09-26 12:51 UTC<br/> \n                    <b>Sensor: </b> Aqua MODIS<br/>\n                    <b>Confidence [0-100%]: </b> 53%<br/> \n                    <b>Day/Night: </b> Day<br/>\n                    <b>Scan: </b> 1.3 km<br/>\n                    <b>Track: </b> 1.13 km<br/>\n                    <b>FRP: </b> 6.87 MW<br/>\n                    <b>Brightness: </b> 302.59 K" }, "geometry": { "type": "Polygon", "coordinates": [ [ [ 26.98736, 50.51395 ], [ 27.00148, 50.51395 ], [ 27.00148, 50.50497 ], [ 26.98736, 50.50497 ], [ 26.98736, 50.51395 ] ] ] } },
{ "type": "Feature", "properties": { "sensor": "MODIS_C6.1", "description": "<b>Latitude: </b> 52.15593<br/> \n                    <b>Longitude: </b> 31.9868<br/> \n                    <b>Detection Time: </b> 2026-09-26 12:51 UTC<br/> \n                    <b>Sensor: </b> Aqua MODIS<br/>\n                    <b>Confidence [0-100%]: </b> 71%<br/> \n                    <b>Day/Night: </b> Day<br/>\n                    <b>Scan: </b> 1 km<br/>\n                    <b>Track: </b> 1 km<br/>\n                    <b>FRP: </b> 10.57 MW<br/>\n                    <b>Brightness: </b> 310.96 K" }, "geometry": { "type": "Polygon", "coordinates": [ [ [ 31.97948, 52.16042 ], [ 31.99412, 52.16042 ], [ 31.99412, 52.15144 ], [ 31.97948, 52.15144 ], [ 31.97948, 52.16042 ] ] ] } },
{ "type": "Feature", "properties": { "sensor": "MODIS_C6.1", "description": "<b>Latitude: </b> 65.03661<br/> \n                    <b>Longitude: </b> 56.65975<br/> \n                    <b>Detection Time: </b> 2026-09-26 11:17 UTC<br/> \n                    <b>Sensor: </b> Aqua MODIS<br/>\n                    <b>Confidence [0-100%]: </b> 50%<br/> \n                    <b>Day/Night: </b> Day<br/>\n                    <b>Scan: </b> 1.41 km<br/>\n                    <b>Track: </b> 1.18 km<br/>\n                    <b>FRP: </b> 8.06 MW<br/>\n                    <b>Brightness: </b> 301.9 K" }, "geometry": { "type": "Polygon", "coordinates": [ [ [ 56.64911, 65.0411 ], [ 56.67039, 65.0411 ], [ 56.67039, 65.03212 ], [ 56.64911, 65.03212 ], [ 56.64911, 65.0411 ] ] ] } },
{ "type": "Feature", "properties": { "sensor": "MODIS_C6.1", "description": "<b>Latitude: </b> 53.45242<br/> \n                    <b>Longitude: </b> 59.04644<br/> \n                    <b>Detection Time: </b> 2026-09-26 11:15 UTC<br/> \n                    <b>Sensor: </b> Aqua MODIS<br/>\n                    <b>Confidence [0-100%]: </b> 0%<br/> \n                    <b>Day/Night: </b> Day<br/>\n                    <b>Scan: </b> 1.14 km<br/>\n                    <b>Track: </b> 1.06 km<br/>\n                    <b>FRP: </b> 4.93 MW<br/>\n                    <b>Brightness: </b> 302.64 K" }, "geometry": { "type": "Polygon", "coordinates": [ [ [ 59.0389, 53.45691 ], [ 59.05398, 53.45691 ], [ 59.05398, 53.44793 ], [ 59.0389, 53.44793 ], [ 59.0389, 53.45691 ] ] ] } },
{ "type": "Feature", "properties": { "sensor": "MODIS_C6.1", "description": "<b>Latitude: </b> 52.83493<br/> \n                    <b>Longitude: </b> 55.79098<br/> \n                    <b>Detection Time: </b> 2026-09-26 11:15 UTC<br/> \n                    <b>Sensor: </b> Aqua MODIS<br/>\n                    <b>Confidence [0-100%]: </b> 62%<br/> \n                    <b>Day/Night: </b> Day<br/>\n                    <b>Scan: </b> 1 km<br/>\n                    <b>Track: </b> 1 km<br/>\n                    <b>FRP: </b> 5.62 MW<br/>\n                    <b>Brightness: </b> 305.95 K" }, "geometry": { "type": "Polygon", "coordinates": [ [ [ 55.78355, 52.83942 ], [ 55.79841, 52.83942 ], [ 55.79841, 52.83044 ], [ 55.78355, 52.83044 ], [ 55.78355, 52.83942 ] ] ] } },
{ "type": "Feature", "properties": { "sensor": "MODIS_C6.1", "description": "<b>Latitude: </b> 51.80801<br/> \n                    <b>Longitude: </b> 52.55454<br/> \n                    <b>Detection Time: </b> 2026-09-26 11:15 UTC<br/> \n                    <b>Sensor: </b> Aqua MODIS<br/>\n                    <b>Confidence [0-100%]: </b> 60%<br/> \n                    <b>Day/Night: </b> Day<br/>\n                    <b>Scan: </b> 1.14 km<br/>\n                    <b>Track: </b> 1.06 km<br/>\n                    <b>FRP: </b> 6.3 MW<br/>\n                    <b>Brightness: </b> 306.07 K" }, "geometry": { "type": "Polygon", "coordinates": [ [ [ 52.54728, 51.8125 ], [ 52.5618, 51.8125 ], [ 52.5618, 51.80352 ], [ 52.54728, 51.80352 ], [ 52.54728, 51.8125 ] ] ] } },
{ "type": "Feature", "properties": { "sensor": "MODIS_C6.1", "description": "<b>Latitude: </b> 51.04985<br/> \n                    <b>Longitude: </b> 49.23051<br/> \n                    <b>Detection Time: </b> 2026-09-26 11:15 UTC<br/> \n                    <b>Sensor: </b> Aqua MODIS<br/>\n                    <b>Confidence [0-100%]: </b> 45%<br/> \n                    <b>Day/Night: </b> Day<br/>\n                    <b>Scan: </b> 1.59 km<br/>\n                    <b>Track: </b> 1.24 km<br/>\n                    <b>FRP: </b> 7.08 MW<br/>\n                    <b>Brightness: </b> 304.28 K" }, "geometry": { "type": "Polygon", "coordinates": [ [ [ 49.22337, 51.05434 ], [ 49.23765, 51.05434 ], [ 49.23765, 51.04536 ], [ 49.22337, 51.04536 ], [ 49.22337, 51.05434 ] ] ] } },
{ "type": "Feature", "properties": { "sensor": "MODIS_C6.1", "description": "<b>Latitude: </b> 51.6005<br/> \n                    <b>Longitude: </b> 52.92034<br/> \n                    <b>Detection Time: </b> 2026-09-26 11:15 UTC<br/> \n                    <b>Sensor: </b> Aqua MODIS<br/>\n                    <b>Confidence [0-100%]: </b> 77%<br/> \n                    <b>Day/Night: </b> Day<br/>\n                    <b>Scan: </b> 1.12 km<br/>\n                    <b>Track: </b> 1.05 km<br/>\n                    <b>FRP: </b> 16.19 MW<br/>\n                    <b>Brightness: </b> 317.88 K" }, "geometry": { "type": "Polygon", "coordinates": [ [ [ 52.91311, 51.60499 ], [ 52.92757, 51.60499 ], [ 52.92757, 51.59601 ], [ 52.91311, 51.59601 ], [ 52.91311, 51.60499 ] ] ] } },
{ "type": "Feature", "properties": { "sensor": "MODIS_C6.1", "description": "<b>Latitude: </b> 51.60326<br/> \n                    <b>Longitude: </b> 52.93557<br/> \n                    <b>Detection Time: </b> 2026-09-26 11:15 UTC<br/> \n                    <b>Sensor: </b> Aqua MODIS<br/>\n                    <b>Confidence [0-100%]: </b> 75%<br/> \n                    <b>Day/Night: </b> Day<br/>\n                    <b>Scan: </b> 1.12 km<br/>\n                    <b>Track: </b> 1.05 km<br/>\n                    <b>FRP: </b> 13.8 MW<br/>\n                    <b>Brightness: </b> 315.52 K" }, "geometry": { "type": "Polygon", "coordinates": [ [ [ 52.92834, 51.60775 ], [ 52.9428, 51.60775 ], [ 52.9428, 51.59877 ], [ 52.92834, 51.59877 ], [ 52.92834, 51.60775 ] ] ] } },
{ "type": "Feature", "properties": { "sensor": "MODIS_C6.1", "description": "<b>Latitude: </b> 51.56089<br/> \n                    <b>Longitude: </b> 52.75605<br/> \n                    <b>Detection Time: </b> 2026-09-26 11:15 UTC<br/> \n                    <b>Sensor: </b> Aqua MODIS<br/>\n                    <b>Confidence [0-100%]: </b> 68%<br/> \n                    <b>Day/Night: </b> Day<br/>\n                    <b>Scan: </b> 1.13 km<br/>\n                    <b>Track: </b> 1.06 km<br/>\n                    <b>FRP: </b> 9.68 MW<br/>\n                    <b>Brightness: </b> 310.18 K" }, "geometry": { "type": "Polygon", "coordinates": [ [ [ 52.74883, 51.56538 ], [ 52.76327, 51.56538 ], [ 52.76327, 51.5564 ], [ 52.74883, 51.5564 ], [ 52.74883, 51.56538 ] ] ] } },
{ "type": "Feature", "properties": { "sensor": "MODIS_C6.1", "description": "<b>Latitude: </b> 53.37316<br/> \n                    <b>Longitude: </b> 53.94499<br/> \n                    <b>Detection Time: </b> 2026-09-26 11:15 UTC<br/> \n                    <b>Sensor: </b> Aqua MODIS<br/>\n                    <b>Confidence [0-100%]: </b> 100%<br/> \n                    <b>Day/Night: </b> Day<br/>\n                    <b>Scan: </b> 1.02 km<br/>\n                    <b>Track: </b> 1.01 km<br/>\n                    <b>FRP: </b> 91.1 MW<br/>\n                    <b>Brightness: </b> 361.7 K" }, "geometry": { "type": "Polygon", "coordinates": [ [ [ 53.93746, 53.37765 ], [ 53.95252, 53.37765 ], [ 53.95252, 53.36867 ], [ 53.93746, 53.36867 ], [ 53.93746, 53.37765 ] ] ] } },
{ "type": "Feature", "properties": { "sensor": "MODIS_C6.1", "description": "<b>Latitude: </b> 51.87474<br/> \n                    <b>Longitude: </b> 54.74937<br/> \n                    <b>Detection Time: </b> 2026-09-26 11:15 UTC<br/> \n                    <b>Sensor: </b> Aqua MODIS<br/>\n                    <b>Confidence [0-100%]: </b> 81%<br/> \n                    <b>Day/Night: </b> Day<br/>\n                    <b>Scan: </b> 1.02 km<br/>\n                    <b>Track: </b> 1.01 km<br/>\n                    <b>FRP: </b> 18.82 MW<br/>\n                    <b>Brightness: </b> 322.46 K" }, "geometry": { "type": "Polygon", "coordinates": [ [ [ 54.74209, 51.87923 ], [ 54.75665, 51.87923 ], [ 54.75665, 51.87025 ], [ 54.74209, 51.87025 ], [ 54.74209, 51.87923 ] ] ] } },
{ "type": "Feature", "properties": { "sensor": "MODIS_C6.1", "description": "<b>Latitude: </b> 51.64076<br/> \n                    <b>Longitude: </b> 55.58473<br/> \n                    <b>Detection Time: </b> 2026-09-26 11:15 UTC<br/> \n                    <b>Sensor: </b> Aqua MODIS<br/>\n                    <b>Confidence [0-100%]: </b> 59%<br/> \n                    <b>Day/Night: </b> Day<br/>\n                    <b>Scan: </b> 1 km<br/>\n                    <b>Track: </b> 1 km<br/>\n                    <b>FRP: </b> 4.01 MW<br/>\n                    <b>Brightness: </b> 304.69 K" }, "geometry": { "type": "Polygon", "coordinates": [ [ [ 55.57749, 51.64525 ], [ 55.59197, 51.64525 ], [ 55.59197, 51.63627 ], [ 55.57749, 51.63627 ], [ 55.57749, 51.64525 ] ] ] } },
{ "type": "Feature", "properties": { "sensor": "MODIS_C6.1", "description": "<b>Latitude: </b> 51.02496<br/> \n                    <b>Longitude: </b> 55.64976<br/> \n                    <b>Detection Time: </b> 2026-09-26 11:15 UTC<br/> \n                    <b>Sensor: </b> Aqua MODIS<br/>\n                    <b>Confidence [0-100%]: </b> 95%<br/> \n                    <b>Day/Night: </b> Day<br/>\n                    <b>Scan: </b> 1.01 km<br/>\n                    <b>Track: </b> 1 km<br/>\n                    <b>FRP: </b> 56.57 MW<br/>\n                    <b>Brightness: </b> 347.77 K" }, "geometry": { "type": "Polygon", "coordinates": [ [ [ 55.64262, 51.02945 ], [ 55.6569, 51.02945 ], [ 55.6569, 51.02047 ], [ 55.64262, 51.02047 ], [ 55.64262, 51.02945 ] ] ] } },
{ "type": "Feature", "properties": { "sensor": "MODIS_C6.1", "description": "<b>Latitude: </b> 51.02711<br/> \n                    <b>Longitude: </b> 55.66348<br/> \n                    <b>Detection Time: </b> 2026-09-26 11:15 UTC<br/> \n                    <b>Sensor: </b> Aqua MODIS<br/>\n                    <b>Confidence [0-100%]: </b> 86%<br/> \n                    <b>Day/Night: </b> Day<br/>\n                    <b>Scan: </b> 1.01 km<br/>\n                    <b>Track: </b> 1 km<br/>\n                    <b>FRP: </b> 25.37 MW<br/>\n                    <b>Brightness: </b> 328.52 K" }, "geometry": { "type": "Polygon", "coordinates": [ [ [ 55.65634, 51.0316 ], [ 55.67062, 51.0316 ], [ 55.67062, 51.02262 ], [ 55.65634, 51.02262 ], [ 55.65634, 51.0316 ] ] ] } },
{ "type": "Feature", "properties": { "sensor": "MODIS_C6.1", "description": "<b>Latitude: </b> 50.94056<br/> \n                    <b>Longitude: </b> 55.84057<br/> \n                    <b>Detection Time: </b> 2026-09-26 11:15 UTC<br/> \n                    <b>Sensor: </b> Aqua MODIS<br/>\n                    <b>Confidence [0-100%]: </b> 94%<br/> \n                    <b>Day/Night: </b> Day<br/>\n                    <b>Scan: </b> 1.01 km<br/>\n                    <b>Track: </b> 1 km<br/>\n                    <b>FRP: </b> 50.46 MW<br/>\n                    <b>Brightness: </b> 345.02 K" }, "geometry": { "type": "Polygon", "coordinates": [ [ [ 55.83344, 50.94505 ], [ 55.8477, 50.94505 ], [ 55.8477, 50.93607 ], [ 55.83344, 50.93607 ], [ 55.83344, 50.94505 ] ] ] } },
{ "type": "Feature", "properties": { "sensor": "MODIS_C6.1", "description": "<b>Latitude: </b> 50.94268<br/> \n                    <b>Longitude: </b> 55.85424<br/> \n                    <b>Detection Time: </b> 2026-09-26 11:15 UTC<br/> \n                    <b>Sensor: </b> Aqua MODIS<br/>\n                    <b>Confidence [0-100%]: </b> 84%<br/> \n                    <b>Day/Night: </b> Day<br/>\n                    <b>Scan: </b> 1.01 km<br/>\n                    <b>Track: </b> 1 km<br/>\n                    <b>FRP: </b> 21.29 MW<br/>\n                    <b>Brightness: </b> 325.35 K" }, "geometry": { "type": "Polygon", "coordinates": [ [ [ 55.84711, 50.94717 ], [ 55.86137, 50.94717 ], [ 55.86137, 50.93819 ], [ 55.84711, 50.93819 ], [ 55.84711, 50.94717 ] ] ] } },
{ "type": "Feature", "properties": { "sensor": "MODIS_C6.1", "description": "<b>Latitude: </b> 50.92984<br/> \n                    <b>Longitude: </b> 55.8303<br/> \n                    <b>Detection Time: </b> 2026-09-26 11:15 UTC<br/> \n                    <b>Sensor: </b> Aqua MODIS<br/>\n                    <b>Confidence [0-100%]: </b> 85%<br/> \n                    <b>Day/Night: </b> Day<br/>\n                    <b>Scan: </b> 1.01 km<br/>\n                    <b>Track: </b> 1 km<br/>\n                    <b>FRP: </b> 23.81 MW<br/>\n                    <b>Brightness: </b> 327.19 K" }, "geometry": { "type": "Polygon", "coordinates": [ [ [ 55.82317, 50.93433 ], [ 55.83743, 50.93433 ], [ 55.83743, 50.92535 ], [ 55.82317, 50.92535 ], [ 55.82317, 50.93433 ] ] ] } },
{ "type": "Feature", "properties": { "sensor": "MODIS_C6.1", "description": "<b>Latitude: </b> 50.93196<br/> \n                    <b>Longitude: </b> 55.84396<br/> \n                    <b>Detection Time: </b> 2026-09-26 11:15 UTC<br/> \n                    <b>Sensor: </b> Aqua MODIS<br/>\n                    <b>Confidence [0-100%]: </b> 100%<br/> \n                    <b>Day/Night: </b> Day<br/>\n                    <b>Scan: </b> 1.01 km<br/>\n                    <b>Track: </b> 1 km<br/>\n                    <b>FRP: </b> 347.81 MW<br/>\n                    <b>Brightness: </b> 413.96 K" }, "geometry": { "type": "Polygon", "coordinates": [ [ [ 55.83683, 50.93645 ], [ 55.85109, 50.93645 ], [ 55.85109, 50.92747 ], [ 55.83683, 50.92747 ], [ 55.83683, 50.93645 ] ] ] } },
{ "type": "Feature", "properties": { "sensor": "MODIS_C6.1", "description": "<b>Latitude: </b> 50.93408<br/> \n                    <b>Longitude: </b> 55.85761<br/> \n                    <b>Detection Time: </b> 2026-09-26 11:15 UTC<br/> \n                    <b>Sensor: </b> Aqua MODIS<br/>\n                    <b>Confidence [0-100%]: </b> 99%<br/> \n                    <b>Day/Night: </b> Day<br/>\n                    <b>Scan: </b> 1.01 km<br/>\n                    <b>Track: </b> 1 km<br/>\n                    <b>FRP: </b> 82.31 MW<br/>\n                    <b>Brightness: </b> 359.01 K" }, "geometry": { "type": "Polygon", "coordinates": [ [ [ 55.85048, 50.93857 ], [ 55.86474, 50.93857 ], [ 55.86474, 50.92959 ], [ 55.85048, 50.92959 ], [ 55.85048, 50.93857 ] ] ] } },
{ "type": "Feature", "properties": { "sensor": "MODIS_C6.1", "description": "<b>Latitude: </b> 53.38417<br/> \n                    <b>Longitude: </b> 53.95573<br/> \n                    <b>Detection Time: </b> 2026-09-26 11:15 UTC<br/> \n                    <b>Sensor: </b> Aqua MODIS<br/>\n                    <b>Confidence [0-100%]: </b> 85%<br/> \n                    <b>Day/Night: </b> Day<br/>\n                    <b>Scan: </b> 1.02 km<br/>\n                    <b>Track: </b> 1.01 km<br/>\n                    <b>FRP: </b> 24.38 MW<br/>\n                    <b>Brightness: </b> 327.2 K" }, "geometry": { "type": "Polygon", "coordinates": [ [ [ 53.9482, 53.38866 ], [ 53.96326, 53.38866 ], [ 53.96326, 53.37968 ], [ 53.9482, 53.37968 ], [ 53.9482, 53.38866 ] ] ] } },
{ "type": "Feature", "properties": { "sensor": "MODIS_C6.1", "description": "<b>Latitude: </b> 53.38179<br/> \n                    <b>Longitude: </b> 53.94114<br/> \n                    <b>Detection Time: </b> 2026-09-26 11:15 UTC<br/> \n                    <b>Sensor: </b> Aqua MODIS<br/>\n                    <b>Confidence [0-100%]: </b> 75%<br/> \n                    <b>Day/Night: </b> Day<br/>\n                    <b>Scan: </b> 1.02 km<br/>\n                    <b>Track: </b> 1.01 km<br/>\n                    <b>FRP: </b> 12.16 MW<br/>\n                    <b>Brightness: </b> 315.29 K" }, "geometry": { "type": "Polygon", "coordinates": [ [ [ 53.93361, 53.38628 ], [ 53.94867, 53.38628 ], [ 53.94867, 53.3773 ], [ 53.93361, 53.3773 ], [ 53.93361, 53.38628 ] ] ] } },
{ "type": "Feature", "properties": { "sensor": "MODIS_C6.1", "description": "<b>Latitude: </b> 50.9362<br/> \n                    <b>Longitude: </b> 55.87127<br/> \n                    <b>Detection Time: </b> 2026-09-26 11:15 UTC<br/> \n                    <b>Sensor: </b> Aqua MODIS<br/>\n                    <b>Confidence [0-100%]: </b> 59%<br/> \n                    <b>Day/Night: </b> Day<br/>\n                    <b>Scan: </b> 1.01 km<br/>\n                    <b>Track: </b> 1 km<br/>\n                    <b>FRP: </b> 4.49 MW<br/>\n                    <b>Brightness: </b> 305.33 K" }, "geometry": { "type": "Polygon", "coordinates": [ [ [ 55.86414, 50.94069 ], [ 55.8784, 50.94069 ], [ 55.8784, 50.93171 ], [ 55.86414, 50.93171 ], [ 55.86414, 50.94069 ] ] ] } },
{ "type": "Feature", "properties": { "sensor": "MODIS_C6.1", "description": "<b>Latitude: </b> 50.67357<br/> \n                    <b>Longitude: </b> 60.69117<br/> \n                    <b>Detection Time: </b> 2026-09-26 11:15 UTC<br/> \n                    <b>Sensor: </b> Aqua MODIS<br/>\n                    <b>Confidence [0-100%]: </b> 50%<br/> \n                    <b>Day/Night: </b> Day<br/>\n                    <b>Scan: </b> 1.19 km<br/>\n                    <b>Track: </b> 1.08 km<br/>\n                    <b>FRP: </b> 4.62 MW<br/>\n                    <b>Brightness: </b> 301.93 K" }, "geometry": { "type": "Polygon", "coordinates": [ [ [ 60.68408, 50.67806 ], [ 60.69826, 50.67806 ], [ 60.69826, 50.66908 ], [ 60.68408, 50.66908 ], [ 60.68408, 50.67806 ] ] ] } },
{ "type": "Feature", "properties": { "sensor": "MODIS_C6.1", "description": "<b>Latitude: </b> 51.87247<br/> \n                    <b>Longitude: </b> 54.73526<br/> \n                    <b>Detection Time: </b> 2026-09-26 11:15 UTC<br/> \n                    <b>Sensor: </b> Aqua MODIS<br/>\n                    <b>Confidence [0-100%]: </b> 76%<br/> \n                    <b>Day/Night: </b> Day<br/>\n                    <b>Scan: </b> 1.02 km<br/>\n                    <b>Track: </b> 1.01 km<br/>\n                    <b>FRP: </b> 13.23 MW<br/>\n                    <b>Brightness: </b> 316.87 K" }, "geometry": { "type": "Polygon", "coordinates": [ [ [ 54.72799, 51.87696 ], [ 54.74253, 51.87696 ], [ 54.74253, 51.86798 ], [ 54.72799, 51.86798 ], [ 54.72799, 51.87696 ] ] ] } },
{ "type": "Feature", "properties": { "sensor": "MODIS_C6.1", "description": "<b>Latitude: </b> 53.37555<br/> \n                    <b>Longitude: </b> 53.95958<br/> \n                    <b>Detection Time: </b> 2026-09-26 11:15 UTC<br/> \n                    <b>Sensor: </b> Aqua MODIS<br/>\n                    <b>Confidence [0-100%]: </b> 100%<br/> \n                    <b>Day/Night: </b> Day<br/>\n                    <b>Scan: </b> 1.02 km<br/>\n                    <b>Track: </b> 1.01 km<br/>\n                    <b>FRP: </b> 164.17 MW<br/>\n                    <b>Brightness: </b> 382.07 K" }, "geometry": { "type": "Polygon", "coordinates": [ [ [ 53.95205, 53.38004 ], [ 53.96711, 53.38004 ], [ 53.96711, 53.37106 ], [ 53.95205, 53.37106 ], [ 53.95205, 53.38004 ] ] ] } },
{ "type": "Feature", "properties": { "sensor": "MODIS_C6.1", "description": "<b>Latitude: </b> 53.37792<br/> \n                    <b>Longitude: </b> 53.97414<br/> \n                    <b>Detection Time: </b> 2026-09-26 11:15 UTC<br/> \n                    <b>Sensor: </b> Aqua MODIS<br/>\n                    <b>Confidence [0-100%]: </b> 86%<br/> \n                    <b>Day/Night: </b> Day<br/>\n                    <b>Scan: </b> 1.02 km<br/>\n                    <b>Track: </b> 1.01 km<br/>\n                    <b>FRP: </b> 26.01 MW<br/>\n                    <b>Brightness: </b> 329.32 K" }, "geometry": { "type": "Polygon", "coordinates": [ [ [ 53.96661, 53.38241 ], [ 53.98167, 53.38241 ], [ 53.98167, 53.37343 ], [ 53.96661, 53.37343 ], [ 53.96661, 53.38241 ] ] ] } },
{ "type": "Feature", "properties": { "sensor": "MODIS_C6.1", "description": "<b>Latitude: </b> 53.63448<br/> \n                    <b>Longitude: </b> 56.02293<br/> \n                    <b>Detection Time: </b> 2026-09-26 11:15 UTC<br/> \n                    <b>Sensor: </b> Aqua MODIS<br/>\n                    <b>Confidence [0-100%]: </b> 54%<br/> \n                    <b>Day/Night: </b> Day<br/>\n                    <b>Scan: </b> 1.01 km<br/>\n                    <b>Track: </b> 1 km<br/>\n                    <b>FRP: </b> 4.98 MW<br/>\n                    <b>Brightness: </b> 302.85 K" }, "geometry": { "type": "Polygon", "coordinates": [ [ [ 56.01535, 53.63897 ], [ 56.03051, 53.63897 ], [ 56.03051, 53.62999 ], [ 56.01535, 53.62999 ], [ 56.01535, 53.63897 ] ] ] } },
{ "type": "Feature", "properties": { "sensor": "MODIS_C6.1", "description": "<b>Latitude: </b> 66.24413<br/> \n                    <b>Longitude: </b> 76.82555<br/> \n                    <b>Detection Time: </b> 2026-09-26 09:39 UTC<br/> \n                    <b>Sensor: </b> Aqua MODIS<br/>\n                    <b>Confidence [0-100%]: </b> 84%<br/> \n                    <b>Day/Night: </b> Day<br/>\n                    <b>Scan: </b> 1.15 km<br/>\n                    <b>Track: </b> 1.07 km<br/>\n                    <b>FRP: </b> 47.66 MW<br/>\n                    <b>Brightness: </b> 333.93 K" }, "geometry": { "type": "Polygon", "coordinates": [ [ [ 76.8144, 66.24862 ], [ 76.8367, 66.24862 ], [ 76.8367, 66.23964 ], [ 76.8144, 66.23964 ], [ 76.8144, 66.24862 ] ] ] } },
{ "type": "Feature", "properties": { "sensor": "MODIS_C6.1", "description": "<b>Latitude: </b> 59.41059<br/> \n                    <b>Longitude: </b> 71.62711<br/> \n                    <b>Detection Time: </b> 2026-09-26 09:39 UTC<br/> \n                    <b>Sensor: </b> Aqua MODIS<br/>\n                    <b>Confidence [0-100%]: </b> 67%<br/> \n                    <b>Day/Night: </b> Day<br/>\n                    <b>Scan: </b> 1.17 km<br/>\n                    <b>Track: </b> 1.08 km<br/>\n                    <b>FRP: </b> 13.59 MW<br/>\n                    <b>Brightness: </b> 308.49 K" }, "geometry": { "type": "Polygon", "coordinates": [ [ [ 71.61828, 59.41508 ], [ 71.63594, 59.41508 ], [ 71.63594, 59.4061 ], [ 71.61828, 59.4061 ], [ 71.61828, 59.41508 ] ] ] } },
{ "type": "Feature", "properties": { "sensor": "MODIS_C6.1", "description": "<b>Latitude: </b> 59.88638<br/> \n                    <b>Longitude: </b> 71.73441<br/> \n                    <b>Detection Time: </b> 2026-09-26 09:39 UTC<br/> \n                    <b>Sensor: </b> Aqua MODIS<br/>\n                    <b>Confidence [0-100%]: </b> 69%<br/> \n                    <b>Day/Night: </b> Day<br/>\n                    <b>Scan: </b> 1.14 km<br/>\n                    <b>Track: </b> 1.06 km<br/>\n                    <b>FRP: </b> 13.62 MW<br/>\n                    <b>Brightness: </b> 309.8 K" }, "geometry": { "type": "Polygon", "coordinates": [ [ [ 71.72546, 59.89087 ], [ 71.74336, 59.89087 ], [ 71.74336, 59.88189 ], [ 71.72546, 59.88189 ], [ 71.72546, 59.89087 ] ] ] } },
{ "type": "Feature", "properties": { "sensor": "MODIS_C6.1", "description": "<b>Latitude: </b> 60.86018<br/> \n                    <b>Longitude: </b> 71.2757<br/> \n                    <b>Detection Time: </b> 2026-09-26 09:39 UTC<br/> \n                    <b>Sensor: </b> Aqua MODIS<br/>\n                    <b>Confidence [0-100%]: </b> 71%<br/> \n                    <b>Day/Night: </b> Day<br/>\n                    <b>Scan: </b> 1.12 km<br/>\n                    <b>Track: </b> 1.05 km<br/>\n                    <b>FRP: </b> 13.72 MW<br/>\n                    <b>Brightness: </b> 311.22 K" }, "geometry": { "type": "Polygon", "coordinates": [ [ [ 71.26648, 60.86467 ], [ 71.28492, 60.86467 ], [ 71.28492, 60.85569 ], [ 71.26648, 60.85569 ], [ 71.26648, 60.86467 ] ] ] } },
{ "type": "Feature", "properties": { "sensor": "MODIS_C6.1", "description": "<b>Latitude: </b> 65.0107<br/> \n                    <b>Longitude: </b> 72.30085<br/> \n                    <b>Detection Time: </b> 2026-09-26 09:39 UTC<br/> \n                    <b>Sensor: </b> Aqua MODIS<br/>\n                    <b>Confidence [0-100%]: </b> 48%<br/> \n                    <b>Day/Night: </b> Day<br/>\n                    <b>Scan: </b> 1 km<br/>\n                    <b>Track: </b> 1 km<br/>\n                    <b>FRP: </b> 7.65 MW<br/>\n                    <b>Brightness: </b> 303.07 K" }, "geometry": { "type": "Polygon", "coordinates": [ [ [ 72.29022, 65.01519 ], [ 72.31148, 65.01519 ], [ 72.31148, 65.00621 ], [ 72.29022, 65.00621 ], [ 72.29022, 65.01519 ] ] ] } },
{ "type": "Feature", "properties": { "sensor": "MODIS_C6.1", "description": "<b>Latitude: </b> 65.00767<br/> \n                    <b>Longitude: </b> 72.28117<br/> \n                    <b>Detection Time: </b> 2026-09-26 09:39 UTC<br/> \n                    <b>Sensor: </b> Aqua MODIS<br/>\n                    <b>Confidence [0-100%]: </b> 57%<br/> \n                    <b>Day/Night: </b> Day<br/>\n                    <b>Scan: </b> 1 km<br/>\n                    <b>Track: </b> 1 km<br/>\n                    <b>FRP: </b> 8.71 MW<br/>\n                    <b>Brightness: </b> 304.86 K" }, "geometry": { "type": "Polygon", "coordinates": [ [ [ 72.27054, 65.01216 ], [ 72.2918, 65.01216 ], [ 72.2918, 65.00318 ], [ 72.27054, 65.00318 ], [ 72.27054, 65.01216 ] ] ] } },
{ "type": "Feature", "properties": { "sensor": "MODIS_C6.1", "description": "<b>Latitude: </b> 65.05226<br/> \n                    <b>Longitude: </b> 72.26473<br/> \n                    <b>Detection Time: </b> 2026-09-26 09:39 UTC<br/> \n                    <b>Sensor: </b> Aqua MODIS<br/>\n                    <b>Confidence [0-100%]: </b> 68%<br/> \n                    <b>Day/Night: </b> Day<br/>\n                    <b>Scan: </b> 1 km<br/>\n                    <b>Track: </b> 1 km<br/>\n                    <b>FRP: </b> 11.28 MW<br/>\n                    <b>Brightness: </b> 308.84 K" }, "geometry": { "type": "Polygon", "coordinates": [ [ [ 72.25408, 65.05675 ], [ 72.27538, 65.05675 ], [ 72.27538, 65.04777 ], [ 72.25408, 65.04777 ], [ 72.25408, 65.05675 ] ] ] } },
{ "type": "Feature", "properties": { "sensor": "MODIS_C6.1", "description": "<b>Latitude: </b> 65.84171<br/> \n                    <b>Longitude: </b> 76.84862<br/> \n                    <b>Detection Time: </b> 2026-09-26 09:39 UTC<br/> \n                    <b>Sensor: </b> Aqua MODIS<br/>\n                    <b>Confidence [0-100%]: </b> 65%<br/> \n                    <b>Day/Night: </b> Day<br/>\n                    <b>Scan: </b> 1.13 km<br/>\n                    <b>Track: </b> 1.06 km<br/>\n                    <b>FRP: </b> 18.59 MW<br/>\n                    <b>Brightness: </b> 314.04 K" }, "geometry": { "type": "Polygon", "coordinates": [ [ [ 76.83765, 65.8462 ], [ 76.85959, 65.8462 ], [ 76.85959, 65.83722 ], [ 76.83765, 65.83722 ], [ 76.83765, 65.8462 ] ] ] } },
{ "type": "Feature", "properties": { "sensor": "MODIS_C6.1", "description": "<b>Latitude: </b> 68.5204<br/> \n                    <b>Longitude: </b> 79.95004<br/> \n                    <b>Detection Time: </b> 2026-09-26 09:39 UTC<br/> \n                    <b>Sensor: </b> Aqua MODIS<br/>\n                    <b>Confidence [0-100%]: </b> 52%<br/> \n                    <b>Day/Night: </b> Day<br/>\n                    <b>Scan: </b> 1.49 km<br/>\n                    <b>Track: </b> 1.21 km<br/>\n                    <b>FRP: </b> 17.52 MW<br/>\n                    <b>Brightness: </b> 302.43 K" }, "geometry": { "type": "Polygon", "coordinates": [ [ [ 79.93777, 68.52489 ], [ 79.96231, 68.52489 ], [ 79.96231, 68.51591 ], [ 79.93777, 68.51591 ], [ 79.93777, 68.52489 ] ] ] } },
{ "type": "Feature", "properties": { "sensor": "MODIS_C6.1", "description": "<b>Latitude: </b> 66.24134<br/> \n                    <b>Longitude: </b> 76.80131<br/> \n                    <b>Detection Time: </b> 2026-09-26 09:39 UTC<br/> \n                    <b>Sensor: </b> Aqua MODIS<br/>\n                    <b>Confidence [0-100%]: </b> 55%<br/> \n                    <b>Day/Night: </b> Day<br/>\n                    <b>Scan: </b> 1.15 km<br/>\n                    <b>Track: </b> 1.07 km<br/>\n                    <b>FRP: </b> 19.67 MW<br/>\n                    <b>Brightness: </b> 312.76 K" }, "geometry": { "type": "Polygon", "coordinates": [ [ [ 76.79016, 66.24583 ], [ 76.81246, 66.24583 ], [ 76.81246, 66.23685 ], [ 76.79016, 66.23685 ], [ 76.79016, 66.24583 ] ] ] } },
{ "type": "Feature", "properties": { "sensor": "MODIS_C6.1", "description": "<b>Latitude: </b> 66.40272<br/> \n                    <b>Longitude: </b> 77.48444<br/> \n                    <b>Detection Time: </b> 2026-09-26 09:39 UTC<br/> \n                    <b>Sensor: </b> Aqua MODIS<br/>\n                    <b>Confidence [0-100%]: </b> 37%<br/> \n                    <b>Day/Night: </b> Day<br/>\n                    <b>Scan: </b> 1.19 km<br/>\n                    <b>Track: </b> 1.09 km<br/>\n                    <b>FRP: </b> 13.11 MW<br/>\n                    <b>Brightness: </b> 303.79 K" }, "geometry": { "type": "Polygon", "coordinates": [ [ [ 77.47322, 66.40721 ], [ 77.49566, 66.40721 ], [ 77.49566, 66.39823 ], [ 77.47322, 66.39823 ], [ 77.47322, 66.40721 ] ] ] } },
{ "type": "Feature", "properties": { "sensor": "MODIS_C6.1", "description": "<b>Latitude: </b> 53.70184<br/> \n                    <b>Longitude: </b> 91.0769<br/> \n                    <b>Detection Time: </b> 2026-09-26 09:37 UTC<br/> \n                    <b>Sensor: </b> Aqua MODIS<br/>\n                    <b>Confidence [0-100%]: </b> 64%<br/> \n                    <b>Day/Night: </b> Day<br/>\n                    <b>Scan: </b> 2.37 km<br/>\n                    <b>Track: </b> 1.49 km<br/>\n                    <b>FRP: </b> 26.05 MW<br/>\n                    <b>Brightness: </b> 306.81 K" }, "geometry": { "type": "Polygon", "coordinates": [ [ [ 91.06931, 53.70633 ], [ 91.08449, 53.70633 ], [ 91.08449, 53.69735 ], [ 91.06931, 53.69735 ], [ 91.06931, 53.70633 ] ] ] } },
{ "type": "Feature", "properties": { "sensor": "MODIS_C6.1", "description": "<b>Latitude: </b> 55.82086<br/> \n                    <b>Longitude: </b> 66.6927<br/> \n                    <b>Detection Time: </b> 2026-09-26 09:37 UTC<br/> \n                    <b>Sensor: </b> Aqua MODIS<br/>\n                    <b>Confidence [0-100%]: </b> 42%<br/> \n                    <b>Day/Night: </b> Day<br/>\n                    <b>Scan: </b> 2.28 km<br/>\n                    <b>Track: </b> 1.46 km<br/>\n                    <b>FRP: </b> 22.25 MW<br/>\n                    <b>Brightness: </b> 300.88 K" }, "geometry": { "type": "Polygon", "coordinates": [ [ [ 66.6847, 55.82535 ], [ 66.7007, 55.82535 ], [ 66.7007, 55.81637 ], [ 66.6847, 55.81637 ], [ 66.6847, 55.82535 ] ] ] } },
{ "type": "Feature", "properties": { "sensor": "MODIS_C6.1", "description": "<b>Latitude: </b> 55.82924<br/> \n                    <b>Longitude: </b> 66.72466<br/> \n                    <b>Detection Time: </b> 2026-09-26 09:37 UTC<br/> \n                    <b>Sensor: </b> Aqua MODIS<br/>\n                    <b>Confidence [0-100%]: </b> 67%<br/> \n                    <b>Day/Night: </b> Day<br/>\n                    <b>Scan: </b> 2.27 km<br/>\n                    <b>Track: </b> 1.46 km<br/>\n                    <b>FRP: </b> 36.87 MW<br/>\n                    <b>Brightness: </b> 308.49 K" }, "geometry": { "type": "Polygon", "coordinates": [ [ [ 66.71666, 55.83373 ], [ 66.73266, 55.83373 ], [ 66.73266, 55.82475 ], [ 66.71666, 55.82475 ], [ 66.71666, 55.83373 ] ] ] } },
{ "type": "Feature", "properties": { "sensor": "MODIS_C6.1", "description": "<b>Latitude: </b> 54.87902<br/> \n                    <b>Longitude: </b> 72.15363<br/> \n                    <b>Detection Time: </b> 2026-09-26 09:37 UTC<br/> \n                    <b>Sensor: </b> Aqua MODIS<br/>\n                    <b>Confidence [0-100%]: </b> 60%<br/> \n                    <b>Day/Night: </b> Day<br/>\n                    <b>Scan: </b> 1.46 km<br/>\n                    <b>Track: </b> 1.19 km<br/>\n                    <b>FRP: </b> 13.04 MW<br/>\n                    <b>Brightness: </b> 305 K" }, "geometry": { "type": "Polygon", "coordinates": [ [ [ 72.14582, 54.88351 ], [ 72.16144, 54.88351 ], [ 72.16144, 54.87453 ], [ 72.14582, 54.87453 ], [ 72.14582, 54.88351 ] ] ] } },
{ "type": "Feature", "properties": { "sensor": "MODIS_C6.1", "description": "<b>Latitude: </b> 54.22984<br/> \n                    <b>Longitude: </b> 72.65976<br/> \n                    <b>Detection Time: </b> 2026-09-26 09:37 UTC<br/> \n                    <b>Sensor: </b> Aqua MODIS<br/>\n                    <b>Confidence [0-100%]: </b> 20%<br/> \n                    <b>Day/Night: </b> Day<br/>\n                    <b>Scan: </b> 1.46 km<br/>\n                    <b>Track: </b> 1.19 km<br/>\n                    <b>FRP: </b> 16.47 MW<br/>\n                    <b>Brightness: </b> 312.38 K" }, "geometry": { "type": "Polygon", "coordinates": [ [ [ 72.65208, 54.23433 ], [ 72.66744, 54.23433 ], [ 72.66744, 54.22535 ], [ 72.65208, 54.22535 ], [ 72.65208, 54.23433 ] ] ] } },
{ "type": "Feature", "properties": { "sensor": "MODIS_C6.1", "description": "<b>Latitude: </b> 54.23481<br/> \n                    <b>Longitude: </b> 72.66129<br/> \n                    <b>Detection Time: </b> 2026-09-26 09:37 UTC<br/> \n                    <b>Sensor: </b> Aqua MODIS<br/>\n                    <b>Confidence [0-100%]: </b> 81%<br/> \n                    <b>Day/Night: </b> Day<br/>\n                    <b>Scan: </b> 1.46 km<br/>\n                    <b>Track: </b> 1.19 km<br/>\n                    <b>FRP: </b> 31.19 MW<br/>\n                    <b>Brightness: </b> 321.73 K" }, "geometry": { "type": "Polygon", "coordinates": [ [ [ 72.65361, 54.2393 ], [ 72.66897, 54.2393 ], [ 72.66897, 54.23032 ], [ 72.65361, 54.23032 ], [ 72.65361, 54.2393 ] ] ] } },
{ "type": "Feature", "properties": { "sensor": "MODIS_C6.1", "description": "<b>Latitude: </b> 53.48918<br/> \n                    <b>Longitude: </b> 92.86494<br/> \n                    <b>Detection Time: </b> 2026-09-26 09:34 UTC<br/> \n                    <b>Sensor: </b> Aqua MODIS<br/>\n                    <b>Confidence [0-100%]: </b> 27%<br/> \n                    <b>Day/Night: </b> Day<br/>\n                    <b>Scan: </b> 2.88 km<br/>\n                    <b>Track: </b> 1.62 km<br/>\n                    <b>FRP: </b> 20.04 MW<br/>\n                    <b>Brightness: </b> 300.12 K" }, "geometry": { "type": "Polygon", "coordinates": [ [ [ 92.85739, 53.49367 ], [ 92.87249, 53.49367 ], [ 92.87249, 53.48469 ], [ 92.85739, 53.48469 ], [ 92.85739, 53.49367 ] ] ] } },
{ "type": "Feature", "properties": { "sensor": "MODIS_C6.1", "description": "<b>Latitude: </b> 53.4848<br/> \n                    <b>Longitude: </b> 92.8746<br/> \n                    <b>Detection Time: </b> 2026-09-26 09:34 UTC<br/> \n                    <b>Sensor: </b> Aqua MODIS<br/>\n                    <b>Confidence [0-100%]: </b> 52%<br/> \n                    <b>Day/Night: </b> Day<br/>\n                    <b>Scan: </b> 2.88 km<br/>\n                    <b>Track: </b> 1.62 km<br/>\n                    <b>FRP: </b> 26.24 MW<br/>\n                    <b>Brightness: </b> 302.47 K" }, "geometry": { "type": "Polygon", "coordinates": [ [ [ 92.86705, 53.48929 ], [ 92.88215, 53.48929 ], [ 92.88215, 53.48031 ], [ 92.86705, 53.48031 ], [ 92.86705, 53.48929 ] ] ] } },
{ "type": "Feature", "properties": { "sensor": "SUOMI-NPP", "description": "<b>Latitude: </b> 60.74662<br/> \n                    <b>Longitude: </b> 70.8164<br/> \n                    <b>Detection Time: </b> 2026-09-26 20:44 UTC<br/> \n                    <b>Sensor: </b> Suomi-NPP VIIRS<br/>\n                    <b>Confidence: </b> Nominal<br/> \n                    <b>Day/Night: </b> Night<br/>\n                    <b>Scan: </b> 0.37 km<br/>\n                    <b>Track: </b> 0.58 km<br/>\n                    <b>FRP: </b> 2.2 MW<br/>\n                    <b>Brightness: </b> 328.71 K" }, "geometry": { "type": "Polygon", "coordinates": [ [ [ 70.81295, 60.7483 ], [ 70.81985, 60.7483 ], [ 70.81985, 60.74494 ], [ 70.81295, 60.74494 ], [ 70.81295, 60.7483 ] ] ] } },
{ "type": "Feature", "properties": { "sensor": "SUOMI-NPP", "description": "<b>Latitude: </b> 60.7393<br/> \n                    <b>Longitude: </b> 71.21668<br/> \n                    <b>Detection Time: </b> 2026-09-26 20:44 UTC<br/> \n                    <b>Sensor: </b> Suomi-NPP VIIRS<br/>\n                    <b>Confidence: </b> Nominal<br/> \n                    <b>Day/Night: </b> Night<br/>\n                    <b>Scan: </b> 0.36 km<br/>\n                    <b>Track: </b> 0.57 km<br/>\n                    <b>FRP: </b> 0.49 MW<br/>\n                    <b>Brightness: </b> 297.06 K" }, "geometry": { "type": "Polygon", "coordinates": [ [ [ 71.21323, 60.74098 ], [ 71.22013, 60.74098 ], [ 71.22013, 60.73762 ], [ 71.21323, 60.73762 ], [ 71.21323, 60.74098 ] ] ] } },
{ "type": "Feature", "properties": { "sensor": "SUOMI-NPP", "description": "<b>Latitude: </b> 60.66905<br/> \n                    <b>Longitude: </b> 72.00159<br/> \n                    <b>Detection Time: </b> 2026-09-26 20:44 UTC<br/> \n                    <b>Sensor: </b> Suomi-NPP VIIRS<br/>\n                    <b>Confidence: </b> Nominal<br/> \n                    <b>Day/Night: </b> Night<br/>\n                    <b>Scan: </b> 0.34 km<br/>\n                    <b>Track: </b> 0.56 km<br/>\n                    <b>FRP: </b> 0.81 MW<br/>\n                    <b>Brightness: </b> 306.91 K" }, "geometry": { "type": "Polygon", "coordinates": [ [ [ 71.99815, 60.67073 ], [ 72.00503, 60.67073 ], [ 72.00503, 60.66737 ], [ 71.99815, 60.66737 ], [ 71.99815, 60.67073 ] ] ] } },
{ "type": "Feature", "properties": { "sensor": "SUOMI-NPP", "description": "<b>Latitude: </b> 55.30467<br/> \n                    <b>Longitude: </b> 85.59405<br/> \n                    <b>Detection Time: </b> 2026-09-26 20:44 UTC<br/> \n                    <b>Sensor: </b> Suomi-NPP VIIRS<br/>\n                    <b>Confidence: </b> Nominal<br/> \n                    <b>Day/Night: </b> Night<br/>\n                    <b>Scan: </b> 0.38 km<br/>\n                    <b>Track: </b> 0.36 km<br/>\n                    <b>FRP: </b> 1.32 MW<br/>\n                    <b>Brightness: </b> 312.86 K" }, "geometry": { "type": "Polygon", "coordinates": [ [ [ 85.59109, 55.30635 ], [ 85.59701, 55.30635 ], [ 85.59701, 55.30299 ], [ 85.59109, 55.30299 ], [ 85.59109, 55.30635 ] ] ] } },
{ "type": "Feature", "properties": { "sensor": "SUOMI-NPP", "description": "<b>Latitude: </b> 55.30142<br/> \n                    <b>Longitude: </b> 85.5925<br/> \n                    <b>Detection Time: </b> 2026-09-26 20:44 UTC<br/> \n                    <b>Sensor: </b> Suomi-NPP VIIRS<br/>\n                    <b>Confidence: </b> Nominal<br/> \n                    <b>Day/Night: </b> Night<br/>\n                    <b>Scan: </b> 0.38 km<br/>\n                    <b>Track: </b> 0.36 km<br/>\n                    <b>FRP: </b> 1.32 MW<br/>\n                    <b>Brightness: </b> 297.52 K" }, "geometry": { "type": "Polygon", "coordinates": [ [ [ 85.58954, 55.3031 ], [ 85.59546, 55.3031 ], [ 85.59546, 55.29974 ], [ 85.58954, 55.29974 ], [ 85.58954, 55.3031 ] ] ] } },
{ "type": "Feature", "properties": { "sensor": "SUOMI-NPP", "description": "<b>Latitude: </b> 60.66927<br/> \n                    <b>Longitude: </b> 72.002<br/> \n                    <b>Detection Time: </b> 2026-09-26 20:44 UTC<br/> \n                    <b>Sensor: </b> Suomi-NPP VIIRS<br/>\n                    <b>Confidence: </b> Nominal<br/> \n                    <b>Day/Night: </b> Night<br/>\n                    <b>Scan: </b> 0.34 km<br/>\n                    <b>Track: </b> 0.56 km<br/>\n                    <b>FRP: </b> 1.11 MW<br/>\n                    <b>Brightness: </b> 315.26 K" }, "geometry": { "type": "Polygon", "coordinates": [ [ [ 71.99856, 60.67095 ], [ 72.00544, 60.67095 ], [ 72.00544, 60.66759 ], [ 71.99856, 60.66759 ], [ 71.99856, 60.67095 ] ] ] } },
{ "type": "Feature", "properties": { "sensor": "SUOMI-NPP", "description": "<b>Latitude: </b> 60.62413<br/> \n                    <b>Longitude: </b> 72.64921<br/> \n                    <b>Detection Time: </b> 2026-09-26 20:44 UTC<br/> \n                    <b>Sensor: </b> Suomi-NPP VIIRS<br/>\n                    <b>Confidence: </b> Nominal<br/> \n                    <b>Day/Night: </b> Night<br/>\n                    <b>Scan: </b> 0.32 km<br/>\n                    <b>Track: </b> 0.55 km<br/>\n                    <b>FRP: </b> 0.68 MW<br/>\n                    <b>Brightness: </b> 296.11 K" }, "geometry": { "type": "Polygon", "coordinates": [ [ [ 72.64578, 60.62581 ], [ 72.65264, 60.62581 ], [ 72.65264, 60.62245 ], [ 72.64578, 60.62245 ], [ 72.64578, 60.62581 ] ] ] } },
{ "type": "Feature", "properties": { "sensor": "SUOMI-NPP", "description": "<b>Latitude: </b> 60.61921<br/> \n                    <b>Longitude: </b> 72.6426<br/> \n                    <b>Detection Time: </b> 2026-09-26 20:44 UTC<br/> \n                    <b>Sensor: </b> Suomi-NPP VIIRS<br/>\n                    <b>Confidence: </b> Nominal<br/> \n                    <b>Day/Night: </b> Night<br/>\n                    <b>Scan: </b> 0.32 km<br/>\n                    <b>Track: </b> 0.55 km<br/>\n                    <b>FRP: </b> 1.07 MW<br/>\n                    <b>Brightness: </b> 310.27 K" }, "geometry": { "type": "Polygon", "coordinates": [ [ [ 72.63917, 60.62089 ], [ 72.64603, 60.62089 ], [ 72.64603, 60.61753 ], [ 72.63917, 60.61753 ], [ 72.63917, 60.62089 ] ] ] } },
{ "type": "Feature", "properties": { "sensor": "SUOMI-NPP", "description": "<b>Latitude: </b> 60.61902<br/> \n                    <b>Longitude: </b> 72.64863<br/> \n                    <b>Detection Time: </b> 2026-09-26 20:44 UTC<br/> \n                    <b>Sensor: </b> Suomi-NPP VIIRS<br/>\n                    <b>Confidence: </b> Nominal<br/> \n                    <b>Day/Night: </b> Night<br/>\n                    <b>Scan: </b> 0.32 km<br/>\n                    <b>Track: </b> 0.55 km<br/>\n                    <b>FRP: </b> 1.07 MW<br/>\n                    <b>Brightness: </b> 314.1 K" }, "geometry": { "type": "Polygon", "coordinates": [ [ [ 72.6452, 60.6207 ], [ 72.65206, 60.6207 ], [ 72.65206, 60.61734 ], [ 72.6452, 60.61734 ], [ 72.6452, 60.6207 ] ] ] } },
{ "type": "Feature", "properties": { "sensor": "SUOMI-NPP", "description": "<b>Latitude: </b> 60.5702<br/> \n                    <b>Longitude: </b> 71.98446<br/> \n                    <b>Detection Time: </b> 2026-09-26 20:44 UTC<br/> \n                    <b>Sensor: </b> Suomi-NPP VIIRS<br/>\n                    <b>Confidence: </b> Nominal<br/> \n                    <b>Day/Night: </b> Night<br/>\n                    <b>Scan: </b> 0.34 km<br/>\n                    <b>Track: </b> 0.56 km<br/>\n                    <b>FRP: </b> 1.61 MW<br/>\n                    <b>Brightness: </b> 320.69 K" }, "geometry": { "type": "Polygon", "coordinates": [ [ [ 71.98103, 60.57188 ], [ 71.98789, 60.57188 ], [ 71.98789, 60.56852 ], [ 71.98103, 60.56852 ], [ 71.98103, 60.57188 ] ] ] } },
{ "type": "Feature", "properties": { "sensor": "SUOMI-NPP", "description": "<b>Latitude: </b> 60.55139<br/> \n                    <b>Longitude: </b> 72.3155<br/> \n                    <b>Detection Time: </b> 2026-09-26 20:44 UTC<br/> \n                    <b>Sensor: </b> Suomi-NPP VIIRS<br/>\n                    <b>Confidence: </b> Nominal<br/> \n                    <b>Day/Night: </b> Night<br/>\n                    <b>Scan: </b> 0.33 km<br/>\n                    <b>Track: </b> 0.55 km<br/>\n                    <b>FRP: </b> 0.61 MW<br/>\n                    <b>Brightness: </b> 313.03 K" }, "geometry": { "type": "Polygon", "coordinates": [ [ [ 72.31207, 60.55307 ], [ 72.31893, 60.55307 ], [ 72.31893, 60.54971 ], [ 72.31207, 60.54971 ], [ 72.31207, 60.55307 ] ] ] } },
{ "type": "Feature", "properties": { "sensor": "SUOMI-NPP", "description": "<b>Latitude: </b> 60.54623<br/> \n                    <b>Longitude: </b> 72.31496<br/> \n                    <b>Detection Time: </b> 2026-09-26 20:44 UTC<br/> \n                    <b>Sensor: </b> Suomi-NPP VIIRS<br/>\n                    <b>Confidence: </b> Nominal<br/> \n                    <b>Day/Night: </b> Night<br/>\n                    <b>Scan: </b> 0.33 km<br/>\n                    <b>Track: </b> 0.55 km<br/>\n                    <b>FRP: </b> 0.29 MW<br/>\n                    <b>Brightness: </b> 299.78 K" }, "geometry": { "type": "Polygon", "coordinates": [ [ [ 72.31153, 60.54791 ], [ 72.31839, 60.54791 ], [ 72.31839, 60.54455 ], [ 72.31153, 60.54455 ], [ 72.31153, 60.54791 ] ] ] } },
{ "type": "Feature", "properties": { "sensor": "SUOMI-NPP", "description": "<b>Latitude: </b> 60.55091<br/> \n                    <b>Longitude: </b> 72.3139<br/> \n                    <b>Detection Time: </b> 2026-09-26 20:44 UTC<br/> \n                    <b>Sensor: </b> Suomi-NPP VIIRS<br/>\n                    <b>Confidence: </b> Nominal<br/> \n                    <b>Day/Night: </b> Night<br/>\n                    <b>Scan: </b> 0.33 km<br/>\n                    <b>Track: </b> 0.55 km<br/>\n                    <b>FRP: </b> 0.88 MW<br/>\n                    <b>Brightness: </b> 310.88 K" }, "geometry": { "type": "Polygon", "coordinates": [ [ [ 72.31047, 60.55259 ], [ 72.31733, 60.55259 ], [ 72.31733, 60.54923 ], [ 72.31047, 60.54923 ], [ 72.31047, 60.55259 ] ] ] } },
{ "type": "Feature", "properties": { "sensor": "SUOMI-NPP", "description": "<b>Latitude: </b> 60.49762<br/> \n                    <b>Longitude: </b> 72.54019<br/> \n                    <b>Detection Time: </b> 2026-09-26 20:44 UTC<br/> \n                    <b>Sensor: </b> Suomi-NPP VIIRS<br/>\n                    <b>Confidence: </b> Nominal<br/> \n                    <b>Day/Night: </b> Night<br/>\n                    <b>Scan: </b> 0.32 km<br/>\n                    <b>Track: </b> 0.55 km<br/>\n                    <b>FRP: </b> 0.72 MW<br/>\n                    <b>Brightness: </b> 307.27 K" }, "geometry": { "type": "Polygon", "coordinates": [ [ [ 72.53677, 60.4993 ], [ 72.54361, 60.4993 ], [ 72.54361, 60.49594 ], [ 72.53677, 60.49594 ], [ 72.53677, 60.4993 ] ] ] } },
{ "type": "Feature", "properties": { "sensor": "SUOMI-NPP", "description": "<b>Latitude: </b> 60.15796<br/> \n                    <b>Longitude: </b> 73.56782<br/> \n                    <b>Detection Time: </b> 2026-09-26 20:44 UTC<br/> \n                    <b>Sensor: </b> Suomi-NPP VIIRS<br/>\n                    <b>Confidence: </b> Nominal<br/> \n                    <b>Day/Night: </b> Night<br/>\n                    <b>Scan: </b> 0.59 km<br/>\n                    <b>Track: </b> 0.53 km<br/>\n                    <b>FRP: </b> 1.02 MW<br/>\n                    <b>Brightness: </b> 297.75 K" }, "geometry": { "type": "Polygon", "coordinates": [ [ [ 73.56444, 60.15964 ], [ 73.5712, 60.15964 ], [ 73.5712, 60.15628 ], [ 73.56444, 60.15628 ], [ 73.56444, 60.15964 ] ] ] } },
{ "type": "Feature", "properties": { "sensor": "SUOMI-NPP", "description": "<b>Latitude: </b> 60.0992<br/> \n                    <b>Longitude: </b> 72.41852<br/> \n                    <b>Detection Time: </b> 2026-09-26 20:44 UTC<br/> \n                    <b>Sensor: </b> Suomi-NPP VIIRS<br/>\n                    <b>Confidence: </b> Nominal<br/> \n                    <b>Day/Night: </b> Night<br/>\n                    <b>Scan: </b> 0.32 km<br/>\n                    <b>Track: </b> 0.55 km<br/>\n                    <b>FRP: </b> 0.88 MW<br/>\n                    <b>Brightness: </b> 316.58 K" }, "geometry": { "type": "Polygon", "coordinates": [ [ [ 72.41514, 60.10088 ], [ 72.4219, 60.10088 ], [ 72.4219, 60.09752 ], [ 72.41514, 60.09752 ], [ 72.41514, 60.10088 ] ] ] } },
{ "type": "Feature", "properties": { "sensor": "SUOMI-NPP", "description": "<b>Latitude: </b> 60.0406<br/> \n                    <b>Longitude: </b> 71.07077<br/> \n                    <b>Detection Time: </b> 2026-09-26 20:44 UTC<br/> \n                    <b>Sensor: </b> Suomi-NPP VIIRS<br/>\n                    <b>Confidence: </b> Nominal<br/> \n                    <b>Day/Night: </b> Night<br/>\n                    <b>Scan: </b> 0.36 km<br/>\n                    <b>Track: </b> 0.57 km<br/>\n                    <b>FRP: </b> 1.15 MW<br/>\n                    <b>Brightness: </b> 312.54 K" }, "geometry": { "type": "Polygon", "coordinates": [ [ [ 71.0674, 60.04228 ], [ 71.07414, 60.04228 ], [ 71.07414, 60.03892 ], [ 71.0674, 60.03892 ], [ 71.0674, 60.04228 ] ] ] } },
{ "type": "Feature", "properties": { "sensor": "SUOMI-NPP", "description": "<b>Latitude: </b> 59.89442<br/> \n                    <b>Longitude: </b> 71.73292<br/> \n                    <b>Detection Time: </b> 2026-09-26 20:44 UTC<br/> \n                    <b>Sensor: </b> Suomi-NPP VIIRS<br/>\n                    <b>Confidence: </b> Nominal<br/> \n                    <b>Day/Night: </b> Night<br/>\n                    <b>Scan: </b> 0.34 km<br/>\n                    <b>Track: </b> 0.56 km<br/>\n                    <b>FRP: </b> 2.29 MW<br/>\n                    <b>Brightness: </b> 343.81 K" }, "geometry": { "type": "Polygon", "coordinates": [ [ [ 71.72956, 59.8961 ], [ 71.73628, 59.8961 ], [ 71.73628, 59.89274 ], [ 71.72956, 59.89274 ], [ 71.72956, 59.8961 ] ] ] } },
{ "type": "Feature", "properties": { "sensor": "SUOMI-NPP", "description": "<b>Latitude: </b> 59.89426<br/> \n                    <b>Longitude: </b> 71.73923<br/> \n                    <b>Detection Time: </b> 2026-09-26 20:44 UTC<br/> \n                    <b>Sensor: </b> Suomi-NPP VIIRS<br/>\n                    <b>Confidence: </b> Nominal<br/> \n                    <b>Day/Night: </b> Night<br/>\n                    <b>Scan: </b> 0.34 km<br/>\n                    <b>Track: </b> 0.56 km<br/>\n                    <b>FRP: </b> 2.29 MW<br/>\n                    <b>Brightness: </b> 295.9 K" }, "geometry": { "type": "Polygon", "coordinates": [ [ [ 71.73587, 59.89594 ], [ 71.74259, 59.89594 ], [ 71.74259, 59.89258 ], [ 71.73587, 59.89258 ], [ 71.73587, 59.89594 ] ] ] } },
{ "type": "Feature", "properties": { "sensor": "SUOMI-NPP", "description": "<b>Latitude: </b> 59.88918<br/> \n                    <b>Longitude: </b> 71.73231<br/> \n                    <b>Detection Time: </b> 2026-09-26 20:44 UTC<br/> \n                    <b>Sensor: </b> Suomi-NPP VIIRS<br/>\n                    <b>Confidence: </b> Nominal<br/> \n                    <b>Day/Night: </b> Night<br/>\n                    <b>Scan: </b> 0.34 km<br/>\n                    <b>Track: </b> 0.56 km<br/>\n                    <b>FRP: </b> 2.29 MW<br/>\n                    <b>Brightness: </b> 348.94 K" }, "geometry": { "type": "Polygon", "coordinates": [ [ [ 71.72895, 59.89086 ], [ 71.73567, 59.89086 ], [ 71.73567, 59.8875 ], [ 71.72895, 59.8875 ], [ 71.72895, 59.89086 ] ] ] } },
{ "type": "Feature", "properties": { "sensor": "SUOMI-NPP", "description": "<b>Latitude: </b> 59.88902<br/> \n                    <b>Longitude: </b> 71.7386<br/> \n                    <b>Detection Time: </b> 2026-09-26 20:44 UTC<br/> \n                    <b>Sensor: </b> Suomi-NPP VIIRS<br/>\n                    <b>Confidence: </b> Nominal<br/> \n                    <b>Day/Night: </b> Night<br/>\n                    <b>Scan: </b> 0.34 km<br/>\n                    <b>Track: </b> 0.56 km<br/>\n                    <b>FRP: </b> 2.29 MW<br/>\n                    <b>Brightness: </b> 304.05 K" }, "geometry": { "type": "Polygon", "coordinates": [ [ [ 71.73524, 59.8907 ], [ 71.74196, 59.8907 ], [ 71.74196, 59.88734 ], [ 71.73524, 59.88734 ], [ 71.73524, 59.8907 ] ] ] } },
{ "type": "Feature", "properties": { "sensor": "SUOMI-NPP", "description": "<b>Latitude: </b> 59.87335<br/> \n                    <b>Longitude: </b> 68.87733<br/> \n                    <b>Detection Time: </b> 2026-09-26 20:44 UTC<br/> \n                    <b>Sensor: </b> Suomi-NPP VIIRS<br/>\n                    <b>Confidence: </b> Nominal<br/> \n                    <b>Day/Night: </b> Night<br/>\n                    <b>Scan: </b> 0.43 km<br/>\n                    <b>Track: </b> 0.62 km<br/>\n                    <b>FRP: </b> 1.12 MW<br/>\n                    <b>Brightness: </b> 297.57 K" }, "geometry": { "type": "Polygon", "coordinates": [ [ [ 68.87397, 59.87503 ], [ 68.88069, 59.87503 ], [ 68.88069, 59.87167 ], [ 68.87397, 59.87167 ], [ 68.87397, 59.87503 ] ] ] } },
{ "type": "Feature", "properties": { "sensor": "SUOMI-NPP", "description": "<b>Latitude: </b> 59.87396<br/> \n                    <b>Longitude: </b> 68.87968<br/> \n                    <b>Detection Time: </b> 2026-09-26 20:44 UTC<br/> \n                    <b>Sensor: </b> Suomi-NPP VIIRS<br/>\n                    <b>Confidence: </b> Nominal<br/> \n                    <b>Day/Night: </b> Night<br/>\n                    <b>Scan: </b> 0.43 km<br/>\n                    <b>Track: </b> 0.62 km<br/>\n                    <b>FRP: </b> 0.97 MW<br/>\n                    <b>Brightness: </b> 303.41 K" }, "geometry": { "type": "Polygon", "coordinates": [ [ [ 68.87632, 59.87564 ], [ 68.88304, 59.87564 ], [ 68.88304, 59.87228 ], [ 68.87632, 59.87228 ], [ 68.87632, 59.87564 ] ] ] } },
{ "type": "Feature", "properties": { "sensor": "SUOMI-NPP", "description": "<b>Latitude: </b> 59.79558<br/> \n                    <b>Longitude: </b> 72.43137<br/> \n                    <b>Detection Time: </b> 2026-09-26 20:44 UTC<br/> \n                    <b>Sensor: </b> Suomi-NPP VIIRS<br/>\n                    <b>Confidence: </b> Nominal<br/> \n                    <b>Day/Night: </b> Night<br/>\n                    <b>Scan: </b> 0.32 km<br/>\n                    <b>Track: </b> 0.55 km<br/>\n                    <b>FRP: </b> 0.31 MW<br/>\n                    <b>Brightness: </b> 298.1 K" }, "geometry": { "type": "Polygon", "coordinates": [ [ [ 72.42802, 59.79726 ], [ 72.43472, 59.79726 ], [ 72.43472, 59.7939 ], [ 72.42802, 59.7939 ], [ 72.42802, 59.79726 ] ] ] } },
{ "type": "Feature", "properties": { "sensor": "SUOMI-NPP", "description": "<b>Latitude: </b> 59.75835<br/> \n                    <b>Longitude: </b> 71.73775<br/> \n                    <b>Detection Time: </b> 2026-09-26 20:44 UTC<br/> \n                    <b>Sensor: </b> Suomi-NPP VIIRS<br/>\n                    <b>Confidence: </b> Nominal<br/> \n                    <b>Day/Night: </b> Night<br/>\n                    <b>Scan: </b> 0.34 km<br/>\n                    <b>Track: </b> 0.56 km<br/>\n                    <b>FRP: </b> 0.73 MW<br/>\n                    <b>Brightness: </b> 295.73 K" }, "geometry": { "type": "Polygon", "coordinates": [ [ [ 71.73441, 59.76003 ], [ 71.74109, 59.76003 ], [ 71.74109, 59.75667 ], [ 71.73441, 59.75667 ], [ 71.73441, 59.76003 ] ] ] } },
{ "type": "Feature", "properties": { "sensor": "SUOMI-NPP", "description": "<b>Latitude: </b> 59.75819<br/> \n                    <b>Longitude: </b> 71.744<br/> \n                    <b>Detection Time: </b> 2026-09-26 20:44 UTC<br/> \n                    <b>Sensor: </b> Suomi-NPP VIIRS<br/>\n                    <b>Confidence: </b> Nominal<br/> \n                    <b>Day/Night: </b> Night<br/>\n                    <b>Scan: </b> 0.34 km<br/>\n                    <b>Track: </b> 0.56 km<br/>\n                    <b>FRP: </b> 0.73 MW<br/>\n                    <b>Brightness: </b> 309.58 K" }, "geometry": { "type": "Polygon", "coordinates": [ [ [ 71.74066, 59.75987 ], [ 71.74734, 59.75987 ], [ 71.74734, 59.75651 ], [ 71.74066, 59.75651 ], [ 71.74066, 59.75987 ] ] ] } },
{ "type": "Feature", "properties": { "sensor": "SUOMI-NPP", "description": "<b>Latitude: </b> 59.2695<br/> \n                    <b>Longitude: </b> 77.03388<br/> \n                    <b>Detection Time: </b> 2026-09-26 20:44 UTC<br/> \n                    <b>Sensor: </b> Suomi-NPP VIIRS<br/>\n                    <b>Confidence: </b> Nominal<br/> \n                    <b>Day/Night: </b> Night<br/>\n                    <b>Scan: </b> 0.44 km<br/>\n                    <b>Track: </b> 0.46 km<br/>\n                    <b>FRP: </b> 0.81 MW<br/>\n                    <b>Brightness: </b> 298.78 K" }, "geometry": { "type": "Polygon", "coordinates": [ [ [ 77.03058, 59.27118 ], [ 77.03718, 59.27118 ], [ 77.03718, 59.26782 ], [ 77.03058, 59.26782 ], [ 77.03058, 59.27118 ] ] ] } },
{ "type": "Feature", "properties": { "sensor": "SUOMI-NPP", "description": "<b>Latitude: </b> 59.32032<br/> \n                    <b>Longitude: </b> 76.26366<br/> \n                    <b>Detection Time: </b> 2026-09-26 20:44 UTC<br/> \n                    <b>Sensor: </b> Suomi-NPP VIIRS<br/>\n                    <b>Confidence: </b> Nominal<br/> \n                    <b>Day/Night: </b> Night<br/>\n                    <b>Scan: </b> 0.47 km<br/>\n                    <b>Track: </b> 0.48 km<br/>\n                    <b>FRP: </b> 0.45 MW<br/>\n                    <b>Brightness: </b> 295.64 K" }, "geometry": { "type": "Polygon", "coordinates": [ [ [ 76.26036, 59.322 ], [ 76.26696, 59.322 ], [ 76.26696, 59.31864 ], [ 76.26036, 59.31864 ], [ 76.26036, 59.322 ] ] ] } },
{ "type": "Feature", "properties": { "sensor": "SUOMI-NPP", "description": "<b>Latitude: </b> 59.26856<br/> \n                    <b>Longitude: </b> 77.03625<br/> \n                    <b>Detection Time: </b> 2026-09-26 20:44 UTC<br/> \n                    <b>Sensor: </b> Suomi-NPP VIIRS<br/>\n                    <b>Confidence: </b> Nominal<br/> \n                    <b>Day/Night: </b> Night<br/>\n                    <b>Scan: </b> 0.44 km<br/>\n                    <b>Track: </b> 0.46 km<br/>\n                    <b>FRP: </b> 1.26 MW<br/>\n                    <b>Brightness: </b> 311.52 K" }, "geometry": { "type": "Polygon", "coordinates": [ [ [ 77.03295, 59.27024 ], [ 77.03955, 59.27024 ], [ 77.03955, 59.26688 ], [ 77.03295, 59.26688 ], [ 77.03295, 59.27024 ] ] ] } },
{ "type": "Feature", "properties": { "sensor": "SUOMI-NPP", "description": "<b>Latitude: </b> 59.47217<br/> \n                    <b>Longitude: </b> 71.53214<br/> \n                    <b>Detection Time: </b> 2026-09-26 20:44 UTC<br/> \n                    <b>Sensor: </b> Suomi-NPP VIIRS<br/>\n                    <b>Confidence: </b> Nominal<br/> \n                    <b>Day/Night: </b> Night<br/>\n                    <b>Scan: </b> 0.34 km<br/>\n                    <b>Track: </b> 0.56 km<br/>\n                    <b>FRP: </b> 0.99 MW<br/>\n                    <b>Brightness: </b> 299.83 K" }, "geometry": { "type": "Polygon", "coordinates": [ [ [ 71.52882, 59.47385 ], [ 71.53546, 59.47385 ], [ 71.53546, 59.47049 ], [ 71.52882, 59.47049 ], [ 71.52882, 59.47385 ] ] ] } },
{ "type": "Feature", "properties": { "sensor": "SUOMI-NPP", "description": "<b>Latitude: </b> 59.47202<br/> \n                    <b>Longitude: </b> 71.53844<br/> \n                    <b>Detection Time: </b> 2026-09-26 20:44 UTC<br/> \n                    <b>Sensor: </b> Suomi-NPP VIIRS<br/>\n                    <b>Confidence: </b> Nominal<br/> \n                    <b>Day/Night: </b> Night<br/>\n                    <b>Scan: </b> 0.34 km<br/>\n                    <b>Track: </b> 0.56 km<br/>\n                    <b>FRP: </b> 0.72 MW<br/>\n                    <b>Brightness: </b> 296.48 K" }, "geometry": { "type": "Polygon", "coordinates": [ [ [ 71.53512, 59.4737 ], [ 71.54176, 59.4737 ], [ 71.54176, 59.47034 ], [ 71.53512, 59.47034 ], [ 71.53512, 59.4737 ] ] ] } },
{ "type": "Feature", "properties": { "sensor": "SUOMI-NPP", "description": "<b>Latitude: </b> 59.41171<br/> \n                    <b>Longitude: </b> 71.63215<br/> \n                    <b>Detection Time: </b> 2026-09-26 20:44 UTC<br/> \n                    <b>Sensor: </b> Suomi-NPP VIIRS<br/>\n                    <b>Confidence: </b> High<br/> \n                    <b>Day/Night: </b> Night<br/>\n                    <b>Scan: </b> 0.34 km<br/>\n                    <b>Track: </b> 0.56 km<br/>\n                    <b>FRP: </b> 6.31 MW<br/>\n                    <b>Brightness: </b> 367 K" }, "geometry": { "type": "Polygon", "coordinates": [ [ [ 71.62884, 59.41339 ], [ 71.63546, 59.41339 ], [ 71.63546, 59.41003 ], [ 71.62884, 59.41003 ], [ 71.62884, 59.41339 ] ] ] } },
{ "type": "Feature", "properties": { "sensor": "SUOMI-NPP", "description": "<b>Latitude: </b> 59.41185<br/> \n                    <b>Longitude: </b> 71.62593<br/> \n                    <b>Detection Time: </b> 2026-09-26 20:44 UTC<br/> \n                    <b>Sensor: </b> Suomi-NPP VIIRS<br/>\n                    <b>Confidence: </b> Nominal<br/> \n                    <b>Day/Night: </b> Night<br/>\n                    <b>Scan: </b> 0.34 km<br/>\n                    <b>Track: </b> 0.56 km<br/>\n                    <b>FRP: </b> 6.17 MW<br/>\n                    <b>Brightness: </b> 310.67 K" }, "geometry": { "type": "Polygon", "coordinates": [ [ [ 71.62262, 59.41353 ], [ 71.62924, 59.41353 ], [ 71.62924, 59.41017 ], [ 71.62262, 59.41017 ], [ 71.62262, 59.41353 ] ] ] } },
{ "type": "Feature", "properties": { "sensor": "SUOMI-NPP", "description": "<b>Latitude: </b> 59.41254<br/> \n                    <b>Longitude: </b> 71.6326<br/> \n                    <b>Detection Time: </b> 2026-09-26 20:44 UTC<br/> \n                    <b>Sensor: </b> Suomi-NPP VIIRS<br/>\n                    <b>Confidence: </b> High<br/> \n                    <b>Day/Night: </b> Night<br/>\n                    <b>Scan: </b> 0.34 km<br/>\n                    <b>Track: </b> 0.56 km<br/>\n                    <b>FRP: </b> 3.68 MW<br/>\n                    <b>Brightness: </b> 367 K" }, "geometry": { "type": "Polygon", "coordinates": [ [ [ 71.62929, 59.41422 ], [ 71.63591, 59.41422 ], [ 71.63591, 59.41086 ], [ 71.62929, 59.41086 ], [ 71.62929, 59.41422 ] ] ] } },
{ "type": "Feature", "properties": { "sensor": "SUOMI-NPP", "description": "<b>Latitude: </b> 59.41271<br/> \n                    <b>Longitude: </b> 71.62639<br/> \n                    <b>Detection Time: </b> 2026-09-26 20:44 UTC<br/> \n                    <b>Sensor: </b> Suomi-NPP VIIRS<br/>\n                    <b>Confidence: </b> Nominal<br/> \n                    <b>Day/Night: </b> Night<br/>\n                    <b>Scan: </b> 0.34 km<br/>\n                    <b>Track: </b> 0.56 km<br/>\n                    <b>FRP: </b> 3.68 MW<br/>\n                    <b>Brightness: </b> 309.39 K" }, "geometry": { "type": "Polygon", "coordinates": [ [ [ 71.62308, 59.41439 ], [ 71.6297, 59.41439 ], [ 71.6297, 59.41103 ], [ 71.62308, 59.41103 ], [ 71.62308, 59.41439 ] ] ] } },
{ "type": "Feature", "properties": { "sensor": "SUOMI-NPP", "description": "<b>Latitude: </b> 59.2006<br/> \n                    <b>Longitude: </b> 71.36804<br/> \n                    <b>Detection Time: </b> 2026-09-26 20:44 UTC<br/> \n                    <b>Sensor: </b> Suomi-NPP VIIRS<br/>\n                    <b>Confidence: </b> Nominal<br/> \n                    <b>Day/Night: </b> Night<br/>\n                    <b>Scan: </b> 0.35 km<br/>\n                    <b>Track: </b> 0.57 km<br/>\n                    <b>FRP: </b> 2.29 MW<br/>\n                    <b>Brightness: </b> 337.72 K" }, "geometry": { "type": "Polygon", "coordinates": [ [ [ 71.36475, 59.20228 ], [ 71.37133, 59.20228 ], [ 71.37133, 59.19892 ], [ 71.36475, 59.19892 ], [ 71.36475, 59.20228 ] ] ] } },
{ "type": "Feature", "properties": { "sensor": "SUOMI-NPP", "description": "<b>Latitude: </b> 59.05146<br/> \n                    <b>Longitude: </b> 71.86101<br/> \n                    <b>Detection Time: </b> 2026-09-26 20:44 UTC<br/> \n                    <b>Sensor: </b> Suomi-NPP VIIRS<br/>\n                    <b>Confidence: </b> Nominal<br/> \n                    <b>Day/Night: </b> Night<br/>\n                    <b>Scan: </b> 0.33 km<br/>\n                    <b>Track: </b> 0.56 km<br/>\n                    <b>FRP: </b> 0.91 MW<br/>\n                    <b>Brightness: </b> 318.08 K" }, "geometry": { "type": "Polygon", "coordinates": [ [ [ 71.85773, 59.05314 ], [ 71.86429, 59.05314 ], [ 71.86429, 59.04978 ], [ 71.85773, 59.04978 ], [ 71.85773, 59.05314 ] ] ] } },
{ "type": "Feature", "properties": { "sensor": "SUOMI-NPP", "description": "<b>Latitude: </b> 58.50103<br/> \n                    <b>Longitude: </b> 75.7977<br/> \n                    <b>Detection Time: </b> 2026-09-26 20:44 UTC<br/> \n                    <b>Sensor: </b> Suomi-NPP VIIRS<br/>\n                    <b>Confidence: </b> Nominal<br/> \n                    <b>Day/Night: </b> Night<br/>\n                    <b>Scan: </b> 0.48 km<br/>\n                    <b>Track: </b> 0.48 km<br/>\n                    <b>FRP: </b> 0.73 MW<br/>\n                    <b>Brightness: </b> 299.57 K" }, "geometry": { "type": "Polygon", "coordinates": [ [ [ 75.79448, 58.50271 ], [ 75.80092, 58.50271 ], [ 75.80092, 58.49935 ], [ 75.79448, 58.49935 ], [ 75.79448, 58.50271 ] ] ] } },
{ "type": "Feature", "properties": { "sensor": "SUOMI-NPP", "description": "<b>Latitude: </b> 58.49955<br/> \n                    <b>Longitude: </b> 75.79841<br/> \n                    <b>Detection Time: </b> 2026-09-26 20:44 UTC<br/> \n                    <b>Sensor: </b> Suomi-NPP VIIRS<br/>\n                    <b>Confidence: </b> Nominal<br/> \n                    <b>Day/Night: </b> Night<br/>\n                    <b>Scan: </b> 0.48 km<br/>\n                    <b>Track: </b> 0.48 km<br/>\n                    <b>FRP: </b> 1.08 MW<br/>\n                    <b>Brightness: </b> 297.69 K" }, "geometry": { "type": "Polygon", "coordinates": [ [ [ 75.79519, 58.50123 ], [ 75.80163, 58.50123 ], [ 75.80163, 58.49787 ], [ 75.79519, 58.49787 ], [ 75.79519, 58.50123 ] ] ] } },
{ "type": "Feature", "properties": { "sensor": "SUOMI-NPP", "description": "<b>Latitude: </b> 58.26532<br/> \n                    <b>Longitude: </b> 68.45387<br/> \n                    <b>Detection Time: </b> 2026-09-26 20:44 UTC<br/> \n                    <b>Sensor: </b> Suomi-NPP VIIRS<br/>\n                    <b>Confidence: </b> Nominal<br/> \n                    <b>Day/Night: </b> Night<br/>\n                    <b>Scan: </b> 0.44 km<br/>\n                    <b>Track: </b> 0.62 km<br/>\n                    <b>FRP: </b> 1.03 MW<br/>\n                    <b>Brightness: </b> 300.04 K" }, "geometry": { "type": "Polygon", "coordinates": [ [ [ 68.45067, 58.267 ], [ 68.45707, 58.267 ], [ 68.45707, 58.26364 ], [ 68.45067, 58.26364 ], [ 68.45067, 58.267 ] ] ] } },
{ "type": "Feature", "properties": { "sensor": "SUOMI-NPP", "description": "<b>Latitude: </b> 57.42963<br/> \n                    <b>Longitude: </b> 78.69966<br/> \n                    <b>Detection Time: </b> 2026-09-26 20:44 UTC<br/> \n                    <b>Sensor: </b> Suomi-NPP VIIRS<br/>\n                    <b>Confidence: </b> Nominal<br/> \n                    <b>Day/Night: </b> Night<br/>\n                    <b>Scan: </b> 0.56 km<br/>\n                    <b>Track: </b> 0.43 km<br/>\n                    <b>FRP: </b> 2.73 MW<br/>\n                    <b>Brightness: </b> 319.6 K" }, "geometry": { "type": "Polygon", "coordinates": [ [ [ 78.69653, 57.43131 ], [ 78.70279, 57.43131 ], [ 78.70279, 57.42795 ], [ 78.69653, 57.42795 ], [ 78.69653, 57.43131 ] ] ] } },
{ "type": "Feature", "properties": { "sensor": "SUOMI-NPP", "description": "<b>Latitude: </b> 57.42888<br/> \n                    <b>Longitude: </b> 78.69375<br/> \n                    <b>Detection Time: </b> 2026-09-26 20:44 UTC<br/> \n                    <b>Sensor: </b> Suomi-NPP VIIRS<br/>\n                    <b>Confidence: </b> Nominal<br/> \n                    <b>Day/Night: </b> Night<br/>\n                    <b>Scan: </b> 0.56 km<br/>\n                    <b>Track: </b> 0.43 km<br/>\n                    <b>FRP: </b> 10.23 MW<br/>\n                    <b>Brightness: </b> 329.29 K" }, "geometry": { "type": "Polygon", "coordinates": [ [ [ 78.69062, 57.43056 ], [ 78.69688, 57.43056 ], [ 78.69688, 57.4272 ], [ 78.69062, 57.4272 ], [ 78.69062, 57.43056 ] ] ] } },
{ "type": "Feature", "properties": { "sensor": "SUOMI-NPP", "description": "<b>Latitude: </b> 57.42494<br/> \n                    <b>Longitude: </b> 78.69257<br/> \n                    <b>Detection Time: </b> 2026-09-26 20:44 UTC<br/> \n                    <b>Sensor: </b> Suomi-NPP VIIRS<br/>\n                    <b>Confidence: </b> Nominal<br/> \n                    <b>Day/Night: </b> Night<br/>\n                    <b>Scan: </b> 0.56 km<br/>\n                    <b>Track: </b> 0.43 km<br/>\n                    <b>FRP: </b> 1.67 MW<br/>\n                    <b>Brightness: </b> 308.82 K" }, "geometry": { "type": "Polygon", "coordinates": [ [ [ 78.68944, 57.42662 ], [ 78.6957, 57.42662 ], [ 78.6957, 57.42326 ], [ 78.68944, 57.42326 ], [ 78.68944, 57.42662 ] ] ] } },
{ "type": "Feature", "properties": { "sensor": "SUOMI-NPP", "description": "<b>Latitude: </b> 57.26945<br/> \n                    <b>Longitude: </b> 79.39015<br/> \n                    <b>Detection Time: </b> 2026-09-26 20:44 UTC<br/> \n                    <b>Sensor: </b> Suomi-NPP VIIRS<br/>\n                    <b>Confidence: </b> Nominal<br/> \n                    <b>Day/Night: </b> Night<br/>\n                    <b>Scan: </b> 0.53 km<br/>\n                    <b>Track: </b> 0.42 km<br/>\n                    <b>FRP: </b> 1.18 MW<br/>\n                    <b>Brightness: </b> 303.64 K" }, "geometry": { "type": "Polygon", "coordinates": [ [ [ 79.38703, 57.27113 ], [ 79.39327, 57.27113 ], [ 79.39327, 57.26777 ], [ 79.38703, 57.26777 ], [ 79.38703, 57.27113 ] ] ] } },
{ "type": "Feature", "properties": { "sensor": "SUOMI-NPP", "description": "<b>Latitude: </b> 57.26885<br/> \n                    <b>Longitude: </b> 79.39088<br/> \n                    <b>Detection Time: </b> 2026-09-26 20:44 UTC<br/> \n                    <b>Sensor: </b> Suomi-NPP VIIRS<br/>\n                    <b>Confidence: </b> Nominal<br/> \n                    <b>Day/Night: </b> Night<br/>\n                    <b>Scan: </b> 0.53 km<br/>\n                    <b>Track: </b> 0.42 km<br/>\n                    <b>FRP: </b> 0.71 MW<br/>\n                    <b>Brightness: </b> 306.12 K" }, "geometry": { "type": "Polygon", "coordinates": [ [ [ 79.38776, 57.27053 ], [ 79.394, 57.27053 ], [ 79.394, 57.26717 ], [ 79.38776, 57.26717 ], [ 79.38776, 57.27053 ] ] ] } },
{ "type": "Feature", "properties": { "sensor": "SUOMI-NPP", "description": "<b>Latitude: </b> 55.37036<br/> \n                    <b>Longitude: </b> 86.04775<br/> \n                    <b>Detection Time: </b> 2026-09-26 20:44 UTC<br/> \n                    <b>Sensor: </b> Suomi-NPP VIIRS<br/>\n                    <b>Confidence: </b> Nominal<br/> \n                    <b>Day/Night: </b> Night<br/>\n                    <b>Scan: </b> 0.38 km<br/>\n                    <b>Track: </b> 0.36 km<br/>\n                    <b>FRP: </b> 2.43 MW<br/>\n                    <b>Brightness: </b> 321.4 K" }, "geometry": { "type": "Polygon", "coordinates": [ [ [ 86.04479, 55.37204 ], [ 86.05071, 55.37204 ], [ 86.05071, 55.36868 ], [ 86.04479, 55.36868 ], [ 86.04479, 55.37204 ] ] ] } },
{ "type": "Feature", "properties": { "sensor": "SUOMI-NPP", "description": "<b>Latitude: </b> 55.36712<br/> \n                    <b>Longitude: </b> 86.04617<br/> \n                    <b>Detection Time: </b> 2026-09-26 20:44 UTC<br/> \n                    <b>Sensor: </b> Suomi-NPP VIIRS<br/>\n                    <b>Confidence: </b> Nominal<br/> \n                    <b>Day/Night: </b> Night<br/>\n                    <b>Scan: </b> 0.38 km<br/>\n                    <b>Track: </b> 0.36 km<br/>\n                    <b>FRP: </b> 2.43 MW<br/>\n                    <b>Brightness: </b> 331.81 K" }, "geometry": { "type": "Polygon", "coordinates": [ [ [ 86.04321, 55.3688 ], [ 86.04913, 55.3688 ], [ 86.04913, 55.36544 ], [ 86.04321, 55.36544 ], [ 86.04321, 55.3688 ] ] ] } },
{ "type": "Feature", "properties": { "sensor": "SUOMI-NPP", "description": "<b>Latitude: </b> 55.36806<br/> \n                    <b>Longitude: </b> 86.04024<br/> \n                    <b>Detection Time: </b> 2026-09-26 20:44 UTC<br/> \n                    <b>Sensor: </b> Suomi-NPP VIIRS<br/>\n                    <b>Confidence: </b> Nominal<br/> \n                    <b>Day/Night: </b> Night<br/>\n                    <b>Scan: </b> 0.38 km<br/>\n                    <b>Track: </b> 0.36 km<br/>\n                    <b>FRP: </b> 2.43 MW<br/>\n                    <b>Brightness: </b> 308.6 K" }, "geometry": { "type": "Polygon", "coordinates": [ [ [ 86.03728, 55.36974 ], [ 86.0432, 55.36974 ], [ 86.0432, 55.36638 ], [ 86.03728, 55.36638 ], [ 86.03728, 55.36974 ] ] ] } },
{ "type": "Feature", "properties": { "sensor": "SUOMI-NPP", "description": "<b>Latitude: </b> 60.71755<br/> \n                    <b>Longitude: </b> 72.51522<br/> \n                    <b>Detection Time: </b> 2026-09-26 20:44 UTC<br/> \n                    <b>Sensor: </b> Suomi-NPP VIIRS<br/>\n                    <b>Confidence: </b> Nominal<br/> \n                    <b>Day/Night: </b> Night<br/>\n                    <b>Scan: </b> 0.32 km<br/>\n                    <b>Track: </b> 0.55 km<br/>\n                    <b>FRP: </b> 3.3 MW<br/>\n                    <b>Brightness: </b> 344.64 K" }, "geometry": { "type": "Polygon", "coordinates": [ [ [ 72.51178, 60.71923 ], [ 72.51866, 60.71923 ], [ 72.51866, 60.71587 ], [ 72.51178, 60.71587 ], [ 72.51178, 60.71923 ] ] ] } },
{ "type": "Feature", "properties": { "sensor": "SUOMI-NPP", "description": "<b>Latitude: </b> 60.71737<br/> \n                    <b>Longitude: </b> 72.52135<br/> \n                    <b>Detection Time: </b> 2026-09-26 20:44 UTC<br/> \n                    <b>Sensor: </b> Suomi-NPP VIIRS<br/>\n                    <b>Confidence: </b> Nominal<br/> \n                    <b>Day/Night: </b> Night<br/>\n                    <b>Scan: </b> 0.32 km<br/>\n                    <b>Track: </b> 0.55 km<br/>\n                    <b>FRP: </b> 3.3 MW<br/>\n                    <b>Brightness: </b> 330.5 K" }, "geometry": { "type": "Polygon", "coordinates": [ [ [ 72.51791, 60.71905 ], [ 72.52479, 60.71905 ], [ 72.52479, 60.71569 ], [ 72.51791, 60.71569 ], [ 72.51791, 60.71905 ] ] ] } },
{ "type": "Feature", "properties": { "sensor": "SUOMI-NPP", "description": "<b>Latitude: </b> 66.10225<br/> \n                    <b>Longitude: </b> 76.84246<br/> \n                    <b>Detection Time: </b> 2026-09-26 20:42 UTC<br/> \n                    <b>Sensor: </b> Suomi-NPP VIIRS<br/>\n                    <b>Confidence: </b> Nominal<br/> \n                    <b>Day/Night: </b> Night<br/>\n                    <b>Scan: </b> 0.53 km<br/>\n                    <b>Track: </b> 0.5 km<br/>\n                    <b>FRP: </b> 0.74 MW<br/>\n                    <b>Brightness: </b> 298.13 K" }, "geometry": { "type": "Polygon", "coordinates": [ [ [ 76.8383, 66.10393 ], [ 76.84662, 66.10393 ], [ 76.84662, 66.10057 ], [ 76.8383, 66.10057 ], [ 76.8383, 66.10393 ] ] ] } },
{ "type": "Feature", "properties": { "sensor": "SUOMI-NPP", "description": "<b>Latitude: </b> 64.9082<br/> \n                    <b>Longitude: </b> 75.50137<br/> \n                    <b>Detection Time: </b> 2026-09-26 20:42 UTC<br/> \n                    <b>Sensor: </b> Suomi-NPP VIIRS<br/>\n                    <b>Confidence: </b> Nominal<br/> \n                    <b>Day/Night: </b> Night<br/>\n                    <b>Scan: </b> 0.56 km<br/>\n                    <b>Track: </b> 0.51 km<br/>\n                    <b>FRP: </b> 1.07 MW<br/>\n                    <b>Brightness: </b> 305.6 K" }, "geometry": { "type": "Polygon", "coordinates": [ [ [ 75.4974, 64.90988 ], [ 75.50534, 64.90988 ], [ 75.50534, 64.90652 ], [ 75.4974, 64.90652 ], [ 75.4974, 64.90988 ] ] ] } },
{ "type": "Feature", "properties": { "sensor": "SUOMI-NPP", "description": "<b>Latitude: </b> 64.90771<br/> \n                    <b>Longitude: </b> 75.5135<br/> \n                    <b>Detection Time: </b> 2026-09-26 20:42 UTC<br/> \n                    <b>Sensor: </b> Suomi-NPP VIIRS<br/>\n                    <b>Confidence: </b> Nominal<br/> \n                    <b>Day/Night: </b> Night<br/>\n                    <b>Scan: </b> 0.56 km<br/>\n                    <b>Track: </b> 0.51 km<br/>\n                    <b>FRP: </b> 1.07 MW<br/>\n                    <b>Brightness: </b> 296.63 K" }, "geometry": { "type": "Polygon", "coordinates": [ [ [ 75.50953, 64.90939 ], [ 75.51747, 64.90939 ], [ 75.51747, 64.90603 ], [ 75.50953, 64.90603 ], [ 75.50953, 64.90939 ] ] ] } },
{ "type": "Feature", "properties": { "sensor": "SUOMI-NPP", "description": "<b>Latitude: </b> 64.75323<br/> \n                    <b>Longitude: </b> 75.42564<br/> \n                    <b>Detection Time: </b> 2026-09-26 20:42 UTC<br/> \n                    <b>Sensor: </b> Suomi-NPP VIIRS<br/>\n                    <b>Confidence: </b> Nominal<br/> \n                    <b>Day/Night: </b> Night<br/>\n                    <b>Scan: </b> 0.56 km<br/>\n                    <b>Track: </b> 0.52 km<br/>\n                    <b>FRP: </b> 6.71 MW<br/>\n                    <b>Brightness: </b> 337.83 K" }, "geometry": { "type": "Polygon", "coordinates": [ [ [ 75.42169, 64.75491 ], [ 75.42959, 64.75491 ], [ 75.42959, 64.75155 ], [ 75.42169, 64.75155 ], [ 75.42169, 64.75491 ] ] ] } },
{ "type": "Feature", "properties": { "sensor": "SUOMI-NPP", "description": "<b>Latitude: </b> 64.70899<br/> \n                    <b>Longitude: </b> 75.103<br/> \n                    <b>Detection Time: </b> 2026-09-26 20:42 UTC<br/> \n                    <b>Sensor: </b> Suomi-NPP VIIRS<br/>\n                    <b>Confidence: </b> Nominal<br/> \n                    <b>Day/Night: </b> Night<br/>\n                    <b>Scan: </b> 0.57 km<br/>\n                    <b>Track: </b> 0.52 km<br/>\n                    <b>FRP: </b> 1.81 MW<br/>\n                    <b>Brightness: </b> 301.4 K" }, "geometry": { "type": "Polygon", "coordinates": [ [ [ 75.09906, 64.71067 ], [ 75.10694, 64.71067 ], [ 75.10694, 64.70731 ], [ 75.09906, 64.70731 ], [ 75.09906, 64.71067 ] ] ] } },
{ "type": "Feature", "properties": { "sensor": "SUOMI-NPP", "description": "<b>Latitude: </b> 64.70853<br/> \n                    <b>Longitude: </b> 75.11545<br/> \n                    <b>Detection Time: </b> 2026-09-26 20:42 UTC<br/> \n                    <b>Sensor: </b> Suomi-NPP VIIRS<br/>\n                    <b>Confidence: </b> Nominal<br/> \n                    <b>Day/Night: </b> Night<br/>\n                    <b>Scan: </b> 0.57 km<br/>\n                    <b>Track: </b> 0.52 km<br/>\n                    <b>FRP: </b> 1.81 MW<br/>\n                    <b>Brightness: </b> 306.77 K" }, "geometry": { "type": "Polygon", "coordinates": [ [ [ 75.11151, 64.71021 ], [ 75.11939, 64.71021 ], [ 75.11939, 64.70685 ], [ 75.11151, 64.70685 ], [ 75.11151, 64.71021 ] ] ] } },
{ "type": "Feature", "properties": { "sensor": "SUOMI-NPP", "description": "<b>Latitude: </b> 64.49098<br/> \n                    <b>Longitude: </b> 75.90363<br/> \n                    <b>Detection Time: </b> 2026-09-26 20:42 UTC<br/> \n                    <b>Sensor: </b> Suomi-NPP VIIRS<br/>\n                    <b>Confidence: </b> Nominal<br/> \n                    <b>Day/Night: </b> Night<br/>\n                    <b>Scan: </b> 0.54 km<br/>\n                    <b>Track: </b> 0.51 km<br/>\n                    <b>FRP: </b> 0.87 MW<br/>\n                    <b>Brightness: </b> 297.59 K" }, "geometry": { "type": "Polygon", "coordinates": [ [ [ 75.89972, 64.49266 ], [ 75.90754, 64.49266 ], [ 75.90754, 64.4893 ], [ 75.89972, 64.4893 ], [ 75.89972, 64.49266 ] ] ] } },
{ "type": "Feature", "properties": { "sensor": "SUOMI-NPP", "description": "<b>Latitude: </b> 64.49047<br/> \n                    <b>Longitude: </b> 75.90639<br/> \n                    <b>Detection Time: </b> 2026-09-26 20:42 UTC<br/> \n                    <b>Sensor: </b> Suomi-NPP VIIRS<br/>\n                    <b>Confidence: </b> Nominal<br/> \n                    <b>Day/Night: </b> Night<br/>\n                    <b>Scan: </b> 0.54 km<br/>\n                    <b>Track: </b> 0.51 km<br/>\n                    <b>FRP: </b> 1.33 MW<br/>\n                    <b>Brightness: </b> 306.04 K" }, "geometry": { "type": "Polygon", "coordinates": [ [ [ 75.90248, 64.49215 ], [ 75.9103, 64.49215 ], [ 75.9103, 64.48879 ], [ 75.90248, 64.48879 ], [ 75.90248, 64.49215 ] ] ] } },
{ "type": "Feature", "properties": { "sensor": "SUOMI-NPP", "description": "<b>Latitude: </b> 64.48573<br/> \n                    <b>Longitude: </b> 75.90529<br/> \n                    <b>Detection Time: </b> 2026-09-26 20:42 UTC<br/> \n                    <b>Sensor: </b> Suomi-NPP VIIRS<br/>\n                    <b>Confidence: </b> Nominal<br/> \n                    <b>Day/Night: </b> Night<br/>\n                    <b>Scan: </b> 0.54 km<br/>\n                    <b>Track: </b> 0.51 km<br/>\n                    <b>FRP: </b> 2.06 MW<br/>\n                    <b>Brightness: </b> 312.67 K" }, "geometry": { "type": "Polygon", "coordinates": [ [ [ 75.90138, 64.48741 ], [ 75.9092, 64.48741 ], [ 75.9092, 64.48405 ], [ 75.90138, 64.48405 ], [ 75.90138, 64.48741 ] ] ] } },
{ "type": "Feature", "properties": { "sensor": "SUOMI-NPP", "description": "<b>Latitude: </b> 64.41154<br/> \n                    <b>Longitude: </b> 75.36813<br/> \n                    <b>Detection Time: </b> 2026-09-26 20:42 UTC<br/> \n                    <b>Sensor: </b> Suomi-NPP VIIRS<br/>\n                    <b>Confidence: </b> Nominal<br/> \n                    <b>Day/Night: </b> Night<br/>\n                    <b>Scan: </b> 0.56 km<br/>\n                    <b>Track: </b> 0.51 km<br/>\n                    <b>FRP: </b> 1.25 MW<br/>\n                    <b>Brightness: </b> 299.55 K" }, "geometry": { "type": "Polygon", "coordinates": [ [ [ 75.36423, 64.41322 ], [ 75.37203, 64.41322 ], [ 75.37203, 64.40986 ], [ 75.36423, 64.40986 ], [ 75.36423, 64.41322 ] ] ] } },
{ "type": "Feature", "properties": { "sensor": "SUOMI-NPP", "description": "<b>Latitude: </b> 64.40826<br/> \n                    <b>Longitude: </b> 75.37478<br/> \n                    <b>Detection Time: </b> 2026-09-26 20:42 UTC<br/> \n                    <b>Sensor: </b> Suomi-NPP VIIRS<br/>\n                    <b>Confidence: </b> Nominal<br/> \n                    <b>Day/Night: </b> Night<br/>\n                    <b>Scan: </b> 0.56 km<br/>\n                    <b>Track: </b> 0.51 km<br/>\n                    <b>FRP: </b> 1.33 MW<br/>\n                    <b>Brightness: </b> 306.56 K" }, "geometry": { "type": "Polygon", "coordinates": [ [ [ 75.37088, 64.40994 ], [ 75.37868, 64.40994 ], [ 75.37868, 64.40658 ], [ 75.37088, 64.40658 ], [ 75.37088, 64.40994 ] ] ] } },
{ "type": "Feature", "properties": { "sensor": "SUOMI-NPP", "description": "<b>Latitude: </b> 63.24432<br/> \n                    <b>Longitude: </b> 72.83408<br/> \n                    <b>Detection Time: </b> 2026-09-26 20:42 UTC<br/> \n                    <b>Sensor: </b> Suomi-NPP VIIRS<br/>\n                    <b>Confidence: </b> Nominal<br/> \n                    <b>Day/Night: </b> Night<br/>\n                    <b>Scan: </b> 0.33 km<br/>\n                    <b>Track: </b> 0.55 km<br/>\n                    <b>FRP: </b> 1.01 MW<br/>\n                    <b>Brightness: </b> 315.42 K" }, "geometry": { "type": "Polygon", "coordinates": [ [ [ 72.83034, 63.246 ], [ 72.83782, 63.246 ], [ 72.83782, 63.24264 ], [ 72.83034, 63.24264 ], [ 72.83034, 63.246 ] ] ] } },
{ "type": "Feature", "properties": { "sensor": "SUOMI-NPP", "description": "<b>Latitude: </b> 63.24382<br/> \n                    <b>Longitude: </b> 72.83311<br/> \n                    <b>Detection Time: </b> 2026-09-26 20:42 UTC<br/> \n                    <b>Sensor: </b> Suomi-NPP VIIRS<br/>\n                    <b>Confidence: </b> Nominal<br/> \n                    <b>Day/Night: </b> Night<br/>\n                    <b>Scan: </b> 0.33 km<br/>\n                    <b>Track: </b> 0.55 km<br/>\n                    <b>FRP: </b> 0.89 MW<br/>\n                    <b>Brightness: </b> 314.02 K" }, "geometry": { "type": "Polygon", "coordinates": [ [ [ 72.82937, 63.2455 ], [ 72.83685, 63.2455 ], [ 72.83685, 63.24214 ], [ 72.82937, 63.24214 ], [ 72.82937, 63.2455 ] ] ] } },
{ "type": "Feature", "properties": { "sensor": "SUOMI-NPP", "description": "<b>Latitude: </b> 62.38667<br/> \n                    <b>Longitude: </b> 80.17074<br/> \n                    <b>Detection Time: </b> 2026-09-26 20:42 UTC<br/> \n                    <b>Sensor: </b> Suomi-NPP VIIRS<br/>\n                    <b>Confidence: </b> Nominal<br/> \n                    <b>Day/Night: </b> Night<br/>\n                    <b>Scan: </b> 0.39 km<br/>\n                    <b>Track: </b> 0.44 km<br/>\n                    <b>FRP: </b> 1.12 MW<br/>\n                    <b>Brightness: </b> 297.65 K" }, "geometry": { "type": "Polygon", "coordinates": [ [ [ 80.16711, 62.38835 ], [ 80.17437, 62.38835 ], [ 80.17437, 62.38499 ], [ 80.16711, 62.38499 ], [ 80.16711, 62.38835 ] ] ] } },
{ "type": "Feature", "properties": { "sensor": "SUOMI-NPP", "description": "<b>Latitude: </b> 62.38266<br/> \n                    <b>Longitude: </b> 80.16921<br/> \n                    <b>Detection Time: </b> 2026-09-26 20:42 UTC<br/> \n                    <b>Sensor: </b> Suomi-NPP VIIRS<br/>\n                    <b>Confidence: </b> Nominal<br/> \n                    <b>Day/Night: </b> Night<br/>\n                    <b>Scan: </b> 0.39 km<br/>\n                    <b>Track: </b> 0.44 km<br/>\n                    <b>FRP: </b> 1.12 MW<br/>\n                    <b>Brightness: </b> 298.94 K" }, "geometry": { "type": "Polygon", "coordinates": [ [ [ 80.16558, 62.38434 ], [ 80.17284, 62.38434 ], [ 80.17284, 62.38098 ], [ 80.16558, 62.38098 ], [ 80.16558, 62.38434 ] ] ] } },
{ "type": "Feature", "properties": { "sensor": "SUOMI-NPP", "description": "<b>Latitude: </b> 62.33373<br/> \n                    <b>Longitude: </b> 78.1628<br/> \n                    <b>Detection Time: </b> 2026-09-26 20:42 UTC<br/> \n                    <b>Sensor: </b> Suomi-NPP VIIRS<br/>\n                    <b>Confidence: </b> Nominal<br/> \n                    <b>Day/Night: </b> Night<br/>\n                    <b>Scan: </b> 0.44 km<br/>\n                    <b>Track: </b> 0.46 km<br/>\n                    <b>FRP: </b> 2.27 MW<br/>\n                    <b>Brightness: </b> 320.18 K" }, "geometry": { "type": "Polygon", "coordinates": [ [ [ 78.15917, 62.33541 ], [ 78.16643, 62.33541 ], [ 78.16643, 62.33205 ], [ 78.15917, 62.33205 ], [ 78.15917, 62.33541 ] ] ] } },
{ "type": "Feature", "properties": { "sensor": "SUOMI-NPP", "description": "<b>Latitude: </b> 62.36569<br/> \n                    <b>Longitude: </b> 77.44963<br/> \n                    <b>Detection Time: </b> 2026-09-26 20:42 UTC<br/> \n                    <b>Sensor: </b> Suomi-NPP VIIRS<br/>\n                    <b>Confidence: </b> Nominal<br/> \n                    <b>Day/Night: </b> Night<br/>\n                    <b>Scan: </b> 0.46 km<br/>\n                    <b>Track: </b> 0.47 km<br/>\n                    <b>FRP: </b> 1.74 MW<br/>\n                    <b>Brightness: </b> 310.05 K" }, "geometry": { "type": "Polygon", "coordinates": [ [ [ 77.446, 62.36737 ], [ 77.45326, 62.36737 ], [ 77.45326, 62.36401 ], [ 77.446, 62.36401 ], [ 77.446, 62.36737 ] ] ] } },
{ "type": "Feature", "properties": { "sensor": "SUOMI-NPP", "description": "<b>Latitude: </b> 62.38961<br/> \n                    <b>Longitude: </b> 76.63542<br/> \n                    <b>Detection Time: </b> 2026-09-26 20:42 UTC<br/> \n                    <b>Sensor: </b> Suomi-NPP VIIRS<br/>\n                    <b>Confidence: </b> Nominal<br/> \n                    <b>Day/Night: </b> Night<br/>\n                    <b>Scan: </b> 0.49 km<br/>\n                    <b>Track: </b> 0.49 km<br/>\n                    <b>FRP: </b> 2.37 MW<br/>\n                    <b>Brightness: </b> 324.15 K" }, "geometry": { "type": "Polygon", "coordinates": [ [ [ 76.63179, 62.39129 ], [ 76.63905, 62.39129 ], [ 76.63905, 62.38793 ], [ 76.63179, 62.38793 ], [ 76.63179, 62.39129 ] ] ] } },
{ "type": "Feature", "properties": { "sensor": "SUOMI-NPP", "description": "<b>Latitude: </b> 62.33337<br/> \n                    <b>Longitude: </b> 76.73208<br/> \n                    <b>Detection Time: </b> 2026-09-26 20:42 UTC<br/> \n                    <b>Sensor: </b> Suomi-NPP VIIRS<br/>\n                    <b>Confidence: </b> Nominal<br/> \n                    <b>Day/Night: </b> Night<br/>\n                    <b>Scan: </b> 0.49 km<br/>\n                    <b>Track: </b> 0.48 km<br/>\n                    <b>FRP: </b> 0.78 MW<br/>\n                    <b>Brightness: </b> 298.47 K" }, "geometry": { "type": "Polygon", "coordinates": [ [ [ 76.72845, 62.33505 ], [ 76.73571, 62.33505 ], [ 76.73571, 62.33169 ], [ 76.72845, 62.33169 ], [ 76.72845, 62.33505 ] ] ] } },
{ "type": "Feature", "properties": { "sensor": "SUOMI-NPP", "description": "<b>Latitude: </b> 62.13966<br/> \n                    <b>Longitude: </b> 79.4496<br/> \n                    <b>Detection Time: </b> 2026-09-26 20:42 UTC<br/> \n                    <b>Sensor: </b> Suomi-NPP VIIRS<br/>\n                    <b>Confidence: </b> Nominal<br/> \n                    <b>Day/Night: </b> Night<br/>\n                    <b>Scan: </b> 0.4 km<br/>\n                    <b>Track: </b> 0.44 km<br/>\n                    <b>FRP: </b> 0.84 MW<br/>\n                    <b>Brightness: </b> 311.22 K" }, "geometry": { "type": "Polygon", "coordinates": [ [ [ 79.446, 62.14134 ], [ 79.4532, 62.14134 ], [ 79.4532, 62.13798 ], [ 79.446, 62.13798 ], [ 79.446, 62.14134 ] ] ] } },
{ "type": "Feature", "properties": { "sensor": "SUOMI-NPP", "description": "<b>Latitude: </b> 62.40171<br/> \n                    <b>Longitude: </b> 68.51911<br/> \n                    <b>Detection Time: </b> 2026-09-26 20:42 UTC<br/> \n                    <b>Sensor: </b> Suomi-NPP VIIRS<br/>\n                    <b>Confidence: </b> Nominal<br/> \n                    <b>Day/Night: </b> Night<br/>\n                    <b>Scan: </b> 0.45 km<br/>\n                    <b>Track: </b> 0.63 km<br/>\n                    <b>FRP: </b> 1.47 MW<br/>\n                    <b>Brightness: </b> 320.21 K" }, "geometry": { "type": "Polygon", "coordinates": [ [ [ 68.51547, 62.40339 ], [ 68.52275, 62.40339 ], [ 68.52275, 62.40003 ], [ 68.51547, 62.40003 ], [ 68.51547, 62.40339 ] ] ] } },
{ "type": "Feature", "properties": { "sensor": "SUOMI-NPP", "description": "<b>Latitude: </b> 61.98258<br/> \n                    <b>Longitude: </b> 68.57025<br/> \n                    <b>Detection Time: </b> 2026-09-26 20:42 UTC<br/> \n                    <b>Sensor: </b> Suomi-NPP VIIRS<br/>\n                    <b>Confidence: </b> Nominal<br/> \n                    <b>Day/Night: </b> Night<br/>\n                    <b>Scan: </b> 0.44 km<br/>\n                    <b>Track: </b> 0.63 km<br/>\n                    <b>FRP: </b> 3.09 MW<br/>\n                    <b>Brightness: </b> 323.3 K" }, "geometry": { "type": "Polygon", "coordinates": [ [ [ 68.56666, 61.98426 ], [ 68.57384, 61.98426 ], [ 68.57384, 61.9809 ], [ 68.56666, 61.9809 ], [ 68.56666, 61.98426 ] ] ] } },
{ "type": "Feature", "properties": { "sensor": "SUOMI-NPP", "description": "<b>Latitude: </b> 61.95269<br/> \n                    <b>Longitude: </b> 68.46352<br/> \n                    <b>Detection Time: </b> 2026-09-26 20:42 UTC<br/> \n                    <b>Sensor: </b> Suomi-NPP VIIRS<br/>\n                    <b>Confidence: </b> Nominal<br/> \n                    <b>Day/Night: </b> Night<br/>\n                    <b>Scan: </b> 0.45 km<br/>\n                    <b>Track: </b> 0.63 km<br/>\n                    <b>FRP: </b> 0.79 MW<br/>\n                    <b>Brightness: </b> 295.92 K" }, "geometry": { "type": "Polygon", "coordinates": [ [ [ 68.45994, 61.95437 ], [ 68.4671, 61.95437 ], [ 68.4671, 61.95101 ], [ 68.45994, 61.95101 ], [ 68.45994, 61.95437 ] ] ] } },
{ "type": "Feature", "properties": { "sensor": "SUOMI-NPP", "description": "<b>Latitude: </b> 61.95273<br/> \n                    <b>Longitude: </b> 68.47242<br/> \n                    <b>Detection Time: </b> 2026-09-26 20:42 UTC<br/> \n                    <b>Sensor: </b> Suomi-NPP VIIRS<br/>\n                    <b>Confidence: </b> Nominal<br/> \n                    <b>Day/Night: </b> Night<br/>\n                    <b>Scan: </b> 0.45 km<br/>\n                    <b>Track: </b> 0.63 km<br/>\n                    <b>FRP: </b> 0.79 MW<br/>\n                    <b>Brightness: </b> 302.75 K" }, "geometry": { "type": "Polygon", "coordinates": [ [ [ 68.46884, 61.95441 ], [ 68.476, 61.95441 ], [ 68.476, 61.95105 ], [ 68.46884, 61.95105 ], [ 68.46884, 61.95441 ] ] ] } },
{ "type": "Feature", "properties": { "sensor": "SUOMI-NPP", "description": "<b>Latitude: </b> 61.9468<br/> \n                    <b>Longitude: </b> 68.46355<br/> \n                    <b>Detection Time: </b> 2026-09-26 20:42 UTC<br/> \n                    <b>Sensor: </b> Suomi-NPP VIIRS<br/>\n                    <b>Confidence: </b> Nominal<br/> \n                    <b>Day/Night: </b> Night<br/>\n                    <b>Scan: </b> 0.45 km<br/>\n                    <b>Track: </b> 0.63 km<br/>\n                    <b>FRP: </b> 3.54 MW<br/>\n                    <b>Brightness: </b> 334.16 K" }, "geometry": { "type": "Polygon", "coordinates": [ [ [ 68.45997, 61.94848 ], [ 68.46713, 61.94848 ], [ 68.46713, 61.94512 ], [ 68.45997, 61.94512 ], [ 68.45997, 61.94848 ] ] ] } },
{ "type": "Feature", "properties": { "sensor": "SUOMI-NPP", "description": "<b>Latitude: </b> 61.94683<br/> \n                    <b>Longitude: </b> 68.47237<br/> \n                    <b>Detection Time: </b> 2026-09-26 20:42 UTC<br/> \n                    <b>Sensor: </b> Suomi-NPP VIIRS<br/>\n                    <b>Confidence: </b> Nominal<br/> \n                    <b>Day/Night: </b> Night<br/>\n                    <b>Scan: </b> 0.45 km<br/>\n                    <b>Track: </b> 0.63 km<br/>\n                    <b>FRP: </b> 3.54 MW<br/>\n                    <b>Brightness: </b> 323.52 K" }, "geometry": { "type": "Polygon", "coordinates": [ [ [ 68.46879, 61.94851 ], [ 68.47595, 61.94851 ], [ 68.47595, 61.94515 ], [ 68.46879, 61.94515 ], [ 68.46879, 61.94851 ] ] ] } },
{ "type": "Feature", "properties": { "sensor": "SUOMI-NPP", "description": "<b>Latitude: </b> 61.94933<br/> \n                    <b>Longitude: </b> 68.46244<br/> \n                    <b>Detection Time: </b> 2026-09-26 20:42 UTC<br/> \n                    <b>Sensor: </b> Suomi-NPP VIIRS<br/>\n                    <b>Confidence: </b> Nominal<br/> \n                    <b>Day/Night: </b> Night<br/>\n                    <b>Scan: </b> 0.45 km<br/>\n                    <b>Track: </b> 0.63 km<br/>\n                    <b>FRP: </b> 6.03 MW<br/>\n                    <b>Brightness: </b> 322.39 K" }, "geometry": { "type": "Polygon", "coordinates": [ [ [ 68.45886, 61.95101 ], [ 68.46602, 61.95101 ], [ 68.46602, 61.94765 ], [ 68.45886, 61.94765 ], [ 68.45886, 61.95101 ] ] ] } },
{ "type": "Feature", "properties": { "sensor": "SUOMI-NPP", "description": "<b>Latitude: </b> 61.94934<br/> \n                    <b>Longitude: </b> 68.4713<br/> \n                    <b>Detection Time: </b> 2026-09-26 20:42 UTC<br/> \n                    <b>Sensor: </b> Suomi-NPP VIIRS<br/>\n                    <b>Confidence: </b> Nominal<br/> \n                    <b>Day/Night: </b> Night<br/>\n                    <b>Scan: </b> 0.45 km<br/>\n                    <b>Track: </b> 0.63 km<br/>\n                    <b>FRP: </b> 5.38 MW<br/>\n                    <b>Brightness: </b> 345.67 K" }, "geometry": { "type": "Polygon", "coordinates": [ [ [ 68.46772, 61.95102 ], [ 68.47488, 61.95102 ], [ 68.47488, 61.94766 ], [ 68.46772, 61.94766 ], [ 68.46772, 61.95102 ] ] ] } },
{ "type": "Feature", "properties": { "sensor": "SUOMI-NPP", "description": "<b>Latitude: </b> 61.75551<br/> \n                    <b>Longitude: </b> 66.9559<br/> \n                    <b>Detection Time: </b> 2026-09-26 20:42 UTC<br/> \n                    <b>Sensor: </b> Suomi-NPP VIIRS<br/>\n                    <b>Confidence: </b> Nominal<br/> \n                    <b>Day/Night: </b> Night<br/>\n                    <b>Scan: </b> 0.5 km<br/>\n                    <b>Track: </b> 0.66 km<br/>\n                    <b>FRP: </b> 1.5 MW<br/>\n                    <b>Brightness: </b> 321.06 K" }, "geometry": { "type": "Polygon", "coordinates": [ [ [ 66.95234, 61.75719 ], [ 66.95946, 61.75719 ], [ 66.95946, 61.75383 ], [ 66.95234, 61.75383 ], [ 66.95234, 61.75719 ] ] ] } },
{ "type": "Feature", "properties": { "sensor": "SUOMI-NPP", "description": "<b>Latitude: </b> 61.74934<br/> \n                    <b>Longitude: </b> 66.95621<br/> \n                    <b>Detection Time: </b> 2026-09-26 20:42 UTC<br/> \n                    <b>Sensor: </b> Suomi-NPP VIIRS<br/>\n                    <b>Confidence: </b> Nominal<br/> \n                    <b>Day/Night: </b> Night<br/>\n                    <b>Scan: </b> 0.5 km<br/>\n                    <b>Track: </b> 0.66 km<br/>\n                    <b>FRP: </b> 2.13 MW<br/>\n                    <b>Brightness: </b> 327.91 K" }, "geometry": { "type": "Polygon", "coordinates": [ [ [ 66.95265, 61.75102 ], [ 66.95977, 61.75102 ], [ 66.95977, 61.74766 ], [ 66.95265, 61.74766 ], [ 66.95265, 61.75102 ] ] ] } },
{ "type": "Feature", "properties": { "sensor": "SUOMI-NPP", "description": "<b>Latitude: </b> 61.73026<br/> \n                    <b>Longitude: </b> 68.23396<br/> \n                    <b>Detection Time: </b> 2026-09-26 20:42 UTC<br/> \n                    <b>Sensor: </b> Suomi-NPP VIIRS<br/>\n                    <b>Confidence: </b> Nominal<br/> \n                    <b>Day/Night: </b> Night<br/>\n                    <b>Scan: </b> 0.45 km<br/>\n                    <b>Track: </b> 0.63 km<br/>\n                    <b>FRP: </b> 0.71 MW<br/>\n                    <b>Brightness: </b> 299.79 K" }, "geometry": { "type": "Polygon", "coordinates": [ [ [ 68.2304, 61.73194 ], [ 68.23752, 61.73194 ], [ 68.23752, 61.72858 ], [ 68.2304, 61.72858 ], [ 68.2304, 61.73194 ] ] ] } },
{ "type": "Feature", "properties": { "sensor": "SUOMI-NPP", "description": "<b>Latitude: </b> 61.60721<br/> \n                    <b>Longitude: </b> 67.81079<br/> \n                    <b>Detection Time: </b> 2026-09-26 20:42 UTC<br/> \n                    <b>Sensor: </b> Suomi-NPP VIIRS<br/>\n                    <b>Confidence: </b> Nominal<br/> \n                    <b>Day/Night: </b> Night<br/>\n                    <b>Scan: </b> 0.47 km<br/>\n                    <b>Track: </b> 0.64 km<br/>\n                    <b>FRP: </b> 2.94 MW<br/>\n                    <b>Brightness: </b> 331.96 K" }, "geometry": { "type": "Polygon", "coordinates": [ [ [ 67.80725, 61.60889 ], [ 67.81433, 61.60889 ], [ 67.81433, 61.60553 ], [ 67.80725, 61.60553 ], [ 67.80725, 61.60889 ] ] ] } },
{ "type": "Feature", "properties": { "sensor": "SUOMI-NPP", "description": "<b>Latitude: </b> 61.27914<br/> \n                    <b>Longitude: </b> 72.97147<br/> \n                    <b>Detection Time: </b> 2026-09-26 20:42 UTC<br/> \n                    <b>Sensor: </b> Suomi-NPP VIIRS<br/>\n                    <b>Confidence: </b> Nominal<br/> \n                    <b>Day/Night: </b> Night<br/>\n                    <b>Scan: </b> 0.63 km<br/>\n                    <b>Track: </b> 0.54 km<br/>\n                    <b>FRP: </b> 2.38 MW<br/>\n                    <b>Brightness: </b> 302.13 K" }, "geometry": { "type": "Polygon", "coordinates": [ [ [ 72.96796, 61.28082 ], [ 72.97498, 61.28082 ], [ 72.97498, 61.27746 ], [ 72.96796, 61.27746 ], [ 72.96796, 61.28082 ] ] ] } },
{ "type": "Feature", "properties": { "sensor": "SUOMI-NPP", "description": "<b>Latitude: </b> 61.16934<br/> \n                    <b>Longitude: </b> 72.61446<br/> \n                    <b>Detection Time: </b> 2026-09-26 20:42 UTC<br/> \n                    <b>Sensor: </b> Suomi-NPP VIIRS<br/>\n                    <b>Confidence: </b> Nominal<br/> \n                    <b>Day/Night: </b> Night<br/>\n                    <b>Scan: </b> 0.32 km<br/>\n                    <b>Track: </b> 0.55 km<br/>\n                    <b>FRP: </b> 0.32 MW<br/>\n                    <b>Brightness: </b> 297.87 K" }, "geometry": { "type": "Polygon", "coordinates": [ [ [ 72.61097, 61.17102 ], [ 72.61795, 61.17102 ], [ 72.61795, 61.16766 ], [ 72.61097, 61.16766 ], [ 72.61097, 61.17102 ] ] ] } },
{ "type": "Feature", "properties": { "sensor": "SUOMI-NPP", "description": "<b>Latitude: </b> 61.16109<br/> \n                    <b>Longitude: </b> 72.99251<br/> \n                    <b>Detection Time: </b> 2026-09-26 20:42 UTC<br/> \n                    <b>Sensor: </b> Suomi-NPP VIIRS<br/>\n                    <b>Confidence: </b> Nominal<br/> \n                    <b>Day/Night: </b> Night<br/>\n                    <b>Scan: </b> 0.63 km<br/>\n                    <b>Track: </b> 0.54 km<br/>\n                    <b>FRP: </b> 0.34 MW<br/>\n                    <b>Brightness: </b> 295.73 K" }, "geometry": { "type": "Polygon", "coordinates": [ [ [ 72.98902, 61.16277 ], [ 72.996, 61.16277 ], [ 72.996, 61.15941 ], [ 72.98902, 61.15941 ], [ 72.98902, 61.16277 ] ] ] } },
{ "type": "Feature", "properties": { "sensor": "SUOMI-NPP", "description": "<b>Latitude: </b> 61.16811<br/> \n                    <b>Longitude: </b> 72.61592<br/> \n                    <b>Detection Time: </b> 2026-09-26 20:42 UTC<br/> \n                    <b>Sensor: </b> Suomi-NPP VIIRS<br/>\n                    <b>Confidence: </b> Nominal<br/> \n                    <b>Day/Night: </b> Night<br/>\n                    <b>Scan: </b> 0.32 km<br/>\n                    <b>Track: </b> 0.55 km<br/>\n                    <b>FRP: </b> 0.37 MW<br/>\n                    <b>Brightness: </b> 296.31 K" }, "geometry": { "type": "Polygon", "coordinates": [ [ [ 72.61243, 61.16979 ], [ 72.61941, 61.16979 ], [ 72.61941, 61.16643 ], [ 72.61243, 61.16643 ], [ 72.61243, 61.16979 ] ] ] } },
{ "type": "Feature", "properties": { "sensor": "SUOMI-NPP", "description": "<b>Latitude: </b> 61.01722<br/> \n                    <b>Longitude: </b> 72.61491<br/> \n                    <b>Detection Time: </b> 2026-09-26 20:42 UTC<br/> \n                    <b>Sensor: </b> Suomi-NPP VIIRS<br/>\n                    <b>Confidence: </b> Nominal<br/> \n                    <b>Day/Night: </b> Night<br/>\n                    <b>Scan: </b> 0.32 km<br/>\n                    <b>Track: </b> 0.55 km<br/>\n                    <b>FRP: </b> 1.26 MW<br/>\n                    <b>Brightness: </b> 308.87 K" }, "geometry": { "type": "Polygon", "coordinates": [ [ [ 72.61143, 61.0189 ], [ 72.61839, 61.0189 ], [ 72.61839, 61.01554 ], [ 72.61143, 61.01554 ], [ 72.61143, 61.0189 ] ] ] } },
{ "type": "Feature", "properties": { "sensor": "SUOMI-NPP", "description": "<b>Latitude: </b> 61.01704<br/> \n                    <b>Longitude: </b> 72.62104<br/> \n                    <b>Detection Time: </b> 2026-09-26 20:42 UTC<br/> \n                    <b>Sensor: </b> Suomi-NPP VIIRS<br/>\n                    <b>Confidence: </b> Nominal<br/> \n                    <b>Day/Night: </b> Night<br/>\n                    <b>Scan: </b> 0.32 km<br/>\n                    <b>Track: </b> 0.55 km<br/>\n                    <b>FRP: </b> 1 MW<br/>\n                    <b>Brightness: </b> 302.45 K" }, "geometry": { "type": "Polygon", "coordinates": [ [ [ 72.61756, 61.01872 ], [ 72.62452, 61.01872 ], [ 72.62452, 61.01536 ], [ 72.61756, 61.01536 ], [ 72.61756, 61.01872 ] ] ] } },
{ "type": "Feature", "properties": { "sensor": "SUOMI-NPP", "description": "<b>Latitude: </b> 60.95032<br/> \n                    <b>Longitude: </b> 72.39945<br/> \n                    <b>Detection Time: </b> 2026-09-26 20:42 UTC<br/> \n                    <b>Sensor: </b> Suomi-NPP VIIRS<br/>\n                    <b>Confidence: </b> Nominal<br/> \n                    <b>Day/Night: </b> Night<br/>\n                    <b>Scan: </b> 0.33 km<br/>\n                    <b>Track: </b> 0.55 km<br/>\n                    <b>FRP: </b> 1.25 MW<br/>\n                    <b>Brightness: </b> 321.93 K" }, "geometry": { "type": "Polygon", "coordinates": [ [ [ 72.39598, 60.952 ], [ 72.40292, 60.952 ], [ 72.40292, 60.94864 ], [ 72.39598, 60.94864 ], [ 72.39598, 60.952 ] ] ] } },
{ "type": "Feature", "properties": { "sensor": "SUOMI-NPP", "description": "<b>Latitude: </b> 60.8921<br/> \n                    <b>Longitude: </b> 72.79849<br/> \n                    <b>Detection Time: </b> 2026-09-26 20:42 UTC<br/> \n                    <b>Sensor: </b> Suomi-NPP VIIRS<br/>\n                    <b>Confidence: </b> Nominal<br/> \n                    <b>Day/Night: </b> Night<br/>\n                    <b>Scan: </b> 0.32 km<br/>\n                    <b>Track: </b> 0.54 km<br/>\n                    <b>FRP: </b> 0.64 MW<br/>\n                    <b>Brightness: </b> 305.34 K" }, "geometry": { "type": "Polygon", "coordinates": [ [ [ 72.79503, 60.89378 ], [ 72.80195, 60.89378 ], [ 72.80195, 60.89042 ], [ 72.79503, 60.89042 ], [ 72.79503, 60.89378 ] ] ] } },
{ "type": "Feature", "properties": { "sensor": "SUOMI-NPP", "description": "<b>Latitude: </b> 60.61287<br/> \n                    <b>Longitude: </b> 78.17651<br/> \n                    <b>Detection Time: </b> 2026-09-26 20:42 UTC<br/> \n                    <b>Sensor: </b> Suomi-NPP VIIRS<br/>\n                    <b>Confidence: </b> Nominal<br/> \n                    <b>Day/Night: </b> Night<br/>\n                    <b>Scan: </b> 0.42 km<br/>\n                    <b>Track: </b> 0.45 km<br/>\n                    <b>FRP: </b> 0.32 MW<br/>\n                    <b>Brightness: </b> 296.42 K" }, "geometry": { "type": "Polygon", "coordinates": [ [ [ 78.17308, 60.61455 ], [ 78.17994, 60.61455 ], [ 78.17994, 60.61119 ], [ 78.17308, 60.61119 ], [ 78.17308, 60.61455 ] ] ] } },
{ "type": "Feature", "properties": { "sensor": "SUOMI-NPP", "description": "<b>Latitude: </b> 60.8632<br/> \n                    <b>Longitude: </b> 71.28003<br/> \n                    <b>Detection Time: </b> 2026-09-26 20:42 UTC<br/> \n                    <b>Sensor: </b> Suomi-NPP VIIRS<br/>\n                    <b>Confidence: </b> High<br/> \n                    <b>Day/Night: </b> Night<br/>\n                    <b>Scan: </b> 0.36 km<br/>\n                    <b>Track: </b> 0.57 km<br/>\n                    <b>FRP: </b> 9.35 MW<br/>\n                    <b>Brightness: </b> 367 K" }, "geometry": { "type": "Polygon", "coordinates": [ [ [ 71.27657, 60.86488 ], [ 71.28349, 60.86488 ], [ 71.28349, 60.86152 ], [ 71.27657, 60.86152 ], [ 71.27657, 60.86488 ] ] ] } },
{ "type": "Feature", "properties": { "sensor": "SUOMI-NPP", "description": "<b>Latitude: </b> 60.50128<br/> \n                    <b>Longitude: </b> 78.1285<br/> \n                    <b>Detection Time: </b> 2026-09-26 20:42 UTC<br/> \n                    <b>Sensor: </b> Suomi-NPP VIIRS<br/>\n                    <b>Confidence: </b> Nominal<br/> \n                    <b>Day/Night: </b> Night<br/>\n                    <b>Scan: </b> 0.42 km<br/>\n                    <b>Track: </b> 0.45 km<br/>\n                    <b>FRP: </b> 0.7 MW<br/>\n                    <b>Brightness: </b> 298.95 K" }, "geometry": { "type": "Polygon", "coordinates": [ [ [ 78.12508, 60.50296 ], [ 78.13192, 60.50296 ], [ 78.13192, 60.4996 ], [ 78.12508, 60.4996 ], [ 78.12508, 60.50296 ] ] ] } },
{ "type": "Feature", "properties": { "sensor": "SUOMI-NPP", "description": "<b>Latitude: </b> 60.77713<br/> \n                    <b>Longitude: </b> 72.44642<br/> \n                    <b>Detection Time: </b> 2026-09-26 20:42 UTC<br/> \n                    <b>Sensor: </b> Suomi-NPP VIIRS<br/>\n                    <b>Confidence: </b> Nominal<br/> \n                    <b>Day/Night: </b> Night<br/>\n                    <b>Scan: </b> 0.33 km<br/>\n                    <b>Track: </b> 0.55 km<br/>\n                    <b>FRP: </b> 1.06 MW<br/>\n                    <b>Brightness: </b> 326.14 K" }, "geometry": { "type": "Polygon", "coordinates": [ [ [ 72.44297, 60.77881 ], [ 72.44987, 60.77881 ], [ 72.44987, 60.77545 ], [ 72.44297, 60.77545 ], [ 72.44297, 60.77881 ] ] ] } },
{ "type": "Feature", "properties": { "sensor": "SUOMI-NPP", "description": "<b>Latitude: </b> 60.7773<br/> \n                    <b>Longitude: </b> 72.44026<br/> \n                    <b>Detection Time: </b> 2026-09-26 20:42 UTC<br/> \n                    <b>Sensor: </b> Suomi-NPP VIIRS<br/>\n                    <b>Confidence: </b> Nominal<br/> \n                    <b>Day/Night: </b> Night<br/>\n                    <b>Scan: </b> 0.33 km<br/>\n                    <b>Track: </b> 0.55 km<br/>\n                    <b>FRP: </b> 1.06 MW<br/>\n                    <b>Brightness: </b> 299.52 K" }, "geometry": { "type": "Polygon", "coordinates": [ [ [ 72.43681, 60.77898 ], [ 72.44371, 60.77898 ], [ 72.44371, 60.77562 ], [ 72.43681, 60.77562 ], [ 72.43681, 60.77898 ] ] ] } },
{ "type": "Feature", "properties": { "sensor": "SUOMI-NPP", "description": "<b>Latitude: </b> 66.66164<br/> \n                    <b>Longitude: </b> 76.84862<br/> \n                    <b>Detection Time: </b> 2026-09-26 20:42 UTC<br/> \n                    <b>Sensor: </b> Suomi-NPP VIIRS<br/>\n                    <b>Confidence: </b> Nominal<br/> \n                    <b>Day/Night: </b> Night<br/>\n                    <b>Scan: </b> 0.53 km<br/>\n                    <b>Track: </b> 0.5 km<br/>\n                    <b>FRP: </b> 2.2 MW<br/>\n                    <b>Brightness: </b> 298.83 K" }, "geometry": { "type": "Polygon", "coordinates": [ [ [ 76.84437, 66.66332 ], [ 76.85287, 66.66332 ], [ 76.85287, 66.65996 ], [ 76.84437, 66.65996 ], [ 76.84437, 66.66332 ] ] ] } },
{ "type": "Feature", "properties": { "sensor": "SUOMI-NPP", "description": "<b>Latitude: </b> 66.66114<br/> \n                    <b>Longitude: </b> 76.84406<br/> \n                    <b>Detection Time: </b> 2026-09-26 20:42 UTC<br/> \n                    <b>Sensor: </b> Suomi-NPP VIIRS<br/>\n                    <b>Confidence: </b> Nominal<br/> \n                    <b>Day/Night: </b> Night<br/>\n                    <b>Scan: </b> 0.53 km<br/>\n                    <b>Track: </b> 0.5 km<br/>\n                    <b>FRP: </b> 1.93 MW<br/>\n                    <b>Brightness: </b> 308.09 K" }, "geometry": { "type": "Polygon", "coordinates": [ [ [ 76.83981, 66.66282 ], [ 76.84831, 66.66282 ], [ 76.84831, 66.65946 ], [ 76.83981, 66.65946 ], [ 76.83981, 66.66282 ] ] ] } },
{ "type": "Feature", "properties": { "sensor": "SUOMI-NPP", "description": "<b>Latitude: </b> 66.40753<br/> \n                    <b>Longitude: </b> 77.47472<br/> \n                    <b>Detection Time: </b> 2026-09-26 20:42 UTC<br/> \n                    <b>Sensor: </b> Suomi-NPP VIIRS<br/>\n                    <b>Confidence: </b> Nominal<br/> \n                    <b>Day/Night: </b> Night<br/>\n                    <b>Scan: </b> 0.51 km<br/>\n                    <b>Track: </b> 0.49 km<br/>\n                    <b>FRP: </b> 12.26 MW<br/>\n                    <b>Brightness: </b> 349.37 K" }, "geometry": { "type": "Polygon", "coordinates": [ [ [ 77.47051, 66.40921 ], [ 77.47893, 66.40921 ], [ 77.47893, 66.40585 ], [ 77.47051, 66.40585 ], [ 77.47051, 66.40921 ] ] ] } },
{ "type": "Feature", "properties": { "sensor": "SUOMI-NPP", "description": "<b>Latitude: </b> 66.40295<br/> \n                    <b>Longitude: </b> 77.47337<br/> \n                    <b>Detection Time: </b> 2026-09-26 20:42 UTC<br/> \n                    <b>Sensor: </b> Suomi-NPP VIIRS<br/>\n                    <b>Confidence: </b> Nominal<br/> \n                    <b>Day/Night: </b> Night<br/>\n                    <b>Scan: </b> 0.51 km<br/>\n                    <b>Track: </b> 0.49 km<br/>\n                    <b>FRP: </b> 1.93 MW<br/>\n                    <b>Brightness: </b> 306.05 K" }, "geometry": { "type": "Polygon", "coordinates": [ [ [ 77.46916, 66.40463 ], [ 77.47758, 66.40463 ], [ 77.47758, 66.40127 ], [ 77.46916, 66.40127 ], [ 77.46916, 66.40463 ] ] ] } },
{ "type": "Feature", "properties": { "sensor": "SUOMI-NPP", "description": "<b>Latitude: </b> 66.32987<br/> \n                    <b>Longitude: </b> 77.83469<br/> \n                    <b>Detection Time: </b> 2026-09-26 20:42 UTC<br/> \n                    <b>Sensor: </b> Suomi-NPP VIIRS<br/>\n                    <b>Confidence: </b> Nominal<br/> \n                    <b>Day/Night: </b> Night<br/>\n                    <b>Scan: </b> 0.5 km<br/>\n                    <b>Track: </b> 0.49 km<br/>\n                    <b>FRP: </b> 1.51 MW<br/>\n                    <b>Brightness: </b> 296.53 K" }, "geometry": { "type": "Polygon", "coordinates": [ [ [ 77.83049, 66.33155 ], [ 77.83889, 66.33155 ], [ 77.83889, 66.32819 ], [ 77.83049, 66.32819 ], [ 77.83049, 66.33155 ] ] ] } },
{ "type": "Feature", "properties": { "sensor": "SUOMI-NPP", "description": "<b>Latitude: </b> 66.31938<br/> \n                    <b>Longitude: </b> 76.79238<br/> \n                    <b>Detection Time: </b> 2026-09-26 20:42 UTC<br/> \n                    <b>Sensor: </b> Suomi-NPP VIIRS<br/>\n                    <b>Confidence: </b> Nominal<br/> \n                    <b>Day/Night: </b> Night<br/>\n                    <b>Scan: </b> 0.53 km<br/>\n                    <b>Track: </b> 0.5 km<br/>\n                    <b>FRP: </b> 7.28 MW<br/>\n                    <b>Brightness: </b> 346.56 K" }, "geometry": { "type": "Polygon", "coordinates": [ [ [ 76.78819, 66.32106 ], [ 76.79657, 66.32106 ], [ 76.79657, 66.3177 ], [ 76.78819, 66.3177 ], [ 76.78819, 66.32106 ] ] ] } },
{ "type": "Feature", "properties": { "sensor": "SUOMI-NPP", "description": "<b>Latitude: </b> 66.31033<br/> \n                    <b>Longitude: </b> 76.99642<br/> \n                    <b>Detection Time: </b> 2026-09-26 20:42 UTC<br/> \n                    <b>Sensor: </b> Suomi-NPP VIIRS<br/>\n                    <b>Confidence: </b> Nominal<br/> \n                    <b>Day/Night: </b> Night<br/>\n                    <b>Scan: </b> 0.52 km<br/>\n                    <b>Track: </b> 0.5 km<br/>\n                    <b>FRP: </b> 2.38 MW<br/>\n                    <b>Brightness: </b> 312.25 K" }, "geometry": { "type": "Polygon", "coordinates": [ [ [ 76.99223, 66.31201 ], [ 77.00061, 66.31201 ], [ 77.00061, 66.30865 ], [ 76.99223, 66.30865 ], [ 76.99223, 66.31201 ] ] ] } },
{ "type": "Feature", "properties": { "sensor": "SUOMI-NPP", "description": "<b>Latitude: </b> 66.27834<br/> \n                    <b>Longitude: </b> 76.75666<br/> \n                    <b>Detection Time: </b> 2026-09-26 20:42 UTC<br/> \n                    <b>Sensor: </b> Suomi-NPP VIIRS<br/>\n                    <b>Confidence: </b> Nominal<br/> \n                    <b>Day/Night: </b> Night<br/>\n                    <b>Scan: </b> 0.53 km<br/>\n                    <b>Track: </b> 0.5 km<br/>\n                    <b>FRP: </b> 1.85 MW<br/>\n                    <b>Brightness: </b> 308.88 K" }, "geometry": { "type": "Polygon", "coordinates": [ [ [ 76.75247, 66.28002 ], [ 76.76085, 66.28002 ], [ 76.76085, 66.27666 ], [ 76.75247, 66.27666 ], [ 76.75247, 66.28002 ] ] ] } },
{ "type": "Feature", "properties": { "sensor": "SUOMI-NPP", "description": "<b>Latitude: </b> 66.24725<br/> \n                    <b>Longitude: </b> 76.82135<br/> \n                    <b>Detection Time: </b> 2026-09-26 20:42 UTC<br/> \n                    <b>Sensor: </b> Suomi-NPP VIIRS<br/>\n                    <b>Confidence: </b> Nominal<br/> \n                    <b>Day/Night: </b> Night<br/>\n                    <b>Scan: </b> 0.53 km<br/>\n                    <b>Track: </b> 0.5 km<br/>\n                    <b>FRP: </b> 13.17 MW<br/>\n                    <b>Brightness: </b> 343.3 K" }, "geometry": { "type": "Polygon", "coordinates": [ [ [ 76.81717, 66.24893 ], [ 76.82553, 66.24893 ], [ 76.82553, 66.24557 ], [ 76.81717, 66.24557 ], [ 76.81717, 66.24893 ] ] ] } },
{ "type": "Feature", "properties": { "sensor": "SUOMI-NPP", "description": "<b>Latitude: </b> 66.24776<br/> \n                    <b>Longitude: </b> 76.80936<br/> \n                    <b>Detection Time: </b> 2026-09-26 20:42 UTC<br/> \n                    <b>Sensor: </b> Suomi-NPP VIIRS<br/>\n                    <b>Confidence: </b> Nominal<br/> \n                    <b>Day/Night: </b> Night<br/>\n                    <b>Scan: </b> 0.53 km<br/>\n                    <b>Track: </b> 0.5 km<br/>\n                    <b>FRP: </b> 7.81 MW<br/>\n                    <b>Brightness: </b> 308.47 K" }, "geometry": { "type": "Polygon", "coordinates": [ [ [ 76.80518, 66.24944 ], [ 76.81354, 66.24944 ], [ 76.81354, 66.24608 ], [ 76.80518, 66.24608 ], [ 76.80518, 66.24944 ] ] ] } },
{ "type": "Feature", "properties": { "sensor": "SUOMI-NPP", "description": "<b>Latitude: </b> 66.24661<br/> \n                    <b>Longitude: </b> 76.81665<br/> \n                    <b>Detection Time: </b> 2026-09-26 20:42 UTC<br/> \n                    <b>Sensor: </b> Suomi-NPP VIIRS<br/>\n                    <b>Confidence: </b> Nominal<br/> \n                    <b>Day/Night: </b> Night<br/>\n                    <b>Scan: </b> 0.53 km<br/>\n                    <b>Track: </b> 0.5 km<br/>\n                    <b>FRP: </b> 10.8 MW<br/>\n                    <b>Brightness: </b> 342.99 K" }, "geometry": { "type": "Polygon", "coordinates": [ [ [ 76.81247, 66.24829 ], [ 76.82083, 66.24829 ], [ 76.82083, 66.24493 ], [ 76.81247, 66.24493 ], [ 76.81247, 66.24829 ] ] ] } },
{ "type": "Feature", "properties": { "sensor": "SUOMI-NPP", "description": "<b>Latitude: </b> 66.24715<br/> \n                    <b>Longitude: </b> 76.80466<br/> \n                    <b>Detection Time: </b> 2026-09-26 20:42 UTC<br/> \n                    <b>Sensor: </b> Suomi-NPP VIIRS<br/>\n                    <b>Confidence: </b> Nominal<br/> \n                    <b>Day/Night: </b> Night<br/>\n                    <b>Scan: </b> 0.53 km<br/>\n                    <b>Track: </b> 0.5 km<br/>\n                    <b>FRP: </b> 2.21 MW<br/>\n                    <b>Brightness: </b> 296.47 K" }, "geometry": { "type": "Polygon", "coordinates": [ [ [ 76.80048, 66.24883 ], [ 76.80884, 66.24883 ], [ 76.80884, 66.24547 ], [ 76.80048, 66.24547 ], [ 76.80048, 66.24883 ] ] ] } },
{ "type": "Feature", "properties": { "sensor": "SUOMI-NPP", "description": "<b>Latitude: </b> 66.24607<br/> \n                    <b>Longitude: </b> 76.82865<br/> \n                    <b>Detection Time: </b> 2026-09-26 20:42 UTC<br/> \n                    <b>Sensor: </b> Suomi-NPP VIIRS<br/>\n                    <b>Confidence: </b> Nominal<br/> \n                    <b>Day/Night: </b> Night<br/>\n                    <b>Scan: </b> 0.53 km<br/>\n                    <b>Track: </b> 0.5 km<br/>\n                    <b>FRP: </b> 10.8 MW<br/>\n                    <b>Brightness: </b> 303.93 K" }, "geometry": { "type": "Polygon", "coordinates": [ [ [ 76.82447, 66.24775 ], [ 76.83283, 66.24775 ], [ 76.83283, 66.24439 ], [ 76.82447, 66.24439 ], [ 76.82447, 66.24775 ] ] ] } },
{ "type": "Feature", "properties": { "sensor": "SUOMI-NPP", "description": "<b>Latitude: </b> 66.20839<br/> \n                    <b>Longitude: </b> 77.23692<br/> \n                    <b>Detection Time: </b> 2026-09-26 20:42 UTC<br/> \n                    <b>Sensor: </b> Suomi-NPP VIIRS<br/>\n                    <b>Confidence: </b> Nominal<br/> \n                    <b>Day/Night: </b> Night<br/>\n                    <b>Scan: </b> 0.51 km<br/>\n                    <b>Track: </b> 0.5 km<br/>\n                    <b>FRP: </b> 0.69 MW<br/>\n                    <b>Brightness: </b> 297.04 K" }, "geometry": { "type": "Polygon", "coordinates": [ [ [ 77.23274, 66.21007 ], [ 77.2411, 66.21007 ], [ 77.2411, 66.20671 ], [ 77.23274, 66.20671 ], [ 77.23274, 66.21007 ] ] ] } },
{ "type": "Feature", "properties": { "sensor": "SUOMI-NPP", "description": "<b>Latitude: </b> 66.18652<br/> \n                    <b>Longitude: </b> 77.68462<br/> \n                    <b>Detection Time: </b> 2026-09-26 20:42 UTC<br/> \n                    <b>Sensor: </b> Suomi-NPP VIIRS<br/>\n                    <b>Confidence: </b> Nominal<br/> \n                    <b>Day/Night: </b> Night<br/>\n                    <b>Scan: </b> 0.5 km<br/>\n                    <b>Track: </b> 0.49 km<br/>\n                    <b>FRP: </b> 2.64 MW<br/>\n                    <b>Brightness: </b> 316.66 K" }, "geometry": { "type": "Polygon", "coordinates": [ [ [ 77.68045, 66.1882 ], [ 77.68879, 66.1882 ], [ 77.68879, 66.18484 ], [ 77.68045, 66.18484 ], [ 77.68045, 66.1882 ] ] ] } },
{ "type": "Feature", "properties": { "sensor": "SUOMI-NPP", "description": "<b>Latitude: </b> 66.11111<br/> \n                    <b>Longitude: </b> 77.06068<br/> \n                    <b>Detection Time: </b> 2026-09-26 20:42 UTC<br/> \n                    <b>Sensor: </b> Suomi-NPP VIIRS<br/>\n                    <b>Confidence: </b> Nominal<br/> \n                    <b>Day/Night: </b> Night<br/>\n                    <b>Scan: </b> 0.52 km<br/>\n                    <b>Track: </b> 0.5 km<br/>\n                    <b>FRP: </b> 6.8 MW<br/>\n                    <b>Brightness: </b> 345.12 K" }, "geometry": { "type": "Polygon", "coordinates": [ [ [ 77.05652, 66.11279 ], [ 77.06484, 66.11279 ], [ 77.06484, 66.10943 ], [ 77.05652, 66.10943 ], [ 77.05652, 66.11279 ] ] ] } },
{ "type": "Feature", "properties": { "sensor": "SUOMI-NPP", "description": "<b>Latitude: </b> 66.09706<br/> \n                    <b>Longitude: </b> 76.85307<br/> \n                    <b>Detection Time: </b> 2026-09-26 20:42 UTC<br/> \n                    <b>Sensor: </b> Suomi-NPP VIIRS<br/>\n                    <b>Confidence: </b> Nominal<br/> \n                    <b>Day/Night: </b> Night<br/>\n                    <b>Scan: </b> 0.53 km<br/>\n                    <b>Track: </b> 0.5 km<br/>\n                    <b>FRP: </b> 1.47 MW<br/>\n                    <b>Brightness: </b> 301.41 K" }, "geometry": { "type": "Polygon", "coordinates": [ [ [ 76.84891, 66.09874 ], [ 76.85723, 66.09874 ], [ 76.85723, 66.09538 ], [ 76.84891, 66.09538 ], [ 76.84891, 66.09874 ] ] ] } },
{ "type": "Feature", "properties": { "sensor": "SUOMI-NPP", "description": "<b>Latitude: </b> 66.05254<br/> \n                    <b>Longitude: </b> 77.0079<br/> \n                    <b>Detection Time: </b> 2026-09-26 20:42 UTC<br/> \n                    <b>Sensor: </b> Suomi-NPP VIIRS<br/>\n                    <b>Confidence: </b> Nominal<br/> \n                    <b>Day/Night: </b> Night<br/>\n                    <b>Scan: </b> 0.52 km<br/>\n                    <b>Track: </b> 0.5 km<br/>\n                    <b>FRP: </b> 2.13 MW<br/>\n                    <b>Brightness: </b> 308.53 K" }, "geometry": { "type": "Polygon", "coordinates": [ [ [ 77.00375, 66.05422 ], [ 77.01205, 66.05422 ], [ 77.01205, 66.05086 ], [ 77.00375, 66.05086 ], [ 77.00375, 66.05422 ] ] ] } },
{ "type": "Feature", "properties": { "sensor": "SUOMI-NPP", "description": "<b>Latitude: </b> 67.7886<br/> \n                    <b>Longitude: </b> 83.49805<br/> \n                    <b>Detection Time: </b> 2026-09-26 20:40 UTC<br/> \n                    <b>Sensor: </b> Suomi-NPP VIIRS<br/>\n                    <b>Confidence: </b> Nominal<br/> \n                    <b>Day/Night: </b> Night<br/>\n                    <b>Scan: </b> 0.56 km<br/>\n                    <b>Track: </b> 0.43 km<br/>\n                    <b>FRP: </b> 1.56 MW<br/>\n                    <b>Brightness: </b> 323.15 K" }, "geometry": { "type": "Polygon", "coordinates": [ [ [ 83.49359, 67.79028 ], [ 83.50251, 67.79028 ], [ 83.50251, 67.78692 ], [ 83.49359, 67.78692 ], [ 83.49359, 67.79028 ] ] ] } },
{ "type": "Feature", "properties": { "sensor": "SUOMI-NPP", "description": "<b>Latitude: </b> 68.52355<br/> \n                    <b>Longitude: </b> 79.94659<br/> \n                    <b>Detection Time: </b> 2026-09-26 20:40 UTC<br/> \n                    <b>Sensor: </b> Suomi-NPP VIIRS<br/>\n                    <b>Confidence: </b> Nominal<br/> \n                    <b>Day/Night: </b> Night<br/>\n                    <b>Scan: </b> 0.46 km<br/>\n                    <b>Track: </b> 0.47 km<br/>\n                    <b>FRP: </b> 35.02 MW<br/>\n                    <b>Brightness: </b> 339.4 K" }, "geometry": { "type": "Polygon", "coordinates": [ [ [ 79.94199, 68.52523 ], [ 79.95119, 68.52523 ], [ 79.95119, 68.52187 ], [ 79.94199, 68.52187 ], [ 79.94199, 68.52523 ] ] ] } },
{ "type": "Feature", "properties": { "sensor": "SUOMI-NPP", "description": "<b>Latitude: </b> 68.52728<br/> \n                    <b>Longitude: </b> 79.95978<br/> \n                    <b>Detection Time: </b> 2026-09-26 20:40 UTC<br/> \n                    <b>Sensor: </b> Suomi-NPP VIIRS<br/>\n                    <b>Confidence: </b> Nominal<br/> \n                    <b>Day/Night: </b> Night<br/>\n                    <b>Scan: </b> 0.46 km<br/>\n                    <b>Track: </b> 0.47 km<br/>\n                    <b>FRP: </b> 55.11 MW<br/>\n                    <b>Brightness: </b> 332.89 K" }, "geometry": { "type": "Polygon", "coordinates": [ [ [ 79.95518, 68.52896 ], [ 79.96438, 68.52896 ], [ 79.96438, 68.5256 ], [ 79.95518, 68.5256 ], [ 79.95518, 68.52896 ] ] ] } },
{ "type": "Feature", "properties": { "sensor": "SUOMI-NPP", "description": "<b>Latitude: </b> 68.52794<br/> \n                    <b>Longitude: </b> 79.94832<br/> \n                    <b>Detection Time: </b> 2026-09-26 20:40 UTC<br/> \n                    <b>Sensor: </b> Suomi-NPP VIIRS<br/>\n                    <b>Confidence: </b> Nominal<br/> \n                    <b>Day/Night: </b> Night<br/>\n                    <b>Scan: </b> 0.46 km<br/>\n                    <b>Track: </b> 0.47 km<br/>\n                    <b>FRP: </b> 35.02 MW<br/>\n                    <b>Brightness: </b> 337.51 K" }, "geometry": { "type": "Polygon", "coordinates": [ [ [ 79.94372, 68.52962 ], [ 79.95292, 68.52962 ], [ 79.95292, 68.52626 ], [ 79.94372, 68.52626 ], [ 79.94372, 68.52962 ] ] ] } },
{ "type": "Feature", "properties": { "sensor": "SUOMI-NPP", "description": "<b>Latitude: </b> 68.52248<br/> \n                    <b>Longitude: </b> 79.94299<br/> \n                    <b>Detection Time: </b> 2026-09-26 20:40 UTC<br/> \n                    <b>Sensor: </b> Suomi-NPP VIIRS<br/>\n                    <b>Confidence: </b> Nominal<br/> \n                    <b>Day/Night: </b> Night<br/>\n                    <b>Scan: </b> 0.46 km<br/>\n                    <b>Track: </b> 0.47 km<br/>\n                    <b>FRP: </b> 30.5 MW<br/>\n                    <b>Brightness: </b> 295.35 K" }, "geometry": { "type": "Polygon", "coordinates": [ [ [ 79.93839, 68.52416 ], [ 79.94759, 68.52416 ], [ 79.94759, 68.5208 ], [ 79.93839, 68.5208 ], [ 79.93839, 68.52416 ] ] ] } },
{ "type": "Feature", "properties": { "sensor": "SUOMI-NPP", "description": "<b>Latitude: </b> 73.14294<br/> \n                    <b>Longitude: </b> 80.81408<br/> \n                    <b>Detection Time: </b> 2026-09-26 20:40 UTC<br/> \n                    <b>Sensor: </b> Suomi-NPP VIIRS<br/>\n                    <b>Confidence: </b> Nominal<br/> \n                    <b>Day/Night: </b> Night<br/>\n                    <b>Scan: </b> 0.5 km<br/>\n                    <b>Track: </b> 0.49 km<br/>\n                    <b>FRP: </b> 0.75 MW<br/>\n                    <b>Brightness: </b> 295.88 K" }, "geometry": { "type": "Polygon", "coordinates": [ [ [ 80.80827, 73.14462 ], [ 80.81989, 73.14462 ], [ 80.81989, 73.14126 ], [ 80.80827, 73.14126 ], [ 80.80827, 73.14462 ] ] ] } },
{ "type": "Feature", "properties": { "sensor": "SUOMI-NPP", "description": "<b>Latitude: </b> 73.14343<br/> \n                    <b>Longitude: </b> 80.8213<br/> \n                    <b>Detection Time: </b> 2026-09-26 20:40 UTC<br/> \n                    <b>Sensor: </b> Suomi-NPP VIIRS<br/>\n                    <b>Confidence: </b> Nominal<br/> \n                    <b>Day/Night: </b> Night<br/>\n                    <b>Scan: </b> 0.5 km<br/>\n                    <b>Track: </b> 0.49 km<br/>\n                    <b>FRP: </b> 0.81 MW<br/>\n                    <b>Brightness: </b> 296.62 K" }, "geometry": { "type": "Polygon", "coordinates": [ [ [ 80.81549, 73.14511 ], [ 80.82711, 73.14511 ], [ 80.82711, 73.14175 ], [ 80.81549, 73.14175 ], [ 80.81549, 73.14511 ] ] ] } },
{ "type": "Feature", "properties": { "sensor": "SUOMI-NPP", "description": "<b>Latitude: </b> 70.44467<br/> \n                    <b>Longitude: </b> 84.36132<br/> \n                    <b>Detection Time: </b> 2026-09-26 20:40 UTC<br/> \n                    <b>Sensor: </b> Suomi-NPP VIIRS<br/>\n                    <b>Confidence: </b> Nominal<br/> \n                    <b>Day/Night: </b> Night<br/>\n                    <b>Scan: </b> 0.39 km<br/>\n                    <b>Track: </b> 0.44 km<br/>\n                    <b>FRP: </b> 0.9 MW<br/>\n                    <b>Brightness: </b> 297.61 K" }, "geometry": { "type": "Polygon", "coordinates": [ [ [ 84.35629, 70.44635 ], [ 84.36635, 70.44635 ], [ 84.36635, 70.44299 ], [ 84.35629, 70.44299 ], [ 84.35629, 70.44635 ] ] ] } },
{ "type": "Feature", "properties": { "sensor": "SUOMI-NPP", "description": "<b>Latitude: </b> 70.44067<br/> \n                    <b>Longitude: </b> 84.35857<br/> \n                    <b>Detection Time: </b> 2026-09-26 20:40 UTC<br/> \n                    <b>Sensor: </b> Suomi-NPP VIIRS<br/>\n                    <b>Confidence: </b> Nominal<br/> \n                    <b>Day/Night: </b> Night<br/>\n                    <b>Scan: </b> 0.39 km<br/>\n                    <b>Track: </b> 0.44 km<br/>\n                    <b>FRP: </b> 0.9 MW<br/>\n                    <b>Brightness: </b> 312.57 K" }, "geometry": { "type": "Polygon", "coordinates": [ [ [ 84.35354, 70.44235 ], [ 84.3636, 70.44235 ], [ 84.3636, 70.43899 ], [ 84.35354, 70.43899 ], [ 84.35354, 70.44235 ] ] ] } },
{ "type": "Feature", "properties": { "sensor": "SUOMI-NPP", "description": "<b>Latitude: </b> 69.3728<br/> \n                    <b>Longitude: </b> 88.11444<br/> \n                    <b>Detection Time: </b> 2026-09-26 20:40 UTC<br/> \n                    <b>Sensor: </b> Suomi-NPP VIIRS<br/>\n                    <b>Confidence: </b> Nominal<br/> \n                    <b>Day/Night: </b> Night<br/>\n                    <b>Scan: </b> 0.48 km<br/>\n                    <b>Track: </b> 0.4 km<br/>\n                    <b>FRP: </b> 26.02 MW<br/>\n                    <b>Brightness: </b> 331.85 K" }, "geometry": { "type": "Polygon", "coordinates": [ [ [ 88.10966, 69.37448 ], [ 88.11922, 69.37448 ], [ 88.11922, 69.37112 ], [ 88.10966, 69.37112 ], [ 88.10966, 69.37448 ] ] ] } },
{ "type": "Feature", "properties": { "sensor": "SUOMI-NPP", "description": "<b>Latitude: </b> 69.37158<br/> \n                    <b>Longitude: </b> 88.12637<br/> \n                    <b>Detection Time: </b> 2026-09-26 20:40 UTC<br/> \n                    <b>Sensor: </b> Suomi-NPP VIIRS<br/>\n                    <b>Confidence: </b> Nominal<br/> \n                    <b>Day/Night: </b> Night<br/>\n                    <b>Scan: </b> 0.48 km<br/>\n                    <b>Track: </b> 0.4 km<br/>\n                    <b>FRP: </b> 7.65 MW<br/>\n                    <b>Brightness: </b> 311.17 K" }, "geometry": { "type": "Polygon", "coordinates": [ [ [ 88.12159, 69.37326 ], [ 88.13115, 69.37326 ], [ 88.13115, 69.3699 ], [ 88.12159, 69.3699 ], [ 88.12159, 69.37326 ] ] ] } },
{ "type": "Feature", "properties": { "sensor": "SUOMI-NPP", "description": "<b>Latitude: </b> 69.36921<br/> \n                    <b>Longitude: </b> 88.11156<br/> \n                    <b>Detection Time: </b> 2026-09-26 20:40 UTC<br/> \n                    <b>Sensor: </b> Suomi-NPP VIIRS<br/>\n                    <b>Confidence: </b> Nominal<br/> \n                    <b>Day/Night: </b> Night<br/>\n                    <b>Scan: </b> 0.48 km<br/>\n                    <b>Track: </b> 0.4 km<br/>\n                    <b>FRP: </b> 19.48 MW<br/>\n                    <b>Brightness: </b> 335.72 K" }, "geometry": { "type": "Polygon", "coordinates": [ [ [ 88.10678, 69.37089 ], [ 88.11634, 69.37089 ], [ 88.11634, 69.36753 ], [ 88.10678, 69.36753 ], [ 88.10678, 69.37089 ] ] ] } },
{ "type": "Feature", "properties": { "sensor": "SUOMI-NPP", "description": "<b>Latitude: </b> 69.36799<br/> \n                    <b>Longitude: </b> 88.1235<br/> \n                    <b>Detection Time: </b> 2026-09-26 20:40 UTC<br/> \n                    <b>Sensor: </b> Suomi-NPP VIIRS<br/>\n                    <b>Confidence: </b> Nominal<br/> \n                    <b>Day/Night: </b> Night<br/>\n                    <b>Scan: </b> 0.48 km<br/>\n                    <b>Track: </b> 0.4 km<br/>\n                    <b>FRP: </b> 7.49 MW<br/>\n                    <b>Brightness: </b> 317.9 K" }, "geometry": { "type": "Polygon", "coordinates": [ [ [ 88.11872, 69.36967 ], [ 88.12828, 69.36967 ], [ 88.12828, 69.36631 ], [ 88.11872, 69.36631 ], [ 88.11872, 69.36967 ] ] ] } },
{ "type": "Feature", "properties": { "sensor": "SUOMI-NPP", "description": "<b>Latitude: </b> 69.61996<br/> \n                    <b>Longitude: </b> 81.83247<br/> \n                    <b>Detection Time: </b> 2026-09-26 20:40 UTC<br/> \n                    <b>Sensor: </b> Suomi-NPP VIIRS<br/>\n                    <b>Confidence: </b> Nominal<br/> \n                    <b>Day/Night: </b> Night<br/>\n                    <b>Scan: </b> 0.43 km<br/>\n                    <b>Track: </b> 0.46 km<br/>\n                    <b>FRP: </b> 0.68 MW<br/>\n                    <b>Brightness: </b> 309.98 K" }, "geometry": { "type": "Polygon", "coordinates": [ [ [ 81.82763, 69.62164 ], [ 81.83731, 69.62164 ], [ 81.83731, 69.61828 ], [ 81.82763, 69.61828 ], [ 81.82763, 69.62164 ] ] ] } },
{ "type": "Feature", "properties": { "sensor": "SUOMI-NPP", "description": "<b>Latitude: </b> 69.61851<br/> \n                    <b>Longitude: </b> 81.7152<br/> \n                    <b>Detection Time: </b> 2026-09-26 20:40 UTC<br/> \n                    <b>Sensor: </b> Suomi-NPP VIIRS<br/>\n                    <b>Confidence: </b> Nominal<br/> \n                    <b>Day/Night: </b> Night<br/>\n                    <b>Scan: </b> 0.43 km<br/>\n                    <b>Track: </b> 0.46 km<br/>\n                    <b>FRP: </b> 4.71 MW<br/>\n                    <b>Brightness: </b> 336.1 K" }, "geometry": { "type": "Polygon", "coordinates": [ [ [ 81.71036, 69.62019 ], [ 81.72004, 69.62019 ], [ 81.72004, 69.61683 ], [ 81.71036, 69.61683 ], [ 81.71036, 69.62019 ] ] ] } },
{ "type": "Feature", "properties": { "sensor": "SUOMI-NPP", "description": "<b>Latitude: </b> 68.7151<br/> \n                    <b>Longitude: </b> 80.52789<br/> \n                    <b>Detection Time: </b> 2026-09-26 20:40 UTC<br/> \n                    <b>Sensor: </b> Suomi-NPP VIIRS<br/>\n                    <b>Confidence: </b> Nominal<br/> \n                    <b>Day/Night: </b> Night<br/>\n                    <b>Scan: </b> 0.45 km<br/>\n                    <b>Track: </b> 0.47 km<br/>\n                    <b>FRP: </b> 2.12 MW<br/>\n                    <b>Brightness: </b> 320.32 K" }, "geometry": { "type": "Polygon", "coordinates": [ [ [ 80.52325, 68.71678 ], [ 80.53253, 68.71678 ], [ 80.53253, 68.71342 ], [ 80.52325, 68.71342 ], [ 80.52325, 68.71678 ] ] ] } },
{ "type": "Feature", "properties": { "sensor": "SUOMI-NPP", "description": "<b>Latitude: </b> 68.68838<br/> \n                    <b>Longitude: </b> 80.6081<br/> \n                    <b>Detection Time: </b> 2026-09-26 20:40 UTC<br/> \n                    <b>Sensor: </b> Suomi-NPP VIIRS<br/>\n                    <b>Confidence: </b> Nominal<br/> \n                    <b>Day/Night: </b> Night<br/>\n                    <b>Scan: </b> 0.45 km<br/>\n                    <b>Track: </b> 0.47 km<br/>\n                    <b>FRP: </b> 0.53 MW<br/>\n                    <b>Brightness: </b> 302.11 K" }, "geometry": { "type": "Polygon", "coordinates": [ [ [ 80.60347, 68.69006 ], [ 80.61273, 68.69006 ], [ 80.61273, 68.6867 ], [ 80.60347, 68.6867 ], [ 80.60347, 68.69006 ] ] ] } },
{ "type": "Feature", "properties": { "sensor": "SUOMI-NPP", "description": "<b>Latitude: </b> 68.68835<br/> \n                    <b>Longitude: </b> 80.60223<br/> \n                    <b>Detection Time: </b> 2026-09-26 20:40 UTC<br/> \n                    <b>Sensor: </b> Suomi-NPP VIIRS<br/>\n                    <b>Confidence: </b> Nominal<br/> \n                    <b>Day/Night: </b> Night<br/>\n                    <b>Scan: </b> 0.45 km<br/>\n                    <b>Track: </b> 0.47 km<br/>\n                    <b>FRP: </b> 0.96 MW<br/>\n                    <b>Brightness: </b> 306.21 K" }, "geometry": { "type": "Polygon", "coordinates": [ [ [ 80.5976, 68.69003 ], [ 80.60686, 68.69003 ], [ 80.60686, 68.68667 ], [ 80.5976, 68.68667 ], [ 80.5976, 68.69003 ] ] ] } },
{ "type": "Feature", "properties": { "sensor": "SUOMI-NPP", "description": "<b>Latitude: </b> 68.52686<br/> \n                    <b>Longitude: </b> 79.94476<br/> \n                    <b>Detection Time: </b> 2026-09-26 20:40 UTC<br/> \n                    <b>Sensor: </b> Suomi-NPP VIIRS<br/>\n                    <b>Confidence: </b> Nominal<br/> \n                    <b>Day/Night: </b> Night<br/>\n                    <b>Scan: </b> 0.46 km<br/>\n                    <b>Track: </b> 0.47 km<br/>\n                    <b>FRP: </b> 30.5 MW<br/>\n                    <b>Brightness: </b> 326.48 K" }, "geometry": { "type": "Polygon", "coordinates": [ [ [ 79.94016, 68.52854 ], [ 79.94936, 68.52854 ], [ 79.94936, 68.52518 ], [ 79.94016, 68.52518 ], [ 79.94016, 68.52854 ] ] ] } },
{ "type": "Feature", "properties": { "sensor": "SUOMI-NPP", "description": "<b>Latitude: </b> 68.52624<br/> \n                    <b>Longitude: </b> 79.95625<br/> \n                    <b>Detection Time: </b> 2026-09-26 20:40 UTC<br/> \n                    <b>Sensor: </b> Suomi-NPP VIIRS<br/>\n                    <b>Confidence: </b> Nominal<br/> \n                    <b>Day/Night: </b> Night<br/>\n                    <b>Scan: </b> 0.46 km<br/>\n                    <b>Track: </b> 0.47 km<br/>\n                    <b>FRP: </b> 30.5 MW<br/>\n                    <b>Brightness: </b> 324.95 K" }, "geometry": { "type": "Polygon", "coordinates": [ [ [ 79.95165, 68.52792 ], [ 79.96085, 68.52792 ], [ 79.96085, 68.52456 ], [ 79.95165, 68.52456 ], [ 79.95165, 68.52792 ] ] ] } },
{ "type": "Feature", "properties": { "sensor": "SUOMI-NPP", "description": "<b>Latitude: </b> 68.52186<br/> \n                    <b>Longitude: </b> 79.95444<br/> \n                    <b>Detection Time: </b> 2026-09-26 20:40 UTC<br/> \n                    <b>Sensor: </b> Suomi-NPP VIIRS<br/>\n                    <b>Confidence: </b> Nominal<br/> \n                    <b>Day/Night: </b> Night<br/>\n                    <b>Scan: </b> 0.46 km<br/>\n                    <b>Track: </b> 0.47 km<br/>\n                    <b>FRP: </b> 30.5 MW<br/>\n                    <b>Brightness: </b> 342.09 K" }, "geometry": { "type": "Polygon", "coordinates": [ [ [ 79.94984, 68.52354 ], [ 79.95904, 68.52354 ], [ 79.95904, 68.52018 ], [ 79.94984, 68.52018 ], [ 79.94984, 68.52354 ] ] ] } },
{ "type": "Feature", "properties": { "sensor": "SUOMI-NPP", "description": "<b>Latitude: </b> 66.90553<br/> \n                    <b>Longitude: </b> 75.60104<br/> \n                    <b>Detection Time: </b> 2026-09-26 20:40 UTC<br/> \n                    <b>Sensor: </b> Suomi-NPP VIIRS<br/>\n                    <b>Confidence: </b> Nominal<br/> \n                    <b>Day/Night: </b> Night<br/>\n                    <b>Scan: </b> 0.58 km<br/>\n                    <b>Track: </b> 0.52 km<br/>\n                    <b>FRP: </b> 5.1 MW<br/>\n                    <b>Brightness: </b> 335.05 K" }, "geometry": { "type": "Polygon", "coordinates": [ [ [ 75.59675, 66.90721 ], [ 75.60533, 66.90721 ], [ 75.60533, 66.90385 ], [ 75.59675, 66.90385 ], [ 75.59675, 66.90721 ] ] ] } },
{ "type": "Feature", "properties": { "sensor": "SUOMI-NPP", "description": "<b>Latitude: </b> 66.95322<br/> \n                    <b>Longitude: </b> 75.53772<br/> \n                    <b>Detection Time: </b> 2026-09-26 20:40 UTC<br/> \n                    <b>Sensor: </b> Suomi-NPP VIIRS<br/>\n                    <b>Confidence: </b> Nominal<br/> \n                    <b>Day/Night: </b> Night<br/>\n                    <b>Scan: </b> 0.58 km<br/>\n                    <b>Track: </b> 0.52 km<br/>\n                    <b>FRP: </b> 6.09 MW<br/>\n                    <b>Brightness: </b> 325.45 K" }, "geometry": { "type": "Polygon", "coordinates": [ [ [ 75.53342, 66.9549 ], [ 75.54202, 66.9549 ], [ 75.54202, 66.95154 ], [ 75.53342, 66.95154 ], [ 75.53342, 66.9549 ] ] ] } },
{ "type": "Feature", "properties": { "sensor": "SUOMI-NPP", "description": "<b>Latitude: </b> 66.95811<br/> \n                    <b>Longitude: </b> 75.53883<br/> \n                    <b>Detection Time: </b> 2026-09-26 20:40 UTC<br/> \n                    <b>Sensor: </b> Suomi-NPP VIIRS<br/>\n                    <b>Confidence: </b> Nominal<br/> \n                    <b>Day/Night: </b> Night<br/>\n                    <b>Scan: </b> 0.58 km<br/>\n                    <b>Track: </b> 0.52 km<br/>\n                    <b>FRP: </b> 6.09 MW<br/>\n                    <b>Brightness: </b> 343.04 K" }, "geometry": { "type": "Polygon", "coordinates": [ [ [ 75.53453, 66.95979 ], [ 75.54313, 66.95979 ], [ 75.54313, 66.95643 ], [ 75.53453, 66.95643 ], [ 75.53453, 66.95979 ] ] ] } },
{ "type": "Feature", "properties": { "sensor": "SUOMI-NPP", "description": "<b>Latitude: </b> 67.01295<br/> \n                    <b>Longitude: </b> 76.18569<br/> \n                    <b>Detection Time: </b> 2026-09-26 20:40 UTC<br/> \n                    <b>Sensor: </b> Suomi-NPP VIIRS<br/>\n                    <b>Confidence: </b> Nominal<br/> \n                    <b>Day/Night: </b> Night<br/>\n                    <b>Scan: </b> 0.56 km<br/>\n                    <b>Track: </b> 0.51 km<br/>\n                    <b>FRP: </b> 1.44 MW<br/>\n                    <b>Brightness: </b> 306.76 K" }, "geometry": { "type": "Polygon", "coordinates": [ [ [ 76.18138, 67.01463 ], [ 76.19, 67.01463 ], [ 76.19, 67.01127 ], [ 76.18138, 67.01127 ], [ 76.18138, 67.01463 ] ] ] } },
{ "type": "Feature", "properties": { "sensor": "SUOMI-NPP", "description": "<b>Latitude: </b> 67.01637<br/> \n                    <b>Longitude: </b> 76.19244<br/> \n                    <b>Detection Time: </b> 2026-09-26 20:40 UTC<br/> \n                    <b>Sensor: </b> Suomi-NPP VIIRS<br/>\n                    <b>Confidence: </b> Nominal<br/> \n                    <b>Day/Night: </b> Night<br/>\n                    <b>Scan: </b> 0.56 km<br/>\n                    <b>Track: </b> 0.51 km<br/>\n                    <b>FRP: </b> 1.38 MW<br/>\n                    <b>Brightness: </b> 302.99 K" }, "geometry": { "type": "Polygon", "coordinates": [ [ [ 76.18813, 67.01805 ], [ 76.19675, 67.01805 ], [ 76.19675, 67.01469 ], [ 76.18813, 67.01469 ], [ 76.18813, 67.01805 ] ] ] } },
{ "type": "Feature", "properties": { "sensor": "SUOMI-NPP", "description": "<b>Latitude: </b> 66.93888<br/> \n                    <b>Longitude: </b> 80.73698<br/> \n                    <b>Detection Time: </b> 2026-09-26 20:40 UTC<br/> \n                    <b>Sensor: </b> Suomi-NPP VIIRS<br/>\n                    <b>Confidence: </b> Nominal<br/> \n                    <b>Day/Night: </b> Night<br/>\n                    <b>Scan: </b> 0.42 km<br/>\n                    <b>Track: </b> 0.45 km<br/>\n                    <b>FRP: </b> 1.77 MW<br/>\n                    <b>Brightness: </b> 317.01 K" }, "geometry": { "type": "Polygon", "coordinates": [ [ [ 80.73268, 66.94056 ], [ 80.74128, 66.94056 ], [ 80.74128, 66.9372 ], [ 80.73268, 66.9372 ], [ 80.73268, 66.94056 ] ] ] } },
{ "type": "Feature", "properties": { "sensor": "SUOMI-NPP", "description": "<b>Latitude: </b> 66.97678<br/> \n                    <b>Longitude: </b> 80.81414<br/> \n                    <b>Detection Time: </b> 2026-09-26 20:40 UTC<br/> \n                    <b>Sensor: </b> Suomi-NPP VIIRS<br/>\n                    <b>Confidence: </b> Nominal<br/> \n                    <b>Day/Night: </b> Night<br/>\n                    <b>Scan: </b> 0.42 km<br/>\n                    <b>Track: </b> 0.45 km<br/>\n                    <b>FRP: </b> 1.28 MW<br/>\n                    <b>Brightness: </b> 310.45 K" }, "geometry": { "type": "Polygon", "coordinates": [ [ [ 80.80983, 66.97846 ], [ 80.81845, 66.97846 ], [ 80.81845, 66.9751 ], [ 80.80983, 66.9751 ], [ 80.80983, 66.97846 ] ] ] } },
{ "type": "Feature", "properties": { "sensor": "SUOMI-NPP", "description": "<b>Latitude: </b> 67.29055<br/> \n                    <b>Longitude: </b> 75.10538<br/> \n                    <b>Detection Time: </b> 2026-09-26 20:40 UTC<br/> \n                    <b>Sensor: </b> Suomi-NPP VIIRS<br/>\n                    <b>Confidence: </b> Nominal<br/> \n                    <b>Day/Night: </b> Night<br/>\n                    <b>Scan: </b> 0.6 km<br/>\n                    <b>Track: </b> 0.53 km<br/>\n                    <b>FRP: </b> 0.93 MW<br/>\n                    <b>Brightness: </b> 299.84 K" }, "geometry": { "type": "Polygon", "coordinates": [ [ [ 75.10102, 67.29223 ], [ 75.10974, 67.29223 ], [ 75.10974, 67.28887 ], [ 75.10102, 67.28887 ], [ 75.10102, 67.29223 ] ] ] } },
{ "type": "Feature", "properties": { "sensor": "SUOMI-NPP", "description": "<b>Latitude: </b> 67.28043<br/> \n                    <b>Longitude: </b> 83.03465<br/> \n                    <b>Detection Time: </b> 2026-09-26 20:40 UTC<br/> \n                    <b>Sensor: </b> Suomi-NPP VIIRS<br/>\n                    <b>Confidence: </b> Nominal<br/> \n                    <b>Day/Night: </b> Night<br/>\n                    <b>Scan: </b> 0.57 km<br/>\n                    <b>Track: </b> 0.43 km<br/>\n                    <b>FRP: </b> 2.53 MW<br/>\n                    <b>Brightness: </b> 312.44 K" }, "geometry": { "type": "Polygon", "coordinates": [ [ [ 83.03029, 67.28211 ], [ 83.03901, 67.28211 ], [ 83.03901, 67.27875 ], [ 83.03029, 67.27875 ], [ 83.03029, 67.28211 ] ] ] } },
{ "type": "Feature", "properties": { "sensor": "SUOMI-NPP", "description": "<b>Latitude: </b> 67.54723<br/> \n                    <b>Longitude: </b> 83.20751<br/> \n                    <b>Detection Time: </b> 2026-09-26 20:40 UTC<br/> \n                    <b>Sensor: </b> Suomi-NPP VIIRS<br/>\n                    <b>Confidence: </b> Nominal<br/> \n                    <b>Day/Night: </b> Night<br/>\n                    <b>Scan: </b> 0.57 km<br/>\n                    <b>Track: </b> 0.43 km<br/>\n                    <b>FRP: </b> 1.26 MW<br/>\n                    <b>Brightness: </b> 302.44 K" }, "geometry": { "type": "Polygon", "coordinates": [ [ [ 83.2031, 67.54891 ], [ 83.21192, 67.54891 ], [ 83.21192, 67.54555 ], [ 83.2031, 67.54555 ], [ 83.2031, 67.54891 ] ] ] } },
{ "type": "Feature", "properties": { "sensor": "SUOMI-NPP", "description": "<b>Latitude: </b> 67.54832<br/> \n                    <b>Longitude: </b> 83.19415<br/> \n                    <b>Detection Time: </b> 2026-09-26 20:40 UTC<br/> \n                    <b>Sensor: </b> Suomi-NPP VIIRS<br/>\n                    <b>Confidence: </b> Nominal<br/> \n                    <b>Day/Night: </b> Night<br/>\n                    <b>Scan: </b> 0.57 km<br/>\n                    <b>Track: </b> 0.43 km<br/>\n                    <b>FRP: </b> 1.88 MW<br/>\n                    <b>Brightness: </b> 306.2 K" }, "geometry": { "type": "Polygon", "coordinates": [ [ [ 83.18974, 67.55 ], [ 83.19856, 67.55 ], [ 83.19856, 67.54664 ], [ 83.18974, 67.54664 ], [ 83.18974, 67.55 ] ] ] } },
{ "type": "Feature", "properties": { "sensor": "SUOMI-NPP", "description": "<b>Latitude: </b> 67.55117<br/> \n                    <b>Longitude: </b> 83.20966<br/> \n                    <b>Detection Time: </b> 2026-09-26 20:40 UTC<br/> \n                    <b>Sensor: </b> Suomi-NPP VIIRS<br/>\n                    <b>Confidence: </b> Nominal<br/> \n                    <b>Day/Night: </b> Night<br/>\n                    <b>Scan: </b> 0.57 km<br/>\n                    <b>Track: </b> 0.43 km<br/>\n                    <b>FRP: </b> 1.16 MW<br/>\n                    <b>Brightness: </b> 302.7 K" }, "geometry": { "type": "Polygon", "coordinates": [ [ [ 83.20525, 67.55285 ], [ 83.21407, 67.55285 ], [ 83.21407, 67.54949 ], [ 83.20525, 67.54949 ], [ 83.20525, 67.55285 ] ] ] } },
{ "type": "Feature", "properties": { "sensor": "SUOMI-NPP", "description": "<b>Latitude: </b> 67.55226<br/> \n                    <b>Longitude: </b> 83.19625<br/> \n                    <b>Detection Time: </b> 2026-09-26 20:40 UTC<br/> \n                    <b>Sensor: </b> Suomi-NPP VIIRS<br/>\n                    <b>Confidence: </b> Nominal<br/> \n                    <b>Day/Night: </b> Night<br/>\n                    <b>Scan: </b> 0.57 km<br/>\n                    <b>Track: </b> 0.43 km<br/>\n                    <b>FRP: </b> 1.16 MW<br/>\n                    <b>Brightness: </b> 301.93 K" }, "geometry": { "type": "Polygon", "coordinates": [ [ [ 83.19184, 67.55394 ], [ 83.20066, 67.55394 ], [ 83.20066, 67.55058 ], [ 83.19184, 67.55058 ], [ 83.19184, 67.55394 ] ] ] } },
{ "type": "Feature", "properties": { "sensor": "SUOMI-NPP", "description": "<b>Latitude: </b> 67.54813<br/> \n                    <b>Longitude: </b> 83.19937<br/> \n                    <b>Detection Time: </b> 2026-09-26 20:40 UTC<br/> \n                    <b>Sensor: </b> Suomi-NPP VIIRS<br/>\n                    <b>Confidence: </b> Nominal<br/> \n                    <b>Day/Night: </b> Night<br/>\n                    <b>Scan: </b> 0.57 km<br/>\n                    <b>Track: </b> 0.43 km<br/>\n                    <b>FRP: </b> 2.96 MW<br/>\n                    <b>Brightness: </b> 317.67 K" }, "geometry": { "type": "Polygon", "coordinates": [ [ [ 83.19496, 67.54981 ], [ 83.20378, 67.54981 ], [ 83.20378, 67.54645 ], [ 83.19496, 67.54645 ], [ 83.19496, 67.54981 ] ] ] } },
{ "type": "Feature", "properties": { "sensor": "SUOMI-NPP", "description": "<b>Latitude: </b> 67.55207<br/> \n                    <b>Longitude: </b> 83.20152<br/> \n                    <b>Detection Time: </b> 2026-09-26 20:40 UTC<br/> \n                    <b>Sensor: </b> Suomi-NPP VIIRS<br/>\n                    <b>Confidence: </b> Nominal<br/> \n                    <b>Day/Night: </b> Night<br/>\n                    <b>Scan: </b> 0.57 km<br/>\n                    <b>Track: </b> 0.43 km<br/>\n                    <b>FRP: </b> 1.69 MW<br/>\n                    <b>Brightness: </b> 310.92 K" }, "geometry": { "type": "Polygon", "coordinates": [ [ [ 83.19711, 67.55375 ], [ 83.20593, 67.55375 ], [ 83.20593, 67.55039 ], [ 83.19711, 67.55039 ], [ 83.19711, 67.55375 ] ] ] } },
{ "type": "Feature", "properties": { "sensor": "SUOMI-NPP", "description": "<b>Latitude: </b> 67.81988<br/> \n                    <b>Longitude: </b> 80.10732<br/> \n                    <b>Detection Time: </b> 2026-09-26 20:40 UTC<br/> \n                    <b>Sensor: </b> Suomi-NPP VIIRS<br/>\n                    <b>Confidence: </b> Nominal<br/> \n                    <b>Day/Night: </b> Night<br/>\n                    <b>Scan: </b> 0.45 km<br/>\n                    <b>Track: </b> 0.47 km<br/>\n                    <b>FRP: </b> 0.82 MW<br/>\n                    <b>Brightness: </b> 305 K" }, "geometry": { "type": "Polygon", "coordinates": [ [ [ 80.10286, 67.82156 ], [ 80.11178, 67.82156 ], [ 80.11178, 67.8182 ], [ 80.10286, 67.8182 ], [ 80.10286, 67.82156 ] ] ] } },
{ "type": "Feature", "properties": { "sensor": "SUOMI-NPP", "description": "<b>Latitude: </b> 67.83964<br/> \n                    <b>Longitude: </b> 58.92119<br/> \n                    <b>Detection Time: </b> 2026-09-26 20:40 UTC<br/> \n                    <b>Sensor: </b> Suomi-NPP VIIRS<br/>\n                    <b>Confidence: </b> Nominal<br/> \n                    <b>Day/Night: </b> Night<br/>\n                    <b>Scan: </b> 0.79 km<br/>\n                    <b>Track: </b> 0.78 km<br/>\n                    <b>FRP: </b> 2.48 MW<br/>\n                    <b>Brightness: </b> 312.13 K" }, "geometry": { "type": "Polygon", "coordinates": [ [ [ 58.91672, 67.84132 ], [ 58.92566, 67.84132 ], [ 58.92566, 67.83796 ], [ 58.91672, 67.83796 ], [ 58.91672, 67.84132 ] ] ] } },
{ "type": "Feature", "properties": { "sensor": "SUOMI-NPP", "description": "<b>Latitude: </b> 67.8373<br/> \n                    <b>Longitude: </b> 58.92173<br/> \n                    <b>Detection Time: </b> 2026-09-26 20:40 UTC<br/> \n                    <b>Sensor: </b> Suomi-NPP VIIRS<br/>\n                    <b>Confidence: </b> Nominal<br/> \n                    <b>Day/Night: </b> Night<br/>\n                    <b>Scan: </b> 0.79 km<br/>\n                    <b>Track: </b> 0.78 km<br/>\n                    <b>FRP: </b> 2.32 MW<br/>\n                    <b>Brightness: </b> 313.45 K" }, "geometry": { "type": "Polygon", "coordinates": [ [ [ 58.91727, 67.83898 ], [ 58.92619, 67.83898 ], [ 58.92619, 67.83562 ], [ 58.91727, 67.83562 ], [ 58.91727, 67.83898 ] ] ] } },
{ "type": "Feature", "properties": { "sensor": "SUOMI-NPP", "description": "<b>Latitude: </b> 51.9907<br/> \n                    <b>Longitude: </b> 106.59015<br/> \n                    <b>Detection Time: </b> 2026-09-26 19:04 UTC<br/> \n                    <b>Sensor: </b> Suomi-NPP VIIRS<br/>\n                    <b>Confidence: </b> Nominal<br/> \n                    <b>Day/Night: </b> Night<br/>\n                    <b>Scan: </b> 0.41 km<br/>\n                    <b>Track: </b> 0.37 km<br/>\n                    <b>FRP: </b> 1.08 MW<br/>\n                    <b>Brightness: </b> 295.53 K" }, "geometry": { "type": "Polygon", "coordinates": [ [ [ 106.58741, 51.99238 ], [ 106.59289, 51.99238 ], [ 106.59289, 51.98902 ], [ 106.58741, 51.98902 ], [ 106.58741, 51.99238 ] ] ] } },
{ "type": "Feature", "properties": { "sensor": "SUOMI-NPP", "description": "<b>Latitude: </b> 70.44348<br/> \n                    <b>Longitude: </b> 84.35836<br/> \n                    <b>Detection Time: </b> 2026-09-26 18:58 UTC<br/> \n                    <b>Sensor: </b> Suomi-NPP VIIRS<br/>\n                    <b>Confidence: </b> Nominal<br/> \n                    <b>Day/Night: </b> Night<br/>\n                    <b>Scan: </b> 0.73 km<br/>\n                    <b>Track: </b> 0.76 km<br/>\n                    <b>FRP: </b> 1.57 MW<br/>\n                    <b>Brightness: </b> 307.56 K" }, "geometry": { "type": "Polygon", "coordinates": [ [ [ 84.35333, 70.44516 ], [ 84.36339, 70.44516 ], [ 84.36339, 70.4418 ], [ 84.35333, 70.4418 ], [ 84.35333, 70.44516 ] ] ] } },
{ "type": "Feature", "properties": { "sensor": "SUOMI-NPP", "description": "<b>Latitude: </b> 70.44405<br/> \n                    <b>Longitude: </b> 84.3568<br/> \n                    <b>Detection Time: </b> 2026-09-26 18:58 UTC<br/> \n                    <b>Sensor: </b> Suomi-NPP VIIRS<br/>\n                    <b>Confidence: </b> Nominal<br/> \n                    <b>Day/Night: </b> Night<br/>\n                    <b>Scan: </b> 0.73 km<br/>\n                    <b>Track: </b> 0.76 km<br/>\n                    <b>FRP: </b> 1.6 MW<br/>\n                    <b>Brightness: </b> 306.28 K" }, "geometry": { "type": "Polygon", "coordinates": [ [ [ 84.35177, 70.44573 ], [ 84.36183, 70.44573 ], [ 84.36183, 70.44237 ], [ 84.35177, 70.44237 ], [ 84.35177, 70.44573 ] ] ] } },
{ "type": "Feature", "properties": { "sensor": "SUOMI-NPP", "description": "<b>Latitude: </b> 46.62852<br/> \n                    <b>Longitude: </b> 142.91422<br/> \n                    <b>Detection Time: </b> 2026-09-26 17:22 UTC<br/> \n                    <b>Sensor: </b> Suomi-NPP VIIRS<br/>\n                    <b>Confidence: </b> Nominal<br/> \n                    <b>Day/Night: </b> Night<br/>\n                    <b>Scan: </b> 0.5 km<br/>\n                    <b>Track: </b> 0.49 km<br/>\n                    <b>FRP: </b> 1.49 MW<br/>\n                    <b>Brightness: </b> 298.4 K" }, "geometry": { "type": "Polygon", "coordinates": [ [ [ 142.91177, 46.6302 ], [ 142.91667, 46.6302 ], [ 142.91667, 46.62684 ], [ 142.91177, 46.62684 ], [ 142.91177, 46.6302 ] ] ] } },
{ "type": "Feature", "properties": { "sensor": "SUOMI-NPP", "description": "<b>Latitude: </b> 46.62577<br/> \n                    <b>Longitude: </b> 142.90579<br/> \n                    <b>Detection Time: </b> 2026-09-26 17:22 UTC<br/> \n                    <b>Sensor: </b> Suomi-NPP VIIRS<br/>\n                    <b>Confidence: </b> Nominal<br/> \n                    <b>Day/Night: </b> Night<br/>\n                    <b>Scan: </b> 0.5 km<br/>\n                    <b>Track: </b> 0.49 km<br/>\n                    <b>FRP: </b> 1.72 MW<br/>\n                    <b>Brightness: </b> 296.85 K" }, "geometry": { "type": "Polygon", "coordinates": [ [ [ 142.90334, 46.62745 ], [ 142.90824, 46.62745 ], [ 142.90824, 46.62409 ], [ 142.90334, 46.62409 ], [ 142.90334, 46.62745 ] ] ] } },
{ "type": "Feature", "properties": { "sensor": "SUOMI-NPP", "description": "<b>Latitude: </b> 52.14053<br/> \n                    <b>Longitude: </b> 143.01382<br/> \n                    <b>Detection Time: </b> 2026-09-26 17:22 UTC<br/> \n                    <b>Sensor: </b> Suomi-NPP VIIRS<br/>\n                    <b>Confidence: </b> Nominal<br/> \n                    <b>Day/Night: </b> Night<br/>\n                    <b>Scan: </b> 0.55 km<br/>\n                    <b>Track: </b> 0.43 km<br/>\n                    <b>FRP: </b> 1.43 MW<br/>\n                    <b>Brightness: </b> 306.19 K" }, "geometry": { "type": "Polygon", "coordinates": [ [ [ 143.01108, 52.14221 ], [ 143.01656, 52.14221 ], [ 143.01656, 52.13885 ], [ 143.01108, 52.13885 ], [ 143.01108, 52.14221 ] ] ] } },
{ "type": "Feature", "properties": { "sensor": "SUOMI-NPP", "description": "<b>Latitude: </b> 52.18356<br/> \n                    <b>Longitude: </b> 143.06679<br/> \n                    <b>Detection Time: </b> 2026-09-26 17:22 UTC<br/> \n                    <b>Sensor: </b> Suomi-NPP VIIRS<br/>\n                    <b>Confidence: </b> Nominal<br/> \n                    <b>Day/Night: </b> Night<br/>\n                    <b>Scan: </b> 0.55 km<br/>\n                    <b>Track: </b> 0.43 km<br/>\n                    <b>FRP: </b> 1.28 MW<br/>\n                    <b>Brightness: </b> 300.23 K" }, "geometry": { "type": "Polygon", "coordinates": [ [ [ 143.06404, 52.18524 ], [ 143.06954, 52.18524 ], [ 143.06954, 52.18188 ], [ 143.06404, 52.18188 ], [ 143.06404, 52.18524 ] ] ] } },
{ "type": "Feature", "properties": { "sensor": "SUOMI-NPP", "description": "<b>Latitude: </b> 52.18331<br/> \n                    <b>Longitude: </b> 143.06473<br/> \n                    <b>Detection Time: </b> 2026-09-26 17:22 UTC<br/> \n                    <b>Sensor: </b> Suomi-NPP VIIRS<br/>\n                    <b>Confidence: </b> Nominal<br/> \n                    <b>Day/Night: </b> Night<br/>\n                    <b>Scan: </b> 0.55 km<br/>\n                    <b>Track: </b> 0.43 km<br/>\n                    <b>FRP: </b> 1.06 MW<br/>\n                    <b>Brightness: </b> 300.36 K" }, "geometry": { "type": "Polygon", "coordinates": [ [ [ 143.06198, 52.18499 ], [ 143.06748, 52.18499 ], [ 143.06748, 52.18163 ], [ 143.06198, 52.18163 ], [ 143.06198, 52.18499 ] ] ] } },
{ "type": "Feature", "properties": { "sensor": "SUOMI-NPP", "description": "<b>Latitude: </b> 52.51015<br/> \n                    <b>Longitude: </b> 143.18279<br/> \n                    <b>Detection Time: </b> 2026-09-26 17:22 UTC<br/> \n                    <b>Sensor: </b> Suomi-NPP VIIRS<br/>\n                    <b>Confidence: </b> Nominal<br/> \n                    <b>Day/Night: </b> Night<br/>\n                    <b>Scan: </b> 0.55 km<br/>\n                    <b>Track: </b> 0.42 km<br/>\n                    <b>FRP: </b> 1.91 MW<br/>\n                    <b>Brightness: </b> 304.68 K" }, "geometry": { "type": "Polygon", "coordinates": [ [ [ 143.18002, 52.51183 ], [ 143.18556, 52.51183 ], [ 143.18556, 52.50847 ], [ 143.18002, 52.50847 ], [ 143.18002, 52.51183 ] ] ] } },
{ "type": "Feature", "properties": { "sensor": "SUOMI-NPP", "description": "<b>Latitude: </b> 52.51384<br/> \n                    <b>Longitude: </b> 143.1851<br/> \n                    <b>Detection Time: </b> 2026-09-26 17:22 UTC<br/> \n                    <b>Sensor: </b> Suomi-NPP VIIRS<br/>\n                    <b>Confidence: </b> Nominal<br/> \n                    <b>Day/Night: </b> Night<br/>\n                    <b>Scan: </b> 0.55 km<br/>\n                    <b>Track: </b> 0.42 km<br/>\n                    <b>FRP: </b> 0.64 MW<br/>\n                    <b>Brightness: </b> 299.6 K" }, "geometry": { "type": "Polygon", "coordinates": [ [ [ 143.18233, 52.51552 ], [ 143.18787, 52.51552 ], [ 143.18787, 52.51216 ], [ 143.18233, 52.51216 ], [ 143.18233, 52.51552 ] ] ] } },
{ "type": "Feature", "properties": { "sensor": "SUOMI-NPP", "description": "<b>Latitude: </b> 53.20163<br/> \n                    <b>Longitude: </b> 143.24059<br/> \n                    <b>Detection Time: </b> 2026-09-26 17:22 UTC<br/> \n                    <b>Sensor: </b> Suomi-NPP VIIRS<br/>\n                    <b>Confidence: </b> Nominal<br/> \n                    <b>Day/Night: </b> Night<br/>\n                    <b>Scan: </b> 0.53 km<br/>\n                    <b>Track: </b> 0.42 km<br/>\n                    <b>FRP: </b> 3.39 MW<br/>\n                    <b>Brightness: </b> 323.32 K" }, "geometry": { "type": "Polygon", "coordinates": [ [ [ 143.23778, 53.20331 ], [ 143.2434, 53.20331 ], [ 143.2434, 53.19995 ], [ 143.23778, 53.19995 ], [ 143.23778, 53.20331 ] ] ] } },
{ "type": "Feature", "properties": { "sensor": "SUOMI-NPP", "description": "<b>Latitude: </b> 53.26469<br/> \n                    <b>Longitude: </b> 143.22002<br/> \n                    <b>Detection Time: </b> 2026-09-26 17:22 UTC<br/> \n                    <b>Sensor: </b> Suomi-NPP VIIRS<br/>\n                    <b>Confidence: </b> Nominal<br/> \n                    <b>Day/Night: </b> Night<br/>\n                    <b>Scan: </b> 0.53 km<br/>\n                    <b>Track: </b> 0.42 km<br/>\n                    <b>FRP: </b> 0.81 MW<br/>\n                    <b>Brightness: </b> 300.04 K" }, "geometry": { "type": "Polygon", "coordinates": [ [ [ 143.2172, 53.26637 ], [ 143.22284, 53.26637 ], [ 143.22284, 53.26301 ], [ 143.2172, 53.26301 ], [ 143.2172, 53.26637 ] ] ] } },
{ "type": "Feature", "properties": { "sensor": "SUOMI-NPP", "description": "<b>Latitude: </b> 57.63815<br/> \n                    <b>Longitude: </b> 135.68307<br/> \n                    <b>Detection Time: </b> 2026-09-26 17:20 UTC<br/> \n                    <b>Sensor: </b> Suomi-NPP VIIRS<br/>\n                    <b>Confidence: </b> Nominal<br/> \n                    <b>Day/Night: </b> Night<br/>\n                    <b>Scan: </b> 0.4 km<br/>\n                    <b>Track: </b> 0.37 km<br/>\n                    <b>FRP: </b> 1.52 MW<br/>\n                    <b>Brightness: </b> 309.5 K" }, "geometry": { "type": "Polygon", "coordinates": [ [ [ 135.67992, 57.63983 ], [ 135.68622, 57.63983 ], [ 135.68622, 57.63647 ], [ 135.67992, 57.63647 ], [ 135.67992, 57.63983 ] ] ] } },
{ "type": "Feature", "properties": { "sensor": "SUOMI-NPP", "description": "<b>Latitude: </b> 56.63864<br/> \n                    <b>Longitude: </b> 161.31923<br/> \n                    <b>Detection Time: </b> 2026-09-26 15:39 UTC<br/> \n                    <b>Sensor: </b> Suomi-NPP VIIRS<br/>\n                    <b>Confidence: </b> Nominal<br/> \n                    <b>Day/Night: </b> Night<br/>\n                    <b>Scan: </b> 0.39 km<br/>\n                    <b>Track: </b> 0.36 km<br/>\n                    <b>FRP: </b> 6.71 MW<br/>\n                    <b>Brightness: </b> 346.71 K" }, "geometry": { "type": "Polygon", "coordinates": [ [ [ 161.31617, 56.64032 ], [ 161.32229, 56.64032 ], [ 161.32229, 56.63696 ], [ 161.31617, 56.63696 ], [ 161.31617, 56.64032 ] ] ] } },
{ "type": "Feature", "properties": { "sensor": "SUOMI-NPP", "description": "<b>Latitude: </b> 53.14577<br/> \n                    <b>Longitude: </b> 143.25421<br/> \n                    <b>Detection Time: </b> 2026-09-26 15:39 UTC<br/> \n                    <b>Sensor: </b> Suomi-NPP VIIRS<br/>\n                    <b>Confidence: </b> Nominal<br/> \n                    <b>Day/Night: </b> Night<br/>\n                    <b>Scan: </b> 0.48 km<br/>\n                    <b>Track: </b> 0.64 km<br/>\n                    <b>FRP: </b> 0.32 MW<br/>\n                    <b>Brightness: </b> 296.39 K" }, "geometry": { "type": "Polygon", "coordinates": [ [ [ 143.2514, 53.14745 ], [ 143.25702, 53.14745 ], [ 143.25702, 53.14409 ], [ 143.2514, 53.14409 ], [ 143.2514, 53.14745 ] ] ] } },
{ "type": "Feature", "properties": { "sensor": "SUOMI-NPP", "description": "<b>Latitude: </b> 53.20058<br/> \n                    <b>Longitude: </b> 143.23802<br/> \n                    <b>Detection Time: </b> 2026-09-26 15:39 UTC<br/> \n                    <b>Sensor: </b> Suomi-NPP VIIRS<br/>\n                    <b>Confidence: </b> Nominal<br/> \n                    <b>Day/Night: </b> Night<br/>\n                    <b>Scan: </b> 0.48 km<br/>\n                    <b>Track: </b> 0.64 km<br/>\n                    <b>FRP: </b> 1.82 MW<br/>\n                    <b>Brightness: </b> 327.25 K" }, "geometry": { "type": "Polygon", "coordinates": [ [ [ 143.23521, 53.20226 ], [ 143.24083, 53.20226 ], [ 143.24083, 53.1989 ], [ 143.23521, 53.1989 ], [ 143.23521, 53.20226 ] ] ] } },
{ "type": "Feature", "properties": { "sensor": "SUOMI-NPP", "description": "<b>Latitude: </b> 53.20664<br/> \n                    <b>Longitude: </b> 143.23813<br/> \n                    <b>Detection Time: </b> 2026-09-26 15:39 UTC<br/> \n                    <b>Sensor: </b> Suomi-NPP VIIRS<br/>\n                    <b>Confidence: </b> Nominal<br/> \n                    <b>Day/Night: </b> Night<br/>\n                    <b>Scan: </b> 0.48 km<br/>\n                    <b>Track: </b> 0.64 km<br/>\n                    <b>FRP: </b> 1.82 MW<br/>\n                    <b>Brightness: </b> 318.9 K" }, "geometry": { "type": "Polygon", "coordinates": [ [ [ 143.23532, 53.20832 ], [ 143.24094, 53.20832 ], [ 143.24094, 53.20496 ], [ 143.23532, 53.20496 ], [ 143.23532, 53.20832 ] ] ] } },
{ "type": "Feature", "properties": { "sensor": "SUOMI-NPP", "description": "<b>Latitude: </b> 56.63955<br/> \n                    <b>Longitude: </b> 161.31303<br/> \n                    <b>Detection Time: </b> 2026-09-26 15:39 UTC<br/> \n                    <b>Sensor: </b> Suomi-NPP VIIRS<br/>\n                    <b>Confidence: </b> Nominal<br/> \n                    <b>Day/Night: </b> Night<br/>\n                    <b>Scan: </b> 0.39 km<br/>\n                    <b>Track: </b> 0.36 km<br/>\n                    <b>FRP: </b> 6.71 MW<br/>\n                    <b>Brightness: </b> 307.18 K" }, "geometry": { "type": "Polygon", "coordinates": [ [ [ 161.30997, 56.64123 ], [ 161.31609, 56.64123 ], [ 161.31609, 56.63787 ], [ 161.30997, 56.63787 ], [ 161.30997, 56.64123 ] ] ] } },
{ "type": "Feature", "properties": { "sensor": "SUOMI-NPP", "description": "<b>Latitude: </b> 52.51329<br/> \n                    <b>Longitude: </b> 143.18498<br/> \n                    <b>Detection Time: </b> 2026-09-26 15:39 UTC<br/> \n                    <b>Sensor: </b> Suomi-NPP VIIRS<br/>\n                    <b>Confidence: </b> Nominal<br/> \n                    <b>Day/Night: </b> Night<br/>\n                    <b>Scan: </b> 0.48 km<br/>\n                    <b>Track: </b> 0.64 km<br/>\n                    <b>FRP: </b> 1 MW<br/>\n                    <b>Brightness: </b> 302.78 K" }, "geometry": { "type": "Polygon", "coordinates": [ [ [ 143.18221, 52.51497 ], [ 143.18775, 52.51497 ], [ 143.18775, 52.51161 ], [ 143.18221, 52.51161 ], [ 143.18221, 52.51497 ] ] ] } },
{ "type": "Feature", "properties": { "sensor": "SUOMI-NPP", "description": "<b>Latitude: </b> 52.15901<br/> \n                    <b>Longitude: </b> 31.99107<br/> \n                    <b>Detection Time: </b> 2026-09-26 11:55 UTC<br/> \n                    <b>Sensor: </b> Suomi-NPP VIIRS<br/>\n                    <b>Confidence: </b> Nominal<br/> \n                    <b>Day/Night: </b> Day<br/>\n                    <b>Scan: </b> 0.51 km<br/>\n                    <b>Track: </b> 0.66 km<br/>\n                    <b>FRP: </b> 4.52 MW<br/>\n                    <b>Brightness: </b> 336.69 K" }, "geometry": { "type": "Polygon", "coordinates": [ [ [ 31.98832, 52.16069 ], [ 31.99382, 52.16069 ], [ 31.99382, 52.15733 ], [ 31.98832, 52.15733 ], [ 31.98832, 52.16069 ] ] ] } },
{ "type": "Feature", "properties": { "sensor": "SUOMI-NPP", "description": "<b>Latitude: </b> 52.15679<br/> \n                    <b>Longitude: </b> 31.98726<br/> \n                    <b>Detection Time: </b> 2026-09-26 11:55 UTC<br/> \n                    <b>Sensor: </b> Suomi-NPP VIIRS<br/>\n                    <b>Confidence: </b> Nominal<br/> \n                    <b>Day/Night: </b> Day<br/>\n                    <b>Scan: </b> 0.51 km<br/>\n                    <b>Track: </b> 0.66 km<br/>\n                    <b>FRP: </b> 4.4 MW<br/>\n                    <b>Brightness: </b> 336.52 K" }, "geometry": { "type": "Polygon", "coordinates": [ [ [ 31.98451, 52.15847 ], [ 31.99001, 52.15847 ], [ 31.99001, 52.15511 ], [ 31.98451, 52.15511 ], [ 31.98451, 52.15847 ] ] ] } },
{ "type": "Feature", "properties": { "sensor": "SUOMI-NPP", "description": "<b>Latitude: </b> 46.4589<br/> \n                    <b>Longitude: </b> 34.29897<br/> \n                    <b>Detection Time: </b> 2026-09-26 11:53 UTC<br/> \n                    <b>Sensor: </b> Suomi-NPP VIIRS<br/>\n                    <b>Confidence: </b> Nominal<br/> \n                    <b>Day/Night: </b> Day<br/>\n                    <b>Scan: </b> 0.62 km<br/>\n                    <b>Track: </b> 0.72 km<br/>\n                    <b>FRP: </b> 7.04 MW<br/>\n                    <b>Brightness: </b> 348.37 K" }, "geometry": { "type": "Polygon", "coordinates": [ [ [ 34.29652, 46.46058 ], [ 34.30142, 46.46058 ], [ 34.30142, 46.45722 ], [ 34.29652, 46.45722 ], [ 34.29652, 46.46058 ] ] ] } },
{ "type": "Feature", "properties": { "sensor": "SUOMI-NPP", "description": "<b>Latitude: </b> 46.45716<br/> \n                    <b>Longitude: </b> 34.30025<br/> \n                    <b>Detection Time: </b> 2026-09-26 11:53 UTC<br/> \n                    <b>Sensor: </b> Suomi-NPP VIIRS<br/>\n                    <b>Confidence: </b> Nominal<br/> \n                    <b>Day/Night: </b> Day<br/>\n                    <b>Scan: </b> 0.62 km<br/>\n                    <b>Track: </b> 0.72 km<br/>\n                    <b>FRP: </b> 6.56 MW<br/>\n                    <b>Brightness: </b> 346.8 K" }, "geometry": { "type": "Polygon", "coordinates": [ [ [ 34.29781, 46.45884 ], [ 34.30269, 46.45884 ], [ 34.30269, 46.45548 ], [ 34.29781, 46.45548 ], [ 34.29781, 46.45884 ] ] ] } },
{ "type": "Feature", "properties": { "sensor": "SUOMI-NPP", "description": "<b>Latitude: </b> 46.46563<br/> \n                    <b>Longitude: </b> 34.29899<br/> \n                    <b>Detection Time: </b> 2026-09-26 11:53 UTC<br/> \n                    <b>Sensor: </b> Suomi-NPP VIIRS<br/>\n                    <b>Confidence: </b> Nominal<br/> \n                    <b>Day/Night: </b> Day<br/>\n                    <b>Scan: </b> 0.62 km<br/>\n                    <b>Track: </b> 0.72 km<br/>\n                    <b>FRP: </b> 7.04 MW<br/>\n                    <b>Brightness: </b> 352.31 K" }, "geometry": { "type": "Polygon", "coordinates": [ [ [ 34.29654, 46.46731 ], [ 34.30144, 46.46731 ], [ 34.30144, 46.46395 ], [ 34.29654, 46.46395 ], [ 34.29654, 46.46731 ] ] ] } },
{ "type": "Feature", "properties": { "sensor": "SUOMI-NPP", "description": "<b>Latitude: </b> 46.46389<br/> \n                    <b>Longitude: </b> 34.30032<br/> \n                    <b>Detection Time: </b> 2026-09-26 11:53 UTC<br/> \n                    <b>Sensor: </b> Suomi-NPP VIIRS<br/>\n                    <b>Confidence: </b> Nominal<br/> \n                    <b>Day/Night: </b> Day<br/>\n                    <b>Scan: </b> 0.62 km<br/>\n                    <b>Track: </b> 0.72 km<br/>\n                    <b>FRP: </b> 10.57 MW<br/>\n                    <b>Brightness: </b> 349.07 K" }, "geometry": { "type": "Polygon", "coordinates": [ [ [ 34.29787, 46.46557 ], [ 34.30277, 46.46557 ], [ 34.30277, 46.46221 ], [ 34.29787, 46.46221 ], [ 34.29787, 46.46557 ] ] ] } },
{ "type": "Feature", "properties": { "sensor": "SUOMI-NPP", "description": "<b>Latitude: </b> 68.6455<br/> \n                    <b>Longitude: </b> 57.96469<br/> \n                    <b>Detection Time: </b> 2026-09-26 10:19 UTC<br/> \n                    <b>Sensor: </b> Suomi-NPP VIIRS<br/>\n                    <b>Confidence: </b> Nominal<br/> \n                    <b>Day/Night: </b> Day<br/>\n                    <b>Scan: </b> 0.53 km<br/>\n                    <b>Track: </b> 0.67 km<br/>\n                    <b>FRP: </b> 4.36 MW<br/>\n                    <b>Brightness: </b> 336.09 K" }, "geometry": { "type": "Polygon", "coordinates": [ [ [ 57.96006, 68.64718 ], [ 57.96932, 68.64718 ], [ 57.96932, 68.64382 ], [ 57.96006, 68.64382 ], [ 57.96006, 68.64718 ] ] ] } },
{ "type": "Feature", "properties": { "sensor": "SUOMI-NPP", "description": "<b>Latitude: </b> 65.04072<br/> \n                    <b>Longitude: </b> 56.66672<br/> \n                    <b>Detection Time: </b> 2026-09-26 10:17 UTC<br/> \n                    <b>Sensor: </b> Suomi-NPP VIIRS<br/>\n                    <b>Confidence: </b> Nominal<br/> \n                    <b>Day/Night: </b> Day<br/>\n                    <b>Scan: </b> 0.5 km<br/>\n                    <b>Track: </b> 0.66 km<br/>\n                    <b>FRP: </b> 5.11 MW<br/>\n                    <b>Brightness: </b> 341.19 K" }, "geometry": { "type": "Polygon", "coordinates": [ [ [ 56.66273, 65.0424 ], [ 56.67071, 65.0424 ], [ 56.67071, 65.03904 ], [ 56.66273, 65.03904 ], [ 56.66273, 65.0424 ] ] ] } },
{ "type": "Feature", "properties": { "sensor": "SUOMI-NPP", "description": "<b>Latitude: </b> 65.04185<br/> \n                    <b>Longitude: </b> 56.67552<br/> \n                    <b>Detection Time: </b> 2026-09-26 10:17 UTC<br/> \n                    <b>Sensor: </b> Suomi-NPP VIIRS<br/>\n                    <b>Confidence: </b> Nominal<br/> \n                    <b>Day/Night: </b> Day<br/>\n                    <b>Scan: </b> 0.5 km<br/>\n                    <b>Track: </b> 0.66 km<br/>\n                    <b>FRP: </b> 3.8 MW<br/>\n                    <b>Brightness: </b> 329.2 K" }, "geometry": { "type": "Polygon", "coordinates": [ [ [ 56.67153, 65.04353 ], [ 56.67951, 65.04353 ], [ 56.67951, 65.04017 ], [ 56.67153, 65.04017 ], [ 56.67153, 65.04353 ] ] ] } },
{ "type": "Feature", "properties": { "sensor": "SUOMI-NPP", "description": "<b>Latitude: </b> 53.37469<br/> \n                    <b>Longitude: </b> 53.96758<br/> \n                    <b>Detection Time: </b> 2026-09-26 10:15 UTC<br/> \n                    <b>Sensor: </b> Suomi-NPP VIIRS<br/>\n                    <b>Confidence: </b> Nominal<br/> \n                    <b>Day/Night: </b> Day<br/>\n                    <b>Scan: </b> 0.37 km<br/>\n                    <b>Track: </b> 0.58 km<br/>\n                    <b>FRP: </b> 3.54 MW<br/>\n                    <b>Brightness: </b> 325.3 K" }, "geometry": { "type": "Polygon", "coordinates": [ [ [ 53.96476, 53.37637 ], [ 53.9704, 53.37637 ], [ 53.9704, 53.37301 ], [ 53.96476, 53.37301 ], [ 53.96476, 53.37637 ] ] ] } },
{ "type": "Feature", "properties": { "sensor": "SUOMI-NPP", "description": "<b>Latitude: </b> 55.96789<br/> \n                    <b>Longitude: </b> 37.7515<br/> \n                    <b>Detection Time: </b> 2026-09-26 10:15 UTC<br/> \n                    <b>Sensor: </b> Suomi-NPP VIIRS<br/>\n                    <b>Confidence: </b> Nominal<br/> \n                    <b>Day/Night: </b> Day<br/>\n                    <b>Scan: </b> 0.38 km<br/>\n                    <b>Track: </b> 0.36 km<br/>\n                    <b>FRP: </b> 2.22 MW<br/>\n                    <b>Brightness: </b> 325.26 K" }, "geometry": { "type": "Polygon", "coordinates": [ [ [ 37.74849, 55.96957 ], [ 37.75451, 55.96957 ], [ 37.75451, 55.96621 ], [ 37.74849, 55.96621 ], [ 37.74849, 55.96957 ] ] ] } },
{ "type": "Feature", "properties": { "sensor": "SUOMI-NPP", "description": "<b>Latitude: </b> 54.59184<br/> \n                    <b>Longitude: </b> 38.03941<br/> \n                    <b>Detection Time: </b> 2026-09-26 10:15 UTC<br/> \n                    <b>Sensor: </b> Suomi-NPP VIIRS<br/>\n                    <b>Confidence: </b> Nominal<br/> \n                    <b>Day/Night: </b> Day<br/>\n                    <b>Scan: </b> 0.38 km<br/>\n                    <b>Track: </b> 0.36 km<br/>\n                    <b>FRP: </b> 3.22 MW<br/>\n                    <b>Brightness: </b> 335.73 K" }, "geometry": { "type": "Polygon", "coordinates": [ [ [ 38.0365, 54.59352 ], [ 38.04232, 54.59352 ], [ 38.04232, 54.59016 ], [ 38.0365, 54.59016 ], [ 38.0365, 54.59352 ] ] ] } },
{ "type": "Feature", "properties": { "sensor": "SUOMI-NPP", "description": "<b>Latitude: </b> 53.94676<br/> \n                    <b>Longitude: </b> 36.642<br/> \n                    <b>Detection Time: </b> 2026-09-26 10:15 UTC<br/> \n                    <b>Sensor: </b> Suomi-NPP VIIRS<br/>\n                    <b>Confidence: </b> Nominal<br/> \n                    <b>Day/Night: </b> Day<br/>\n                    <b>Scan: </b> 0.39 km<br/>\n                    <b>Track: </b> 0.36 km<br/>\n                    <b>FRP: </b> 2.29 MW<br/>\n                    <b>Brightness: </b> 327.74 K" }, "geometry": { "type": "Polygon", "coordinates": [ [ [ 36.63914, 53.94844 ], [ 36.64486, 53.94844 ], [ 36.64486, 53.94508 ], [ 36.63914, 53.94508 ], [ 36.63914, 53.94844 ] ] ] } },
{ "type": "Feature", "properties": { "sensor": "SUOMI-NPP", "description": "<b>Latitude: </b> 53.42362<br/> \n                    <b>Longitude: </b> 34.01983<br/> \n                    <b>Detection Time: </b> 2026-09-26 10:15 UTC<br/> \n                    <b>Sensor: </b> Suomi-NPP VIIRS<br/>\n                    <b>Confidence: </b> Nominal<br/> \n                    <b>Day/Night: </b> Day<br/>\n                    <b>Scan: </b> 0.44 km<br/>\n                    <b>Track: </b> 0.38 km<br/>\n                    <b>FRP: </b> 4.6 MW<br/>\n                    <b>Brightness: </b> 330.19 K" }, "geometry": { "type": "Polygon", "coordinates": [ [ [ 34.017, 53.4253 ], [ 34.02266, 53.4253 ], [ 34.02266, 53.42194 ], [ 34.017, 53.42194 ], [ 34.017, 53.4253 ] ] ] } },
{ "type": "Feature", "properties": { "sensor": "SUOMI-NPP", "description": "<b>Latitude: </b> 53.42488<br/> \n                    <b>Longitude: </b> 34.02618<br/> \n                    <b>Detection Time: </b> 2026-09-26 10:15 UTC<br/> \n                    <b>Sensor: </b> Suomi-NPP VIIRS<br/>\n                    <b>Confidence: </b> Nominal<br/> \n                    <b>Day/Night: </b> Day<br/>\n                    <b>Scan: </b> 0.44 km<br/>\n                    <b>Track: </b> 0.38 km<br/>\n                    <b>FRP: </b> 3.88 MW<br/>\n                    <b>Brightness: </b> 326.62 K" }, "geometry": { "type": "Polygon", "coordinates": [ [ [ 34.02335, 53.42656 ], [ 34.02901, 53.42656 ], [ 34.02901, 53.4232 ], [ 34.02335, 53.4232 ], [ 34.02335, 53.42656 ] ] ] } },
{ "type": "Feature", "properties": { "sensor": "SUOMI-NPP", "description": "<b>Latitude: </b> 52.61838<br/> \n                    <b>Longitude: </b> 34.38824<br/> \n                    <b>Detection Time: </b> 2026-09-26 10:15 UTC<br/> \n                    <b>Sensor: </b> Suomi-NPP VIIRS<br/>\n                    <b>Confidence: </b> Nominal<br/> \n                    <b>Day/Night: </b> Day<br/>\n                    <b>Scan: </b> 0.44 km<br/>\n                    <b>Track: </b> 0.38 km<br/>\n                    <b>FRP: </b> 2.63 MW<br/>\n                    <b>Brightness: </b> 325.63 K" }, "geometry": { "type": "Polygon", "coordinates": [ [ [ 34.38547, 52.62006 ], [ 34.39101, 52.62006 ], [ 34.39101, 52.6167 ], [ 34.38547, 52.6167 ], [ 34.38547, 52.62006 ] ] ] } },
{ "type": "Feature", "properties": { "sensor": "SUOMI-NPP", "description": "<b>Latitude: </b> 52.35955<br/> \n                    <b>Longitude: </b> 34.10066<br/> \n                    <b>Detection Time: </b> 2026-09-26 10:15 UTC<br/> \n                    <b>Sensor: </b> Suomi-NPP VIIRS<br/>\n                    <b>Confidence: </b> Nominal<br/> \n                    <b>Day/Night: </b> Day<br/>\n                    <b>Scan: </b> 0.45 km<br/>\n                    <b>Track: </b> 0.39 km<br/>\n                    <b>FRP: </b> 7.43 MW<br/>\n                    <b>Brightness: </b> 335.18 K" }, "geometry": { "type": "Polygon", "coordinates": [ [ [ 34.0979, 52.36123 ], [ 34.10342, 52.36123 ], [ 34.10342, 52.35787 ], [ 34.0979, 52.35787 ], [ 34.0979, 52.36123 ] ] ] } },
{ "type": "Feature", "properties": { "sensor": "SUOMI-NPP", "description": "<b>Latitude: </b> 52.35611<br/> \n                    <b>Longitude: </b> 34.1025<br/> \n                    <b>Detection Time: </b> 2026-09-26 10:15 UTC<br/> \n                    <b>Sensor: </b> Suomi-NPP VIIRS<br/>\n                    <b>Confidence: </b> Nominal<br/> \n                    <b>Day/Night: </b> Day<br/>\n                    <b>Scan: </b> 0.45 km<br/>\n                    <b>Track: </b> 0.39 km<br/>\n                    <b>FRP: </b> 7.43 MW<br/>\n                    <b>Brightness: </b> 339.92 K" }, "geometry": { "type": "Polygon", "coordinates": [ [ [ 34.09974, 52.35779 ], [ 34.10526, 52.35779 ], [ 34.10526, 52.35443 ], [ 34.09974, 52.35443 ], [ 34.09974, 52.35779 ] ] ] } },
{ "type": "Feature", "properties": { "sensor": "SUOMI-NPP", "description": "<b>Latitude: </b> 52.15677<br/> \n                    <b>Longitude: </b> 33.96066<br/> \n                    <b>Detection Time: </b> 2026-09-26 10:15 UTC<br/> \n                    <b>Sensor: </b> Suomi-NPP VIIRS<br/>\n                    <b>Confidence: </b> Nominal<br/> \n                    <b>Day/Night: </b> Day<br/>\n                    <b>Scan: </b> 0.46 km<br/>\n                    <b>Track: </b> 0.39 km<br/>\n                    <b>FRP: </b> 5.03 MW<br/>\n                    <b>Brightness: </b> 329.68 K" }, "geometry": { "type": "Polygon", "coordinates": [ [ [ 33.95791, 52.15845 ], [ 33.96341, 52.15845 ], [ 33.96341, 52.15509 ], [ 33.95791, 52.15509 ], [ 33.95791, 52.15845 ] ] ] } },
{ "type": "Feature", "properties": { "sensor": "SUOMI-NPP", "description": "<b>Latitude: </b> 52.15331<br/> \n                    <b>Longitude: </b> 33.96252<br/> \n                    <b>Detection Time: </b> 2026-09-26 10:15 UTC<br/> \n                    <b>Sensor: </b> Suomi-NPP VIIRS<br/>\n                    <b>Confidence: </b> Nominal<br/> \n                    <b>Day/Night: </b> Day<br/>\n                    <b>Scan: </b> 0.46 km<br/>\n                    <b>Track: </b> 0.39 km<br/>\n                    <b>FRP: </b> 3.98 MW<br/>\n                    <b>Brightness: </b> 328.73 K" }, "geometry": { "type": "Polygon", "coordinates": [ [ [ 33.95977, 52.15499 ], [ 33.96527, 52.15499 ], [ 33.96527, 52.15163 ], [ 33.95977, 52.15163 ], [ 33.95977, 52.15499 ] ] ] } },
{ "type": "Feature", "properties": { "sensor": "SUOMI-NPP", "description": "<b>Latitude: </b> 52.55971<br/> \n                    <b>Longitude: </b> 39.57622<br/> \n                    <b>Detection Time: </b> 2026-09-26 10:15 UTC<br/> \n                    <b>Sensor: </b> Suomi-NPP VIIRS<br/>\n                    <b>Confidence: </b> Nominal<br/> \n                    <b>Day/Night: </b> Day<br/>\n                    <b>Scan: </b> 0.39 km<br/>\n                    <b>Track: </b> 0.36 km<br/>\n                    <b>FRP: </b> 8.86 MW<br/>\n                    <b>Brightness: </b> 326.69 K" }, "geometry": { "type": "Polygon", "coordinates": [ [ [ 39.57345, 52.56139 ], [ 39.57899, 52.56139 ], [ 39.57899, 52.55803 ], [ 39.57345, 52.55803 ], [ 39.57345, 52.56139 ] ] ] } },
{ "type": "Feature", "properties": { "sensor": "SUOMI-NPP", "description": "<b>Latitude: </b> 52.55561<br/> \n                    <b>Longitude: </b> 39.57195<br/> \n                    <b>Detection Time: </b> 2026-09-26 10:15 UTC<br/> \n                    <b>Sensor: </b> Suomi-NPP VIIRS<br/>\n                    <b>Confidence: </b> Nominal<br/> \n                    <b>Day/Night: </b> Day<br/>\n                    <b>Scan: </b> 0.39 km<br/>\n                    <b>Track: </b> 0.36 km<br/>\n                    <b>FRP: </b> 8.86 MW<br/>\n                    <b>Brightness: </b> 344.26 K" }, "geometry": { "type": "Polygon", "coordinates": [ [ [ 39.56918, 52.55729 ], [ 39.57472, 52.55729 ], [ 39.57472, 52.55393 ], [ 39.56918, 52.55393 ], [ 39.56918, 52.55729 ] ] ] } },
{ "type": "Feature", "properties": { "sensor": "SUOMI-NPP", "description": "<b>Latitude: </b> 52.55645<br/> \n                    <b>Longitude: </b> 39.57754<br/> \n                    <b>Detection Time: </b> 2026-09-26 10:15 UTC<br/> \n                    <b>Sensor: </b> Suomi-NPP VIIRS<br/>\n                    <b>Confidence: </b> Nominal<br/> \n                    <b>Day/Night: </b> Day<br/>\n                    <b>Scan: </b> 0.39 km<br/>\n                    <b>Track: </b> 0.36 km<br/>\n                    <b>FRP: </b> 8.86 MW<br/>\n                    <b>Brightness: </b> 335.19 K" }, "geometry": { "type": "Polygon", "coordinates": [ [ [ 39.57477, 52.55813 ], [ 39.58031, 52.55813 ], [ 39.58031, 52.55477 ], [ 39.57477, 52.55477 ], [ 39.57477, 52.55813 ] ] ] } },
{ "type": "Feature", "properties": { "sensor": "SUOMI-NPP", "description": "<b>Latitude: </b> 52.56432<br/> \n                    <b>Longitude: </b> 39.69908<br/> \n                    <b>Detection Time: </b> 2026-09-26 10:15 UTC<br/> \n                    <b>Sensor: </b> Suomi-NPP VIIRS<br/>\n                    <b>Confidence: </b> Nominal<br/> \n                    <b>Day/Night: </b> Day<br/>\n                    <b>Scan: </b> 0.39 km<br/>\n                    <b>Track: </b> 0.36 km<br/>\n                    <b>FRP: </b> 4.21 MW<br/>\n                    <b>Brightness: </b> 333.63 K" }, "geometry": { "type": "Polygon", "coordinates": [ [ [ 39.69631, 52.566 ], [ 39.70185, 52.566 ], [ 39.70185, 52.56264 ], [ 39.69631, 52.56264 ], [ 39.69631, 52.566 ] ] ] } },
{ "type": "Feature", "properties": { "sensor": "SUOMI-NPP", "description": "<b>Latitude: </b> 52.54846<br/> \n                    <b>Longitude: </b> 39.61639<br/> \n                    <b>Detection Time: </b> 2026-09-26 10:15 UTC<br/> \n                    <b>Sensor: </b> Suomi-NPP VIIRS<br/>\n                    <b>Confidence: </b> Nominal<br/> \n                    <b>Day/Night: </b> Day<br/>\n                    <b>Scan: </b> 0.39 km<br/>\n                    <b>Track: </b> 0.36 km<br/>\n                    <b>FRP: </b> 2.33 MW<br/>\n                    <b>Brightness: </b> 327.57 K" }, "geometry": { "type": "Polygon", "coordinates": [ [ [ 39.61362, 52.55014 ], [ 39.61916, 52.55014 ], [ 39.61916, 52.54678 ], [ 39.61362, 52.54678 ], [ 39.61362, 52.55014 ] ] ] } },
{ "type": "Feature", "properties": { "sensor": "SUOMI-NPP", "description": "<b>Latitude: </b> 50.52563<br/> \n                    <b>Longitude: </b> 29.61388<br/> \n                    <b>Detection Time: </b> 2026-09-26 10:15 UTC<br/> \n                    <b>Sensor: </b> Suomi-NPP VIIRS<br/>\n                    <b>Confidence: </b> Nominal<br/> \n                    <b>Day/Night: </b> Day<br/>\n                    <b>Scan: </b> 0.47 km<br/>\n                    <b>Track: </b> 0.48 km<br/>\n                    <b>FRP: </b> 2.74 MW<br/>\n                    <b>Brightness: </b> 330.96 K" }, "geometry": { "type": "Polygon", "coordinates": [ [ [ 29.61123, 50.52731 ], [ 29.61653, 50.52731 ], [ 29.61653, 50.52395 ], [ 29.61123, 50.52395 ], [ 29.61123, 50.52731 ] ] ] } },
{ "type": "Feature", "properties": { "sensor": "SUOMI-NPP", "description": "<b>Latitude: </b> 53.45741<br/> \n                    <b>Longitude: </b> 59.03074<br/> \n                    <b>Detection Time: </b> 2026-09-26 10:15 UTC<br/> \n                    <b>Sensor: </b> Suomi-NPP VIIRS<br/>\n                    <b>Confidence: </b> Nominal<br/> \n                    <b>Day/Night: </b> Day<br/>\n                    <b>Scan: </b> 0.6 km<br/>\n                    <b>Track: </b> 0.71 km<br/>\n                    <b>FRP: </b> 4.91 MW<br/>\n                    <b>Brightness: </b> 327.88 K" }, "geometry": { "type": "Polygon", "coordinates": [ [ [ 59.02791, 53.45909 ], [ 59.03357, 53.45909 ], [ 59.03357, 53.45573 ], [ 59.02791, 53.45573 ], [ 59.02791, 53.45909 ] ] ] } },
{ "type": "Feature", "properties": { "sensor": "SUOMI-NPP", "description": "<b>Latitude: </b> 53.36911<br/> \n                    <b>Longitude: </b> 53.96257<br/> \n                    <b>Detection Time: </b> 2026-09-26 10:15 UTC<br/> \n                    <b>Sensor: </b> Suomi-NPP VIIRS<br/>\n                    <b>Confidence: </b> Nominal<br/> \n                    <b>Day/Night: </b> Day<br/>\n                    <b>Scan: </b> 0.37 km<br/>\n                    <b>Track: </b> 0.58 km<br/>\n                    <b>FRP: </b> 3.54 MW<br/>\n                    <b>Brightness: </b> 330.61 K" }, "geometry": { "type": "Polygon", "coordinates": [ [ [ 53.95975, 53.37079 ], [ 53.96539, 53.37079 ], [ 53.96539, 53.36743 ], [ 53.95975, 53.36743 ], [ 53.95975, 53.37079 ] ] ] } },
{ "type": "Feature", "properties": { "sensor": "SUOMI-NPP", "description": "<b>Latitude: </b> 53.45723<br/> \n                    <b>Longitude: </b> 59.04046<br/> \n                    <b>Detection Time: </b> 2026-09-26 10:15 UTC<br/> \n                    <b>Sensor: </b> Suomi-NPP VIIRS<br/>\n                    <b>Confidence: </b> Nominal<br/> \n                    <b>Day/Night: </b> Day<br/>\n                    <b>Scan: </b> 0.6 km<br/>\n                    <b>Track: </b> 0.71 km<br/>\n                    <b>FRP: </b> 4.91 MW<br/>\n                    <b>Brightness: </b> 336.18 K" }, "geometry": { "type": "Polygon", "coordinates": [ [ [ 59.03763, 53.45891 ], [ 59.04329, 53.45891 ], [ 59.04329, 53.45555 ], [ 59.03763, 53.45555 ], [ 59.03763, 53.45891 ] ] ] } },
{ "type": "Feature", "properties": { "sensor": "SUOMI-NPP", "description": "<b>Latitude: </b> 53.45396<br/> \n                    <b>Longitude: </b> 59.03434<br/> \n                    <b>Detection Time: </b> 2026-09-26 10:15 UTC<br/> \n                    <b>Sensor: </b> Suomi-NPP VIIRS<br/>\n                    <b>Confidence: </b> Nominal<br/> \n                    <b>Day/Night: </b> Day<br/>\n                    <b>Scan: </b> 0.6 km<br/>\n                    <b>Track: </b> 0.71 km<br/>\n                    <b>FRP: </b> 9.13 MW<br/>\n                    <b>Brightness: </b> 344.34 K" }, "geometry": { "type": "Polygon", "coordinates": [ [ [ 59.03151, 53.45564 ], [ 59.03717, 53.45564 ], [ 59.03717, 53.45228 ], [ 59.03151, 53.45228 ], [ 59.03151, 53.45564 ] ] ] } },
{ "type": "Feature", "properties": { "sensor": "SUOMI-NPP", "description": "<b>Latitude: </b> 53.37485<br/> \n                    <b>Longitude: </b> 53.9734<br/> \n                    <b>Detection Time: </b> 2026-09-26 10:15 UTC<br/> \n                    <b>Sensor: </b> Suomi-NPP VIIRS<br/>\n                    <b>Confidence: </b> Nominal<br/> \n                    <b>Day/Night: </b> Day<br/>\n                    <b>Scan: </b> 0.37 km<br/>\n                    <b>Track: </b> 0.58 km<br/>\n                    <b>FRP: </b> 4.11 MW<br/>\n                    <b>Brightness: </b> 339.2 K" }, "geometry": { "type": "Polygon", "coordinates": [ [ [ 53.97058, 53.37653 ], [ 53.97622, 53.37653 ], [ 53.97622, 53.37317 ], [ 53.97058, 53.37317 ], [ 53.97058, 53.37653 ] ] ] } },
{ "type": "Feature", "properties": { "sensor": "SUOMI-NPP", "description": "<b>Latitude: </b> 53.37997<br/> \n                    <b>Longitude: </b> 53.96068<br/> \n                    <b>Detection Time: </b> 2026-09-26 10:15 UTC<br/> \n                    <b>Sensor: </b> Suomi-NPP VIIRS<br/>\n                    <b>Confidence: </b> Nominal<br/> \n                    <b>Day/Night: </b> Day<br/>\n                    <b>Scan: </b> 0.37 km<br/>\n                    <b>Track: </b> 0.58 km<br/>\n                    <b>FRP: </b> 4.52 MW<br/>\n                    <b>Brightness: </b> 330.28 K" }, "geometry": { "type": "Polygon", "coordinates": [ [ [ 53.95786, 53.38165 ], [ 53.9635, 53.38165 ], [ 53.9635, 53.37829 ], [ 53.95786, 53.37829 ], [ 53.95786, 53.38165 ] ] ] } },
{ "type": "Feature", "properties": { "sensor": "SUOMI-NPP", "description": "<b>Latitude: </b> 53.38028<br/> \n                    <b>Longitude: </b> 53.97247<br/> \n                    <b>Detection Time: </b> 2026-09-26 10:15 UTC<br/> \n                    <b>Sensor: </b> Suomi-NPP VIIRS<br/>\n                    <b>Confidence: </b> High<br/> \n                    <b>Day/Night: </b> Day<br/>\n                    <b>Scan: </b> 0.37 km<br/>\n                    <b>Track: </b> 0.58 km<br/>\n                    <b>FRP: </b> 11.14 MW<br/>\n                    <b>Brightness: </b> 367 K" }, "geometry": { "type": "Polygon", "coordinates": [ [ [ 53.96965, 53.38196 ], [ 53.97529, 53.38196 ], [ 53.97529, 53.3786 ], [ 53.96965, 53.3786 ], [ 53.96965, 53.38196 ] ] ] } },
{ "type": "Feature", "properties": { "sensor": "SUOMI-NPP", "description": "<b>Latitude: </b> 53.37454<br/> \n                    <b>Longitude: </b> 53.96172<br/> \n                    <b>Detection Time: </b> 2026-09-26 10:15 UTC<br/> \n                    <b>Sensor: </b> Suomi-NPP VIIRS<br/>\n                    <b>Confidence: </b> Nominal<br/> \n                    <b>Day/Night: </b> Day<br/>\n                    <b>Scan: </b> 0.37 km<br/>\n                    <b>Track: </b> 0.58 km<br/>\n                    <b>FRP: </b> 3.54 MW<br/>\n                    <b>Brightness: </b> 355.21 K" }, "geometry": { "type": "Polygon", "coordinates": [ [ [ 53.9589, 53.37622 ], [ 53.96454, 53.37622 ], [ 53.96454, 53.37286 ], [ 53.9589, 53.37286 ], [ 53.9589, 53.37622 ] ] ] } },
{ "type": "Feature", "properties": { "sensor": "SUOMI-NPP", "description": "<b>Latitude: </b> 53.01228<br/> \n                    <b>Longitude: </b> 54.82813<br/> \n                    <b>Detection Time: </b> 2026-09-26 10:13 UTC<br/> \n                    <b>Sensor: </b> Suomi-NPP VIIRS<br/>\n                    <b>Confidence: </b> Nominal<br/> \n                    <b>Day/Night: </b> Day<br/>\n                    <b>Scan: </b> 0.4 km<br/>\n                    <b>Track: </b> 0.6 km<br/>\n                    <b>FRP: </b> 4.64 MW<br/>\n                    <b>Brightness: </b> 336.06 K" }, "geometry": { "type": "Polygon", "coordinates": [ [ [ 54.82533, 53.01396 ], [ 54.83093, 53.01396 ], [ 54.83093, 53.0106 ], [ 54.82533, 53.0106 ], [ 54.82533, 53.01396 ] ] ] } },
{ "type": "Feature", "properties": { "sensor": "SUOMI-NPP", "description": "<b>Latitude: </b> 51.81218<br/> \n                    <b>Longitude: </b> 52.54829<br/> \n                    <b>Detection Time: </b> 2026-09-26 10:13 UTC<br/> \n                    <b>Sensor: </b> Suomi-NPP VIIRS<br/>\n                    <b>Confidence: </b> Nominal<br/> \n                    <b>Day/Night: </b> Day<br/>\n                    <b>Scan: </b> 0.64 km<br/>\n                    <b>Track: </b> 0.54 km<br/>\n                    <b>FRP: </b> 5.4 MW<br/>\n                    <b>Brightness: </b> 332.61 K" }, "geometry": { "type": "Polygon", "coordinates": [ [ [ 52.54557, 51.81386 ], [ 52.55101, 51.81386 ], [ 52.55101, 51.8105 ], [ 52.54557, 51.8105 ], [ 52.54557, 51.81386 ] ] ] } },
{ "type": "Feature", "properties": { "sensor": "SUOMI-NPP", "description": "<b>Latitude: </b> 51.87489<br/> \n                    <b>Longitude: </b> 54.74906<br/> \n                    <b>Detection Time: </b> 2026-09-26 10:13 UTC<br/> \n                    <b>Sensor: </b> Suomi-NPP VIIRS<br/>\n                    <b>Confidence: </b> High<br/> \n                    <b>Day/Night: </b> Day<br/>\n                    <b>Scan: </b> 0.4 km<br/>\n                    <b>Track: </b> 0.6 km<br/>\n                    <b>FRP: </b> 15.62 MW<br/>\n                    <b>Brightness: </b> 367 K" }, "geometry": { "type": "Polygon", "coordinates": [ [ [ 54.74633, 51.87657 ], [ 54.75179, 51.87657 ], [ 54.75179, 51.87321 ], [ 54.74633, 51.87321 ], [ 54.74633, 51.87657 ] ] ] } },
{ "type": "Feature", "properties": { "sensor": "SUOMI-NPP", "description": "<b>Latitude: </b> 51.87153<br/> \n                    <b>Longitude: </b> 54.74711<br/> \n                    <b>Detection Time: </b> 2026-09-26 10:13 UTC<br/> \n                    <b>Sensor: </b> Suomi-NPP VIIRS<br/>\n                    <b>Confidence: </b> Nominal<br/> \n                    <b>Day/Night: </b> Day<br/>\n                    <b>Scan: </b> 0.39 km<br/>\n                    <b>Track: </b> 0.6 km<br/>\n                    <b>FRP: </b> 7.66 MW<br/>\n                    <b>Brightness: </b> 357.02 K" }, "geometry": { "type": "Polygon", "coordinates": [ [ [ 54.74438, 51.87321 ], [ 54.74984, 51.87321 ], [ 54.74984, 51.86985 ], [ 54.74438, 51.86985 ], [ 54.74438, 51.87321 ] ] ] } },
{ "type": "Feature", "properties": { "sensor": "SUOMI-NPP", "description": "<b>Latitude: </b> 51.87183<br/> \n                    <b>Longitude: </b> 54.75862<br/> \n                    <b>Detection Time: </b> 2026-09-26 10:13 UTC<br/> \n                    <b>Sensor: </b> Suomi-NPP VIIRS<br/>\n                    <b>Confidence: </b> Nominal<br/> \n                    <b>Day/Night: </b> Day<br/>\n                    <b>Scan: </b> 0.4 km<br/>\n                    <b>Track: </b> 0.6 km<br/>\n                    <b>FRP: </b> 6.26 MW<br/>\n                    <b>Brightness: </b> 326.71 K" }, "geometry": { "type": "Polygon", "coordinates": [ [ [ 54.75589, 51.87351 ], [ 54.76135, 51.87351 ], [ 54.76135, 51.87015 ], [ 54.75589, 51.87015 ], [ 54.75589, 51.87351 ] ] ] } },
{ "type": "Feature", "properties": { "sensor": "SUOMI-NPP", "description": "<b>Latitude: </b> 51.87168<br/> \n                    <b>Longitude: </b> 54.75283<br/> \n                    <b>Detection Time: </b> 2026-09-26 10:13 UTC<br/> \n                    <b>Sensor: </b> Suomi-NPP VIIRS<br/>\n                    <b>Confidence: </b> High<br/> \n                    <b>Day/Night: </b> Day<br/>\n                    <b>Scan: </b> 0.39 km<br/>\n                    <b>Track: </b> 0.6 km<br/>\n                    <b>FRP: </b> 7.66 MW<br/>\n                    <b>Brightness: </b> 367 K" }, "geometry": { "type": "Polygon", "coordinates": [ [ [ 54.7501, 51.87336 ], [ 54.75556, 51.87336 ], [ 54.75556, 51.87 ], [ 54.7501, 51.87 ], [ 54.7501, 51.87336 ] ] ] } },
{ "type": "Feature", "properties": { "sensor": "SUOMI-NPP", "description": "<b>Latitude: </b> 51.60642<br/> \n                    <b>Longitude: </b> 52.93109<br/> \n                    <b>Detection Time: </b> 2026-09-26 10:13 UTC<br/> \n                    <b>Sensor: </b> Suomi-NPP VIIRS<br/>\n                    <b>Confidence: </b> Nominal<br/> \n                    <b>Day/Night: </b> Day<br/>\n                    <b>Scan: </b> 0.33 km<br/>\n                    <b>Track: </b> 0.55 km<br/>\n                    <b>FRP: </b> 7 MW<br/>\n                    <b>Brightness: </b> 348.56 K" }, "geometry": { "type": "Polygon", "coordinates": [ [ [ 52.92838, 51.6081 ], [ 52.9338, 51.6081 ], [ 52.9338, 51.60474 ], [ 52.92838, 51.60474 ], [ 52.92838, 51.6081 ] ] ] } },
{ "type": "Feature", "properties": { "sensor": "SUOMI-NPP", "description": "<b>Latitude: </b> 51.60127<br/> \n                    <b>Longitude: </b> 52.93165<br/> \n                    <b>Detection Time: </b> 2026-09-26 10:13 UTC<br/> \n                    <b>Sensor: </b> Suomi-NPP VIIRS<br/>\n                    <b>Confidence: </b> High<br/> \n                    <b>Day/Night: </b> Day<br/>\n                    <b>Scan: </b> 0.33 km<br/>\n                    <b>Track: </b> 0.55 km<br/>\n                    <b>FRP: </b> 7 MW<br/>\n                    <b>Brightness: </b> 367 K" }, "geometry": { "type": "Polygon", "coordinates": [ [ [ 52.92894, 51.60295 ], [ 52.93436, 51.60295 ], [ 52.93436, 51.59959 ], [ 52.92894, 51.59959 ], [ 52.92894, 51.60295 ] ] ] } },
{ "type": "Feature", "properties": { "sensor": "SUOMI-NPP", "description": "<b>Latitude: </b> 51.56795<br/> \n                    <b>Longitude: </b> 52.75142<br/> \n                    <b>Detection Time: </b> 2026-09-26 10:13 UTC<br/> \n                    <b>Sensor: </b> Suomi-NPP VIIRS<br/>\n                    <b>Confidence: </b> Nominal<br/> \n                    <b>Day/Night: </b> Day<br/>\n                    <b>Scan: </b> 0.32 km<br/>\n                    <b>Track: </b> 0.55 km<br/>\n                    <b>FRP: </b> 4.6 MW<br/>\n                    <b>Brightness: </b> 350.69 K" }, "geometry": { "type": "Polygon", "coordinates": [ [ [ 52.74871, 51.56963 ], [ 52.75413, 51.56963 ], [ 52.75413, 51.56627 ], [ 52.74871, 51.56627 ], [ 52.74871, 51.56963 ] ] ] } },
{ "type": "Feature", "properties": { "sensor": "SUOMI-NPP", "description": "<b>Latitude: </b> 51.56836<br/> \n                    <b>Longitude: </b> 52.76096<br/> \n                    <b>Detection Time: </b> 2026-09-26 10:13 UTC<br/> \n                    <b>Sensor: </b> Suomi-NPP VIIRS<br/>\n                    <b>Confidence: </b> Nominal<br/> \n                    <b>Day/Night: </b> Day<br/>\n                    <b>Scan: </b> 0.32 km<br/>\n                    <b>Track: </b> 0.55 km<br/>\n                    <b>FRP: </b> 3.02 MW<br/>\n                    <b>Brightness: </b> 342.59 K" }, "geometry": { "type": "Polygon", "coordinates": [ [ [ 52.75825, 51.57004 ], [ 52.76367, 51.57004 ], [ 52.76367, 51.56668 ], [ 52.75825, 51.56668 ], [ 52.75825, 51.57004 ] ] ] } },
{ "type": "Feature", "properties": { "sensor": "SUOMI-NPP", "description": "<b>Latitude: </b> 51.56285<br/> \n                    <b>Longitude: </b> 52.75196<br/> \n                    <b>Detection Time: </b> 2026-09-26 10:13 UTC<br/> \n                    <b>Sensor: </b> Suomi-NPP VIIRS<br/>\n                    <b>Confidence: </b> Nominal<br/> \n                    <b>Day/Night: </b> Day<br/>\n                    <b>Scan: </b> 0.32 km<br/>\n                    <b>Track: </b> 0.55 km<br/>\n                    <b>FRP: </b> 4.6 MW<br/>\n                    <b>Brightness: </b> 343.91 K" }, "geometry": { "type": "Polygon", "coordinates": [ [ [ 52.74925, 51.56453 ], [ 52.75467, 51.56453 ], [ 52.75467, 51.56117 ], [ 52.74925, 51.56117 ], [ 52.74925, 51.56453 ] ] ] } },
{ "type": "Feature", "properties": { "sensor": "SUOMI-NPP", "description": "<b>Latitude: </b> 51.59938<br/> \n                    <b>Longitude: </b> 55.13933<br/> \n                    <b>Detection Time: </b> 2026-09-26 10:13 UTC<br/> \n                    <b>Sensor: </b> Suomi-NPP VIIRS<br/>\n                    <b>Confidence: </b> Nominal<br/> \n                    <b>Day/Night: </b> Day<br/>\n                    <b>Scan: </b> 0.41 km<br/>\n                    <b>Track: </b> 0.61 km<br/>\n                    <b>FRP: </b> 2.68 MW<br/>\n                    <b>Brightness: </b> 336.18 K" }, "geometry": { "type": "Polygon", "coordinates": [ [ [ 55.13662, 51.60106 ], [ 55.14204, 51.60106 ], [ 55.14204, 51.5977 ], [ 55.13662, 51.5977 ], [ 55.13662, 51.60106 ] ] ] } },
{ "type": "Feature", "properties": { "sensor": "SUOMI-NPP", "description": "<b>Latitude: </b> 47.52716<br/> \n                    <b>Longitude: </b> 30.79914<br/> \n                    <b>Detection Time: </b> 2026-09-26 10:13 UTC<br/> \n                    <b>Sensor: </b> Suomi-NPP VIIRS<br/>\n                    <b>Confidence: </b> Nominal<br/> \n                    <b>Day/Night: </b> Day<br/>\n                    <b>Scan: </b> 0.51 km<br/>\n                    <b>Track: </b> 0.49 km<br/>\n                    <b>FRP: </b> 4.15 MW<br/>\n                    <b>Brightness: </b> 336.26 K" }, "geometry": { "type": "Polygon", "coordinates": [ [ [ 30.79665, 47.52884 ], [ 30.80163, 47.52884 ], [ 30.80163, 47.52548 ], [ 30.79665, 47.52548 ], [ 30.79665, 47.52884 ] ] ] } },
{ "type": "Feature", "properties": { "sensor": "SUOMI-NPP", "description": "<b>Latitude: </b> 47.52284<br/> \n                    <b>Longitude: </b> 30.80152<br/> \n                    <b>Detection Time: </b> 2026-09-26 10:13 UTC<br/> \n                    <b>Sensor: </b> Suomi-NPP VIIRS<br/>\n                    <b>Confidence: </b> Nominal<br/> \n                    <b>Day/Night: </b> Day<br/>\n                    <b>Scan: </b> 0.51 km<br/>\n                    <b>Track: </b> 0.49 km<br/>\n                    <b>FRP: </b> 4.15 MW<br/>\n                    <b>Brightness: </b> 326.34 K" }, "geometry": { "type": "Polygon", "coordinates": [ [ [ 30.79903, 47.52452 ], [ 30.80401, 47.52452 ], [ 30.80401, 47.52116 ], [ 30.79903, 47.52116 ], [ 30.79903, 47.52452 ] ] ] } },
{ "type": "Feature", "properties": { "sensor": "SUOMI-NPP", "description": "<b>Latitude: </b> 48.39738<br/> \n                    <b>Longitude: </b> 36.85748<br/> \n                    <b>Detection Time: </b> 2026-09-26 10:13 UTC<br/> \n                    <b>Sensor: </b> Suomi-NPP VIIRS<br/>\n                    <b>Confidence: </b> Nominal<br/> \n                    <b>Day/Night: </b> Day<br/>\n                    <b>Scan: </b> 0.44 km<br/>\n                    <b>Track: </b> 0.38 km<br/>\n                    <b>FRP: </b> 3.96 MW<br/>\n                    <b>Brightness: </b> 331.91 K" }, "geometry": { "type": "Polygon", "coordinates": [ [ [ 36.85494, 48.39906 ], [ 36.86002, 48.39906 ], [ 36.86002, 48.3957 ], [ 36.85494, 48.3957 ], [ 36.85494, 48.39906 ] ] ] } },
{ "type": "Feature", "properties": { "sensor": "SUOMI-NPP", "description": "<b>Latitude: </b> 48.39396<br/> \n                    <b>Longitude: </b> 36.85897<br/> \n                    <b>Detection Time: </b> 2026-09-26 10:13 UTC<br/> \n                    <b>Sensor: </b> Suomi-NPP VIIRS<br/>\n                    <b>Confidence: </b> Nominal<br/> \n                    <b>Day/Night: </b> Day<br/>\n                    <b>Scan: </b> 0.44 km<br/>\n                    <b>Track: </b> 0.38 km<br/>\n                    <b>FRP: </b> 3.96 MW<br/>\n                    <b>Brightness: </b> 341.63 K" }, "geometry": { "type": "Polygon", "coordinates": [ [ [ 36.85643, 48.39564 ], [ 36.86151, 48.39564 ], [ 36.86151, 48.39228 ], [ 36.85643, 48.39228 ], [ 36.85643, 48.39564 ] ] ] } },
{ "type": "Feature", "properties": { "sensor": "SUOMI-NPP", "description": "<b>Latitude: </b> 48.36425<br/> \n                    <b>Longitude: </b> 37.87363<br/> \n                    <b>Detection Time: </b> 2026-09-26 10:13 UTC<br/> \n                    <b>Sensor: </b> Suomi-NPP VIIRS<br/>\n                    <b>Confidence: </b> Nominal<br/> \n                    <b>Day/Night: </b> Day<br/>\n                    <b>Scan: </b> 0.41 km<br/>\n                    <b>Track: </b> 0.37 km<br/>\n                    <b>FRP: </b> 5.12 MW<br/>\n                    <b>Brightness: </b> 327.33 K" }, "geometry": { "type": "Polygon", "coordinates": [ [ [ 37.87109, 48.36593 ], [ 37.87617, 48.36593 ], [ 37.87617, 48.36257 ], [ 37.87109, 48.36257 ], [ 37.87109, 48.36593 ] ] ] } },
{ "type": "Feature", "properties": { "sensor": "SUOMI-NPP", "description": "<b>Latitude: </b> 48.36526<br/> \n                    <b>Longitude: </b> 37.87912<br/> \n                    <b>Detection Time: </b> 2026-09-26 10:13 UTC<br/> \n                    <b>Sensor: </b> Suomi-NPP VIIRS<br/>\n                    <b>Confidence: </b> Nominal<br/> \n                    <b>Day/Night: </b> Day<br/>\n                    <b>Scan: </b> 0.41 km<br/>\n                    <b>Track: </b> 0.37 km<br/>\n                    <b>FRP: </b> 5.19 MW<br/>\n                    <b>Brightness: </b> 329.89 K" }, "geometry": { "type": "Polygon", "coordinates": [ [ [ 37.87658, 48.36694 ], [ 37.88166, 48.36694 ], [ 37.88166, 48.36358 ], [ 37.87658, 48.36358 ], [ 37.87658, 48.36694 ] ] ] } },
{ "type": "Feature", "properties": { "sensor": "SUOMI-NPP", "description": "<b>Latitude: </b> 46.39487<br/> \n                    <b>Longitude: </b> 39.82641<br/> \n                    <b>Detection Time: </b> 2026-09-26 10:13 UTC<br/> \n                    <b>Sensor: </b> Suomi-NPP VIIRS<br/>\n                    <b>Confidence: </b> Nominal<br/> \n                    <b>Day/Night: </b> Day<br/>\n                    <b>Scan: </b> 0.4 km<br/>\n                    <b>Track: </b> 0.37 km<br/>\n                    <b>FRP: </b> 4.57 MW<br/>\n                    <b>Brightness: </b> 347.9 K" }, "geometry": { "type": "Polygon", "coordinates": [ [ [ 39.82397, 46.39655 ], [ 39.82885, 46.39655 ], [ 39.82885, 46.39319 ], [ 39.82397, 46.39319 ], [ 39.82397, 46.39655 ] ] ] } },
{ "type": "Feature", "properties": { "sensor": "SUOMI-NPP", "description": "<b>Latitude: </b> 46.39575<br/> \n                    <b>Longitude: </b> 39.83149<br/> \n                    <b>Detection Time: </b> 2026-09-26 10:13 UTC<br/> \n                    <b>Sensor: </b> Suomi-NPP VIIRS<br/>\n                    <b>Confidence: </b> Nominal<br/> \n                    <b>Day/Night: </b> Day<br/>\n                    <b>Scan: </b> 0.4 km<br/>\n                    <b>Track: </b> 0.37 km<br/>\n                    <b>FRP: </b> 4.57 MW<br/>\n                    <b>Brightness: </b> 328.86 K" }, "geometry": { "type": "Polygon", "coordinates": [ [ [ 39.82905, 46.39743 ], [ 39.83393, 46.39743 ], [ 39.83393, 46.39407 ], [ 39.82905, 46.39407 ], [ 39.82905, 46.39743 ] ] ] } },
{ "type": "Feature", "properties": { "sensor": "SUOMI-NPP", "description": "<b>Latitude: </b> 45.99582<br/> \n                    <b>Longitude: </b> 38.87434<br/> \n                    <b>Detection Time: </b> 2026-09-26 10:13 UTC<br/> \n                    <b>Sensor: </b> Suomi-NPP VIIRS<br/>\n                    <b>Confidence: </b> Nominal<br/> \n                    <b>Day/Night: </b> Day<br/>\n                    <b>Scan: </b> 0.42 km<br/>\n                    <b>Track: </b> 0.37 km<br/>\n                    <b>FRP: </b> 2.69 MW<br/>\n                    <b>Brightness: </b> 328.73 K" }, "geometry": { "type": "Polygon", "coordinates": [ [ [ 38.87192, 45.9975 ], [ 38.87676, 45.9975 ], [ 38.87676, 45.99414 ], [ 38.87192, 45.99414 ], [ 38.87192, 45.9975 ] ] ] } },
{ "type": "Feature", "properties": { "sensor": "SUOMI-NPP", "description": "<b>Latitude: </b> 45.61857<br/> \n                    <b>Longitude: </b> 37.94012<br/> \n                    <b>Detection Time: </b> 2026-09-26 10:13 UTC<br/> \n                    <b>Sensor: </b> Suomi-NPP VIIRS<br/>\n                    <b>Confidence: </b> Nominal<br/> \n                    <b>Day/Night: </b> Day<br/>\n                    <b>Scan: </b> 0.45 km<br/>\n                    <b>Track: </b> 0.39 km<br/>\n                    <b>FRP: </b> 3.19 MW<br/>\n                    <b>Brightness: </b> 331.11 K" }, "geometry": { "type": "Polygon", "coordinates": [ [ [ 37.93771, 45.62025 ], [ 37.94253, 45.62025 ], [ 37.94253, 45.61689 ], [ 37.93771, 45.61689 ], [ 37.93771, 45.62025 ] ] ] } },
{ "type": "Feature", "properties": { "sensor": "SUOMI-NPP", "description": "<b>Latitude: </b> 45.70279<br/> \n                    <b>Longitude: </b> 38.59623<br/> \n                    <b>Detection Time: </b> 2026-09-26 10:13 UTC<br/> \n                    <b>Sensor: </b> Suomi-NPP VIIRS<br/>\n                    <b>Confidence: </b> Nominal<br/> \n                    <b>Day/Night: </b> Day<br/>\n                    <b>Scan: </b> 0.43 km<br/>\n                    <b>Track: </b> 0.38 km<br/>\n                    <b>FRP: </b> 2.97 MW<br/>\n                    <b>Brightness: </b> 338.98 K" }, "geometry": { "type": "Polygon", "coordinates": [ [ [ 38.59382, 45.70447 ], [ 38.59864, 45.70447 ], [ 38.59864, 45.70111 ], [ 38.59382, 45.70111 ], [ 38.59382, 45.70447 ] ] ] } },
{ "type": "Feature", "properties": { "sensor": "SUOMI-NPP", "description": "<b>Latitude: </b> 45.46849<br/> \n                    <b>Longitude: </b> 37.86326<br/> \n                    <b>Detection Time: </b> 2026-09-26 10:13 UTC<br/> \n                    <b>Sensor: </b> Suomi-NPP VIIRS<br/>\n                    <b>Confidence: </b> Nominal<br/> \n                    <b>Day/Night: </b> Day<br/>\n                    <b>Scan: </b> 0.45 km<br/>\n                    <b>Track: </b> 0.39 km<br/>\n                    <b>FRP: </b> 19.2 MW<br/>\n                    <b>Brightness: </b> 347.84 K" }, "geometry": { "type": "Polygon", "coordinates": [ [ [ 37.86086, 45.47017 ], [ 37.86566, 45.47017 ], [ 37.86566, 45.46681 ], [ 37.86086, 45.46681 ], [ 37.86086, 45.47017 ] ] ] } },
{ "type": "Feature", "properties": { "sensor": "SUOMI-NPP", "description": "<b>Latitude: </b> 45.25197<br/> \n                    <b>Longitude: </b> 37.74309<br/> \n                    <b>Detection Time: </b> 2026-09-26 10:13 UTC<br/> \n                    <b>Sensor: </b> Suomi-NPP VIIRS<br/>\n                    <b>Confidence: </b> Nominal<br/> \n                    <b>Day/Night: </b> Day<br/>\n                    <b>Scan: </b> 0.46 km<br/>\n                    <b>Track: </b> 0.39 km<br/>\n                    <b>FRP: </b> 2.61 MW<br/>\n                    <b>Brightness: </b> 328.87 K" }, "geometry": { "type": "Polygon", "coordinates": [ [ [ 37.7407, 45.25365 ], [ 37.74548, 45.25365 ], [ 37.74548, 45.25029 ], [ 37.7407, 45.25029 ], [ 37.7407, 45.25365 ] ] ] } },
{ "type": "Feature", "properties": { "sensor": "SUOMI-NPP", "description": "<b>Latitude: </b> 45.25309<br/> \n                    <b>Longitude: </b> 37.74878<br/> \n                    <b>Detection Time: </b> 2026-09-26 10:13 UTC<br/> \n                    <b>Sensor: </b> Suomi-NPP VIIRS<br/>\n                    <b>Confidence: </b> Nominal<br/> \n                    <b>Day/Night: </b> Day<br/>\n                    <b>Scan: </b> 0.46 km<br/>\n                    <b>Track: </b> 0.39 km<br/>\n                    <b>FRP: </b> 14.35 MW<br/>\n                    <b>Brightness: </b> 347.9 K" }, "geometry": { "type": "Polygon", "coordinates": [ [ [ 37.74639, 45.25477 ], [ 37.75117, 45.25477 ], [ 37.75117, 45.25141 ], [ 37.74639, 45.25141 ], [ 37.74639, 45.25477 ] ] ] } },
{ "type": "Feature", "properties": { "sensor": "SUOMI-NPP", "description": "<b>Latitude: </b> 45.24959<br/> \n                    <b>Longitude: </b> 37.75016<br/> \n                    <b>Detection Time: </b> 2026-09-26 10:13 UTC<br/> \n                    <b>Sensor: </b> Suomi-NPP VIIRS<br/>\n                    <b>Confidence: </b> Nominal<br/> \n                    <b>Day/Night: </b> Day<br/>\n                    <b>Scan: </b> 0.46 km<br/>\n                    <b>Track: </b> 0.39 km<br/>\n                    <b>FRP: </b> 14.35 MW<br/>\n                    <b>Brightness: </b> 351.2 K" }, "geometry": { "type": "Polygon", "coordinates": [ [ [ 37.74777, 45.25127 ], [ 37.75255, 45.25127 ], [ 37.75255, 45.24791 ], [ 37.74777, 45.24791 ], [ 37.74777, 45.25127 ] ] ] } },
{ "type": "Feature", "properties": { "sensor": "SUOMI-NPP", "description": "<b>Latitude: </b> 45.2423<br/> \n                    <b>Longitude: </b> 37.78972<br/> \n                    <b>Detection Time: </b> 2026-09-26 10:13 UTC<br/> \n                    <b>Sensor: </b> Suomi-NPP VIIRS<br/>\n                    <b>Confidence: </b> Nominal<br/> \n                    <b>Day/Night: </b> Day<br/>\n                    <b>Scan: </b> 0.46 km<br/>\n                    <b>Track: </b> 0.39 km<br/>\n                    <b>FRP: </b> 3.77 MW<br/>\n                    <b>Brightness: </b> 335.51 K" }, "geometry": { "type": "Polygon", "coordinates": [ [ [ 37.78733, 45.24398 ], [ 37.79211, 45.24398 ], [ 37.79211, 45.24062 ], [ 37.78733, 45.24062 ], [ 37.78733, 45.24398 ] ] ] } },
{ "type": "Feature", "properties": { "sensor": "SUOMI-NPP", "description": "<b>Latitude: </b> 45.25569<br/> \n                    <b>Longitude: </b> 37.85762<br/> \n                    <b>Detection Time: </b> 2026-09-26 10:13 UTC<br/> \n                    <b>Sensor: </b> Suomi-NPP VIIRS<br/>\n                    <b>Confidence: </b> Nominal<br/> \n                    <b>Day/Night: </b> Day<br/>\n                    <b>Scan: </b> 0.45 km<br/>\n                    <b>Track: </b> 0.39 km<br/>\n                    <b>FRP: </b> 10.34 MW<br/>\n                    <b>Brightness: </b> 341.03 K" }, "geometry": { "type": "Polygon", "coordinates": [ [ [ 37.85523, 45.25737 ], [ 37.86001, 45.25737 ], [ 37.86001, 45.25401 ], [ 37.85523, 45.25401 ], [ 37.85523, 45.25737 ] ] ] } },
{ "type": "Feature", "properties": { "sensor": "SUOMI-NPP", "description": "<b>Latitude: </b> 45.25679<br/> \n                    <b>Longitude: </b> 37.86327<br/> \n                    <b>Detection Time: </b> 2026-09-26 10:13 UTC<br/> \n                    <b>Sensor: </b> Suomi-NPP VIIRS<br/>\n                    <b>Confidence: </b> Nominal<br/> \n                    <b>Day/Night: </b> Day<br/>\n                    <b>Scan: </b> 0.45 km<br/>\n                    <b>Track: </b> 0.39 km<br/>\n                    <b>FRP: </b> 10.34 MW<br/>\n                    <b>Brightness: </b> 342.09 K" }, "geometry": { "type": "Polygon", "coordinates": [ [ [ 37.86088, 45.25847 ], [ 37.86566, 45.25847 ], [ 37.86566, 45.25511 ], [ 37.86088, 45.25511 ], [ 37.86088, 45.25847 ] ] ] } },
{ "type": "Feature", "properties": { "sensor": "SUOMI-NPP", "description": "<b>Latitude: </b> 45.2578<br/> \n                    <b>Longitude: </b> 37.85881<br/> \n                    <b>Detection Time: </b> 2026-09-26 10:13 UTC<br/> \n                    <b>Sensor: </b> Suomi-NPP VIIRS<br/>\n                    <b>Confidence: </b> Nominal<br/> \n                    <b>Day/Night: </b> Day<br/>\n                    <b>Scan: </b> 0.45 km<br/>\n                    <b>Track: </b> 0.39 km<br/>\n                    <b>FRP: </b> 6.09 MW<br/>\n                    <b>Brightness: </b> 343.54 K" }, "geometry": { "type": "Polygon", "coordinates": [ [ [ 37.85642, 45.25948 ], [ 37.8612, 45.25948 ], [ 37.8612, 45.25612 ], [ 37.85642, 45.25612 ], [ 37.85642, 45.25948 ] ] ] } },
{ "type": "Feature", "properties": { "sensor": "SUOMI-NPP", "description": "<b>Latitude: </b> 45.24007<br/> \n                    <b>Longitude: </b> 37.78647<br/> \n                    <b>Detection Time: </b> 2026-09-26 10:13 UTC<br/> \n                    <b>Sensor: </b> Suomi-NPP VIIRS<br/>\n                    <b>Confidence: </b> Nominal<br/> \n                    <b>Day/Night: </b> Day<br/>\n                    <b>Scan: </b> 0.46 km<br/>\n                    <b>Track: </b> 0.39 km<br/>\n                    <b>FRP: </b> 6.15 MW<br/>\n                    <b>Brightness: </b> 334.94 K" }, "geometry": { "type": "Polygon", "coordinates": [ [ [ 37.78408, 45.24175 ], [ 37.78886, 45.24175 ], [ 37.78886, 45.23839 ], [ 37.78408, 45.23839 ], [ 37.78408, 45.24175 ] ] ] } },
{ "type": "Feature", "properties": { "sensor": "SUOMI-NPP", "description": "<b>Latitude: </b> 45.25431<br/> \n                    <b>Longitude: </b> 37.86018<br/> \n                    <b>Detection Time: </b> 2026-09-26 10:13 UTC<br/> \n                    <b>Sensor: </b> Suomi-NPP VIIRS<br/>\n                    <b>Confidence: </b> Nominal<br/> \n                    <b>Day/Night: </b> Day<br/>\n                    <b>Scan: </b> 0.45 km<br/>\n                    <b>Track: </b> 0.39 km<br/>\n                    <b>FRP: </b> 16.03 MW<br/>\n                    <b>Brightness: </b> 346.88 K" }, "geometry": { "type": "Polygon", "coordinates": [ [ [ 37.85779, 45.25599 ], [ 37.86257, 45.25599 ], [ 37.86257, 45.25263 ], [ 37.85779, 45.25263 ], [ 37.85779, 45.25599 ] ] ] } },
{ "type": "Feature", "properties": { "sensor": "SUOMI-NPP", "description": "<b>Latitude: </b> 45.23987<br/> \n                    <b>Longitude: </b> 37.80488<br/> \n                    <b>Detection Time: </b> 2026-09-26 10:13 UTC<br/> \n                    <b>Sensor: </b> Suomi-NPP VIIRS<br/>\n                    <b>Confidence: </b> Nominal<br/> \n                    <b>Day/Night: </b> Day<br/>\n                    <b>Scan: </b> 0.46 km<br/>\n                    <b>Track: </b> 0.39 km<br/>\n                    <b>FRP: </b> 3.75 MW<br/>\n                    <b>Brightness: </b> 340.24 K" }, "geometry": { "type": "Polygon", "coordinates": [ [ [ 37.80249, 45.24155 ], [ 37.80727, 45.24155 ], [ 37.80727, 45.23819 ], [ 37.80249, 45.23819 ], [ 37.80249, 45.24155 ] ] ] } },
{ "type": "Feature", "properties": { "sensor": "SUOMI-NPP", "description": "<b>Latitude: </b> 45.23637<br/> \n                    <b>Longitude: </b> 37.80624<br/> \n                    <b>Detection Time: </b> 2026-09-26 10:13 UTC<br/> \n                    <b>Sensor: </b> Suomi-NPP VIIRS<br/>\n                    <b>Confidence: </b> Nominal<br/> \n                    <b>Day/Night: </b> Day<br/>\n                    <b>Scan: </b> 0.46 km<br/>\n                    <b>Track: </b> 0.39 km<br/>\n                    <b>FRP: </b> 3.54 MW<br/>\n                    <b>Brightness: </b> 335.48 K" }, "geometry": { "type": "Polygon", "coordinates": [ [ [ 37.80385, 45.23805 ], [ 37.80863, 45.23805 ], [ 37.80863, 45.23469 ], [ 37.80385, 45.23469 ], [ 37.80385, 45.23805 ] ] ] } },
{ "type": "Feature", "properties": { "sensor": "SUOMI-NPP", "description": "<b>Latitude: </b> 45.17175<br/> \n                    <b>Longitude: </b> 37.74577<br/> \n                    <b>Detection Time: </b> 2026-09-26 10:13 UTC<br/> \n                    <b>Sensor: </b> Suomi-NPP VIIRS<br/>\n                    <b>Confidence: </b> Nominal<br/> \n                    <b>Day/Night: </b> Day<br/>\n                    <b>Scan: </b> 0.46 km<br/>\n                    <b>Track: </b> 0.39 km<br/>\n                    <b>FRP: </b> 2.6 MW<br/>\n                    <b>Brightness: </b> 327.48 K" }, "geometry": { "type": "Polygon", "coordinates": [ [ [ 37.74338, 45.17343 ], [ 37.74816, 45.17343 ], [ 37.74816, 45.17007 ], [ 37.74338, 45.17007 ], [ 37.74338, 45.17343 ] ] ] } },
{ "type": "Feature", "properties": { "sensor": "SUOMI-NPP", "description": "<b>Latitude: </b> 45.17287<br/> \n                    <b>Longitude: </b> 37.75147<br/> \n                    <b>Detection Time: </b> 2026-09-26 10:13 UTC<br/> \n                    <b>Sensor: </b> Suomi-NPP VIIRS<br/>\n                    <b>Confidence: </b> Nominal<br/> \n                    <b>Day/Night: </b> Day<br/>\n                    <b>Scan: </b> 0.46 km<br/>\n                    <b>Track: </b> 0.39 km<br/>\n                    <b>FRP: </b> 7.64 MW<br/>\n                    <b>Brightness: </b> 340.31 K" }, "geometry": { "type": "Polygon", "coordinates": [ [ [ 37.74908, 45.17455 ], [ 37.75386, 45.17455 ], [ 37.75386, 45.17119 ], [ 37.74908, 45.17119 ], [ 37.74908, 45.17455 ] ] ] } },
{ "type": "Feature", "properties": { "sensor": "SUOMI-NPP", "description": "<b>Latitude: </b> 45.16936<br/> \n                    <b>Longitude: </b> 37.75285<br/> \n                    <b>Detection Time: </b> 2026-09-26 10:13 UTC<br/> \n                    <b>Sensor: </b> Suomi-NPP VIIRS<br/>\n                    <b>Confidence: </b> Nominal<br/> \n                    <b>Day/Night: </b> Day<br/>\n                    <b>Scan: </b> 0.46 km<br/>\n                    <b>Track: </b> 0.39 km<br/>\n                    <b>FRP: </b> 7.64 MW<br/>\n                    <b>Brightness: </b> 346.63 K" }, "geometry": { "type": "Polygon", "coordinates": [ [ [ 37.75046, 45.17104 ], [ 37.75524, 45.17104 ], [ 37.75524, 45.16768 ], [ 37.75046, 45.16768 ], [ 37.75046, 45.17104 ] ] ] } },
{ "type": "Feature", "properties": { "sensor": "SUOMI-NPP", "description": "<b>Latitude: </b> 45.18843<br/> \n                    <b>Longitude: </b> 37.9464<br/> \n                    <b>Detection Time: </b> 2026-09-26 10:13 UTC<br/> \n                    <b>Sensor: </b> Suomi-NPP VIIRS<br/>\n                    <b>Confidence: </b> Nominal<br/> \n                    <b>Day/Night: </b> Day<br/>\n                    <b>Scan: </b> 0.45 km<br/>\n                    <b>Track: </b> 0.39 km<br/>\n                    <b>FRP: </b> 2.9 MW<br/>\n                    <b>Brightness: </b> 332.06 K" }, "geometry": { "type": "Polygon", "coordinates": [ [ [ 37.94401, 45.19011 ], [ 37.94879, 45.19011 ], [ 37.94879, 45.18675 ], [ 37.94401, 45.18675 ], [ 37.94401, 45.19011 ] ] ] } },
{ "type": "Feature", "properties": { "sensor": "SUOMI-NPP", "description": "<b>Latitude: </b> 45.18385<br/> \n                    <b>Longitude: </b> 37.94213<br/> \n                    <b>Detection Time: </b> 2026-09-26 10:13 UTC<br/> \n                    <b>Sensor: </b> Suomi-NPP VIIRS<br/>\n                    <b>Confidence: </b> Nominal<br/> \n                    <b>Day/Night: </b> Day<br/>\n                    <b>Scan: </b> 0.45 km<br/>\n                    <b>Track: </b> 0.39 km<br/>\n                    <b>FRP: </b> 2.9 MW<br/>\n                    <b>Brightness: </b> 335.31 K" }, "geometry": { "type": "Polygon", "coordinates": [ [ [ 37.93974, 45.18553 ], [ 37.94452, 45.18553 ], [ 37.94452, 45.18217 ], [ 37.93974, 45.18217 ], [ 37.93974, 45.18553 ] ] ] } },
{ "type": "Feature", "properties": { "sensor": "SUOMI-NPP", "description": "<b>Latitude: </b> 44.91239<br/> \n                    <b>Longitude: </b> 41.29157<br/> \n                    <b>Detection Time: </b> 2026-09-26 10:13 UTC<br/> \n                    <b>Sensor: </b> Suomi-NPP VIIRS<br/>\n                    <b>Confidence: </b> Nominal<br/> \n                    <b>Day/Night: </b> Day<br/>\n                    <b>Scan: </b> 0.39 km<br/>\n                    <b>Track: </b> 0.36 km<br/>\n                    <b>FRP: </b> 1.82 MW<br/>\n                    <b>Brightness: </b> 327.68 K" }, "geometry": { "type": "Polygon", "coordinates": [ [ [ 41.28919, 44.91407 ], [ 41.29395, 44.91407 ], [ 41.29395, 44.91071 ], [ 41.28919, 44.91071 ], [ 41.28919, 44.91407 ] ] ] } },
{ "type": "Feature", "properties": { "sensor": "SUOMI-NPP", "description": "<b>Latitude: </b> 43.84279<br/> \n                    <b>Longitude: </b> 47.00104<br/> \n                    <b>Detection Time: </b> 2026-09-26 10:11 UTC<br/> \n                    <b>Sensor: </b> Suomi-NPP VIIRS<br/>\n                    <b>Confidence: </b> Nominal<br/> \n                    <b>Day/Night: </b> Day<br/>\n                    <b>Scan: </b> 0.46 km<br/>\n                    <b>Track: </b> 0.39 km<br/>\n                    <b>FRP: </b> 4.55 MW<br/>\n                    <b>Brightness: </b> 338.73 K" }, "geometry": { "type": "Polygon", "coordinates": [ [ [ 46.9987, 43.84447 ], [ 47.00338, 43.84447 ], [ 47.00338, 43.84111 ], [ 46.9987, 43.84111 ], [ 46.9987, 43.84447 ] ] ] } },
{ "type": "Feature", "properties": { "sensor": "SUOMI-NPP", "description": "<b>Latitude: </b> 43.84306<br/> \n                    <b>Longitude: </b> 46.99899<br/> \n                    <b>Detection Time: </b> 2026-09-26 10:11 UTC<br/> \n                    <b>Sensor: </b> Suomi-NPP VIIRS<br/>\n                    <b>Confidence: </b> Nominal<br/> \n                    <b>Day/Night: </b> Day<br/>\n                    <b>Scan: </b> 0.46 km<br/>\n                    <b>Track: </b> 0.39 km<br/>\n                    <b>FRP: </b> 4.44 MW<br/>\n                    <b>Brightness: </b> 335.36 K" }, "geometry": { "type": "Polygon", "coordinates": [ [ [ 46.99665, 43.84474 ], [ 47.00133, 43.84474 ], [ 47.00133, 43.84138 ], [ 46.99665, 43.84138 ], [ 46.99665, 43.84474 ] ] ] } },
{ "type": "Feature", "properties": { "sensor": "SUOMI-NPP", "description": "<b>Latitude: </b> 43.84732<br/> \n                    <b>Longitude: </b> 47.00393<br/> \n                    <b>Detection Time: </b> 2026-09-26 10:11 UTC<br/> \n                    <b>Sensor: </b> Suomi-NPP VIIRS<br/>\n                    <b>Confidence: </b> Nominal<br/> \n                    <b>Day/Night: </b> Day<br/>\n                    <b>Scan: </b> 0.46 km<br/>\n                    <b>Track: </b> 0.39 km<br/>\n                    <b>FRP: </b> 7.88 MW<br/>\n                    <b>Brightness: </b> 334.21 K" }, "geometry": { "type": "Polygon", "coordinates": [ [ [ 47.00159, 43.849 ], [ 47.00627, 43.849 ], [ 47.00627, 43.84564 ], [ 47.00159, 43.84564 ], [ 47.00159, 43.849 ] ] ] } },
{ "type": "Feature", "properties": { "sensor": "NOAA-20", "description": "<b>Latitude: </b> 51.21807<br/> \n                    <b>Longitude: </b> 58.34334<br/> \n                    <b>Detection Time: </b> 2026-09-26 21:06 UTC<br/> \n                    <b>Sensor: </b> NOAA-20 VIIRS<br/>\n                    <b>Confidence: </b> Nominal<br/> \n                    <b>Day/Night: </b> Night<br/>\n                    <b>Scan: </b> 0.59 km<br/>\n                    <b>Track: </b> 0.7 km<br/>\n                    <b>FRP: </b> 1.92 MW<br/>\n                    <b>Brightness: </b> 300.87 K" }, "geometry": { "type": "Polygon", "coordinates": [ [ [ 58.34065, 51.21975 ], [ 58.34603, 51.21975 ], [ 58.34603, 51.21639 ], [ 58.34065, 51.21639 ], [ 58.34065, 51.21975 ] ] ] } },
{ "type": "Feature", "properties": { "sensor": "NOAA-20", "description": "<b>Latitude: </b> 58.15654<br/> \n                    <b>Longitude: </b> 78.90228<br/> \n                    <b>Detection Time: </b> 2026-09-26 21:04 UTC<br/> \n                    <b>Sensor: </b> NOAA-20 VIIRS<br/>\n                    <b>Confidence: </b> Nominal<br/> \n                    <b>Day/Night: </b> Night<br/>\n                    <b>Scan: </b> 0.4 km<br/>\n                    <b>Track: </b> 0.37 km<br/>\n                    <b>FRP: </b> 0.8 MW<br/>\n                    <b>Brightness: </b> 303.1 K" }, "geometry": { "type": "Polygon", "coordinates": [ [ [ 78.89909, 58.15822 ], [ 78.90547, 58.15822 ], [ 78.90547, 58.15486 ], [ 78.89909, 58.15486 ], [ 78.89909, 58.15822 ] ] ] } },
{ "type": "Feature", "properties": { "sensor": "NOAA-20", "description": "<b>Latitude: </b> 56.85991<br/> \n                    <b>Longitude: </b> 59.88527<br/> \n                    <b>Detection Time: </b> 2026-09-26 21:04 UTC<br/> \n                    <b>Sensor: </b> NOAA-20 VIIRS<br/>\n                    <b>Confidence: </b> Nominal<br/> \n                    <b>Day/Night: </b> Night<br/>\n                    <b>Scan: </b> 0.52 km<br/>\n                    <b>Track: </b> 0.67 km<br/>\n                    <b>FRP: </b> 5.22 MW<br/>\n                    <b>Brightness: </b> 349.48 K" }, "geometry": { "type": "Polygon", "coordinates": [ [ [ 59.88219, 56.86159 ], [ 59.88835, 56.86159 ], [ 59.88835, 56.85823 ], [ 59.88219, 56.85823 ], [ 59.88219, 56.86159 ] ] ] } },
{ "type": "Feature", "properties": { "sensor": "NOAA-20", "description": "<b>Latitude: </b> 56.86408<br/> \n                    <b>Longitude: </b> 59.89268<br/> \n                    <b>Detection Time: </b> 2026-09-26 21:04 UTC<br/> \n                    <b>Sensor: </b> NOAA-20 VIIRS<br/>\n                    <b>Confidence: </b> Nominal<br/> \n                    <b>Day/Night: </b> Night<br/>\n                    <b>Scan: </b> 0.52 km<br/>\n                    <b>Track: </b> 0.67 km<br/>\n                    <b>FRP: </b> 4.83 MW<br/>\n                    <b>Brightness: </b> 316.28 K" }, "geometry": { "type": "Polygon", "coordinates": [ [ [ 59.8896, 56.86576 ], [ 59.89576, 56.86576 ], [ 59.89576, 56.8624 ], [ 59.8896, 56.8624 ], [ 59.8896, 56.86576 ] ] ] } },
{ "type": "Feature", "properties": { "sensor": "NOAA-20", "description": "<b>Latitude: </b> 58.50217<br/> \n                    <b>Longitude: </b> 75.80002<br/> \n                    <b>Detection Time: </b> 2026-09-26 21:04 UTC<br/> \n                    <b>Sensor: </b> NOAA-20 VIIRS<br/>\n                    <b>Confidence: </b> Nominal<br/> \n                    <b>Day/Night: </b> Night<br/>\n                    <b>Scan: </b> 0.45 km<br/>\n                    <b>Track: </b> 0.39 km<br/>\n                    <b>FRP: </b> 0.92 MW<br/>\n                    <b>Brightness: </b> 305.87 K" }, "geometry": { "type": "Polygon", "coordinates": [ [ [ 75.7968, 58.50385 ], [ 75.80324, 58.50385 ], [ 75.80324, 58.50049 ], [ 75.7968, 58.50049 ], [ 75.7968, 58.50385 ] ] ] } },
{ "type": "Feature", "properties": { "sensor": "NOAA-20", "description": "<b>Latitude: </b> 57.67032<br/> \n                    <b>Longitude: </b> 78.92535<br/> \n                    <b>Detection Time: </b> 2026-09-26 21:04 UTC<br/> \n                    <b>Sensor: </b> NOAA-20 VIIRS<br/>\n                    <b>Confidence: </b> Nominal<br/> \n                    <b>Day/Night: </b> Night<br/>\n                    <b>Scan: </b> 0.39 km<br/>\n                    <b>Track: </b> 0.36 km<br/>\n                    <b>FRP: </b> 0.88 MW<br/>\n                    <b>Brightness: </b> 308.43 K" }, "geometry": { "type": "Polygon", "coordinates": [ [ [ 78.9222, 57.672 ], [ 78.9285, 57.672 ], [ 78.9285, 57.66864 ], [ 78.9222, 57.66864 ], [ 78.9222, 57.672 ] ] ] } },
{ "type": "Feature", "properties": { "sensor": "NOAA-20", "description": "<b>Latitude: </b> 57.51416<br/> \n                    <b>Longitude: </b> 79.01262<br/> \n                    <b>Detection Time: </b> 2026-09-26 21:04 UTC<br/> \n                    <b>Sensor: </b> NOAA-20 VIIRS<br/>\n                    <b>Confidence: </b> Nominal<br/> \n                    <b>Day/Night: </b> Night<br/>\n                    <b>Scan: </b> 0.39 km<br/>\n                    <b>Track: </b> 0.36 km<br/>\n                    <b>FRP: </b> 1.96 MW<br/>\n                    <b>Brightness: </b> 325.24 K" }, "geometry": { "type": "Polygon", "coordinates": [ [ [ 79.00948, 57.51584 ], [ 79.01576, 57.51584 ], [ 79.01576, 57.51248 ], [ 79.00948, 57.51248 ], [ 79.00948, 57.51584 ] ] ] } },
{ "type": "Feature", "properties": { "sensor": "NOAA-20", "description": "<b>Latitude: </b> 57.42838<br/> \n                    <b>Longitude: </b> 78.69662<br/> \n                    <b>Detection Time: </b> 2026-09-26 21:04 UTC<br/> \n                    <b>Sensor: </b> NOAA-20 VIIRS<br/>\n                    <b>Confidence: </b> Nominal<br/> \n                    <b>Day/Night: </b> Night<br/>\n                    <b>Scan: </b> 0.39 km<br/>\n                    <b>Track: </b> 0.36 km<br/>\n                    <b>FRP: </b> 12.42 MW<br/>\n                    <b>Brightness: </b> 332.07 K" }, "geometry": { "type": "Polygon", "coordinates": [ [ [ 78.69349, 57.43006 ], [ 78.69975, 57.43006 ], [ 78.69975, 57.4267 ], [ 78.69349, 57.4267 ], [ 78.69349, 57.43006 ] ] ] } },
{ "type": "Feature", "properties": { "sensor": "NOAA-20", "description": "<b>Latitude: </b> 57.26857<br/> \n                    <b>Longitude: </b> 79.38743<br/> \n                    <b>Detection Time: </b> 2026-09-26 21:04 UTC<br/> \n                    <b>Sensor: </b> NOAA-20 VIIRS<br/>\n                    <b>Confidence: </b> Nominal<br/> \n                    <b>Day/Night: </b> Night<br/>\n                    <b>Scan: </b> 0.39 km<br/>\n                    <b>Track: </b> 0.36 km<br/>\n                    <b>FRP: </b> 0.66 MW<br/>\n                    <b>Brightness: </b> 301.99 K" }, "geometry": { "type": "Polygon", "coordinates": [ [ [ 79.38431, 57.27025 ], [ 79.39055, 57.27025 ], [ 79.39055, 57.26689 ], [ 79.38431, 57.26689 ], [ 79.38431, 57.27025 ] ] ] } },
{ "type": "Feature", "properties": { "sensor": "NOAA-20", "description": "<b>Latitude: </b> 58.26764<br/> \n                    <b>Longitude: </b> 68.45172<br/> \n                    <b>Detection Time: </b> 2026-09-26 21:04 UTC<br/> \n                    <b>Sensor: </b> NOAA-20 VIIRS<br/>\n                    <b>Confidence: </b> Nominal<br/> \n                    <b>Day/Night: </b> Night<br/>\n                    <b>Scan: </b> 0.51 km<br/>\n                    <b>Track: </b> 0.49 km<br/>\n                    <b>FRP: </b> 0.69 MW<br/>\n                    <b>Brightness: </b> 299.59 K" }, "geometry": { "type": "Polygon", "coordinates": [ [ [ 68.44852, 58.26932 ], [ 68.45492, 58.26932 ], [ 68.45492, 58.26596 ], [ 68.44852, 58.26596 ], [ 68.44852, 58.26932 ] ] ] } },
{ "type": "Feature", "properties": { "sensor": "NOAA-20", "description": "<b>Latitude: </b> 56.86398<br/> \n                    <b>Longitude: </b> 59.88445<br/> \n                    <b>Detection Time: </b> 2026-09-26 21:04 UTC<br/> \n                    <b>Sensor: </b> NOAA-20 VIIRS<br/>\n                    <b>Confidence: </b> Nominal<br/> \n                    <b>Day/Night: </b> Night<br/>\n                    <b>Scan: </b> 0.52 km<br/>\n                    <b>Track: </b> 0.67 km<br/>\n                    <b>FRP: </b> 5.21 MW<br/>\n                    <b>Brightness: </b> 341.14 K" }, "geometry": { "type": "Polygon", "coordinates": [ [ [ 59.88137, 56.86566 ], [ 59.88753, 56.86566 ], [ 59.88753, 56.8623 ], [ 59.88137, 56.8623 ], [ 59.88137, 56.86566 ] ] ] } },
{ "type": "Feature", "properties": { "sensor": "NOAA-20", "description": "<b>Latitude: </b> 57.91881<br/> \n                    <b>Longitude: </b> 60.0111<br/> \n                    <b>Detection Time: </b> 2026-09-26 21:04 UTC<br/> \n                    <b>Sensor: </b> NOAA-20 VIIRS<br/>\n                    <b>Confidence: </b> Nominal<br/> \n                    <b>Day/Night: </b> Night<br/>\n                    <b>Scan: </b> 0.52 km<br/>\n                    <b>Track: </b> 0.67 km<br/>\n                    <b>FRP: </b> 1.35 MW<br/>\n                    <b>Brightness: </b> 296.91 K" }, "geometry": { "type": "Polygon", "coordinates": [ [ [ 60.00793, 57.92049 ], [ 60.01427, 57.92049 ], [ 60.01427, 57.91713 ], [ 60.00793, 57.91713 ], [ 60.00793, 57.92049 ] ] ] } },
{ "type": "Feature", "properties": { "sensor": "NOAA-20", "description": "<b>Latitude: </b> 57.94412<br/> \n                    <b>Longitude: </b> 60.05583<br/> \n                    <b>Detection Time: </b> 2026-09-26 21:04 UTC<br/> \n                    <b>Sensor: </b> NOAA-20 VIIRS<br/>\n                    <b>Confidence: </b> Nominal<br/> \n                    <b>Day/Night: </b> Night<br/>\n                    <b>Scan: </b> 0.52 km<br/>\n                    <b>Track: </b> 0.66 km<br/>\n                    <b>FRP: </b> 3.53 MW<br/>\n                    <b>Brightness: </b> 295.62 K" }, "geometry": { "type": "Polygon", "coordinates": [ [ [ 60.05266, 57.9458 ], [ 60.059, 57.9458 ], [ 60.059, 57.94244 ], [ 60.05266, 57.94244 ], [ 60.05266, 57.9458 ] ] ] } },
{ "type": "Feature", "properties": { "sensor": "NOAA-20", "description": "<b>Latitude: </b> 57.94403<br/> \n                    <b>Longitude: </b> 60.04687<br/> \n                    <b>Detection Time: </b> 2026-09-26 21:04 UTC<br/> \n                    <b>Sensor: </b> NOAA-20 VIIRS<br/>\n                    <b>Confidence: </b> Nominal<br/> \n                    <b>Day/Night: </b> Night<br/>\n                    <b>Scan: </b> 0.52 km<br/>\n                    <b>Track: </b> 0.67 km<br/>\n                    <b>FRP: </b> 3.53 MW<br/>\n                    <b>Brightness: </b> 346.17 K" }, "geometry": { "type": "Polygon", "coordinates": [ [ [ 60.0437, 57.94571 ], [ 60.05004, 57.94571 ], [ 60.05004, 57.94235 ], [ 60.0437, 57.94235 ], [ 60.0437, 57.94571 ] ] ] } },
{ "type": "Feature", "properties": { "sensor": "NOAA-20", "description": "<b>Latitude: </b> 58.39217<br/> \n                    <b>Longitude: </b> 58.32202<br/> \n                    <b>Detection Time: </b> 2026-09-26 21:04 UTC<br/> \n                    <b>Sensor: </b> NOAA-20 VIIRS<br/>\n                    <b>Confidence: </b> Nominal<br/> \n                    <b>Day/Night: </b> Night<br/>\n                    <b>Scan: </b> 0.6 km<br/>\n                    <b>Track: </b> 0.7 km<br/>\n                    <b>FRP: </b> 2.72 MW<br/>\n                    <b>Brightness: </b> 318.3 K" }, "geometry": { "type": "Polygon", "coordinates": [ [ [ 58.31881, 58.39385 ], [ 58.32523, 58.39385 ], [ 58.32523, 58.39049 ], [ 58.31881, 58.39049 ], [ 58.31881, 58.39385 ] ] ] } },
{ "type": "Feature", "properties": { "sensor": "NOAA-20", "description": "<b>Latitude: </b> 59.05136<br/> \n                    <b>Longitude: </b> 71.86137<br/> \n                    <b>Detection Time: </b> 2026-09-26 21:04 UTC<br/> \n                    <b>Sensor: </b> NOAA-20 VIIRS<br/>\n                    <b>Confidence: </b> Nominal<br/> \n                    <b>Day/Night: </b> Night<br/>\n                    <b>Scan: </b> 0.4 km<br/>\n                    <b>Track: </b> 0.44 km<br/>\n                    <b>FRP: </b> 1.28 MW<br/>\n                    <b>Brightness: </b> 315.2 K" }, "geometry": { "type": "Polygon", "coordinates": [ [ [ 71.85809, 59.05304 ], [ 71.86465, 59.05304 ], [ 71.86465, 59.04968 ], [ 71.85809, 59.04968 ], [ 71.85809, 59.05304 ] ] ] } },
{ "type": "Feature", "properties": { "sensor": "NOAA-20", "description": "<b>Latitude: </b> 58.39647<br/> \n                    <b>Longitude: </b> 58.31545<br/> \n                    <b>Detection Time: </b> 2026-09-26 21:04 UTC<br/> \n                    <b>Sensor: </b> NOAA-20 VIIRS<br/>\n                    <b>Confidence: </b> Nominal<br/> \n                    <b>Day/Night: </b> Night<br/>\n                    <b>Scan: </b> 0.6 km<br/>\n                    <b>Track: </b> 0.7 km<br/>\n                    <b>FRP: </b> 1.19 MW<br/>\n                    <b>Brightness: </b> 297 K" }, "geometry": { "type": "Polygon", "coordinates": [ [ [ 58.31224, 58.39815 ], [ 58.31866, 58.39815 ], [ 58.31866, 58.39479 ], [ 58.31224, 58.39479 ], [ 58.31224, 58.39815 ] ] ] } },
{ "type": "Feature", "properties": { "sensor": "NOAA-20", "description": "<b>Latitude: </b> 55.07381<br/> \n                    <b>Longitude: </b> 58.97966<br/> \n                    <b>Detection Time: </b> 2026-09-26 21:04 UTC<br/> \n                    <b>Sensor: </b> NOAA-20 VIIRS<br/>\n                    <b>Confidence: </b> Nominal<br/> \n                    <b>Day/Night: </b> Night<br/>\n                    <b>Scan: </b> 0.56 km<br/>\n                    <b>Track: </b> 0.69 km<br/>\n                    <b>FRP: </b> 1.58 MW<br/>\n                    <b>Brightness: </b> 302.99 K" }, "geometry": { "type": "Polygon", "coordinates": [ [ [ 58.97672, 55.07549 ], [ 58.9826, 55.07549 ], [ 58.9826, 55.07213 ], [ 58.97672, 55.07213 ], [ 58.97672, 55.07549 ] ] ] } },
{ "type": "Feature", "properties": { "sensor": "NOAA-20", "description": "<b>Latitude: </b> 56.85998<br/> \n                    <b>Longitude: </b> 59.89374<br/> \n                    <b>Detection Time: </b> 2026-09-26 21:04 UTC<br/> \n                    <b>Sensor: </b> NOAA-20 VIIRS<br/>\n                    <b>Confidence: </b> Nominal<br/> \n                    <b>Day/Night: </b> Night<br/>\n                    <b>Scan: </b> 0.52 km<br/>\n                    <b>Track: </b> 0.67 km<br/>\n                    <b>FRP: </b> 5.22 MW<br/>\n                    <b>Brightness: </b> 307.75 K" }, "geometry": { "type": "Polygon", "coordinates": [ [ [ 59.89066, 56.86166 ], [ 59.89682, 56.86166 ], [ 59.89682, 56.8583 ], [ 59.89066, 56.8583 ], [ 59.89066, 56.86166 ] ] ] } },
{ "type": "Feature", "properties": { "sensor": "NOAA-20", "description": "<b>Latitude: </b> 62.33418<br/> \n                    <b>Longitude: </b> 78.16959<br/> \n                    <b>Detection Time: </b> 2026-09-26 21:01 UTC<br/> \n                    <b>Sensor: </b> NOAA-20 VIIRS<br/>\n                    <b>Confidence: </b> Nominal<br/> \n                    <b>Day/Night: </b> Night<br/>\n                    <b>Scan: </b> 0.44 km<br/>\n                    <b>Track: </b> 0.39 km<br/>\n                    <b>FRP: </b> 1.58 MW<br/>\n                    <b>Brightness: </b> 318.88 K" }, "geometry": { "type": "Polygon", "coordinates": [ [ [ 78.16596, 62.33586 ], [ 78.17322, 62.33586 ], [ 78.17322, 62.3325 ], [ 78.16596, 62.3325 ], [ 78.16596, 62.33586 ] ] ] } },
{ "type": "Feature", "properties": { "sensor": "NOAA-20", "description": "<b>Latitude: </b> 62.14027<br/> \n                    <b>Longitude: </b> 79.44846<br/> \n                    <b>Detection Time: </b> 2026-09-26 21:01 UTC<br/> \n                    <b>Sensor: </b> NOAA-20 VIIRS<br/>\n                    <b>Confidence: </b> Nominal<br/> \n                    <b>Day/Night: </b> Night<br/>\n                    <b>Scan: </b> 0.42 km<br/>\n                    <b>Track: </b> 0.38 km<br/>\n                    <b>FRP: </b> 0.72 MW<br/>\n                    <b>Brightness: </b> 304.96 K" }, "geometry": { "type": "Polygon", "coordinates": [ [ [ 79.44486, 62.14195 ], [ 79.45206, 62.14195 ], [ 79.45206, 62.13859 ], [ 79.44486, 62.13859 ], [ 79.44486, 62.14195 ] ] ] } },
{ "type": "Feature", "properties": { "sensor": "NOAA-20", "description": "<b>Latitude: </b> 62.36591<br/> \n                    <b>Longitude: </b> 77.45477<br/> \n                    <b>Detection Time: </b> 2026-09-26 21:01 UTC<br/> \n                    <b>Sensor: </b> NOAA-20 VIIRS<br/>\n                    <b>Confidence: </b> Nominal<br/> \n                    <b>Day/Night: </b> Night<br/>\n                    <b>Scan: </b> 0.46 km<br/>\n                    <b>Track: </b> 0.39 km<br/>\n                    <b>FRP: </b> 1.2 MW<br/>\n                    <b>Brightness: </b> 304.7 K" }, "geometry": { "type": "Polygon", "coordinates": [ [ [ 77.45114, 62.36759 ], [ 77.4584, 62.36759 ], [ 77.4584, 62.36423 ], [ 77.45114, 62.36423 ], [ 77.45114, 62.36759 ] ] ] } },
{ "type": "Feature", "properties": { "sensor": "NOAA-20", "description": "<b>Latitude: </b> 62.3895<br/> \n                    <b>Longitude: </b> 76.63362<br/> \n                    <b>Detection Time: </b> 2026-09-26 21:01 UTC<br/> \n                    <b>Sensor: </b> NOAA-20 VIIRS<br/>\n                    <b>Confidence: </b> Nominal<br/> \n                    <b>Day/Night: </b> Night<br/>\n                    <b>Scan: </b> 0.48 km<br/>\n                    <b>Track: </b> 0.4 km<br/>\n                    <b>FRP: </b> 3.12 MW<br/>\n                    <b>Brightness: </b> 327.12 K" }, "geometry": { "type": "Polygon", "coordinates": [ [ [ 76.62999, 62.39118 ], [ 76.63725, 62.39118 ], [ 76.63725, 62.38782 ], [ 76.62999, 62.38782 ], [ 76.62999, 62.39118 ] ] ] } },
{ "type": "Feature", "properties": { "sensor": "NOAA-20", "description": "<b>Latitude: </b> 62.33364<br/> \n                    <b>Longitude: </b> 76.73216<br/> \n                    <b>Detection Time: </b> 2026-09-26 21:01 UTC<br/> \n                    <b>Sensor: </b> NOAA-20 VIIRS<br/>\n                    <b>Confidence: </b> Nominal<br/> \n                    <b>Day/Night: </b> Night<br/>\n                    <b>Scan: </b> 0.48 km<br/>\n                    <b>Track: </b> 0.4 km<br/>\n                    <b>FRP: </b> 0.6 MW<br/>\n                    <b>Brightness: </b> 295.53 K" }, "geometry": { "type": "Polygon", "coordinates": [ [ [ 76.72853, 62.33532 ], [ 76.73579, 62.33532 ], [ 76.73579, 62.33196 ], [ 76.72853, 62.33196 ], [ 76.72853, 62.33532 ] ] ] } },
{ "type": "Feature", "properties": { "sensor": "NOAA-20", "description": "<b>Latitude: </b> 62.13382<br/> \n                    <b>Longitude: </b> 77.61716<br/> \n                    <b>Detection Time: </b> 2026-09-26 21:01 UTC<br/> \n                    <b>Sensor: </b> NOAA-20 VIIRS<br/>\n                    <b>Confidence: </b> Nominal<br/> \n                    <b>Day/Night: </b> Night<br/>\n                    <b>Scan: </b> 0.45 km<br/>\n                    <b>Track: </b> 0.39 km<br/>\n                    <b>FRP: </b> 0.27 MW<br/>\n                    <b>Brightness: </b> 295.53 K" }, "geometry": { "type": "Polygon", "coordinates": [ [ [ 77.61356, 62.1355 ], [ 77.62076, 62.1355 ], [ 77.62076, 62.13214 ], [ 77.61356, 62.13214 ], [ 77.61356, 62.1355 ] ] ] } },
{ "type": "Feature", "properties": { "sensor": "NOAA-20", "description": "<b>Latitude: </b> 61.95262<br/> \n                    <b>Longitude: </b> 68.46586<br/> \n                    <b>Detection Time: </b> 2026-09-26 21:01 UTC<br/> \n                    <b>Sensor: </b> NOAA-20 VIIRS<br/>\n                    <b>Confidence: </b> Nominal<br/> \n                    <b>Day/Night: </b> Night<br/>\n                    <b>Scan: </b> 0.55 km<br/>\n                    <b>Track: </b> 0.51 km<br/>\n                    <b>FRP: </b> 2.59 MW<br/>\n                    <b>Brightness: </b> 323.65 K" }, "geometry": { "type": "Polygon", "coordinates": [ [ [ 68.46228, 61.9543 ], [ 68.46944, 61.9543 ], [ 68.46944, 61.95094 ], [ 68.46228, 61.95094 ], [ 68.46228, 61.9543 ] ] ] } },
{ "type": "Feature", "properties": { "sensor": "NOAA-20", "description": "<b>Latitude: </b> 61.9479<br/> \n                    <b>Longitude: </b> 68.46488<br/> \n                    <b>Detection Time: </b> 2026-09-26 21:01 UTC<br/> \n                    <b>Sensor: </b> NOAA-20 VIIRS<br/>\n                    <b>Confidence: </b> Nominal<br/> \n                    <b>Day/Night: </b> Night<br/>\n                    <b>Scan: </b> 0.55 km<br/>\n                    <b>Track: </b> 0.51 km<br/>\n                    <b>FRP: </b> 1.88 MW<br/>\n                    <b>Brightness: </b> 310.89 K" }, "geometry": { "type": "Polygon", "coordinates": [ [ [ 68.4613, 61.94958 ], [ 68.46846, 61.94958 ], [ 68.46846, 61.94622 ], [ 68.4613, 61.94622 ], [ 68.4613, 61.94958 ] ] ] } },
{ "type": "Feature", "properties": { "sensor": "NOAA-20", "description": "<b>Latitude: </b> 61.95176<br/> \n                    <b>Longitude: </b> 68.4692<br/> \n                    <b>Detection Time: </b> 2026-09-26 21:01 UTC<br/> \n                    <b>Sensor: </b> NOAA-20 VIIRS<br/>\n                    <b>Confidence: </b> Nominal<br/> \n                    <b>Day/Night: </b> Night<br/>\n                    <b>Scan: </b> 0.55 km<br/>\n                    <b>Track: </b> 0.51 km<br/>\n                    <b>FRP: </b> 3.97 MW<br/>\n                    <b>Brightness: </b> 335.05 K" }, "geometry": { "type": "Polygon", "coordinates": [ [ [ 68.46562, 61.95344 ], [ 68.47278, 61.95344 ], [ 68.47278, 61.95008 ], [ 68.46562, 61.95008 ], [ 68.46562, 61.95344 ] ] ] } },
{ "type": "Feature", "properties": { "sensor": "NOAA-20", "description": "<b>Latitude: </b> 61.94704<br/> \n                    <b>Longitude: </b> 68.46822<br/> \n                    <b>Detection Time: </b> 2026-09-26 21:01 UTC<br/> \n                    <b>Sensor: </b> NOAA-20 VIIRS<br/>\n                    <b>Confidence: </b> Nominal<br/> \n                    <b>Day/Night: </b> Night<br/>\n                    <b>Scan: </b> 0.55 km<br/>\n                    <b>Track: </b> 0.51 km<br/>\n                    <b>FRP: </b> 0.9 MW<br/>\n                    <b>Brightness: </b> 300.76 K" }, "geometry": { "type": "Polygon", "coordinates": [ [ [ 68.46464, 61.94872 ], [ 68.4718, 61.94872 ], [ 68.4718, 61.94536 ], [ 68.46464, 61.94536 ], [ 68.46464, 61.94872 ] ] ] } },
{ "type": "Feature", "properties": { "sensor": "NOAA-20", "description": "<b>Latitude: </b> 61.72786<br/> \n                    <b>Longitude: </b> 68.22948<br/> \n                    <b>Detection Time: </b> 2026-09-26 21:01 UTC<br/> \n                    <b>Sensor: </b> NOAA-20 VIIRS<br/>\n                    <b>Confidence: </b> Nominal<br/> \n                    <b>Day/Night: </b> Night<br/>\n                    <b>Scan: </b> 0.55 km<br/>\n                    <b>Track: </b> 0.51 km<br/>\n                    <b>FRP: </b> 0.53 MW<br/>\n                    <b>Brightness: </b> 299.37 K" }, "geometry": { "type": "Polygon", "coordinates": [ [ [ 68.22592, 61.72954 ], [ 68.23304, 61.72954 ], [ 68.23304, 61.72618 ], [ 68.22592, 61.72618 ], [ 68.22592, 61.72954 ] ] ] } },
{ "type": "Feature", "properties": { "sensor": "NOAA-20", "description": "<b>Latitude: </b> 61.7536<br/> \n                    <b>Longitude: </b> 66.95502<br/> \n                    <b>Detection Time: </b> 2026-09-26 21:01 UTC<br/> \n                    <b>Sensor: </b> NOAA-20 VIIRS<br/>\n                    <b>Confidence: </b> Nominal<br/> \n                    <b>Day/Night: </b> Night<br/>\n                    <b>Scan: </b> 0.61 km<br/>\n                    <b>Track: </b> 0.54 km<br/>\n                    <b>FRP: </b> 4.63 MW<br/>\n                    <b>Brightness: </b> 335.63 K" }, "geometry": { "type": "Polygon", "coordinates": [ [ [ 66.95146, 61.75528 ], [ 66.95858, 61.75528 ], [ 66.95858, 61.75192 ], [ 66.95146, 61.75192 ], [ 66.95146, 61.75528 ] ] ] } },
{ "type": "Feature", "properties": { "sensor": "NOAA-20", "description": "<b>Latitude: </b> 61.6068<br/> \n                    <b>Longitude: </b> 67.80785<br/> \n                    <b>Detection Time: </b> 2026-09-26 21:01 UTC<br/> \n                    <b>Sensor: </b> NOAA-20 VIIRS<br/>\n                    <b>Confidence: </b> Nominal<br/> \n                    <b>Day/Night: </b> Night<br/>\n                    <b>Scan: </b> 0.57 km<br/>\n                    <b>Track: </b> 0.52 km<br/>\n                    <b>FRP: </b> 1.26 MW<br/>\n                    <b>Brightness: </b> 322.23 K" }, "geometry": { "type": "Polygon", "coordinates": [ [ [ 67.80431, 61.60848 ], [ 67.81139, 61.60848 ], [ 67.81139, 61.60512 ], [ 67.80431, 61.60512 ], [ 67.80431, 61.60848 ] ] ] } },
{ "type": "Feature", "properties": { "sensor": "NOAA-20", "description": "<b>Latitude: </b> 61.28408<br/> \n                    <b>Longitude: </b> 72.97122<br/> \n                    <b>Detection Time: </b> 2026-09-26 21:01 UTC<br/> \n                    <b>Sensor: </b> NOAA-20 VIIRS<br/>\n                    <b>Confidence: </b> Nominal<br/> \n                    <b>Day/Night: </b> Night<br/>\n                    <b>Scan: </b> 0.39 km<br/>\n                    <b>Track: </b> 0.44 km<br/>\n                    <b>FRP: </b> 1.65 MW<br/>\n                    <b>Brightness: </b> 314.02 K" }, "geometry": { "type": "Polygon", "coordinates": [ [ [ 72.96771, 61.28576 ], [ 72.97473, 61.28576 ], [ 72.97473, 61.2824 ], [ 72.96771, 61.2824 ], [ 72.96771, 61.28576 ] ] ] } },
{ "type": "Feature", "properties": { "sensor": "NOAA-20", "description": "<b>Latitude: </b> 61.15855<br/> \n                    <b>Longitude: </b> 72.99474<br/> \n                    <b>Detection Time: </b> 2026-09-26 21:01 UTC<br/> \n                    <b>Sensor: </b> NOAA-20 VIIRS<br/>\n                    <b>Confidence: </b> Nominal<br/> \n                    <b>Day/Night: </b> Night<br/>\n                    <b>Scan: </b> 0.39 km<br/>\n                    <b>Track: </b> 0.44 km<br/>\n                    <b>FRP: </b> 0.49 MW<br/>\n                    <b>Brightness: </b> 300.3 K" }, "geometry": { "type": "Polygon", "coordinates": [ [ [ 72.99125, 61.16023 ], [ 72.99823, 61.16023 ], [ 72.99823, 61.15687 ], [ 72.99125, 61.15687 ], [ 72.99125, 61.16023 ] ] ] } },
{ "type": "Feature", "properties": { "sensor": "NOAA-20", "description": "<b>Latitude: </b> 60.501<br/> \n                    <b>Longitude: </b> 78.12601<br/> \n                    <b>Detection Time: </b> 2026-09-26 21:01 UTC<br/> \n                    <b>Sensor: </b> NOAA-20 VIIRS<br/>\n                    <b>Confidence: </b> Nominal<br/> \n                    <b>Day/Night: </b> Night<br/>\n                    <b>Scan: </b> 0.43 km<br/>\n                    <b>Track: </b> 0.38 km<br/>\n                    <b>FRP: </b> 0.87 MW<br/>\n                    <b>Brightness: </b> 300.66 K" }, "geometry": { "type": "Polygon", "coordinates": [ [ [ 78.12259, 60.50268 ], [ 78.12943, 60.50268 ], [ 78.12943, 60.49932 ], [ 78.12259, 60.49932 ], [ 78.12259, 60.50268 ] ] ] } },
{ "type": "Feature", "properties": { "sensor": "NOAA-20", "description": "<b>Latitude: </b> 60.50335<br/> \n                    <b>Longitude: </b> 78.12802<br/> \n                    <b>Detection Time: </b> 2026-09-26 21:01 UTC<br/> \n                    <b>Sensor: </b> NOAA-20 VIIRS<br/>\n                    <b>Confidence: </b> Nominal<br/> \n                    <b>Day/Night: </b> Night<br/>\n                    <b>Scan: </b> 0.43 km<br/>\n                    <b>Track: </b> 0.38 km<br/>\n                    <b>FRP: </b> 0.95 MW<br/>\n                    <b>Brightness: </b> 302.01 K" }, "geometry": { "type": "Polygon", "coordinates": [ [ [ 78.1246, 60.50503 ], [ 78.13144, 60.50503 ], [ 78.13144, 60.50167 ], [ 78.1246, 60.50167 ], [ 78.1246, 60.50503 ] ] ] } },
{ "type": "Feature", "properties": { "sensor": "NOAA-20", "description": "<b>Latitude: </b> 61.01968<br/> \n                    <b>Longitude: </b> 72.61891<br/> \n                    <b>Detection Time: </b> 2026-09-26 21:01 UTC<br/> \n                    <b>Sensor: </b> NOAA-20 VIIRS<br/>\n                    <b>Confidence: </b> Nominal<br/> \n                    <b>Day/Night: </b> Night<br/>\n                    <b>Scan: </b> 0.4 km<br/>\n                    <b>Track: </b> 0.44 km<br/>\n                    <b>FRP: </b> 1.75 MW<br/>\n                    <b>Brightness: </b> 331.67 K" }, "geometry": { "type": "Polygon", "coordinates": [ [ [ 72.61543, 61.02136 ], [ 72.62239, 61.02136 ], [ 72.62239, 61.018 ], [ 72.61543, 61.018 ], [ 72.61543, 61.02136 ] ] ] } },
{ "type": "Feature", "properties": { "sensor": "NOAA-20", "description": "<b>Latitude: </b> 60.95542<br/> \n                    <b>Longitude: </b> 72.39417<br/> \n                    <b>Detection Time: </b> 2026-09-26 21:01 UTC<br/> \n                    <b>Sensor: </b> NOAA-20 VIIRS<br/>\n                    <b>Confidence: </b> Nominal<br/> \n                    <b>Day/Night: </b> Night<br/>\n                    <b>Scan: </b> 0.4 km<br/>\n                    <b>Track: </b> 0.44 km<br/>\n                    <b>FRP: </b> 1.01 MW<br/>\n                    <b>Brightness: </b> 295.79 K" }, "geometry": { "type": "Polygon", "coordinates": [ [ [ 72.3907, 60.9571 ], [ 72.39764, 60.9571 ], [ 72.39764, 60.95374 ], [ 72.3907, 60.95374 ], [ 72.3907, 60.9571 ] ] ] } },
{ "type": "Feature", "properties": { "sensor": "NOAA-20", "description": "<b>Latitude: </b> 60.95484<br/> \n                    <b>Longitude: </b> 72.40163<br/> \n                    <b>Detection Time: </b> 2026-09-26 21:01 UTC<br/> \n                    <b>Sensor: </b> NOAA-20 VIIRS<br/>\n                    <b>Confidence: </b> Nominal<br/> \n                    <b>Day/Night: </b> Night<br/>\n                    <b>Scan: </b> 0.4 km<br/>\n                    <b>Track: </b> 0.44 km<br/>\n                    <b>FRP: </b> 1.01 MW<br/>\n                    <b>Brightness: </b> 310.65 K" }, "geometry": { "type": "Polygon", "coordinates": [ [ [ 72.39816, 60.95652 ], [ 72.4051, 60.95652 ], [ 72.4051, 60.95316 ], [ 72.39816, 60.95316 ], [ 72.39816, 60.95652 ] ] ] } },
{ "type": "Feature", "properties": { "sensor": "NOAA-20", "description": "<b>Latitude: </b> 60.95077<br/> \n                    <b>Longitude: </b> 72.40027<br/> \n                    <b>Detection Time: </b> 2026-09-26 21:01 UTC<br/> \n                    <b>Sensor: </b> NOAA-20 VIIRS<br/>\n                    <b>Confidence: </b> Nominal<br/> \n                    <b>Day/Night: </b> Night<br/>\n                    <b>Scan: </b> 0.4 km<br/>\n                    <b>Track: </b> 0.44 km<br/>\n                    <b>FRP: </b> 0.78 MW<br/>\n                    <b>Brightness: </b> 304.29 K" }, "geometry": { "type": "Polygon", "coordinates": [ [ [ 72.3968, 60.95245 ], [ 72.40374, 60.95245 ], [ 72.40374, 60.94909 ], [ 72.3968, 60.94909 ], [ 72.3968, 60.95245 ] ] ] } },
{ "type": "Feature", "properties": { "sensor": "NOAA-20", "description": "<b>Latitude: </b> 60.89457<br/> \n                    <b>Longitude: </b> 72.79465<br/> \n                    <b>Detection Time: </b> 2026-09-26 21:01 UTC<br/> \n                    <b>Sensor: </b> NOAA-20 VIIRS<br/>\n                    <b>Confidence: </b> Nominal<br/> \n                    <b>Day/Night: </b> Night<br/>\n                    <b>Scan: </b> 0.39 km<br/>\n                    <b>Track: </b> 0.44 km<br/>\n                    <b>FRP: </b> 1.08 MW<br/>\n                    <b>Brightness: </b> 302.04 K" }, "geometry": { "type": "Polygon", "coordinates": [ [ [ 72.79119, 60.89625 ], [ 72.79811, 60.89625 ], [ 72.79811, 60.89289 ], [ 72.79119, 60.89289 ], [ 72.79119, 60.89625 ] ] ] } },
{ "type": "Feature", "properties": { "sensor": "NOAA-20", "description": "<b>Latitude: </b> 60.86241<br/> \n                    <b>Longitude: </b> 72.67987<br/> \n                    <b>Detection Time: </b> 2026-09-26 21:01 UTC<br/> \n                    <b>Sensor: </b> NOAA-20 VIIRS<br/>\n                    <b>Confidence: </b> Nominal<br/> \n                    <b>Day/Night: </b> Night<br/>\n                    <b>Scan: </b> 0.39 km<br/>\n                    <b>Track: </b> 0.44 km<br/>\n                    <b>FRP: </b> 1.08 MW<br/>\n                    <b>Brightness: </b> 306.95 K" }, "geometry": { "type": "Polygon", "coordinates": [ [ [ 72.67641, 60.86409 ], [ 72.68333, 60.86409 ], [ 72.68333, 60.86073 ], [ 72.67641, 60.86073 ], [ 72.67641, 60.86409 ] ] ] } },
{ "type": "Feature", "properties": { "sensor": "NOAA-20", "description": "<b>Latitude: </b> 60.27817<br/> \n                    <b>Longitude: </b> 77.91347<br/> \n                    <b>Detection Time: </b> 2026-09-26 21:01 UTC<br/> \n                    <b>Sensor: </b> NOAA-20 VIIRS<br/>\n                    <b>Confidence: </b> Nominal<br/> \n                    <b>Day/Night: </b> Night<br/>\n                    <b>Scan: </b> 0.43 km<br/>\n                    <b>Track: </b> 0.38 km<br/>\n                    <b>FRP: </b> 0.39 MW<br/>\n                    <b>Brightness: </b> 295.01 K" }, "geometry": { "type": "Polygon", "coordinates": [ [ [ 77.91007, 60.27985 ], [ 77.91687, 60.27985 ], [ 77.91687, 60.27649 ], [ 77.91007, 60.27649 ], [ 77.91007, 60.27985 ] ] ] } },
{ "type": "Feature", "properties": { "sensor": "NOAA-20", "description": "<b>Latitude: </b> 60.86249<br/> \n                    <b>Longitude: </b> 71.27552<br/> \n                    <b>Detection Time: </b> 2026-09-26 21:01 UTC<br/> \n                    <b>Sensor: </b> NOAA-20 VIIRS<br/>\n                    <b>Confidence: </b> Nominal<br/> \n                    <b>Day/Night: </b> Night<br/>\n                    <b>Scan: </b> 0.43 km<br/>\n                    <b>Track: </b> 0.46 km<br/>\n                    <b>FRP: </b> 6.09 MW<br/>\n                    <b>Brightness: </b> 337.83 K" }, "geometry": { "type": "Polygon", "coordinates": [ [ [ 71.27206, 60.86417 ], [ 71.27898, 60.86417 ], [ 71.27898, 60.86081 ], [ 71.27206, 60.86081 ], [ 71.27206, 60.86417 ] ] ] } },
{ "type": "Feature", "properties": { "sensor": "NOAA-20", "description": "<b>Latitude: </b> 60.77783<br/> \n                    <b>Longitude: </b> 72.44392<br/> \n                    <b>Detection Time: </b> 2026-09-26 21:01 UTC<br/> \n                    <b>Sensor: </b> NOAA-20 VIIRS<br/>\n                    <b>Confidence: </b> Nominal<br/> \n                    <b>Day/Night: </b> Night<br/>\n                    <b>Scan: </b> 0.4 km<br/>\n                    <b>Track: </b> 0.44 km<br/>\n                    <b>FRP: </b> 2.32 MW<br/>\n                    <b>Brightness: </b> 329.06 K" }, "geometry": { "type": "Polygon", "coordinates": [ [ [ 72.44047, 60.77951 ], [ 72.44737, 60.77951 ], [ 72.44737, 60.77615 ], [ 72.44047, 60.77615 ], [ 72.44047, 60.77951 ] ] ] } },
{ "type": "Feature", "properties": { "sensor": "NOAA-20", "description": "<b>Latitude: </b> 60.86195<br/> \n                    <b>Longitude: </b> 71.28356<br/> \n                    <b>Detection Time: </b> 2026-09-26 21:01 UTC<br/> \n                    <b>Sensor: </b> NOAA-20 VIIRS<br/>\n                    <b>Confidence: </b> Nominal<br/> \n                    <b>Day/Night: </b> Night<br/>\n                    <b>Scan: </b> 0.43 km<br/>\n                    <b>Track: </b> 0.46 km<br/>\n                    <b>FRP: </b> 4.51 MW<br/>\n                    <b>Brightness: </b> 315.36 K" }, "geometry": { "type": "Polygon", "coordinates": [ [ [ 71.2801, 60.86363 ], [ 71.28702, 60.86363 ], [ 71.28702, 60.86027 ], [ 71.2801, 60.86027 ], [ 71.2801, 60.86363 ] ] ] } },
{ "type": "Feature", "properties": { "sensor": "NOAA-20", "description": "<b>Latitude: </b> 60.71926<br/> \n                    <b>Longitude: </b> 72.51627<br/> \n                    <b>Detection Time: </b> 2026-09-26 21:01 UTC<br/> \n                    <b>Sensor: </b> NOAA-20 VIIRS<br/>\n                    <b>Confidence: </b> Nominal<br/> \n                    <b>Day/Night: </b> Night<br/>\n                    <b>Scan: </b> 0.4 km<br/>\n                    <b>Track: </b> 0.44 km<br/>\n                    <b>FRP: </b> 9.07 MW<br/>\n                    <b>Brightness: </b> 344.44 K" }, "geometry": { "type": "Polygon", "coordinates": [ [ [ 72.51283, 60.72094 ], [ 72.51971, 60.72094 ], [ 72.51971, 60.71758 ], [ 72.51283, 60.71758 ], [ 72.51283, 60.72094 ] ] ] } },
{ "type": "Feature", "properties": { "sensor": "NOAA-20", "description": "<b>Latitude: </b> 60.73854<br/> \n                    <b>Longitude: </b> 71.21663<br/> \n                    <b>Detection Time: </b> 2026-09-26 21:01 UTC<br/> \n                    <b>Sensor: </b> NOAA-20 VIIRS<br/>\n                    <b>Confidence: </b> Nominal<br/> \n                    <b>Day/Night: </b> Night<br/>\n                    <b>Scan: </b> 0.43 km<br/>\n                    <b>Track: </b> 0.46 km<br/>\n                    <b>FRP: </b> 1.07 MW<br/>\n                    <b>Brightness: </b> 307.99 K" }, "geometry": { "type": "Polygon", "coordinates": [ [ [ 71.21318, 60.74022 ], [ 71.22008, 60.74022 ], [ 71.22008, 60.73686 ], [ 71.21318, 60.73686 ], [ 71.21318, 60.74022 ] ] ] } },
{ "type": "Feature", "properties": { "sensor": "NOAA-20", "description": "<b>Latitude: </b> 60.6221<br/> \n                    <b>Longitude: </b> 72.64686<br/> \n                    <b>Detection Time: </b> 2026-09-26 21:01 UTC<br/> \n                    <b>Sensor: </b> NOAA-20 VIIRS<br/>\n                    <b>Confidence: </b> Nominal<br/> \n                    <b>Day/Night: </b> Night<br/>\n                    <b>Scan: </b> 0.39 km<br/>\n                    <b>Track: </b> 0.44 km<br/>\n                    <b>FRP: </b> 1.66 MW<br/>\n                    <b>Brightness: </b> 329.58 K" }, "geometry": { "type": "Polygon", "coordinates": [ [ [ 72.64343, 60.62378 ], [ 72.65029, 60.62378 ], [ 72.65029, 60.62042 ], [ 72.64343, 60.62042 ], [ 72.64343, 60.62378 ] ] ] } },
{ "type": "Feature", "properties": { "sensor": "NOAA-20", "description": "<b>Latitude: </b> 60.67097<br/> \n                    <b>Longitude: </b> 71.99934<br/> \n                    <b>Detection Time: </b> 2026-09-26 21:01 UTC<br/> \n                    <b>Sensor: </b> NOAA-20 VIIRS<br/>\n                    <b>Confidence: </b> Nominal<br/> \n                    <b>Day/Night: </b> Night<br/>\n                    <b>Scan: </b> 0.41 km<br/>\n                    <b>Track: </b> 0.45 km<br/>\n                    <b>FRP: </b> 1.61 MW<br/>\n                    <b>Brightness: </b> 316.5 K" }, "geometry": { "type": "Polygon", "coordinates": [ [ [ 71.9959, 60.67265 ], [ 72.00278, 60.67265 ], [ 72.00278, 60.66929 ], [ 71.9959, 60.66929 ], [ 71.9959, 60.67265 ] ] ] } },
{ "type": "Feature", "properties": { "sensor": "NOAA-20", "description": "<b>Latitude: </b> 60.62223<br/> \n                    <b>Longitude: </b> 72.647<br/> \n                    <b>Detection Time: </b> 2026-09-26 21:01 UTC<br/> \n                    <b>Sensor: </b> NOAA-20 VIIRS<br/>\n                    <b>Confidence: </b> Nominal<br/> \n                    <b>Day/Night: </b> Night<br/>\n                    <b>Scan: </b> 0.39 km<br/>\n                    <b>Track: </b> 0.44 km<br/>\n                    <b>FRP: </b> 2.72 MW<br/>\n                    <b>Brightness: </b> 334.52 K" }, "geometry": { "type": "Polygon", "coordinates": [ [ [ 72.64357, 60.62391 ], [ 72.65043, 60.62391 ], [ 72.65043, 60.62055 ], [ 72.64357, 60.62055 ], [ 72.64357, 60.62391 ] ] ] } },
{ "type": "Feature", "properties": { "sensor": "NOAA-20", "description": "<b>Latitude: </b> 60.66933<br/> \n                    <b>Longitude: </b> 71.99933<br/> \n                    <b>Detection Time: </b> 2026-09-26 21:01 UTC<br/> \n                    <b>Sensor: </b> NOAA-20 VIIRS<br/>\n                    <b>Confidence: </b> Nominal<br/> \n                    <b>Day/Night: </b> Night<br/>\n                    <b>Scan: </b> 0.41 km<br/>\n                    <b>Track: </b> 0.45 km<br/>\n                    <b>FRP: </b> 1.23 MW<br/>\n                    <b>Brightness: </b> 321.33 K" }, "geometry": { "type": "Polygon", "coordinates": [ [ [ 71.99589, 60.67101 ], [ 72.00277, 60.67101 ], [ 72.00277, 60.66765 ], [ 71.99589, 60.66765 ], [ 71.99589, 60.67101 ] ] ] } },
{ "type": "Feature", "properties": { "sensor": "NOAA-20", "description": "<b>Latitude: </b> 60.57365<br/> \n                    <b>Longitude: </b> 71.98456<br/> \n                    <b>Detection Time: </b> 2026-09-26 21:01 UTC<br/> \n                    <b>Sensor: </b> NOAA-20 VIIRS<br/>\n                    <b>Confidence: </b> Nominal<br/> \n                    <b>Day/Night: </b> Night<br/>\n                    <b>Scan: </b> 0.41 km<br/>\n                    <b>Track: </b> 0.45 km<br/>\n                    <b>FRP: </b> 1.42 MW<br/>\n                    <b>Brightness: </b> 318.46 K" }, "geometry": { "type": "Polygon", "coordinates": [ [ [ 71.98113, 60.57533 ], [ 71.98799, 60.57533 ], [ 71.98799, 60.57197 ], [ 71.98113, 60.57197 ], [ 71.98113, 60.57533 ] ] ] } },
{ "type": "Feature", "properties": { "sensor": "NOAA-20", "description": "<b>Latitude: </b> 60.54926<br/> \n                    <b>Longitude: </b> 72.31102<br/> \n                    <b>Detection Time: </b> 2026-09-26 21:01 UTC<br/> \n                    <b>Sensor: </b> NOAA-20 VIIRS<br/>\n                    <b>Confidence: </b> Nominal<br/> \n                    <b>Day/Night: </b> Night<br/>\n                    <b>Scan: </b> 0.4 km<br/>\n                    <b>Track: </b> 0.44 km<br/>\n                    <b>FRP: </b> 0.59 MW<br/>\n                    <b>Brightness: </b> 310.37 K" }, "geometry": { "type": "Polygon", "coordinates": [ [ [ 72.30759, 60.55094 ], [ 72.31445, 60.55094 ], [ 72.31445, 60.54758 ], [ 72.30759, 60.54758 ], [ 72.30759, 60.55094 ] ] ] } },
{ "type": "Feature", "properties": { "sensor": "NOAA-20", "description": "<b>Latitude: </b> 60.57202<br/> \n                    <b>Longitude: </b> 71.98569<br/> \n                    <b>Detection Time: </b> 2026-09-26 21:01 UTC<br/> \n                    <b>Sensor: </b> NOAA-20 VIIRS<br/>\n                    <b>Confidence: </b> Nominal<br/> \n                    <b>Day/Night: </b> Night<br/>\n                    <b>Scan: </b> 0.41 km<br/>\n                    <b>Track: </b> 0.45 km<br/>\n                    <b>FRP: </b> 1.64 MW<br/>\n                    <b>Brightness: </b> 318.86 K" }, "geometry": { "type": "Polygon", "coordinates": [ [ [ 71.98226, 60.5737 ], [ 71.98912, 60.5737 ], [ 71.98912, 60.57034 ], [ 71.98226, 60.57034 ], [ 71.98226, 60.5737 ] ] ] } },
{ "type": "Feature", "properties": { "sensor": "NOAA-20", "description": "<b>Latitude: </b> 60.49903<br/> \n                    <b>Longitude: </b> 72.54108<br/> \n                    <b>Detection Time: </b> 2026-09-26 21:01 UTC<br/> \n                    <b>Sensor: </b> NOAA-20 VIIRS<br/>\n                    <b>Confidence: </b> Nominal<br/> \n                    <b>Day/Night: </b> Night<br/>\n                    <b>Scan: </b> 0.39 km<br/>\n                    <b>Track: </b> 0.44 km<br/>\n                    <b>FRP: </b> 1.09 MW<br/>\n                    <b>Brightness: </b> 297.68 K" }, "geometry": { "type": "Polygon", "coordinates": [ [ [ 72.53766, 60.50071 ], [ 72.5445, 60.50071 ], [ 72.5445, 60.49735 ], [ 72.53766, 60.49735 ], [ 72.53766, 60.50071 ] ] ] } },
{ "type": "Feature", "properties": { "sensor": "NOAA-20", "description": "<b>Latitude: </b> 60.05016<br/> \n                    <b>Longitude: </b> 75.45103<br/> \n                    <b>Detection Time: </b> 2026-09-26 21:01 UTC<br/> \n                    <b>Sensor: </b> NOAA-20 VIIRS<br/>\n                    <b>Confidence: </b> Nominal<br/> \n                    <b>Day/Night: </b> Night<br/>\n                    <b>Scan: </b> 0.48 km<br/>\n                    <b>Track: </b> 0.4 km<br/>\n                    <b>FRP: </b> 0.64 MW<br/>\n                    <b>Brightness: </b> 297.17 K" }, "geometry": { "type": "Polygon", "coordinates": [ [ [ 75.44766, 60.05184 ], [ 75.4544, 60.05184 ], [ 75.4544, 60.04848 ], [ 75.44766, 60.04848 ], [ 75.44766, 60.05184 ] ] ] } },
{ "type": "Feature", "properties": { "sensor": "NOAA-20", "description": "<b>Latitude: </b> 60.16087<br/> \n                    <b>Longitude: </b> 73.57072<br/> \n                    <b>Detection Time: </b> 2026-09-26 21:01 UTC<br/> \n                    <b>Sensor: </b> NOAA-20 VIIRS<br/>\n                    <b>Confidence: </b> Nominal<br/> \n                    <b>Day/Night: </b> Night<br/>\n                    <b>Scan: </b> 0.54 km<br/>\n                    <b>Track: </b> 0.42 km<br/>\n                    <b>FRP: </b> 1.37 MW<br/>\n                    <b>Brightness: </b> 309.09 K" }, "geometry": { "type": "Polygon", "coordinates": [ [ [ 73.56733, 60.16255 ], [ 73.57411, 60.16255 ], [ 73.57411, 60.15919 ], [ 73.56733, 60.15919 ], [ 73.56733, 60.16255 ] ] ] } },
{ "type": "Feature", "properties": { "sensor": "NOAA-20", "description": "<b>Latitude: </b> 60.11616<br/> \n                    <b>Longitude: </b> 73.62531<br/> \n                    <b>Detection Time: </b> 2026-09-26 21:01 UTC<br/> \n                    <b>Sensor: </b> NOAA-20 VIIRS<br/>\n                    <b>Confidence: </b> Nominal<br/> \n                    <b>Day/Night: </b> Night<br/>\n                    <b>Scan: </b> 0.54 km<br/>\n                    <b>Track: </b> 0.42 km<br/>\n                    <b>FRP: </b> 0.6 MW<br/>\n                    <b>Brightness: </b> 298.46 K" }, "geometry": { "type": "Polygon", "coordinates": [ [ [ 73.62193, 60.11784 ], [ 73.62869, 60.11784 ], [ 73.62869, 60.11448 ], [ 73.62193, 60.11448 ], [ 73.62193, 60.11784 ] ] ] } },
{ "type": "Feature", "properties": { "sensor": "NOAA-20", "description": "<b>Latitude: </b> 60.11681<br/> \n                    <b>Longitude: </b> 73.61835<br/> \n                    <b>Detection Time: </b> 2026-09-26 21:01 UTC<br/> \n                    <b>Sensor: </b> NOAA-20 VIIRS<br/>\n                    <b>Confidence: </b> Nominal<br/> \n                    <b>Day/Night: </b> Night<br/>\n                    <b>Scan: </b> 0.54 km<br/>\n                    <b>Track: </b> 0.42 km<br/>\n                    <b>FRP: </b> 0.99 MW<br/>\n                    <b>Brightness: </b> 295.87 K" }, "geometry": { "type": "Polygon", "coordinates": [ [ [ 73.61497, 60.11849 ], [ 73.62173, 60.11849 ], [ 73.62173, 60.11513 ], [ 73.61497, 60.11513 ], [ 73.61497, 60.11849 ] ] ] } },
{ "type": "Feature", "properties": { "sensor": "NOAA-20", "description": "<b>Latitude: </b> 60.30573<br/> \n                    <b>Longitude: </b> 70.89767<br/> \n                    <b>Detection Time: </b> 2026-09-26 21:01 UTC<br/> \n                    <b>Sensor: </b> NOAA-20 VIIRS<br/>\n                    <b>Confidence: </b> Nominal<br/> \n                    <b>Day/Night: </b> Night<br/>\n                    <b>Scan: </b> 0.44 km<br/>\n                    <b>Track: </b> 0.46 km<br/>\n                    <b>FRP: </b> 0.75 MW<br/>\n                    <b>Brightness: </b> 298.88 K" }, "geometry": { "type": "Polygon", "coordinates": [ [ [ 70.89427, 60.30741 ], [ 70.90107, 60.30741 ], [ 70.90107, 60.30405 ], [ 70.89427, 60.30405 ], [ 70.89427, 60.30741 ] ] ] } },
{ "type": "Feature", "properties": { "sensor": "NOAA-20", "description": "<b>Latitude: </b> 60.09703<br/> \n                    <b>Longitude: </b> 72.42009<br/> \n                    <b>Detection Time: </b> 2026-09-26 21:01 UTC<br/> \n                    <b>Sensor: </b> NOAA-20 VIIRS<br/>\n                    <b>Confidence: </b> Nominal<br/> \n                    <b>Day/Night: </b> Night<br/>\n                    <b>Scan: </b> 0.39 km<br/>\n                    <b>Track: </b> 0.44 km<br/>\n                    <b>FRP: </b> 0.82 MW<br/>\n                    <b>Brightness: </b> 296.74 K" }, "geometry": { "type": "Polygon", "coordinates": [ [ [ 72.41671, 60.09871 ], [ 72.42347, 60.09871 ], [ 72.42347, 60.09535 ], [ 72.41671, 60.09535 ], [ 72.41671, 60.09871 ] ] ] } },
{ "type": "Feature", "properties": { "sensor": "NOAA-20", "description": "<b>Latitude: </b> 60.04206<br/> \n                    <b>Longitude: </b> 71.06779<br/> \n                    <b>Detection Time: </b> 2026-09-26 21:01 UTC<br/> \n                    <b>Sensor: </b> NOAA-20 VIIRS<br/>\n                    <b>Confidence: </b> Nominal<br/> \n                    <b>Day/Night: </b> Night<br/>\n                    <b>Scan: </b> 0.43 km<br/>\n                    <b>Track: </b> 0.46 km<br/>\n                    <b>FRP: </b> 1.11 MW<br/>\n                    <b>Brightness: </b> 305.67 K" }, "geometry": { "type": "Polygon", "coordinates": [ [ [ 71.06442, 60.04374 ], [ 71.07116, 60.04374 ], [ 71.07116, 60.04038 ], [ 71.06442, 60.04038 ], [ 71.06442, 60.04374 ] ] ] } },
{ "type": "Feature", "properties": { "sensor": "NOAA-20", "description": "<b>Latitude: </b> 59.89171<br/> \n                    <b>Longitude: </b> 71.72866<br/> \n                    <b>Detection Time: </b> 2026-09-26 21:01 UTC<br/> \n                    <b>Sensor: </b> NOAA-20 VIIRS<br/>\n                    <b>Confidence: </b> Nominal<br/> \n                    <b>Day/Night: </b> Night<br/>\n                    <b>Scan: </b> 0.41 km<br/>\n                    <b>Track: </b> 0.45 km<br/>\n                    <b>FRP: </b> 4.97 MW<br/>\n                    <b>Brightness: </b> 325.57 K" }, "geometry": { "type": "Polygon", "coordinates": [ [ [ 71.7253, 59.89339 ], [ 71.73202, 59.89339 ], [ 71.73202, 59.89003 ], [ 71.7253, 59.89003 ], [ 71.7253, 59.89339 ] ] ] } },
{ "type": "Feature", "properties": { "sensor": "NOAA-20", "description": "<b>Latitude: </b> 59.89116<br/> \n                    <b>Longitude: </b> 71.73601<br/> \n                    <b>Detection Time: </b> 2026-09-26 21:01 UTC<br/> \n                    <b>Sensor: </b> NOAA-20 VIIRS<br/>\n                    <b>Confidence: </b> Nominal<br/> \n                    <b>Day/Night: </b> Night<br/>\n                    <b>Scan: </b> 0.41 km<br/>\n                    <b>Track: </b> 0.45 km<br/>\n                    <b>FRP: </b> 6.44 MW<br/>\n                    <b>Brightness: </b> 331.26 K" }, "geometry": { "type": "Polygon", "coordinates": [ [ [ 71.73265, 59.89284 ], [ 71.73937, 59.89284 ], [ 71.73937, 59.88948 ], [ 71.73265, 59.88948 ], [ 71.73265, 59.89284 ] ] ] } },
{ "type": "Feature", "properties": { "sensor": "NOAA-20", "description": "<b>Latitude: </b> 59.79556<br/> \n                    <b>Longitude: </b> 72.43057<br/> \n                    <b>Detection Time: </b> 2026-09-26 21:01 UTC<br/> \n                    <b>Sensor: </b> NOAA-20 VIIRS<br/>\n                    <b>Confidence: </b> Nominal<br/> \n                    <b>Day/Night: </b> Night<br/>\n                    <b>Scan: </b> 0.39 km<br/>\n                    <b>Track: </b> 0.44 km<br/>\n                    <b>FRP: </b> 0.49 MW<br/>\n                    <b>Brightness: </b> 308.61 K" }, "geometry": { "type": "Polygon", "coordinates": [ [ [ 72.42722, 59.79724 ], [ 72.43392, 59.79724 ], [ 72.43392, 59.79388 ], [ 72.42722, 59.79388 ], [ 72.42722, 59.79724 ] ] ] } },
{ "type": "Feature", "properties": { "sensor": "NOAA-20", "description": "<b>Latitude: </b> 59.26976<br/> \n                    <b>Longitude: </b> 77.03659<br/> \n                    <b>Detection Time: </b> 2026-09-26 21:01 UTC<br/> \n                    <b>Sensor: </b> NOAA-20 VIIRS<br/>\n                    <b>Confidence: </b> Nominal<br/> \n                    <b>Day/Night: </b> Night<br/>\n                    <b>Scan: </b> 0.43 km<br/>\n                    <b>Track: </b> 0.38 km<br/>\n                    <b>FRP: </b> 0.59 MW<br/>\n                    <b>Brightness: </b> 300.05 K" }, "geometry": { "type": "Polygon", "coordinates": [ [ [ 77.03329, 59.27144 ], [ 77.03989, 59.27144 ], [ 77.03989, 59.26808 ], [ 77.03329, 59.26808 ], [ 77.03329, 59.27144 ] ] ] } },
{ "type": "Feature", "properties": { "sensor": "NOAA-20", "description": "<b>Latitude: </b> 59.87278<br/> \n                    <b>Longitude: </b> 68.87672<br/> \n                    <b>Detection Time: </b> 2026-09-26 21:01 UTC<br/> \n                    <b>Sensor: </b> NOAA-20 VIIRS<br/>\n                    <b>Confidence: </b> Nominal<br/> \n                    <b>Day/Night: </b> Night<br/>\n                    <b>Scan: </b> 0.51 km<br/>\n                    <b>Track: </b> 0.49 km<br/>\n                    <b>FRP: </b> 0.77 MW<br/>\n                    <b>Brightness: </b> 297.05 K" }, "geometry": { "type": "Polygon", "coordinates": [ [ [ 68.87336, 59.87446 ], [ 68.88008, 59.87446 ], [ 68.88008, 59.8711 ], [ 68.87336, 59.8711 ], [ 68.87336, 59.87446 ] ] ] } },
{ "type": "Feature", "properties": { "sensor": "NOAA-20", "description": "<b>Latitude: </b> 59.99185<br/> \n                    <b>Longitude: </b> 63.88374<br/> \n                    <b>Detection Time: </b> 2026-09-26 21:01 UTC<br/> \n                    <b>Sensor: </b> NOAA-20 VIIRS<br/>\n                    <b>Confidence: </b> Nominal<br/> \n                    <b>Day/Night: </b> Night<br/>\n                    <b>Scan: </b> 0.38 km<br/>\n                    <b>Track: </b> 0.59 km<br/>\n                    <b>FRP: </b> 1.38 MW<br/>\n                    <b>Brightness: </b> 314.17 K" }, "geometry": { "type": "Polygon", "coordinates": [ [ [ 63.88037, 59.99353 ], [ 63.88711, 59.99353 ], [ 63.88711, 59.99017 ], [ 63.88037, 59.99017 ], [ 63.88037, 59.99353 ] ] ] } },
{ "type": "Feature", "properties": { "sensor": "NOAA-20", "description": "<b>Latitude: </b> 64.42006<br/> \n                    <b>Longitude: </b> 77.70023<br/> \n                    <b>Detection Time: </b> 2026-09-26 21:01 UTC<br/> \n                    <b>Sensor: </b> NOAA-20 VIIRS<br/>\n                    <b>Confidence: </b> Nominal<br/> \n                    <b>Day/Night: </b> Night<br/>\n                    <b>Scan: </b> 0.48 km<br/>\n                    <b>Track: </b> 0.4 km<br/>\n                    <b>FRP: </b> 0.76 MW<br/>\n                    <b>Brightness: </b> 295.12 K" }, "geometry": { "type": "Polygon", "coordinates": [ [ [ 77.69633, 64.42174 ], [ 77.70413, 64.42174 ], [ 77.70413, 64.41838 ], [ 77.69633, 64.41838 ], [ 77.69633, 64.42174 ] ] ] } },
{ "type": "Feature", "properties": { "sensor": "NOAA-20", "description": "<b>Latitude: </b> 65.0056<br/> \n                    <b>Longitude: </b> 56.90732<br/> \n                    <b>Detection Time: </b> 2026-09-26 21:01 UTC<br/> \n                    <b>Sensor: </b> NOAA-20 VIIRS<br/>\n                    <b>Confidence: </b> Nominal<br/> \n                    <b>Day/Night: </b> Night<br/>\n                    <b>Scan: </b> 0.63 km<br/>\n                    <b>Track: </b> 0.72 km<br/>\n                    <b>FRP: </b> 1.98 MW<br/>\n                    <b>Brightness: </b> 305.8 K" }, "geometry": { "type": "Polygon", "coordinates": [ [ [ 56.90333, 65.00728 ], [ 56.91131, 65.00728 ], [ 56.91131, 65.00392 ], [ 56.90333, 65.00392 ], [ 56.90333, 65.00728 ] ] ] } },
{ "type": "Feature", "properties": { "sensor": "NOAA-20", "description": "<b>Latitude: </b> 65.02464<br/> \n                    <b>Longitude: </b> 56.71934<br/> \n                    <b>Detection Time: </b> 2026-09-26 21:01 UTC<br/> \n                    <b>Sensor: </b> NOAA-20 VIIRS<br/>\n                    <b>Confidence: </b> Nominal<br/> \n                    <b>Day/Night: </b> Night<br/>\n                    <b>Scan: </b> 0.64 km<br/>\n                    <b>Track: </b> 0.72 km<br/>\n                    <b>FRP: </b> 0.85 MW<br/>\n                    <b>Brightness: </b> 297.07 K" }, "geometry": { "type": "Polygon", "coordinates": [ [ [ 56.71535, 65.02632 ], [ 56.72333, 65.02632 ], [ 56.72333, 65.02296 ], [ 56.71535, 65.02296 ], [ 56.71535, 65.02632 ] ] ] } },
{ "type": "Feature", "properties": { "sensor": "NOAA-20", "description": "<b>Latitude: </b> 65.0424<br/> \n                    <b>Longitude: </b> 56.6582<br/> \n                    <b>Detection Time: </b> 2026-09-26 21:01 UTC<br/> \n                    <b>Sensor: </b> NOAA-20 VIIRS<br/>\n                    <b>Confidence: </b> Nominal<br/> \n                    <b>Day/Night: </b> Night<br/>\n                    <b>Scan: </b> 0.64 km<br/>\n                    <b>Track: </b> 0.72 km<br/>\n                    <b>FRP: </b> 3.93 MW<br/>\n                    <b>Brightness: </b> 333.69 K" }, "geometry": { "type": "Polygon", "coordinates": [ [ [ 56.65421, 65.04408 ], [ 56.66219, 65.04408 ], [ 56.66219, 65.04072 ], [ 56.65421, 65.04072 ], [ 56.65421, 65.04408 ] ] ] } },
{ "type": "Feature", "properties": { "sensor": "NOAA-20", "description": "<b>Latitude: </b> 65.04389<br/> \n                    <b>Longitude: </b> 56.66585<br/> \n                    <b>Detection Time: </b> 2026-09-26 21:01 UTC<br/> \n                    <b>Sensor: </b> NOAA-20 VIIRS<br/>\n                    <b>Confidence: </b> Nominal<br/> \n                    <b>Day/Night: </b> Night<br/>\n                    <b>Scan: </b> 0.64 km<br/>\n                    <b>Track: </b> 0.72 km<br/>\n                    <b>FRP: </b> 2.08 MW<br/>\n                    <b>Brightness: </b> 310.93 K" }, "geometry": { "type": "Polygon", "coordinates": [ [ [ 56.66186, 65.04557 ], [ 56.66984, 65.04557 ], [ 56.66984, 65.04221 ], [ 56.66186, 65.04221 ], [ 56.66186, 65.04557 ] ] ] } },
{ "type": "Feature", "properties": { "sensor": "NOAA-20", "description": "<b>Latitude: </b> 65.04324<br/> \n                    <b>Longitude: </b> 56.65164<br/> \n                    <b>Detection Time: </b> 2026-09-26 21:01 UTC<br/> \n                    <b>Sensor: </b> NOAA-20 VIIRS<br/>\n                    <b>Confidence: </b> Nominal<br/> \n                    <b>Day/Night: </b> Night<br/>\n                    <b>Scan: </b> 0.65 km<br/>\n                    <b>Track: </b> 0.73 km<br/>\n                    <b>FRP: </b> 2.08 MW<br/>\n                    <b>Brightness: </b> 311.48 K" }, "geometry": { "type": "Polygon", "coordinates": [ [ [ 56.64765, 65.04492 ], [ 56.65563, 65.04492 ], [ 56.65563, 65.04156 ], [ 56.64765, 65.04156 ], [ 56.64765, 65.04492 ] ] ] } },
{ "type": "Feature", "properties": { "sensor": "NOAA-20", "description": "<b>Latitude: </b> 66.0672<br/> \n                    <b>Longitude: </b> 57.81554<br/> \n                    <b>Detection Time: </b> 2026-09-26 21:01 UTC<br/> \n                    <b>Sensor: </b> NOAA-20 VIIRS<br/>\n                    <b>Confidence: </b> Nominal<br/> \n                    <b>Day/Night: </b> Night<br/>\n                    <b>Scan: </b> 0.59 km<br/>\n                    <b>Track: </b> 0.7 km<br/>\n                    <b>FRP: </b> 1.18 MW<br/>\n                    <b>Brightness: </b> 302.34 K" }, "geometry": { "type": "Polygon", "coordinates": [ [ [ 57.81139, 66.06888 ], [ 57.81969, 66.06888 ], [ 57.81969, 66.06552 ], [ 57.81139, 66.06552 ], [ 57.81139, 66.06888 ] ] ] } },
{ "type": "Feature", "properties": { "sensor": "NOAA-20", "description": "<b>Latitude: </b> 65.72672<br/> \n                    <b>Longitude: </b> 75.58618<br/> \n                    <b>Detection Time: </b> 2026-09-26 21:01 UTC<br/> \n                    <b>Sensor: </b> NOAA-20 VIIRS<br/>\n                    <b>Confidence: </b> Nominal<br/> \n                    <b>Day/Night: </b> Night<br/>\n                    <b>Scan: </b> 0.56 km<br/>\n                    <b>Track: </b> 0.43 km<br/>\n                    <b>FRP: </b> 1 MW<br/>\n                    <b>Brightness: </b> 295.6 K" }, "geometry": { "type": "Polygon", "coordinates": [ [ [ 75.58208, 65.7284 ], [ 75.59028, 65.7284 ], [ 75.59028, 65.72504 ], [ 75.58208, 65.72504 ], [ 75.58208, 65.7284 ] ] ] } },
{ "type": "Feature", "properties": { "sensor": "NOAA-20", "description": "<b>Latitude: </b> 66.17113<br/> \n                    <b>Longitude: </b> 57.3163<br/> \n                    <b>Detection Time: </b> 2026-09-26 21:01 UTC<br/> \n                    <b>Sensor: </b> NOAA-20 VIIRS<br/>\n                    <b>Confidence: </b> Nominal<br/> \n                    <b>Day/Night: </b> Night<br/>\n                    <b>Scan: </b> 0.61 km<br/>\n                    <b>Track: </b> 0.71 km<br/>\n                    <b>FRP: </b> 0.48 MW<br/>\n                    <b>Brightness: </b> 295.43 K" }, "geometry": { "type": "Polygon", "coordinates": [ [ [ 57.31213, 66.17281 ], [ 57.32047, 66.17281 ], [ 57.32047, 66.16945 ], [ 57.31213, 66.16945 ], [ 57.31213, 66.17281 ] ] ] } },
{ "type": "Feature", "properties": { "sensor": "NOAA-20", "description": "<b>Latitude: </b> 65.86102<br/> \n                    <b>Longitude: </b> 76.95288<br/> \n                    <b>Detection Time: </b> 2026-09-26 21:01 UTC<br/> \n                    <b>Sensor: </b> NOAA-20 VIIRS<br/>\n                    <b>Confidence: </b> Nominal<br/> \n                    <b>Day/Night: </b> Night<br/>\n                    <b>Scan: </b> 0.53 km<br/>\n                    <b>Track: </b> 0.42 km<br/>\n                    <b>FRP: </b> 2.28 MW<br/>\n                    <b>Brightness: </b> 314.46 K" }, "geometry": { "type": "Polygon", "coordinates": [ [ [ 76.94876, 65.8627 ], [ 76.957, 65.8627 ], [ 76.957, 65.85934 ], [ 76.94876, 65.85934 ], [ 76.94876, 65.8627 ] ] ] } },
{ "type": "Feature", "properties": { "sensor": "NOAA-20", "description": "<b>Latitude: </b> 65.85776<br/> \n                    <b>Longitude: </b> 76.95837<br/> \n                    <b>Detection Time: </b> 2026-09-26 21:01 UTC<br/> \n                    <b>Sensor: </b> NOAA-20 VIIRS<br/>\n                    <b>Confidence: </b> Nominal<br/> \n                    <b>Day/Night: </b> Night<br/>\n                    <b>Scan: </b> 0.53 km<br/>\n                    <b>Track: </b> 0.42 km<br/>\n                    <b>FRP: </b> 2.59 MW<br/>\n                    <b>Brightness: </b> 317.62 K" }, "geometry": { "type": "Polygon", "coordinates": [ [ [ 76.95425, 65.85944 ], [ 76.96249, 65.85944 ], [ 76.96249, 65.85608 ], [ 76.95425, 65.85608 ], [ 76.95425, 65.85944 ] ] ] } },
{ "type": "Feature", "properties": { "sensor": "NOAA-20", "description": "<b>Latitude: </b> 66.42451<br/> \n                    <b>Longitude: </b> 58.03823<br/> \n                    <b>Detection Time: </b> 2026-09-26 21:01 UTC<br/> \n                    <b>Sensor: </b> NOAA-20 VIIRS<br/>\n                    <b>Confidence: </b> Nominal<br/> \n                    <b>Day/Night: </b> Night<br/>\n                    <b>Scan: </b> 0.58 km<br/>\n                    <b>Track: </b> 0.7 km<br/>\n                    <b>FRP: </b> 2.74 MW<br/>\n                    <b>Brightness: </b> 314.52 K" }, "geometry": { "type": "Polygon", "coordinates": [ [ [ 58.03402, 66.42619 ], [ 58.04244, 66.42619 ], [ 58.04244, 66.42283 ], [ 58.03402, 66.42283 ], [ 58.03402, 66.42619 ] ] ] } },
{ "type": "Feature", "properties": { "sensor": "NOAA-20", "description": "<b>Latitude: </b> 66.42406<br/> \n                    <b>Longitude: </b> 58.02534<br/> \n                    <b>Detection Time: </b> 2026-09-26 21:01 UTC<br/> \n                    <b>Sensor: </b> NOAA-20 VIIRS<br/>\n                    <b>Confidence: </b> Nominal<br/> \n                    <b>Day/Night: </b> Night<br/>\n                    <b>Scan: </b> 0.58 km<br/>\n                    <b>Track: </b> 0.7 km<br/>\n                    <b>FRP: </b> 2.15 MW<br/>\n                    <b>Brightness: </b> 304.96 K" }, "geometry": { "type": "Polygon", "coordinates": [ [ [ 58.02113, 66.42574 ], [ 58.02955, 66.42574 ], [ 58.02955, 66.42238 ], [ 58.02113, 66.42238 ], [ 58.02113, 66.42574 ] ] ] } },
{ "type": "Feature", "properties": { "sensor": "NOAA-20", "description": "<b>Latitude: </b> 65.90688<br/> \n                    <b>Longitude: </b> 77.24788<br/> \n                    <b>Detection Time: </b> 2026-09-26 21:01 UTC<br/> \n                    <b>Sensor: </b> NOAA-20 VIIRS<br/>\n                    <b>Confidence: </b> Nominal<br/> \n                    <b>Day/Night: </b> Night<br/>\n                    <b>Scan: </b> 0.52 km<br/>\n                    <b>Track: </b> 0.41 km<br/>\n                    <b>FRP: </b> 0.67 MW<br/>\n                    <b>Brightness: </b> 297.34 K" }, "geometry": { "type": "Polygon", "coordinates": [ [ [ 77.24375, 65.90856 ], [ 77.25201, 65.90856 ], [ 77.25201, 65.9052 ], [ 77.24375, 65.9052 ], [ 77.24375, 65.90856 ] ] ] } },
{ "type": "Feature", "properties": { "sensor": "NOAA-20", "description": "<b>Latitude: </b> 65.90791<br/> \n                    <b>Longitude: </b> 77.23663<br/> \n                    <b>Detection Time: </b> 2026-09-26 21:01 UTC<br/> \n                    <b>Sensor: </b> NOAA-20 VIIRS<br/>\n                    <b>Confidence: </b> Nominal<br/> \n                    <b>Day/Night: </b> Night<br/>\n                    <b>Scan: </b> 0.52 km<br/>\n                    <b>Track: </b> 0.41 km<br/>\n                    <b>FRP: </b> 0.67 MW<br/>\n                    <b>Brightness: </b> 298.24 K" }, "geometry": { "type": "Polygon", "coordinates": [ [ [ 77.2325, 65.90959 ], [ 77.24076, 65.90959 ], [ 77.24076, 65.90623 ], [ 77.2325, 65.90623 ], [ 77.2325, 65.90959 ] ] ] } },
{ "type": "Feature", "properties": { "sensor": "NOAA-20", "description": "<b>Latitude: </b> 66.42289<br/> \n                    <b>Longitude: </b> 58.0288<br/> \n                    <b>Detection Time: </b> 2026-09-26 21:01 UTC<br/> \n                    <b>Sensor: </b> NOAA-20 VIIRS<br/>\n                    <b>Confidence: </b> Nominal<br/> \n                    <b>Day/Night: </b> Night<br/>\n                    <b>Scan: </b> 0.58 km<br/>\n                    <b>Track: </b> 0.7 km<br/>\n                    <b>FRP: </b> 2.11 MW<br/>\n                    <b>Brightness: </b> 322.74 K" }, "geometry": { "type": "Polygon", "coordinates": [ [ [ 58.02459, 66.42457 ], [ 58.03301, 66.42457 ], [ 58.03301, 66.42121 ], [ 58.02459, 66.42121 ], [ 58.02459, 66.42457 ] ] ] } },
{ "type": "Feature", "properties": { "sensor": "NOAA-20", "description": "<b>Latitude: </b> 66.4299<br/> \n                    <b>Longitude: </b> 56.59843<br/> \n                    <b>Detection Time: </b> 2026-09-26 21:01 UTC<br/> \n                    <b>Sensor: </b> NOAA-20 VIIRS<br/>\n                    <b>Confidence: </b> Nominal<br/> \n                    <b>Day/Night: </b> Night<br/>\n                    <b>Scan: </b> 0.64 km<br/>\n                    <b>Track: </b> 0.72 km<br/>\n                    <b>FRP: </b> 3.87 MW<br/>\n                    <b>Brightness: </b> 310.52 K" }, "geometry": { "type": "Polygon", "coordinates": [ [ [ 56.59422, 66.43158 ], [ 56.60264, 66.43158 ], [ 56.60264, 66.42822 ], [ 56.59422, 66.42822 ], [ 56.59422, 66.43158 ] ] ] } },
{ "type": "Feature", "properties": { "sensor": "NOAA-20", "description": "<b>Latitude: </b> 66.05273<br/> \n                    <b>Longitude: </b> 77.00943<br/> \n                    <b>Detection Time: </b> 2026-09-26 21:01 UTC<br/> \n                    <b>Sensor: </b> NOAA-20 VIIRS<br/>\n                    <b>Confidence: </b> Nominal<br/> \n                    <b>Day/Night: </b> Night<br/>\n                    <b>Scan: </b> 0.53 km<br/>\n                    <b>Track: </b> 0.42 km<br/>\n                    <b>FRP: </b> 1.71 MW<br/>\n                    <b>Brightness: </b> 319.7 K" }, "geometry": { "type": "Polygon", "coordinates": [ [ [ 77.00528, 66.05441 ], [ 77.01358, 66.05441 ], [ 77.01358, 66.05105 ], [ 77.00528, 66.05105 ], [ 77.00528, 66.05441 ] ] ] } },
{ "type": "Feature", "properties": { "sensor": "NOAA-20", "description": "<b>Latitude: </b> 66.09972<br/> \n                    <b>Longitude: </b> 76.84669<br/> \n                    <b>Detection Time: </b> 2026-09-26 21:01 UTC<br/> \n                    <b>Sensor: </b> NOAA-20 VIIRS<br/>\n                    <b>Confidence: </b> Nominal<br/> \n                    <b>Day/Night: </b> Night<br/>\n                    <b>Scan: </b> 0.53 km<br/>\n                    <b>Track: </b> 0.42 km<br/>\n                    <b>FRP: </b> 1.99 MW<br/>\n                    <b>Brightness: </b> 311.47 K" }, "geometry": { "type": "Polygon", "coordinates": [ [ [ 76.84253, 66.1014 ], [ 76.85085, 66.1014 ], [ 76.85085, 66.09804 ], [ 76.84253, 66.09804 ], [ 76.84253, 66.1014 ] ] ] } },
{ "type": "Feature", "properties": { "sensor": "NOAA-20", "description": "<b>Latitude: </b> 66.11267<br/> \n                    <b>Longitude: </b> 77.06188<br/> \n                    <b>Detection Time: </b> 2026-09-26 21:01 UTC<br/> \n                    <b>Sensor: </b> NOAA-20 VIIRS<br/>\n                    <b>Confidence: </b> Nominal<br/> \n                    <b>Day/Night: </b> Night<br/>\n                    <b>Scan: </b> 0.53 km<br/>\n                    <b>Track: </b> 0.42 km<br/>\n                    <b>FRP: </b> 16.79 MW<br/>\n                    <b>Brightness: </b> 338.43 K" }, "geometry": { "type": "Polygon", "coordinates": [ [ [ 77.05772, 66.11435 ], [ 77.06604, 66.11435 ], [ 77.06604, 66.11099 ], [ 77.05772, 66.11099 ], [ 77.05772, 66.11435 ] ] ] } },
{ "type": "Feature", "properties": { "sensor": "NOAA-20", "description": "<b>Latitude: </b> 66.12965<br/> \n                    <b>Longitude: </b> 77.313<br/> \n                    <b>Detection Time: </b> 2026-09-26 21:01 UTC<br/> \n                    <b>Sensor: </b> NOAA-20 VIIRS<br/>\n                    <b>Confidence: </b> Nominal<br/> \n                    <b>Day/Night: </b> Night<br/>\n                    <b>Scan: </b> 0.52 km<br/>\n                    <b>Track: </b> 0.42 km<br/>\n                    <b>FRP: </b> 0.9 MW<br/>\n                    <b>Brightness: </b> 302.91 K" }, "geometry": { "type": "Polygon", "coordinates": [ [ [ 77.30884, 66.13133 ], [ 77.31716, 66.13133 ], [ 77.31716, 66.12797 ], [ 77.30884, 66.12797 ], [ 77.30884, 66.13133 ] ] ] } },
{ "type": "Feature", "properties": { "sensor": "NOAA-20", "description": "<b>Latitude: </b> 66.20118<br/> \n                    <b>Longitude: </b> 77.23798<br/> \n                    <b>Detection Time: </b> 2026-09-26 21:01 UTC<br/> \n                    <b>Sensor: </b> NOAA-20 VIIRS<br/>\n                    <b>Confidence: </b> Nominal<br/> \n                    <b>Day/Night: </b> Night<br/>\n                    <b>Scan: </b> 0.52 km<br/>\n                    <b>Track: </b> 0.42 km<br/>\n                    <b>FRP: </b> 1.92 MW<br/>\n                    <b>Brightness: </b> 320.03 K" }, "geometry": { "type": "Polygon", "coordinates": [ [ [ 77.23381, 66.20286 ], [ 77.24215, 66.20286 ], [ 77.24215, 66.1995 ], [ 77.23381, 66.1995 ], [ 77.23381, 66.20286 ] ] ] } },
{ "type": "Feature", "properties": { "sensor": "NOAA-20", "description": "<b>Latitude: </b> 66.24702<br/> \n                    <b>Longitude: </b> 76.80876<br/> \n                    <b>Detection Time: </b> 2026-09-26 21:01 UTC<br/> \n                    <b>Sensor: </b> NOAA-20 VIIRS<br/>\n                    <b>Confidence: </b> Nominal<br/> \n                    <b>Day/Night: </b> Night<br/>\n                    <b>Scan: </b> 0.54 km<br/>\n                    <b>Track: </b> 0.42 km<br/>\n                    <b>FRP: </b> 5.31 MW<br/>\n                    <b>Brightness: </b> 309.81 K" }, "geometry": { "type": "Polygon", "coordinates": [ [ [ 76.80458, 66.2487 ], [ 76.81294, 66.2487 ], [ 76.81294, 66.24534 ], [ 76.80458, 66.24534 ], [ 76.80458, 66.2487 ] ] ] } },
{ "type": "Feature", "properties": { "sensor": "NOAA-20", "description": "<b>Latitude: </b> 66.24599<br/> \n                    <b>Longitude: </b> 76.82062<br/> \n                    <b>Detection Time: </b> 2026-09-26 21:01 UTC<br/> \n                    <b>Sensor: </b> NOAA-20 VIIRS<br/>\n                    <b>Confidence: </b> Nominal<br/> \n                    <b>Day/Night: </b> Night<br/>\n                    <b>Scan: </b> 0.54 km<br/>\n                    <b>Track: </b> 0.42 km<br/>\n                    <b>FRP: </b> 5.31 MW<br/>\n                    <b>Brightness: </b> 337.36 K" }, "geometry": { "type": "Polygon", "coordinates": [ [ [ 76.81644, 66.24767 ], [ 76.8248, 66.24767 ], [ 76.8248, 66.24431 ], [ 76.81644, 66.24431 ], [ 76.81644, 66.24767 ] ] ] } },
{ "type": "Feature", "properties": { "sensor": "NOAA-20", "description": "<b>Latitude: </b> 66.25084<br/> \n                    <b>Longitude: </b> 76.81082<br/> \n                    <b>Detection Time: </b> 2026-09-26 21:01 UTC<br/> \n                    <b>Sensor: </b> NOAA-20 VIIRS<br/>\n                    <b>Confidence: </b> Nominal<br/> \n                    <b>Day/Night: </b> Night<br/>\n                    <b>Scan: </b> 0.54 km<br/>\n                    <b>Track: </b> 0.42 km<br/>\n                    <b>FRP: </b> 5.31 MW<br/>\n                    <b>Brightness: </b> 304.61 K" }, "geometry": { "type": "Polygon", "coordinates": [ [ [ 76.80664, 66.25252 ], [ 76.815, 66.25252 ], [ 76.815, 66.24916 ], [ 76.80664, 66.24916 ], [ 76.80664, 66.25252 ] ] ] } },
{ "type": "Feature", "properties": { "sensor": "NOAA-20", "description": "<b>Latitude: </b> 66.24981<br/> \n                    <b>Longitude: </b> 76.82266<br/> \n                    <b>Detection Time: </b> 2026-09-26 21:01 UTC<br/> \n                    <b>Sensor: </b> NOAA-20 VIIRS<br/>\n                    <b>Confidence: </b> Nominal<br/> \n                    <b>Day/Night: </b> Night<br/>\n                    <b>Scan: </b> 0.54 km<br/>\n                    <b>Track: </b> 0.42 km<br/>\n                    <b>FRP: </b> 5.31 MW<br/>\n                    <b>Brightness: </b> 322.21 K" }, "geometry": { "type": "Polygon", "coordinates": [ [ [ 76.81848, 66.25149 ], [ 76.82684, 66.25149 ], [ 76.82684, 66.24813 ], [ 76.81848, 66.24813 ], [ 76.81848, 66.25149 ] ] ] } },
{ "type": "Feature", "properties": { "sensor": "NOAA-20", "description": "<b>Latitude: </b> 66.18777<br/> \n                    <b>Longitude: </b> 77.68623<br/> \n                    <b>Detection Time: </b> 2026-09-26 21:01 UTC<br/> \n                    <b>Sensor: </b> NOAA-20 VIIRS<br/>\n                    <b>Confidence: </b> Nominal<br/> \n                    <b>Day/Night: </b> Night<br/>\n                    <b>Scan: </b> 0.51 km<br/>\n                    <b>Track: </b> 0.41 km<br/>\n                    <b>FRP: </b> 3.25 MW<br/>\n                    <b>Brightness: </b> 324.9 K" }, "geometry": { "type": "Polygon", "coordinates": [ [ [ 77.68206, 66.18945 ], [ 77.6904, 66.18945 ], [ 77.6904, 66.18609 ], [ 77.68206, 66.18609 ], [ 77.68206, 66.18945 ] ] ] } },
{ "type": "Feature", "properties": { "sensor": "NOAA-20", "description": "<b>Latitude: </b> 66.27899<br/> \n                    <b>Longitude: </b> 76.76355<br/> \n                    <b>Detection Time: </b> 2026-09-26 21:01 UTC<br/> \n                    <b>Sensor: </b> NOAA-20 VIIRS<br/>\n                    <b>Confidence: </b> Nominal<br/> \n                    <b>Day/Night: </b> Night<br/>\n                    <b>Scan: </b> 0.54 km<br/>\n                    <b>Track: </b> 0.42 km<br/>\n                    <b>FRP: </b> 1.96 MW<br/>\n                    <b>Brightness: </b> 298.37 K" }, "geometry": { "type": "Polygon", "coordinates": [ [ [ 76.75936, 66.28067 ], [ 76.76774, 66.28067 ], [ 76.76774, 66.27731 ], [ 76.75936, 66.27731 ], [ 76.75936, 66.28067 ] ] ] } },
{ "type": "Feature", "properties": { "sensor": "NOAA-20", "description": "<b>Latitude: </b> 66.28003<br/> \n                    <b>Longitude: </b> 76.75162<br/> \n                    <b>Detection Time: </b> 2026-09-26 21:01 UTC<br/> \n                    <b>Sensor: </b> NOAA-20 VIIRS<br/>\n                    <b>Confidence: </b> Nominal<br/> \n                    <b>Day/Night: </b> Night<br/>\n                    <b>Scan: </b> 0.54 km<br/>\n                    <b>Track: </b> 0.42 km<br/>\n                    <b>FRP: </b> 1.96 MW<br/>\n                    <b>Brightness: </b> 316.67 K" }, "geometry": { "type": "Polygon", "coordinates": [ [ [ 76.74743, 66.28171 ], [ 76.75581, 66.28171 ], [ 76.75581, 66.27835 ], [ 76.74743, 66.27835 ], [ 76.74743, 66.28171 ] ] ] } },
{ "type": "Feature", "properties": { "sensor": "NOAA-20", "description": "<b>Latitude: </b> 66.32069<br/> \n                    <b>Longitude: </b> 76.79109<br/> \n                    <b>Detection Time: </b> 2026-09-26 21:01 UTC<br/> \n                    <b>Sensor: </b> NOAA-20 VIIRS<br/>\n                    <b>Confidence: </b> Nominal<br/> \n                    <b>Day/Night: </b> Night<br/>\n                    <b>Scan: </b> 0.54 km<br/>\n                    <b>Track: </b> 0.42 km<br/>\n                    <b>FRP: </b> 5.42 MW<br/>\n                    <b>Brightness: </b> 332.03 K" }, "geometry": { "type": "Polygon", "coordinates": [ [ [ 76.7869, 66.32237 ], [ 76.79528, 66.32237 ], [ 76.79528, 66.31901 ], [ 76.7869, 66.31901 ], [ 76.7869, 66.32237 ] ] ] } },
{ "type": "Feature", "properties": { "sensor": "NOAA-20", "description": "<b>Latitude: </b> 66.3109<br/> \n                    <b>Longitude: </b> 76.99735<br/> \n                    <b>Detection Time: </b> 2026-09-26 21:01 UTC<br/> \n                    <b>Sensor: </b> NOAA-20 VIIRS<br/>\n                    <b>Confidence: </b> Nominal<br/> \n                    <b>Day/Night: </b> Night<br/>\n                    <b>Scan: </b> 0.53 km<br/>\n                    <b>Track: </b> 0.42 km<br/>\n                    <b>FRP: </b> 7.64 MW<br/>\n                    <b>Brightness: </b> 338.94 K" }, "geometry": { "type": "Polygon", "coordinates": [ [ [ 76.99316, 66.31258 ], [ 77.00154, 66.31258 ], [ 77.00154, 66.30922 ], [ 76.99316, 66.30922 ], [ 76.99316, 66.31258 ] ] ] } },
{ "type": "Feature", "properties": { "sensor": "NOAA-20", "description": "<b>Latitude: </b> 59.99134<br/> \n                    <b>Longitude: </b> 63.88317<br/> \n                    <b>Detection Time: </b> 2026-09-26 21:01 UTC<br/> \n                    <b>Sensor: </b> NOAA-20 VIIRS<br/>\n                    <b>Confidence: </b> Nominal<br/> \n                    <b>Day/Night: </b> Night<br/>\n                    <b>Scan: </b> 0.38 km<br/>\n                    <b>Track: </b> 0.59 km<br/>\n                    <b>FRP: </b> 0.88 MW<br/>\n                    <b>Brightness: </b> 311.09 K" }, "geometry": { "type": "Polygon", "coordinates": [ [ [ 63.8798, 59.99302 ], [ 63.88654, 59.99302 ], [ 63.88654, 59.98966 ], [ 63.8798, 59.98966 ], [ 63.8798, 59.99302 ] ] ] } },
{ "type": "Feature", "properties": { "sensor": "NOAA-20", "description": "<b>Latitude: </b> 59.47513<br/> \n                    <b>Longitude: </b> 71.53387<br/> \n                    <b>Detection Time: </b> 2026-09-26 21:01 UTC<br/> \n                    <b>Sensor: </b> NOAA-20 VIIRS<br/>\n                    <b>Confidence: </b> Nominal<br/> \n                    <b>Day/Night: </b> Night<br/>\n                    <b>Scan: </b> 0.41 km<br/>\n                    <b>Track: </b> 0.45 km<br/>\n                    <b>FRP: </b> 1.13 MW<br/>\n                    <b>Brightness: </b> 308.21 K" }, "geometry": { "type": "Polygon", "coordinates": [ [ [ 71.53055, 59.47681 ], [ 71.53719, 59.47681 ], [ 71.53719, 59.47345 ], [ 71.53055, 59.47345 ], [ 71.53055, 59.47681 ] ] ] } },
{ "type": "Feature", "properties": { "sensor": "NOAA-20", "description": "<b>Latitude: </b> 59.41565<br/> \n                    <b>Longitude: </b> 71.62762<br/> \n                    <b>Detection Time: </b> 2026-09-26 21:01 UTC<br/> \n                    <b>Sensor: </b> NOAA-20 VIIRS<br/>\n                    <b>Confidence: </b> Nominal<br/> \n                    <b>Day/Night: </b> Night<br/>\n                    <b>Scan: </b> 0.41 km<br/>\n                    <b>Track: </b> 0.45 km<br/>\n                    <b>FRP: </b> 4.02 MW<br/>\n                    <b>Brightness: </b> 337.16 K" }, "geometry": { "type": "Polygon", "coordinates": [ [ [ 71.62431, 59.41733 ], [ 71.63093, 59.41733 ], [ 71.63093, 59.41397 ], [ 71.62431, 59.41397 ], [ 71.62431, 59.41733 ] ] ] } },
{ "type": "Feature", "properties": { "sensor": "NOAA-20", "description": "<b>Latitude: </b> 59.41155<br/> \n                    <b>Longitude: </b> 71.62638<br/> \n                    <b>Detection Time: </b> 2026-09-26 21:01 UTC<br/> \n                    <b>Sensor: </b> NOAA-20 VIIRS<br/>\n                    <b>Confidence: </b> Nominal<br/> \n                    <b>Day/Night: </b> Night<br/>\n                    <b>Scan: </b> 0.41 km<br/>\n                    <b>Track: </b> 0.45 km<br/>\n                    <b>FRP: </b> 4.02 MW<br/>\n                    <b>Brightness: </b> 336.17 K" }, "geometry": { "type": "Polygon", "coordinates": [ [ [ 71.62307, 59.41323 ], [ 71.62969, 59.41323 ], [ 71.62969, 59.40987 ], [ 71.62307, 59.40987 ], [ 71.62307, 59.41323 ] ] ] } },
{ "type": "Feature", "properties": { "sensor": "NOAA-20", "description": "<b>Latitude: </b> 58.8935<br/> \n                    <b>Longitude: </b> 76.83783<br/> \n                    <b>Detection Time: </b> 2026-09-26 21:01 UTC<br/> \n                    <b>Sensor: </b> NOAA-20 VIIRS<br/>\n                    <b>Confidence: </b> Nominal<br/> \n                    <b>Day/Night: </b> Night<br/>\n                    <b>Scan: </b> 0.43 km<br/>\n                    <b>Track: </b> 0.38 km<br/>\n                    <b>FRP: </b> 1.15 MW<br/>\n                    <b>Brightness: </b> 313.61 K" }, "geometry": { "type": "Polygon", "coordinates": [ [ [ 76.83457, 58.89518 ], [ 76.84109, 58.89518 ], [ 76.84109, 58.89182 ], [ 76.83457, 58.89182 ], [ 76.83457, 58.89518 ] ] ] } },
{ "type": "Feature", "properties": { "sensor": "NOAA-20", "description": "<b>Latitude: </b> 59.20109<br/> \n                    <b>Longitude: </b> 71.36762<br/> \n                    <b>Detection Time: </b> 2026-09-26 21:01 UTC<br/> \n                    <b>Sensor: </b> NOAA-20 VIIRS<br/>\n                    <b>Confidence: </b> Nominal<br/> \n                    <b>Day/Night: </b> Night<br/>\n                    <b>Scan: </b> 0.41 km<br/>\n                    <b>Track: </b> 0.45 km<br/>\n                    <b>FRP: </b> 3.58 MW<br/>\n                    <b>Brightness: </b> 335.98 K" }, "geometry": { "type": "Polygon", "coordinates": [ [ [ 71.36433, 59.20277 ], [ 71.37091, 59.20277 ], [ 71.37091, 59.19941 ], [ 71.36433, 59.19941 ], [ 71.36433, 59.20277 ] ] ] } },
{ "type": "Feature", "properties": { "sensor": "NOAA-20", "description": "<b>Latitude: </b> 64.48954<br/> \n                    <b>Longitude: </b> 75.9056<br/> \n                    <b>Detection Time: </b> 2026-09-26 21:01 UTC<br/> \n                    <b>Sensor: </b> NOAA-20 VIIRS<br/>\n                    <b>Confidence: </b> Nominal<br/> \n                    <b>Day/Night: </b> Night<br/>\n                    <b>Scan: </b> 0.53 km<br/>\n                    <b>Track: </b> 0.42 km<br/>\n                    <b>FRP: </b> 7.05 MW<br/>\n                    <b>Brightness: </b> 333.25 K" }, "geometry": { "type": "Polygon", "coordinates": [ [ [ 75.90169, 64.49122 ], [ 75.90951, 64.49122 ], [ 75.90951, 64.48786 ], [ 75.90169, 64.48786 ], [ 75.90169, 64.49122 ] ] ] } },
{ "type": "Feature", "properties": { "sensor": "NOAA-20", "description": "<b>Latitude: </b> 63.24477<br/> \n                    <b>Longitude: </b> 72.8359<br/> \n                    <b>Detection Time: </b> 2026-09-26 21:01 UTC<br/> \n                    <b>Sensor: </b> NOAA-20 VIIRS<br/>\n                    <b>Confidence: </b> Nominal<br/> \n                    <b>Day/Night: </b> Night<br/>\n                    <b>Scan: </b> 0.41 km<br/>\n                    <b>Track: </b> 0.45 km<br/>\n                    <b>FRP: </b> 0.62 MW<br/>\n                    <b>Brightness: </b> 304.61 K" }, "geometry": { "type": "Polygon", "coordinates": [ [ [ 72.83216, 63.24645 ], [ 72.83964, 63.24645 ], [ 72.83964, 63.24309 ], [ 72.83216, 63.24309 ], [ 72.83216, 63.24645 ] ] ] } },
{ "type": "Feature", "properties": { "sensor": "NOAA-20", "description": "<b>Latitude: </b> 62.38522<br/> \n                    <b>Longitude: </b> 80.17647<br/> \n                    <b>Detection Time: </b> 2026-09-26 21:01 UTC<br/> \n                    <b>Sensor: </b> NOAA-20 VIIRS<br/>\n                    <b>Confidence: </b> Nominal<br/> \n                    <b>Day/Night: </b> Night<br/>\n                    <b>Scan: </b> 0.41 km<br/>\n                    <b>Track: </b> 0.37 km<br/>\n                    <b>FRP: </b> 2.08 MW<br/>\n                    <b>Brightness: </b> 326.24 K" }, "geometry": { "type": "Polygon", "coordinates": [ [ [ 80.17284, 62.3869 ], [ 80.1801, 62.3869 ], [ 80.1801, 62.38354 ], [ 80.17284, 62.38354 ], [ 80.17284, 62.3869 ] ] ] } },
{ "type": "Feature", "properties": { "sensor": "NOAA-20", "description": "<b>Latitude: </b> 62.88625<br/> \n                    <b>Longitude: </b> 73.60505<br/> \n                    <b>Detection Time: </b> 2026-09-26 21:01 UTC<br/> \n                    <b>Sensor: </b> NOAA-20 VIIRS<br/>\n                    <b>Confidence: </b> Nominal<br/> \n                    <b>Day/Night: </b> Night<br/>\n                    <b>Scan: </b> 0.39 km<br/>\n                    <b>Track: </b> 0.44 km<br/>\n                    <b>FRP: </b> 0.53 MW<br/>\n                    <b>Brightness: </b> 304.58 K" }, "geometry": { "type": "Polygon", "coordinates": [ [ [ 73.60135, 62.88793 ], [ 73.60875, 62.88793 ], [ 73.60875, 62.88457 ], [ 73.60135, 62.88457 ], [ 73.60135, 62.88793 ] ] ] } },
{ "type": "Feature", "properties": { "sensor": "NOAA-20", "description": "<b>Latitude: </b> 62.38737<br/> \n                    <b>Longitude: </b> 77.32565<br/> \n                    <b>Detection Time: </b> 2026-09-26 21:01 UTC<br/> \n                    <b>Sensor: </b> NOAA-20 VIIRS<br/>\n                    <b>Confidence: </b> Nominal<br/> \n                    <b>Day/Night: </b> Night<br/>\n                    <b>Scan: </b> 0.46 km<br/>\n                    <b>Track: </b> 0.39 km<br/>\n                    <b>FRP: </b> 0.33 MW<br/>\n                    <b>Brightness: </b> 297.6 K" }, "geometry": { "type": "Polygon", "coordinates": [ [ [ 77.32202, 62.38905 ], [ 77.32928, 62.38905 ], [ 77.32928, 62.38569 ], [ 77.32202, 62.38569 ], [ 77.32202, 62.38905 ] ] ] } },
{ "type": "Feature", "properties": { "sensor": "NOAA-20", "description": "<b>Latitude: </b> 67.54779<br/> \n                    <b>Longitude: </b> 83.20178<br/> \n                    <b>Detection Time: </b> 2026-09-26 20:59 UTC<br/> \n                    <b>Sensor: </b> NOAA-20 VIIRS<br/>\n                    <b>Confidence: </b> Nominal<br/> \n                    <b>Day/Night: </b> Night<br/>\n                    <b>Scan: </b> 0.42 km<br/>\n                    <b>Track: </b> 0.38 km<br/>\n                    <b>FRP: </b> 3.14 MW<br/>\n                    <b>Brightness: </b> 342.76 K" }, "geometry": { "type": "Polygon", "coordinates": [ [ [ 83.19737, 67.54947 ], [ 83.20619, 67.54947 ], [ 83.20619, 67.54611 ], [ 83.19737, 67.54611 ], [ 83.19737, 67.54947 ] ] ] } },
{ "type": "Feature", "properties": { "sensor": "NOAA-20", "description": "<b>Latitude: </b> 67.54897<br/> \n                    <b>Longitude: </b> 83.19209<br/> \n                    <b>Detection Time: </b> 2026-09-26 20:59 UTC<br/> \n                    <b>Sensor: </b> NOAA-20 VIIRS<br/>\n                    <b>Confidence: </b> Nominal<br/> \n                    <b>Day/Night: </b> Night<br/>\n                    <b>Scan: </b> 0.43 km<br/>\n                    <b>Track: </b> 0.38 km<br/>\n                    <b>FRP: </b> 0.87 MW<br/>\n                    <b>Brightness: </b> 302.15 K" }, "geometry": { "type": "Polygon", "coordinates": [ [ [ 83.18768, 67.55065 ], [ 83.1965, 67.55065 ], [ 83.1965, 67.54729 ], [ 83.18768, 67.54729 ], [ 83.18768, 67.55065 ] ] ] } },
{ "type": "Feature", "properties": { "sensor": "NOAA-20", "description": "<b>Latitude: </b> 67.8224<br/> \n                    <b>Longitude: </b> 80.10274<br/> \n                    <b>Detection Time: </b> 2026-09-26 20:59 UTC<br/> \n                    <b>Sensor: </b> NOAA-20 VIIRS<br/>\n                    <b>Confidence: </b> Nominal<br/> \n                    <b>Day/Night: </b> Night<br/>\n                    <b>Scan: </b> 0.48 km<br/>\n                    <b>Track: </b> 0.4 km<br/>\n                    <b>FRP: </b> 0.95 MW<br/>\n                    <b>Brightness: </b> 309.57 K" }, "geometry": { "type": "Polygon", "coordinates": [ [ [ 80.09828, 67.82408 ], [ 80.1072, 67.82408 ], [ 80.1072, 67.82072 ], [ 80.09828, 67.82072 ], [ 80.09828, 67.82408 ] ] ] } },
{ "type": "Feature", "properties": { "sensor": "NOAA-20", "description": "<b>Latitude: </b> 67.81879<br/> \n                    <b>Longitude: </b> 80.10018<br/> \n                    <b>Detection Time: </b> 2026-09-26 20:59 UTC<br/> \n                    <b>Sensor: </b> NOAA-20 VIIRS<br/>\n                    <b>Confidence: </b> Nominal<br/> \n                    <b>Day/Night: </b> Night<br/>\n                    <b>Scan: </b> 0.48 km<br/>\n                    <b>Track: </b> 0.4 km<br/>\n                    <b>FRP: </b> 0.95 MW<br/>\n                    <b>Brightness: </b> 304.36 K" }, "geometry": { "type": "Polygon", "coordinates": [ [ [ 80.09572, 67.82047 ], [ 80.10464, 67.82047 ], [ 80.10464, 67.81711 ], [ 80.09572, 67.81711 ], [ 80.09572, 67.82047 ] ] ] } },
{ "type": "Feature", "properties": { "sensor": "NOAA-20", "description": "<b>Latitude: </b> 68.16544<br/> \n                    <b>Longitude: </b> 55.3456<br/> \n                    <b>Detection Time: </b> 2026-09-26 20:59 UTC<br/> \n                    <b>Sensor: </b> NOAA-20 VIIRS<br/>\n                    <b>Confidence: </b> Nominal<br/> \n                    <b>Day/Night: </b> Night<br/>\n                    <b>Scan: </b> 0.67 km<br/>\n                    <b>Track: </b> 0.73 km<br/>\n                    <b>FRP: </b> 3.3 MW<br/>\n                    <b>Brightness: </b> 326.09 K" }, "geometry": { "type": "Polygon", "coordinates": [ [ [ 55.34107, 68.16712 ], [ 55.35013, 68.16712 ], [ 55.35013, 68.16376 ], [ 55.34107, 68.16376 ], [ 55.34107, 68.16712 ] ] ] } },
{ "type": "Feature", "properties": { "sensor": "NOAA-20", "description": "<b>Latitude: </b> 68.16639<br/> \n                    <b>Longitude: </b> 55.35096<br/> \n                    <b>Detection Time: </b> 2026-09-26 20:59 UTC<br/> \n                    <b>Sensor: </b> NOAA-20 VIIRS<br/>\n                    <b>Confidence: </b> Nominal<br/> \n                    <b>Day/Night: </b> Night<br/>\n                    <b>Scan: </b> 0.67 km<br/>\n                    <b>Track: </b> 0.73 km<br/>\n                    <b>FRP: </b> 4.32 MW<br/>\n                    <b>Brightness: </b> 334.43 K" }, "geometry": { "type": "Polygon", "coordinates": [ [ [ 55.34643, 68.16807 ], [ 55.35549, 68.16807 ], [ 55.35549, 68.16471 ], [ 55.34643, 68.16471 ], [ 55.34643, 68.16807 ] ] ] } },
{ "type": "Feature", "properties": { "sensor": "NOAA-20", "description": "<b>Latitude: </b> 67.89649<br/> \n                    <b>Longitude: </b> 75.76669<br/> \n                    <b>Detection Time: </b> 2026-09-26 20:59 UTC<br/> \n                    <b>Sensor: </b> NOAA-20 VIIRS<br/>\n                    <b>Confidence: </b> Nominal<br/> \n                    <b>Day/Night: </b> Night<br/>\n                    <b>Scan: </b> 0.4 km<br/>\n                    <b>Track: </b> 0.44 km<br/>\n                    <b>FRP: </b> 0.65 MW<br/>\n                    <b>Brightness: </b> 299.75 K" }, "geometry": { "type": "Polygon", "coordinates": [ [ [ 75.76221, 67.89817 ], [ 75.77117, 67.89817 ], [ 75.77117, 67.89481 ], [ 75.76221, 67.89481 ], [ 75.76221, 67.89817 ] ] ] } },
{ "type": "Feature", "properties": { "sensor": "NOAA-20", "description": "<b>Latitude: </b> 67.89362<br/> \n                    <b>Longitude: </b> 75.76791<br/> \n                    <b>Detection Time: </b> 2026-09-26 20:59 UTC<br/> \n                    <b>Sensor: </b> NOAA-20 VIIRS<br/>\n                    <b>Confidence: </b> Nominal<br/> \n                    <b>Day/Night: </b> Night<br/>\n                    <b>Scan: </b> 0.4 km<br/>\n                    <b>Track: </b> 0.44 km<br/>\n                    <b>FRP: </b> 0.75 MW<br/>\n                    <b>Brightness: </b> 298.11 K" }, "geometry": { "type": "Polygon", "coordinates": [ [ [ 75.76343, 67.8953 ], [ 75.77239, 67.8953 ], [ 75.77239, 67.89194 ], [ 75.76343, 67.89194 ], [ 75.76343, 67.8953 ] ] ] } },
{ "type": "Feature", "properties": { "sensor": "NOAA-20", "description": "<b>Latitude: </b> 67.93582<br/> \n                    <b>Longitude: </b> 55.96303<br/> \n                    <b>Detection Time: </b> 2026-09-26 20:59 UTC<br/> \n                    <b>Sensor: </b> NOAA-20 VIIRS<br/>\n                    <b>Confidence: </b> Nominal<br/> \n                    <b>Day/Night: </b> Night<br/>\n                    <b>Scan: </b> 0.65 km<br/>\n                    <b>Track: </b> 0.73 km<br/>\n                    <b>FRP: </b> 0.43 MW<br/>\n                    <b>Brightness: </b> 296.12 K" }, "geometry": { "type": "Polygon", "coordinates": [ [ [ 55.95855, 67.9375 ], [ 55.96751, 67.9375 ], [ 55.96751, 67.93414 ], [ 55.95855, 67.93414 ], [ 55.95855, 67.9375 ] ] ] } },
{ "type": "Feature", "properties": { "sensor": "NOAA-20", "description": "<b>Latitude: </b> 67.84263<br/> \n                    <b>Longitude: </b> 58.91768<br/> \n                    <b>Detection Time: </b> 2026-09-26 20:59 UTC<br/> \n                    <b>Sensor: </b> NOAA-20 VIIRS<br/>\n                    <b>Confidence: </b> Nominal<br/> \n                    <b>Day/Night: </b> Night<br/>\n                    <b>Scan: </b> 0.54 km<br/>\n                    <b>Track: </b> 0.68 km<br/>\n                    <b>FRP: </b> 1.27 MW<br/>\n                    <b>Brightness: </b> 308.96 K" }, "geometry": { "type": "Polygon", "coordinates": [ [ [ 58.91321, 67.84431 ], [ 58.92215, 67.84431 ], [ 58.92215, 67.84095 ], [ 58.91321, 67.84095 ], [ 58.91321, 67.84431 ] ] ] } },
{ "type": "Feature", "properties": { "sensor": "NOAA-20", "description": "<b>Latitude: </b> 69.37136<br/> \n                    <b>Longitude: </b> 88.12225<br/> \n                    <b>Detection Time: </b> 2026-09-26 20:59 UTC<br/> \n                    <b>Sensor: </b> NOAA-20 VIIRS<br/>\n                    <b>Confidence: </b> Nominal<br/> \n                    <b>Day/Night: </b> Night<br/>\n                    <b>Scan: </b> 0.4 km<br/>\n                    <b>Track: </b> 0.37 km<br/>\n                    <b>FRP: </b> 1.39 MW<br/>\n                    <b>Brightness: </b> 309.56 K" }, "geometry": { "type": "Polygon", "coordinates": [ [ [ 88.11747, 69.37304 ], [ 88.12703, 69.37304 ], [ 88.12703, 69.36968 ], [ 88.11747, 69.36968 ], [ 88.11747, 69.37304 ] ] ] } },
{ "type": "Feature", "properties": { "sensor": "NOAA-20", "description": "<b>Latitude: </b> 69.37272<br/> \n                    <b>Longitude: </b> 88.11278<br/> \n                    <b>Detection Time: </b> 2026-09-26 20:59 UTC<br/> \n                    <b>Sensor: </b> NOAA-20 VIIRS<br/>\n                    <b>Confidence: </b> Nominal<br/> \n                    <b>Day/Night: </b> Night<br/>\n                    <b>Scan: </b> 0.4 km<br/>\n                    <b>Track: </b> 0.37 km<br/>\n                    <b>FRP: </b> 1.39 MW<br/>\n                    <b>Brightness: </b> 303.79 K" }, "geometry": { "type": "Polygon", "coordinates": [ [ [ 88.108, 69.3744 ], [ 88.11756, 69.3744 ], [ 88.11756, 69.37104 ], [ 88.108, 69.37104 ], [ 88.108, 69.3744 ] ] ] } },
{ "type": "Feature", "properties": { "sensor": "NOAA-20", "description": "<b>Latitude: </b> 71.1713<br/> \n                    <b>Longitude: </b> 72.22862<br/> \n                    <b>Detection Time: </b> 2026-09-26 20:59 UTC<br/> \n                    <b>Sensor: </b> NOAA-20 VIIRS<br/>\n                    <b>Confidence: </b> Nominal<br/> \n                    <b>Day/Night: </b> Night<br/>\n                    <b>Scan: </b> 0.53 km<br/>\n                    <b>Track: </b> 0.5 km<br/>\n                    <b>FRP: </b> 0.7 MW<br/>\n                    <b>Brightness: </b> 302.84 K" }, "geometry": { "type": "Polygon", "coordinates": [ [ [ 72.2234, 71.17298 ], [ 72.23384, 71.17298 ], [ 72.23384, 71.16962 ], [ 72.2234, 71.16962 ], [ 72.2234, 71.17298 ] ] ] } },
{ "type": "Feature", "properties": { "sensor": "NOAA-20", "description": "<b>Latitude: </b> 71.2577<br/> \n                    <b>Longitude: </b> 72.06567<br/> \n                    <b>Detection Time: </b> 2026-09-26 20:59 UTC<br/> \n                    <b>Sensor: </b> NOAA-20 VIIRS<br/>\n                    <b>Confidence: </b> Nominal<br/> \n                    <b>Day/Night: </b> Night<br/>\n                    <b>Scan: </b> 0.53 km<br/>\n                    <b>Track: </b> 0.5 km<br/>\n                    <b>FRP: </b> 1.03 MW<br/>\n                    <b>Brightness: </b> 303.85 K" }, "geometry": { "type": "Polygon", "coordinates": [ [ [ 72.06043, 71.25938 ], [ 72.07091, 71.25938 ], [ 72.07091, 71.25602 ], [ 72.06043, 71.25602 ], [ 72.06043, 71.25938 ] ] ] } },
{ "type": "Feature", "properties": { "sensor": "NOAA-20", "description": "<b>Latitude: </b> 71.25829<br/> \n                    <b>Longitude: </b> 72.05064<br/> \n                    <b>Detection Time: </b> 2026-09-26 20:59 UTC<br/> \n                    <b>Sensor: </b> NOAA-20 VIIRS<br/>\n                    <b>Confidence: </b> Nominal<br/> \n                    <b>Day/Night: </b> Night<br/>\n                    <b>Scan: </b> 0.53 km<br/>\n                    <b>Track: </b> 0.5 km<br/>\n                    <b>FRP: </b> 1.11 MW<br/>\n                    <b>Brightness: </b> 296.36 K" }, "geometry": { "type": "Polygon", "coordinates": [ [ [ 72.0454, 71.25997 ], [ 72.05588, 71.25997 ], [ 72.05588, 71.25661 ], [ 72.0454, 71.25661 ], [ 72.0454, 71.25997 ] ] ] } },
{ "type": "Feature", "properties": { "sensor": "NOAA-20", "description": "<b>Latitude: </b> 70.441<br/> \n                    <b>Longitude: </b> 84.36238<br/> \n                    <b>Detection Time: </b> 2026-09-26 20:59 UTC<br/> \n                    <b>Sensor: </b> NOAA-20 VIIRS<br/>\n                    <b>Confidence: </b> Nominal<br/> \n                    <b>Day/Night: </b> Night<br/>\n                    <b>Scan: </b> 0.45 km<br/>\n                    <b>Track: </b> 0.39 km<br/>\n                    <b>FRP: </b> 1.62 MW<br/>\n                    <b>Brightness: </b> 308.54 K" }, "geometry": { "type": "Polygon", "coordinates": [ [ [ 84.35735, 70.44268 ], [ 84.36741, 70.44268 ], [ 84.36741, 70.43932 ], [ 84.35735, 70.43932 ], [ 84.35735, 70.44268 ] ] ] } },
{ "type": "Feature", "properties": { "sensor": "NOAA-20", "description": "<b>Latitude: </b> 66.33282<br/> \n                    <b>Longitude: </b> 77.82867<br/> \n                    <b>Detection Time: </b> 2026-09-26 20:59 UTC<br/> \n                    <b>Sensor: </b> NOAA-20 VIIRS<br/>\n                    <b>Confidence: </b> Nominal<br/> \n                    <b>Day/Night: </b> Night<br/>\n                    <b>Scan: </b> 0.51 km<br/>\n                    <b>Track: </b> 0.41 km<br/>\n                    <b>FRP: </b> 0.64 MW<br/>\n                    <b>Brightness: </b> 299.96 K" }, "geometry": { "type": "Polygon", "coordinates": [ [ [ 77.82447, 66.3345 ], [ 77.83287, 66.3345 ], [ 77.83287, 66.33114 ], [ 77.82447, 66.33114 ], [ 77.82447, 66.3345 ] ] ] } },
{ "type": "Feature", "properties": { "sensor": "NOAA-20", "description": "<b>Latitude: </b> 66.40475<br/> \n                    <b>Longitude: </b> 77.4727<br/> \n                    <b>Detection Time: </b> 2026-09-26 20:59 UTC<br/> \n                    <b>Sensor: </b> NOAA-20 VIIRS<br/>\n                    <b>Confidence: </b> Nominal<br/> \n                    <b>Day/Night: </b> Night<br/>\n                    <b>Scan: </b> 0.52 km<br/>\n                    <b>Track: </b> 0.42 km<br/>\n                    <b>FRP: </b> 10.77 MW<br/>\n                    <b>Brightness: </b> 316.18 K" }, "geometry": { "type": "Polygon", "coordinates": [ [ [ 77.46849, 66.40643 ], [ 77.47691, 66.40643 ], [ 77.47691, 66.40307 ], [ 77.46849, 66.40307 ], [ 77.46849, 66.40643 ] ] ] } },
{ "type": "Feature", "properties": { "sensor": "NOAA-20", "description": "<b>Latitude: </b> 66.40851<br/> \n                    <b>Longitude: </b> 77.47483<br/> \n                    <b>Detection Time: </b> 2026-09-26 20:59 UTC<br/> \n                    <b>Sensor: </b> NOAA-20 VIIRS<br/>\n                    <b>Confidence: </b> Nominal<br/> \n                    <b>Day/Night: </b> Night<br/>\n                    <b>Scan: </b> 0.52 km<br/>\n                    <b>Track: </b> 0.42 km<br/>\n                    <b>FRP: </b> 10.77 MW<br/>\n                    <b>Brightness: </b> 328.76 K" }, "geometry": { "type": "Polygon", "coordinates": [ [ [ 77.47062, 66.41019 ], [ 77.47904, 66.41019 ], [ 77.47904, 66.40683 ], [ 77.47062, 66.40683 ], [ 77.47062, 66.41019 ] ] ] } },
{ "type": "Feature", "properties": { "sensor": "NOAA-20", "description": "<b>Latitude: </b> 66.51153<br/> \n                    <b>Longitude: </b> 76.9005<br/> \n                    <b>Detection Time: </b> 2026-09-26 20:59 UTC<br/> \n                    <b>Sensor: </b> NOAA-20 VIIRS<br/>\n                    <b>Confidence: </b> Nominal<br/> \n                    <b>Day/Night: </b> Night<br/>\n                    <b>Scan: </b> 0.54 km<br/>\n                    <b>Track: </b> 0.42 km<br/>\n                    <b>FRP: </b> 1.74 MW<br/>\n                    <b>Brightness: </b> 325.94 K" }, "geometry": { "type": "Polygon", "coordinates": [ [ [ 76.89627, 66.51321 ], [ 76.90473, 66.51321 ], [ 76.90473, 66.50985 ], [ 76.89627, 66.50985 ], [ 76.89627, 66.51321 ] ] ] } },
{ "type": "Feature", "properties": { "sensor": "NOAA-20", "description": "<b>Latitude: </b> 66.51089<br/> \n                    <b>Longitude: </b> 76.9073<br/> \n                    <b>Detection Time: </b> 2026-09-26 20:59 UTC<br/> \n                    <b>Sensor: </b> NOAA-20 VIIRS<br/>\n                    <b>Confidence: </b> Nominal<br/> \n                    <b>Day/Night: </b> Night<br/>\n                    <b>Scan: </b> 0.54 km<br/>\n                    <b>Track: </b> 0.42 km<br/>\n                    <b>FRP: </b> 3.61 MW<br/>\n                    <b>Brightness: </b> 325.99 K" }, "geometry": { "type": "Polygon", "coordinates": [ [ [ 76.90307, 66.51257 ], [ 76.91153, 66.51257 ], [ 76.91153, 66.50921 ], [ 76.90307, 66.50921 ], [ 76.90307, 66.51257 ] ] ] } },
{ "type": "Feature", "properties": { "sensor": "NOAA-20", "description": "<b>Latitude: </b> 66.66052<br/> \n                    <b>Longitude: </b> 76.84219<br/> \n                    <b>Detection Time: </b> 2026-09-26 20:59 UTC<br/> \n                    <b>Sensor: </b> NOAA-20 VIIRS<br/>\n                    <b>Confidence: </b> Nominal<br/> \n                    <b>Day/Night: </b> Night<br/>\n                    <b>Scan: </b> 0.54 km<br/>\n                    <b>Track: </b> 0.42 km<br/>\n                    <b>FRP: </b> 2.03 MW<br/>\n                    <b>Brightness: </b> 313.04 K" }, "geometry": { "type": "Polygon", "coordinates": [ [ [ 76.83794, 66.6622 ], [ 76.84644, 66.6622 ], [ 76.84644, 66.65884 ], [ 76.83794, 66.65884 ], [ 76.83794, 66.6622 ] ] ] } },
{ "type": "Feature", "properties": { "sensor": "NOAA-20", "description": "<b>Latitude: </b> 67.09188<br/> \n                    <b>Longitude: </b> 55.6184<br/> \n                    <b>Detection Time: </b> 2026-09-26 20:59 UTC<br/> \n                    <b>Sensor: </b> NOAA-20 VIIRS<br/>\n                    <b>Confidence: </b> Nominal<br/> \n                    <b>Day/Night: </b> Night<br/>\n                    <b>Scan: </b> 0.67 km<br/>\n                    <b>Track: </b> 0.74 km<br/>\n                    <b>FRP: </b> 1.69 MW<br/>\n                    <b>Brightness: </b> 300.23 K" }, "geometry": { "type": "Polygon", "coordinates": [ [ [ 55.61407, 67.09356 ], [ 55.62273, 67.09356 ], [ 55.62273, 67.0902 ], [ 55.61407, 67.0902 ], [ 55.61407, 67.09356 ] ] ] } },
{ "type": "Feature", "properties": { "sensor": "NOAA-20", "description": "<b>Latitude: </b> 67.09109<br/> \n                    <b>Longitude: </b> 55.60256<br/> \n                    <b>Detection Time: </b> 2026-09-26 20:59 UTC<br/> \n                    <b>Sensor: </b> NOAA-20 VIIRS<br/>\n                    <b>Confidence: </b> Nominal<br/> \n                    <b>Day/Night: </b> Night<br/>\n                    <b>Scan: </b> 0.67 km<br/>\n                    <b>Track: </b> 0.74 km<br/>\n                    <b>FRP: </b> 1.69 MW<br/>\n                    <b>Brightness: </b> 305.85 K" }, "geometry": { "type": "Polygon", "coordinates": [ [ [ 55.59823, 67.09277 ], [ 55.60689, 67.09277 ], [ 55.60689, 67.08941 ], [ 55.59823, 67.08941 ], [ 55.59823, 67.09277 ] ] ] } },
{ "type": "Feature", "properties": { "sensor": "NOAA-20", "description": "<b>Latitude: </b> 66.68383<br/> \n                    <b>Longitude: </b> 77.31068<br/> \n                    <b>Detection Time: </b> 2026-09-26 20:59 UTC<br/> \n                    <b>Sensor: </b> NOAA-20 VIIRS<br/>\n                    <b>Confidence: </b> Nominal<br/> \n                    <b>Day/Night: </b> Night<br/>\n                    <b>Scan: </b> 0.53 km<br/>\n                    <b>Track: </b> 0.42 km<br/>\n                    <b>FRP: </b> 0.72 MW<br/>\n                    <b>Brightness: </b> 297.32 K" }, "geometry": { "type": "Polygon", "coordinates": [ [ [ 77.30642, 66.68551 ], [ 77.31494, 66.68551 ], [ 77.31494, 66.68215 ], [ 77.30642, 66.68215 ], [ 77.30642, 66.68551 ] ] ] } },
{ "type": "Feature", "properties": { "sensor": "NOAA-20", "description": "<b>Latitude: </b> 67.09103<br/> \n                    <b>Longitude: </b> 55.61086<br/> \n                    <b>Detection Time: </b> 2026-09-26 20:59 UTC<br/> \n                    <b>Sensor: </b> NOAA-20 VIIRS<br/>\n                    <b>Confidence: </b> Nominal<br/> \n                    <b>Day/Night: </b> Night<br/>\n                    <b>Scan: </b> 0.67 km<br/>\n                    <b>Track: </b> 0.74 km<br/>\n                    <b>FRP: </b> 2.52 MW<br/>\n                    <b>Brightness: </b> 323.63 K" }, "geometry": { "type": "Polygon", "coordinates": [ [ [ 55.60653, 67.09271 ], [ 55.61519, 67.09271 ], [ 55.61519, 67.08935 ], [ 55.60653, 67.08935 ], [ 55.60653, 67.09271 ] ] ] } },
{ "type": "Feature", "properties": { "sensor": "NOAA-20", "description": "<b>Latitude: </b> 67.18061<br/> \n                    <b>Longitude: </b> 56.6118<br/> \n                    <b>Detection Time: </b> 2026-09-26 20:59 UTC<br/> \n                    <b>Sensor: </b> NOAA-20 VIIRS<br/>\n                    <b>Confidence: </b> Nominal<br/> \n                    <b>Day/Night: </b> Night<br/>\n                    <b>Scan: </b> 0.63 km<br/>\n                    <b>Track: </b> 0.72 km<br/>\n                    <b>FRP: </b> 2.23 MW<br/>\n                    <b>Brightness: </b> 302.92 K" }, "geometry": { "type": "Polygon", "coordinates": [ [ [ 56.60746, 67.18229 ], [ 56.61614, 67.18229 ], [ 56.61614, 67.17893 ], [ 56.60746, 67.17893 ], [ 56.60746, 67.18229 ] ] ] } },
{ "type": "Feature", "properties": { "sensor": "NOAA-20", "description": "<b>Latitude: </b> 66.76813<br/> \n                    <b>Longitude: </b> 77.17651<br/> \n                    <b>Detection Time: </b> 2026-09-26 20:59 UTC<br/> \n                    <b>Sensor: </b> NOAA-20 VIIRS<br/>\n                    <b>Confidence: </b> Nominal<br/> \n                    <b>Day/Night: </b> Night<br/>\n                    <b>Scan: </b> 0.54 km<br/>\n                    <b>Track: </b> 0.42 km<br/>\n                    <b>FRP: </b> 0.93 MW<br/>\n                    <b>Brightness: </b> 295.36 K" }, "geometry": { "type": "Polygon", "coordinates": [ [ [ 77.17224, 66.76981 ], [ 77.18078, 66.76981 ], [ 77.18078, 66.76645 ], [ 77.17224, 66.76645 ], [ 77.17224, 66.76981 ] ] ] } },
{ "type": "Feature", "properties": { "sensor": "NOAA-20", "description": "<b>Latitude: </b> 66.90502<br/> \n                    <b>Longitude: </b> 75.60377<br/> \n                    <b>Detection Time: </b> 2026-09-26 20:59 UTC<br/> \n                    <b>Sensor: </b> NOAA-20 VIIRS<br/>\n                    <b>Confidence: </b> Nominal<br/> \n                    <b>Day/Night: </b> Night<br/>\n                    <b>Scan: </b> 0.39 km<br/>\n                    <b>Track: </b> 0.44 km<br/>\n                    <b>FRP: </b> 12.22 MW<br/>\n                    <b>Brightness: </b> 351.9 K" }, "geometry": { "type": "Polygon", "coordinates": [ [ [ 75.59948, 66.9067 ], [ 75.60806, 66.9067 ], [ 75.60806, 66.90334 ], [ 75.59948, 66.90334 ], [ 75.59948, 66.9067 ] ] ] } },
{ "type": "Feature", "properties": { "sensor": "NOAA-20", "description": "<b>Latitude: </b> 67.18441<br/> \n                    <b>Longitude: </b> 55.67831<br/> \n                    <b>Detection Time: </b> 2026-09-26 20:59 UTC<br/> \n                    <b>Sensor: </b> NOAA-20 VIIRS<br/>\n                    <b>Confidence: </b> Nominal<br/> \n                    <b>Day/Night: </b> Night<br/>\n                    <b>Scan: </b> 0.67 km<br/>\n                    <b>Track: </b> 0.73 km<br/>\n                    <b>FRP: </b> 1.73 MW<br/>\n                    <b>Brightness: </b> 314.63 K" }, "geometry": { "type": "Polygon", "coordinates": [ [ [ 55.67397, 67.18609 ], [ 55.68265, 67.18609 ], [ 55.68265, 67.18273 ], [ 55.67397, 67.18273 ], [ 55.67397, 67.18609 ] ] ] } },
{ "type": "Feature", "properties": { "sensor": "NOAA-20", "description": "<b>Latitude: </b> 66.95498<br/> \n                    <b>Longitude: </b> 75.53933<br/> \n                    <b>Detection Time: </b> 2026-09-26 20:59 UTC<br/> \n                    <b>Sensor: </b> NOAA-20 VIIRS<br/>\n                    <b>Confidence: </b> Nominal<br/> \n                    <b>Day/Night: </b> Night<br/>\n                    <b>Scan: </b> 0.39 km<br/>\n                    <b>Track: </b> 0.44 km<br/>\n                    <b>FRP: </b> 4.01 MW<br/>\n                    <b>Brightness: </b> 332.33 K" }, "geometry": { "type": "Polygon", "coordinates": [ [ [ 75.53503, 66.95666 ], [ 75.54363, 66.95666 ], [ 75.54363, 66.9533 ], [ 75.53503, 66.9533 ], [ 75.53503, 66.95666 ] ] ] } },
{ "type": "Feature", "properties": { "sensor": "NOAA-20", "description": "<b>Latitude: </b> 66.95564<br/> \n                    <b>Longitude: </b> 75.53033<br/> \n                    <b>Detection Time: </b> 2026-09-26 20:59 UTC<br/> \n                    <b>Sensor: </b> NOAA-20 VIIRS<br/>\n                    <b>Confidence: </b> Nominal<br/> \n                    <b>Day/Night: </b> Night<br/>\n                    <b>Scan: </b> 0.39 km<br/>\n                    <b>Track: </b> 0.44 km<br/>\n                    <b>FRP: </b> 4.01 MW<br/>\n                    <b>Brightness: </b> 337.04 K" }, "geometry": { "type": "Polygon", "coordinates": [ [ [ 75.52603, 66.95732 ], [ 75.53463, 66.95732 ], [ 75.53463, 66.95396 ], [ 75.52603, 66.95396 ], [ 75.52603, 66.95732 ] ] ] } },
{ "type": "Feature", "properties": { "sensor": "NOAA-20", "description": "<b>Latitude: </b> 66.95898<br/> \n                    <b>Longitude: </b> 75.54133<br/> \n                    <b>Detection Time: </b> 2026-09-26 20:59 UTC<br/> \n                    <b>Sensor: </b> NOAA-20 VIIRS<br/>\n                    <b>Confidence: </b> Nominal<br/> \n                    <b>Day/Night: </b> Night<br/>\n                    <b>Scan: </b> 0.39 km<br/>\n                    <b>Track: </b> 0.44 km<br/>\n                    <b>FRP: </b> 4.01 MW<br/>\n                    <b>Brightness: </b> 315.85 K" }, "geometry": { "type": "Polygon", "coordinates": [ [ [ 75.53703, 66.96066 ], [ 75.54563, 66.96066 ], [ 75.54563, 66.9573 ], [ 75.53703, 66.9573 ], [ 75.53703, 66.96066 ] ] ] } },
{ "type": "Feature", "properties": { "sensor": "NOAA-20", "description": "<b>Latitude: </b> 66.95965<br/> \n                    <b>Longitude: </b> 75.53234<br/> \n                    <b>Detection Time: </b> 2026-09-26 20:59 UTC<br/> \n                    <b>Sensor: </b> NOAA-20 VIIRS<br/>\n                    <b>Confidence: </b> Nominal<br/> \n                    <b>Day/Night: </b> Night<br/>\n                    <b>Scan: </b> 0.39 km<br/>\n                    <b>Track: </b> 0.44 km<br/>\n                    <b>FRP: </b> 4.01 MW<br/>\n                    <b>Brightness: </b> 306.54 K" }, "geometry": { "type": "Polygon", "coordinates": [ [ [ 75.52804, 66.96133 ], [ 75.53664, 66.96133 ], [ 75.53664, 66.95797 ], [ 75.52804, 66.95797 ], [ 75.52804, 66.96133 ] ] ] } },
{ "type": "Feature", "properties": { "sensor": "NOAA-20", "description": "<b>Latitude: </b> 67.1837<br/> \n                    <b>Longitude: </b> 55.67411<br/> \n                    <b>Detection Time: </b> 2026-09-26 20:59 UTC<br/> \n                    <b>Sensor: </b> NOAA-20 VIIRS<br/>\n                    <b>Confidence: </b> Nominal<br/> \n                    <b>Day/Night: </b> Night<br/>\n                    <b>Scan: </b> 0.67 km<br/>\n                    <b>Track: </b> 0.73 km<br/>\n                    <b>FRP: </b> 2.01 MW<br/>\n                    <b>Brightness: </b> 309.64 K" }, "geometry": { "type": "Polygon", "coordinates": [ [ [ 55.66977, 67.18538 ], [ 55.67845, 67.18538 ], [ 55.67845, 67.18202 ], [ 55.66977, 67.18202 ], [ 55.66977, 67.18538 ] ] ] } },
{ "type": "Feature", "properties": { "sensor": "NOAA-20", "description": "<b>Latitude: </b> 66.66811<br/> \n                    <b>Longitude: </b> 80.45291<br/> \n                    <b>Detection Time: </b> 2026-09-26 20:59 UTC<br/> \n                    <b>Sensor: </b> NOAA-20 VIIRS<br/>\n                    <b>Confidence: </b> Nominal<br/> \n                    <b>Day/Night: </b> Night<br/>\n                    <b>Scan: </b> 0.46 km<br/>\n                    <b>Track: </b> 0.39 km<br/>\n                    <b>FRP: </b> 0.64 MW<br/>\n                    <b>Brightness: </b> 299.71 K" }, "geometry": { "type": "Polygon", "coordinates": [ [ [ 80.44866, 66.66979 ], [ 80.45716, 66.66979 ], [ 80.45716, 66.66643 ], [ 80.44866, 66.66643 ], [ 80.44866, 66.66979 ] ] ] } },
{ "type": "Feature", "properties": { "sensor": "NOAA-20", "description": "<b>Latitude: </b> 66.70647<br/> \n                    <b>Longitude: </b> 80.44697<br/> \n                    <b>Detection Time: </b> 2026-09-26 20:59 UTC<br/> \n                    <b>Sensor: </b> NOAA-20 VIIRS<br/>\n                    <b>Confidence: </b> Nominal<br/> \n                    <b>Day/Night: </b> Night<br/>\n                    <b>Scan: </b> 0.46 km<br/>\n                    <b>Track: </b> 0.39 km<br/>\n                    <b>FRP: </b> 1.35 MW<br/>\n                    <b>Brightness: </b> 296.02 K" }, "geometry": { "type": "Polygon", "coordinates": [ [ [ 80.44271, 66.70815 ], [ 80.45123, 66.70815 ], [ 80.45123, 66.70479 ], [ 80.44271, 66.70479 ], [ 80.44271, 66.70815 ] ] ] } },
{ "type": "Feature", "properties": { "sensor": "NOAA-20", "description": "<b>Latitude: </b> 66.70741<br/> \n                    <b>Longitude: </b> 80.44279<br/> \n                    <b>Detection Time: </b> 2026-09-26 20:59 UTC<br/> \n                    <b>Sensor: </b> NOAA-20 VIIRS<br/>\n                    <b>Confidence: </b> Nominal<br/> \n                    <b>Day/Night: </b> Night<br/>\n                    <b>Scan: </b> 0.46 km<br/>\n                    <b>Track: </b> 0.39 km<br/>\n                    <b>FRP: </b> 0.91 MW<br/>\n                    <b>Brightness: </b> 301.94 K" }, "geometry": { "type": "Polygon", "coordinates": [ [ [ 80.43853, 66.70909 ], [ 80.44705, 66.70909 ], [ 80.44705, 66.70573 ], [ 80.43853, 66.70573 ], [ 80.43853, 66.70909 ] ] ] } },
{ "type": "Feature", "properties": { "sensor": "NOAA-20", "description": "<b>Latitude: </b> 66.71702<br/> \n                    <b>Longitude: </b> 80.49335<br/> \n                    <b>Detection Time: </b> 2026-09-26 20:59 UTC<br/> \n                    <b>Sensor: </b> NOAA-20 VIIRS<br/>\n                    <b>Confidence: </b> Nominal<br/> \n                    <b>Day/Night: </b> Night<br/>\n                    <b>Scan: </b> 0.46 km<br/>\n                    <b>Track: </b> 0.39 km<br/>\n                    <b>FRP: </b> 2.19 MW<br/>\n                    <b>Brightness: </b> 323.35 K" }, "geometry": { "type": "Polygon", "coordinates": [ [ [ 80.48909, 66.7187 ], [ 80.49761, 66.7187 ], [ 80.49761, 66.71534 ], [ 80.48909, 66.71534 ], [ 80.48909, 66.7187 ] ] ] } },
{ "type": "Feature", "properties": { "sensor": "NOAA-20", "description": "<b>Latitude: </b> 67.65961<br/> \n                    <b>Longitude: </b> 60.50138<br/> \n                    <b>Detection Time: </b> 2026-09-26 20:59 UTC<br/> \n                    <b>Sensor: </b> NOAA-20 VIIRS<br/>\n                    <b>Confidence: </b> Nominal<br/> \n                    <b>Day/Night: </b> Night<br/>\n                    <b>Scan: </b> 0.49 km<br/>\n                    <b>Track: </b> 0.65 km<br/>\n                    <b>FRP: </b> 0.48 MW<br/>\n                    <b>Brightness: </b> 301.11 K" }, "geometry": { "type": "Polygon", "coordinates": [ [ [ 60.49695, 67.66129 ], [ 60.50581, 67.66129 ], [ 60.50581, 67.65793 ], [ 60.49695, 67.65793 ], [ 60.49695, 67.66129 ] ] ] } },
{ "type": "Feature", "properties": { "sensor": "NOAA-20", "description": "<b>Latitude: </b> 67.28875<br/> \n                    <b>Longitude: </b> 75.11472<br/> \n                    <b>Detection Time: </b> 2026-09-26 20:59 UTC<br/> \n                    <b>Sensor: </b> NOAA-20 VIIRS<br/>\n                    <b>Confidence: </b> Nominal<br/> \n                    <b>Day/Night: </b> Night<br/>\n                    <b>Scan: </b> 0.41 km<br/>\n                    <b>Track: </b> 0.45 km<br/>\n                    <b>FRP: </b> 1.97 MW<br/>\n                    <b>Brightness: </b> 312.61 K" }, "geometry": { "type": "Polygon", "coordinates": [ [ [ 75.11036, 67.29043 ], [ 75.11908, 67.29043 ], [ 75.11908, 67.28707 ], [ 75.11036, 67.28707 ], [ 75.11036, 67.29043 ] ] ] } },
{ "type": "Feature", "properties": { "sensor": "NOAA-20", "description": "<b>Latitude: </b> 67.28943<br/> \n                    <b>Longitude: </b> 75.10524<br/> \n                    <b>Detection Time: </b> 2026-09-26 20:59 UTC<br/> \n                    <b>Sensor: </b> NOAA-20 VIIRS<br/>\n                    <b>Confidence: </b> Nominal<br/> \n                    <b>Day/Night: </b> Night<br/>\n                    <b>Scan: </b> 0.41 km<br/>\n                    <b>Track: </b> 0.45 km<br/>\n                    <b>FRP: </b> 1.96 MW<br/>\n                    <b>Brightness: </b> 312.64 K" }, "geometry": { "type": "Polygon", "coordinates": [ [ [ 75.10088, 67.29111 ], [ 75.1096, 67.29111 ], [ 75.1096, 67.28775 ], [ 75.10088, 67.28775 ], [ 75.10088, 67.29111 ] ] ] } },
{ "type": "Feature", "properties": { "sensor": "NOAA-20", "description": "<b>Latitude: </b> 67.29079<br/> \n                    <b>Longitude: </b> 75.11301<br/> \n                    <b>Detection Time: </b> 2026-09-26 20:59 UTC<br/> \n                    <b>Sensor: </b> NOAA-20 VIIRS<br/>\n                    <b>Confidence: </b> Nominal<br/> \n                    <b>Day/Night: </b> Night<br/>\n                    <b>Scan: </b> 0.41 km<br/>\n                    <b>Track: </b> 0.45 km<br/>\n                    <b>FRP: </b> 0.64 MW<br/>\n                    <b>Brightness: </b> 305.62 K" }, "geometry": { "type": "Polygon", "coordinates": [ [ [ 75.10865, 67.29247 ], [ 75.11737, 67.29247 ], [ 75.11737, 67.28911 ], [ 75.10865, 67.28911 ], [ 75.10865, 67.29247 ] ] ] } },
{ "type": "Feature", "properties": { "sensor": "NOAA-20", "description": "<b>Latitude: </b> 66.93661<br/> \n                    <b>Longitude: </b> 80.73901<br/> \n                    <b>Detection Time: </b> 2026-09-26 20:59 UTC<br/> \n                    <b>Sensor: </b> NOAA-20 VIIRS<br/>\n                    <b>Confidence: </b> Nominal<br/> \n                    <b>Day/Night: </b> Night<br/>\n                    <b>Scan: </b> 0.46 km<br/>\n                    <b>Track: </b> 0.39 km<br/>\n                    <b>FRP: </b> 1.9 MW<br/>\n                    <b>Brightness: </b> 312.42 K" }, "geometry": { "type": "Polygon", "coordinates": [ [ [ 80.73471, 66.93829 ], [ 80.74331, 66.93829 ], [ 80.74331, 66.93493 ], [ 80.73471, 66.93493 ], [ 80.73471, 66.93829 ] ] ] } },
{ "type": "Feature", "properties": { "sensor": "NOAA-20", "description": "<b>Latitude: </b> 66.9436<br/> \n                    <b>Longitude: </b> 80.74403<br/> \n                    <b>Detection Time: </b> 2026-09-26 20:59 UTC<br/> \n                    <b>Sensor: </b> NOAA-20 VIIRS<br/>\n                    <b>Confidence: </b> Nominal<br/> \n                    <b>Day/Night: </b> Night<br/>\n                    <b>Scan: </b> 0.46 km<br/>\n                    <b>Track: </b> 0.39 km<br/>\n                    <b>FRP: </b> 0.62 MW<br/>\n                    <b>Brightness: </b> 297.96 K" }, "geometry": { "type": "Polygon", "coordinates": [ [ [ 80.73973, 66.94528 ], [ 80.74833, 66.94528 ], [ 80.74833, 66.94192 ], [ 80.73973, 66.94192 ], [ 80.73973, 66.94528 ] ] ] } },
{ "type": "Feature", "properties": { "sensor": "NOAA-20", "description": "<b>Latitude: </b> 66.97749<br/> \n                    <b>Longitude: </b> 80.81251<br/> \n                    <b>Detection Time: </b> 2026-09-26 20:59 UTC<br/> \n                    <b>Sensor: </b> NOAA-20 VIIRS<br/>\n                    <b>Confidence: </b> Nominal<br/> \n                    <b>Day/Night: </b> Night<br/>\n                    <b>Scan: </b> 0.45 km<br/>\n                    <b>Track: </b> 0.39 km<br/>\n                    <b>FRP: </b> 1 MW<br/>\n                    <b>Brightness: </b> 309.96 K" }, "geometry": { "type": "Polygon", "coordinates": [ [ [ 80.8082, 66.97917 ], [ 80.81682, 66.97917 ], [ 80.81682, 66.97581 ], [ 80.8082, 66.97581 ], [ 80.8082, 66.97917 ] ] ] } },
{ "type": "Feature", "properties": { "sensor": "NOAA-20", "description": "<b>Latitude: </b> 67.84072<br/> \n                    <b>Longitude: </b> 58.91698<br/> \n                    <b>Detection Time: </b> 2026-09-26 20:59 UTC<br/> \n                    <b>Sensor: </b> NOAA-20 VIIRS<br/>\n                    <b>Confidence: </b> Nominal<br/> \n                    <b>Day/Night: </b> Night<br/>\n                    <b>Scan: </b> 0.54 km<br/>\n                    <b>Track: </b> 0.68 km<br/>\n                    <b>FRP: </b> 2.85 MW<br/>\n                    <b>Brightness: </b> 316.07 K" }, "geometry": { "type": "Polygon", "coordinates": [ [ [ 58.91251, 67.8424 ], [ 58.92145, 67.8424 ], [ 58.92145, 67.83904 ], [ 58.91251, 67.83904 ], [ 58.91251, 67.8424 ] ] ] } },
{ "type": "Feature", "properties": { "sensor": "NOAA-20", "description": "<b>Latitude: </b> 67.8363<br/> \n                    <b>Longitude: </b> 58.91847<br/> \n                    <b>Detection Time: </b> 2026-09-26 20:59 UTC<br/> \n                    <b>Sensor: </b> NOAA-20 VIIRS<br/>\n                    <b>Confidence: </b> Nominal<br/> \n                    <b>Day/Night: </b> Night<br/>\n                    <b>Scan: </b> 0.54 km<br/>\n                    <b>Track: </b> 0.68 km<br/>\n                    <b>FRP: </b> 1.27 MW<br/>\n                    <b>Brightness: </b> 299.32 K" }, "geometry": { "type": "Polygon", "coordinates": [ [ [ 58.91401, 67.83798 ], [ 58.92293, 67.83798 ], [ 58.92293, 67.83462 ], [ 58.91401, 67.83462 ], [ 58.91401, 67.83798 ] ] ] } },
{ "type": "Feature", "properties": { "sensor": "NOAA-20", "description": "<b>Latitude: </b> 69.62175<br/> \n                    <b>Longitude: </b> 81.83446<br/> \n                    <b>Detection Time: </b> 2026-09-26 20:59 UTC<br/> \n                    <b>Sensor: </b> NOAA-20 VIIRS<br/>\n                    <b>Confidence: </b> Nominal<br/> \n                    <b>Day/Night: </b> Night<br/>\n                    <b>Scan: </b> 0.48 km<br/>\n                    <b>Track: </b> 0.4 km<br/>\n                    <b>FRP: </b> 0.99 MW<br/>\n                    <b>Brightness: </b> 301.87 K" }, "geometry": { "type": "Polygon", "coordinates": [ [ [ 81.82962, 69.62343 ], [ 81.8393, 69.62343 ], [ 81.8393, 69.62007 ], [ 81.82962, 69.62007 ], [ 81.82962, 69.62343 ] ] ] } },
{ "type": "Feature", "properties": { "sensor": "NOAA-20", "description": "<b>Latitude: </b> 69.61858<br/> \n                    <b>Longitude: </b> 81.71416<br/> \n                    <b>Detection Time: </b> 2026-09-26 20:59 UTC<br/> \n                    <b>Sensor: </b> NOAA-20 VIIRS<br/>\n                    <b>Confidence: </b> Nominal<br/> \n                    <b>Day/Night: </b> Night<br/>\n                    <b>Scan: </b> 0.48 km<br/>\n                    <b>Track: </b> 0.4 km<br/>\n                    <b>FRP: </b> 6.32 MW<br/>\n                    <b>Brightness: </b> 326.92 K" }, "geometry": { "type": "Polygon", "coordinates": [ [ [ 81.70932, 69.62026 ], [ 81.719, 69.62026 ], [ 81.719, 69.6169 ], [ 81.70932, 69.6169 ], [ 81.70932, 69.62026 ] ] ] } },
{ "type": "Feature", "properties": { "sensor": "NOAA-20", "description": "<b>Latitude: </b> 68.41189<br/> \n                    <b>Longitude: </b> 83.61869<br/> \n                    <b>Detection Time: </b> 2026-09-26 20:59 UTC<br/> \n                    <b>Sensor: </b> NOAA-20 VIIRS<br/>\n                    <b>Confidence: </b> Nominal<br/> \n                    <b>Day/Night: </b> Night<br/>\n                    <b>Scan: </b> 0.43 km<br/>\n                    <b>Track: </b> 0.38 km<br/>\n                    <b>FRP: </b> 0.6 MW<br/>\n                    <b>Brightness: </b> 301.76 K" }, "geometry": { "type": "Polygon", "coordinates": [ [ [ 83.61411, 68.41357 ], [ 83.62327, 68.41357 ], [ 83.62327, 68.41021 ], [ 83.61411, 68.41021 ], [ 83.61411, 68.41357 ] ] ] } },
{ "type": "Feature", "properties": { "sensor": "NOAA-20", "description": "<b>Latitude: </b> 68.71659<br/> \n                    <b>Longitude: </b> 80.52647<br/> \n                    <b>Detection Time: </b> 2026-09-26 20:59 UTC<br/> \n                    <b>Sensor: </b> NOAA-20 VIIRS<br/>\n                    <b>Confidence: </b> Nominal<br/> \n                    <b>Day/Night: </b> Night<br/>\n                    <b>Scan: </b> 0.49 km<br/>\n                    <b>Track: </b> 0.4 km<br/>\n                    <b>FRP: </b> 2.41 MW<br/>\n                    <b>Brightness: </b> 321.58 K" }, "geometry": { "type": "Polygon", "coordinates": [ [ [ 80.52183, 68.71827 ], [ 80.53111, 68.71827 ], [ 80.53111, 68.71491 ], [ 80.52183, 68.71491 ], [ 80.52183, 68.71827 ] ] ] } },
{ "type": "Feature", "properties": { "sensor": "NOAA-20", "description": "<b>Latitude: </b> 68.68924<br/> \n                    <b>Longitude: </b> 80.6072<br/> \n                    <b>Detection Time: </b> 2026-09-26 20:59 UTC<br/> \n                    <b>Sensor: </b> NOAA-20 VIIRS<br/>\n                    <b>Confidence: </b> Nominal<br/> \n                    <b>Day/Night: </b> Night<br/>\n                    <b>Scan: </b> 0.49 km<br/>\n                    <b>Track: </b> 0.4 km<br/>\n                    <b>FRP: </b> 1.01 MW<br/>\n                    <b>Brightness: </b> 306.03 K" }, "geometry": { "type": "Polygon", "coordinates": [ [ [ 80.60257, 68.69092 ], [ 80.61183, 68.69092 ], [ 80.61183, 68.68756 ], [ 80.60257, 68.68756 ], [ 80.60257, 68.69092 ] ] ] } },
{ "type": "Feature", "properties": { "sensor": "NOAA-20", "description": "<b>Latitude: </b> 68.52583<br/> \n                    <b>Longitude: </b> 79.95399<br/> \n                    <b>Detection Time: </b> 2026-09-26 20:59 UTC<br/> \n                    <b>Sensor: </b> NOAA-20 VIIRS<br/>\n                    <b>Confidence: </b> Nominal<br/> \n                    <b>Day/Night: </b> Night<br/>\n                    <b>Scan: </b> 0.5 km<br/>\n                    <b>Track: </b> 0.41 km<br/>\n                    <b>FRP: </b> 61.41 MW<br/>\n                    <b>Brightness: </b> 339.21 K" }, "geometry": { "type": "Polygon", "coordinates": [ [ [ 79.94939, 68.52751 ], [ 79.95859, 68.52751 ], [ 79.95859, 68.52415 ], [ 79.94939, 68.52415 ], [ 79.94939, 68.52751 ] ] ] } },
{ "type": "Feature", "properties": { "sensor": "NOAA-20", "description": "<b>Latitude: </b> 68.52219<br/> \n                    <b>Longitude: </b> 79.95138<br/> \n                    <b>Detection Time: </b> 2026-09-26 20:59 UTC<br/> \n                    <b>Sensor: </b> NOAA-20 VIIRS<br/>\n                    <b>Confidence: </b> Nominal<br/> \n                    <b>Day/Night: </b> Night<br/>\n                    <b>Scan: </b> 0.5 km<br/>\n                    <b>Track: </b> 0.41 km<br/>\n                    <b>FRP: </b> 61.41 MW<br/>\n                    <b>Brightness: </b> 311.77 K" }, "geometry": { "type": "Polygon", "coordinates": [ [ [ 79.94678, 68.52387 ], [ 79.95598, 68.52387 ], [ 79.95598, 68.52051 ], [ 79.94678, 68.52051 ], [ 79.94678, 68.52387 ] ] ] } },
{ "type": "Feature", "properties": { "sensor": "NOAA-20", "description": "<b>Latitude: </b> 67.78992<br/> \n                    <b>Longitude: </b> 83.49669<br/> \n                    <b>Detection Time: </b> 2026-09-26 20:59 UTC<br/> \n                    <b>Sensor: </b> NOAA-20 VIIRS<br/>\n                    <b>Confidence: </b> Nominal<br/> \n                    <b>Day/Night: </b> Night<br/>\n                    <b>Scan: </b> 0.42 km<br/>\n                    <b>Track: </b> 0.38 km<br/>\n                    <b>FRP: </b> 0.61 MW<br/>\n                    <b>Brightness: </b> 295.1 K" }, "geometry": { "type": "Polygon", "coordinates": [ [ [ 83.49223, 67.7916 ], [ 83.50115, 67.7916 ], [ 83.50115, 67.78824 ], [ 83.49223, 67.78824 ], [ 83.49223, 67.7916 ] ] ] } },
{ "type": "Feature", "properties": { "sensor": "NOAA-20", "description": "<b>Latitude: </b> 67.65091<br/> \n                    <b>Longitude: </b> 83.21047<br/> \n                    <b>Detection Time: </b> 2026-09-26 20:59 UTC<br/> \n                    <b>Sensor: </b> NOAA-20 VIIRS<br/>\n                    <b>Confidence: </b> Nominal<br/> \n                    <b>Day/Night: </b> Night<br/>\n                    <b>Scan: </b> 0.43 km<br/>\n                    <b>Track: </b> 0.38 km<br/>\n                    <b>FRP: </b> 0.95 MW<br/>\n                    <b>Brightness: </b> 301.1 K" }, "geometry": { "type": "Polygon", "coordinates": [ [ [ 83.20604, 67.65259 ], [ 83.2149, 67.65259 ], [ 83.2149, 67.64923 ], [ 83.20604, 67.64923 ], [ 83.20604, 67.65259 ] ] ] } },
{ "type": "Feature", "properties": { "sensor": "NOAA-20", "description": "<b>Latitude: </b> 68.64286<br/> \n                    <b>Longitude: </b> 57.94867<br/> \n                    <b>Detection Time: </b> 2026-09-26 20:59 UTC<br/> \n                    <b>Sensor: </b> NOAA-20 VIIRS<br/>\n                    <b>Confidence: </b> Nominal<br/> \n                    <b>Day/Night: </b> Night<br/>\n                    <b>Scan: </b> 0.57 km<br/>\n                    <b>Track: </b> 0.69 km<br/>\n                    <b>FRP: </b> 2.55 MW<br/>\n                    <b>Brightness: </b> 327.43 K" }, "geometry": { "type": "Polygon", "coordinates": [ [ [ 57.94405, 68.64454 ], [ 57.95329, 68.64454 ], [ 57.95329, 68.64118 ], [ 57.94405, 68.64118 ], [ 57.94405, 68.64454 ] ] ] } },
{ "type": "Feature", "properties": { "sensor": "NOAA-20", "description": "<b>Latitude: </b> 68.61717<br/> \n                    <b>Longitude: </b> 57.9557<br/> \n                    <b>Detection Time: </b> 2026-09-26 20:59 UTC<br/> \n                    <b>Sensor: </b> NOAA-20 VIIRS<br/>\n                    <b>Confidence: </b> Nominal<br/> \n                    <b>Day/Night: </b> Night<br/>\n                    <b>Scan: </b> 0.57 km<br/>\n                    <b>Track: </b> 0.69 km<br/>\n                    <b>FRP: </b> 1.61 MW<br/>\n                    <b>Brightness: </b> 317.12 K" }, "geometry": { "type": "Polygon", "coordinates": [ [ [ 57.95108, 68.61885 ], [ 57.96032, 68.61885 ], [ 57.96032, 68.61549 ], [ 57.95108, 68.61549 ], [ 57.95108, 68.61885 ] ] ] } },
{ "type": "Feature", "properties": { "sensor": "NOAA-20", "description": "<b>Latitude: </b> 68.61765<br/> \n                    <b>Longitude: </b> 57.96268<br/> \n                    <b>Detection Time: </b> 2026-09-26 20:59 UTC<br/> \n                    <b>Sensor: </b> NOAA-20 VIIRS<br/>\n                    <b>Confidence: </b> Nominal<br/> \n                    <b>Day/Night: </b> Night<br/>\n                    <b>Scan: </b> 0.57 km<br/>\n                    <b>Track: </b> 0.69 km<br/>\n                    <b>FRP: </b> 1.18 MW<br/>\n                    <b>Brightness: </b> 306.84 K" }, "geometry": { "type": "Polygon", "coordinates": [ [ [ 57.95806, 68.61933 ], [ 57.9673, 68.61933 ], [ 57.9673, 68.61597 ], [ 57.95806, 68.61597 ], [ 57.95806, 68.61933 ] ] ] } },
{ "type": "Feature", "properties": { "sensor": "NOAA-20", "description": "<b>Latitude: </b> 67.55329<br/> \n                    <b>Longitude: </b> 83.21705<br/> \n                    <b>Detection Time: </b> 2026-09-26 20:59 UTC<br/> \n                    <b>Sensor: </b> NOAA-20 VIIRS<br/>\n                    <b>Confidence: </b> Nominal<br/> \n                    <b>Day/Night: </b> Night<br/>\n                    <b>Scan: </b> 0.42 km<br/>\n                    <b>Track: </b> 0.38 km<br/>\n                    <b>FRP: </b> 5.51 MW<br/>\n                    <b>Brightness: </b> 304.99 K" }, "geometry": { "type": "Polygon", "coordinates": [ [ [ 83.21264, 67.55497 ], [ 83.22146, 67.55497 ], [ 83.22146, 67.55161 ], [ 83.21264, 67.55161 ], [ 83.21264, 67.55497 ] ] ] } },
{ "type": "Feature", "properties": { "sensor": "NOAA-20", "description": "<b>Latitude: </b> 67.55113<br/> \n                    <b>Longitude: </b> 83.20459<br/> \n                    <b>Detection Time: </b> 2026-09-26 20:59 UTC<br/> \n                    <b>Sensor: </b> NOAA-20 VIIRS<br/>\n                    <b>Confidence: </b> Nominal<br/> \n                    <b>Day/Night: </b> Night<br/>\n                    <b>Scan: </b> 0.42 km<br/>\n                    <b>Track: </b> 0.38 km<br/>\n                    <b>FRP: </b> 5.51 MW<br/>\n                    <b>Brightness: </b> 353.51 K" }, "geometry": { "type": "Polygon", "coordinates": [ [ [ 83.20018, 67.55281 ], [ 83.209, 67.55281 ], [ 83.209, 67.54945 ], [ 83.20018, 67.54945 ], [ 83.20018, 67.55281 ] ] ] } },
{ "type": "Feature", "properties": { "sensor": "NOAA-20", "description": "<b>Latitude: </b> 67.54993<br/> \n                    <b>Longitude: </b> 83.21425<br/> \n                    <b>Detection Time: </b> 2026-09-26 20:59 UTC<br/> \n                    <b>Sensor: </b> NOAA-20 VIIRS<br/>\n                    <b>Confidence: </b> Nominal<br/> \n                    <b>Day/Night: </b> Night<br/>\n                    <b>Scan: </b> 0.42 km<br/>\n                    <b>Track: </b> 0.38 km<br/>\n                    <b>FRP: </b> 5.51 MW<br/>\n                    <b>Brightness: </b> 338.38 K" }, "geometry": { "type": "Polygon", "coordinates": [ [ [ 83.20984, 67.55161 ], [ 83.21866, 67.55161 ], [ 83.21866, 67.54825 ], [ 83.20984, 67.54825 ], [ 83.20984, 67.55161 ] ] ] } },
{ "type": "Feature", "properties": { "sensor": "NOAA-20", "description": "<b>Latitude: </b> 67.55232<br/> \n                    <b>Longitude: </b> 83.19489<br/> \n                    <b>Detection Time: </b> 2026-09-26 20:59 UTC<br/> \n                    <b>Sensor: </b> NOAA-20 VIIRS<br/>\n                    <b>Confidence: </b> Nominal<br/> \n                    <b>Day/Night: </b> Night<br/>\n                    <b>Scan: </b> 0.43 km<br/>\n                    <b>Track: </b> 0.38 km<br/>\n                    <b>FRP: </b> 1.52 MW<br/>\n                    <b>Brightness: </b> 310.15 K" }, "geometry": { "type": "Polygon", "coordinates": [ [ [ 83.19048, 67.554 ], [ 83.1993, 67.554 ], [ 83.1993, 67.55064 ], [ 83.19048, 67.55064 ], [ 83.19048, 67.554 ] ] ] } },
{ "type": "Feature", "properties": { "sensor": "NOAA-20", "description": "<b>Latitude: </b> 67.54659<br/> \n                    <b>Longitude: </b> 83.21146<br/> \n                    <b>Detection Time: </b> 2026-09-26 20:59 UTC<br/> \n                    <b>Sensor: </b> NOAA-20 VIIRS<br/>\n                    <b>Confidence: </b> Nominal<br/> \n                    <b>Day/Night: </b> Night<br/>\n                    <b>Scan: </b> 0.42 km<br/>\n                    <b>Track: </b> 0.38 km<br/>\n                    <b>FRP: </b> 3.14 MW<br/>\n                    <b>Brightness: </b> 321.59 K" }, "geometry": { "type": "Polygon", "coordinates": [ [ [ 83.20705, 67.54827 ], [ 83.21587, 67.54827 ], [ 83.21587, 67.54491 ], [ 83.20705, 67.54491 ], [ 83.20705, 67.54827 ] ] ] } },
{ "type": "Feature", "properties": { "sensor": "NOAA-20", "description": "<b>Latitude: </b> 60.84669<br/> \n                    <b>Longitude: </b> 97.3501<br/> \n                    <b>Detection Time: </b> 2026-09-26 19:21 UTC<br/> \n                    <b>Sensor: </b> NOAA-20 VIIRS<br/>\n                    <b>Confidence: </b> Nominal<br/> \n                    <b>Day/Night: </b> Night<br/>\n                    <b>Scan: </b> 0.41 km<br/>\n                    <b>Track: </b> 0.45 km<br/>\n                    <b>FRP: </b> 4.15 MW<br/>\n                    <b>Brightness: </b> 334.5 K" }, "geometry": { "type": "Polygon", "coordinates": [ [ [ 97.34664, 60.84837 ], [ 97.35356, 60.84837 ], [ 97.35356, 60.84501 ], [ 97.34664, 60.84501 ], [ 97.34664, 60.84837 ] ] ] } },
{ "type": "Feature", "properties": { "sensor": "NOAA-20", "description": "<b>Latitude: </b> 60.78139<br/> \n                    <b>Longitude: </b> 97.07107<br/> \n                    <b>Detection Time: </b> 2026-09-26 19:21 UTC<br/> \n                    <b>Sensor: </b> NOAA-20 VIIRS<br/>\n                    <b>Confidence: </b> Nominal<br/> \n                    <b>Day/Night: </b> Night<br/>\n                    <b>Scan: </b> 0.42 km<br/>\n                    <b>Track: </b> 0.45 km<br/>\n                    <b>FRP: </b> 5.07 MW<br/>\n                    <b>Brightness: </b> 342.07 K" }, "geometry": { "type": "Polygon", "coordinates": [ [ [ 97.06762, 60.78307 ], [ 97.07452, 60.78307 ], [ 97.07452, 60.77971 ], [ 97.06762, 60.77971 ], [ 97.06762, 60.78307 ] ] ] } },
{ "type": "Feature", "properties": { "sensor": "NOAA-20", "description": "<b>Latitude: </b> 51.9911<br/> \n                    <b>Longitude: </b> 106.59038<br/> \n                    <b>Detection Time: </b> 2026-09-26 19:21 UTC<br/> \n                    <b>Sensor: </b> NOAA-20 VIIRS<br/>\n                    <b>Confidence: </b> Nominal<br/> \n                    <b>Day/Night: </b> Night<br/>\n                    <b>Scan: </b> 0.42 km<br/>\n                    <b>Track: </b> 0.37 km<br/>\n                    <b>FRP: </b> 1.12 MW<br/>\n                    <b>Brightness: </b> 301.68 K" }, "geometry": { "type": "Polygon", "coordinates": [ [ [ 106.58764, 51.99278 ], [ 106.59312, 51.99278 ], [ 106.59312, 51.98942 ], [ 106.58764, 51.98942 ], [ 106.58764, 51.99278 ] ] ] } },
{ "type": "Feature", "properties": { "sensor": "NOAA-20", "description": "<b>Latitude: </b> 62.38346<br/> \n                    <b>Longitude: </b> 80.16953<br/> \n                    <b>Detection Time: </b> 2026-09-26 19:19 UTC<br/> \n                    <b>Sensor: </b> NOAA-20 VIIRS<br/>\n                    <b>Confidence: </b> Nominal<br/> \n                    <b>Day/Night: </b> Night<br/>\n                    <b>Scan: </b> 0.76 km<br/>\n                    <b>Track: </b> 0.77 km<br/>\n                    <b>FRP: </b> 1.8 MW<br/>\n                    <b>Brightness: </b> 302.74 K" }, "geometry": { "type": "Polygon", "coordinates": [ [ [ 80.1659, 62.38514 ], [ 80.17316, 62.38514 ], [ 80.17316, 62.38178 ], [ 80.1659, 62.38178 ], [ 80.1659, 62.38514 ] ] ] } },
{ "type": "Feature", "properties": { "sensor": "NOAA-20", "description": "<b>Latitude: </b> 68.41022<br/> \n                    <b>Longitude: </b> 83.60401<br/> \n                    <b>Detection Time: </b> 2026-09-26 19:19 UTC<br/> \n                    <b>Sensor: </b> NOAA-20 VIIRS<br/>\n                    <b>Confidence: </b> Nominal<br/> \n                    <b>Day/Night: </b> Night<br/>\n                    <b>Scan: </b> 0.56 km<br/>\n                    <b>Track: </b> 0.69 km<br/>\n                    <b>FRP: </b> 2 MW<br/>\n                    <b>Brightness: </b> 298.01 K" }, "geometry": { "type": "Polygon", "coordinates": [ [ [ 83.59943, 68.4119 ], [ 83.60859, 68.4119 ], [ 83.60859, 68.40854 ], [ 83.59943, 68.40854 ], [ 83.59943, 68.4119 ] ] ] } },
{ "type": "Feature", "properties": { "sensor": "NOAA-20", "description": "<b>Latitude: </b> 68.41073<br/> \n                    <b>Longitude: </b> 83.61851<br/> \n                    <b>Detection Time: </b> 2026-09-26 19:19 UTC<br/> \n                    <b>Sensor: </b> NOAA-20 VIIRS<br/>\n                    <b>Confidence: </b> Nominal<br/> \n                    <b>Day/Night: </b> Night<br/>\n                    <b>Scan: </b> 0.56 km<br/>\n                    <b>Track: </b> 0.69 km<br/>\n                    <b>FRP: </b> 2.86 MW<br/>\n                    <b>Brightness: </b> 315.37 K" }, "geometry": { "type": "Polygon", "coordinates": [ [ [ 83.61393, 68.41241 ], [ 83.62309, 68.41241 ], [ 83.62309, 68.40905 ], [ 83.61393, 68.40905 ], [ 83.61393, 68.41241 ] ] ] } },
{ "type": "Feature", "properties": { "sensor": "NOAA-20", "description": "<b>Latitude: </b> 67.82234<br/> \n                    <b>Longitude: </b> 80.0929<br/> \n                    <b>Detection Time: </b> 2026-09-26 19:19 UTC<br/> \n                    <b>Sensor: </b> NOAA-20 VIIRS<br/>\n                    <b>Confidence: </b> Nominal<br/> \n                    <b>Day/Night: </b> Night<br/>\n                    <b>Scan: </b> 0.7 km<br/>\n                    <b>Track: </b> 0.75 km<br/>\n                    <b>FRP: </b> 1.43 MW<br/>\n                    <b>Brightness: </b> 311.34 K" }, "geometry": { "type": "Polygon", "coordinates": [ [ [ 80.08844, 67.82402 ], [ 80.09736, 67.82402 ], [ 80.09736, 67.82066 ], [ 80.08844, 67.82066 ], [ 80.08844, 67.82402 ] ] ] } },
{ "type": "Feature", "properties": { "sensor": "NOAA-20", "description": "<b>Latitude: </b> 67.5551<br/> \n                    <b>Longitude: </b> 83.18443<br/> \n                    <b>Detection Time: </b> 2026-09-26 19:19 UTC<br/> \n                    <b>Sensor: </b> NOAA-20 VIIRS<br/>\n                    <b>Confidence: </b> Nominal<br/> \n                    <b>Day/Night: </b> Night<br/>\n                    <b>Scan: </b> 0.58 km<br/>\n                    <b>Track: </b> 0.7 km<br/>\n                    <b>FRP: </b> 0.9 MW<br/>\n                    <b>Brightness: </b> 296.53 K" }, "geometry": { "type": "Polygon", "coordinates": [ [ [ 83.18002, 67.55678 ], [ 83.18884, 67.55678 ], [ 83.18884, 67.55342 ], [ 83.18002, 67.55342 ], [ 83.18002, 67.55678 ] ] ] } },
{ "type": "Feature", "properties": { "sensor": "NOAA-20", "description": "<b>Latitude: </b> 67.54809<br/> \n                    <b>Longitude: </b> 83.17183<br/> \n                    <b>Detection Time: </b> 2026-09-26 19:19 UTC<br/> \n                    <b>Sensor: </b> NOAA-20 VIIRS<br/>\n                    <b>Confidence: </b> Nominal<br/> \n                    <b>Day/Night: </b> Night<br/>\n                    <b>Scan: </b> 0.58 km<br/>\n                    <b>Track: </b> 0.7 km<br/>\n                    <b>FRP: </b> 1.96 MW<br/>\n                    <b>Brightness: </b> 299.91 K" }, "geometry": { "type": "Polygon", "coordinates": [ [ [ 83.16742, 67.54977 ], [ 83.17624, 67.54977 ], [ 83.17624, 67.54641 ], [ 83.16742, 67.54641 ], [ 83.16742, 67.54977 ] ] ] } },
{ "type": "Feature", "properties": { "sensor": "NOAA-20", "description": "<b>Latitude: </b> 67.54861<br/> \n                    <b>Longitude: </b> 83.18594<br/> \n                    <b>Detection Time: </b> 2026-09-26 19:19 UTC<br/> \n                    <b>Sensor: </b> NOAA-20 VIIRS<br/>\n                    <b>Confidence: </b> Nominal<br/> \n                    <b>Day/Night: </b> Night<br/>\n                    <b>Scan: </b> 0.58 km<br/>\n                    <b>Track: </b> 0.7 km<br/>\n                    <b>FRP: </b> 3.21 MW<br/>\n                    <b>Brightness: </b> 318.15 K" }, "geometry": { "type": "Polygon", "coordinates": [ [ [ 83.18153, 67.55029 ], [ 83.19035, 67.55029 ], [ 83.19035, 67.54693 ], [ 83.18153, 67.54693 ], [ 83.18153, 67.55029 ] ] ] } },
{ "type": "Feature", "properties": { "sensor": "NOAA-20", "description": "<b>Latitude: </b> 67.19508<br/> \n                    <b>Longitude: </b> 81.97623<br/> \n                    <b>Detection Time: </b> 2026-09-26 19:19 UTC<br/> \n                    <b>Sensor: </b> NOAA-20 VIIRS<br/>\n                    <b>Confidence: </b> Nominal<br/> \n                    <b>Day/Night: </b> Night<br/>\n                    <b>Scan: </b> 0.63 km<br/>\n                    <b>Track: </b> 0.72 km<br/>\n                    <b>FRP: </b> 4.43 MW<br/>\n                    <b>Brightness: </b> 328.21 K" }, "geometry": { "type": "Polygon", "coordinates": [ [ [ 81.97188, 67.19676 ], [ 81.98058, 67.19676 ], [ 81.98058, 67.1934 ], [ 81.97188, 67.1934 ], [ 81.97188, 67.19676 ] ] ] } },
{ "type": "Feature", "properties": { "sensor": "NOAA-20", "description": "<b>Latitude: </b> 63.44784<br/> \n                    <b>Longitude: </b> 80.97206<br/> \n                    <b>Detection Time: </b> 2026-09-26 19:19 UTC<br/> \n                    <b>Sensor: </b> NOAA-20 VIIRS<br/>\n                    <b>Confidence: </b> Nominal<br/> \n                    <b>Day/Night: </b> Night<br/>\n                    <b>Scan: </b> 0.71 km<br/>\n                    <b>Track: </b> 0.75 km<br/>\n                    <b>FRP: </b> 1.76 MW<br/>\n                    <b>Brightness: </b> 308.91 K" }, "geometry": { "type": "Polygon", "coordinates": [ [ [ 80.96829, 63.44952 ], [ 80.97583, 63.44952 ], [ 80.97583, 63.44616 ], [ 80.96829, 63.44616 ], [ 80.96829, 63.44952 ] ] ] } },
{ "type": "Feature", "properties": { "sensor": "NOAA-20", "description": "<b>Latitude: </b> 62.38442<br/> \n                    <b>Longitude: </b> 80.1618<br/> \n                    <b>Detection Time: </b> 2026-09-26 19:19 UTC<br/> \n                    <b>Sensor: </b> NOAA-20 VIIRS<br/>\n                    <b>Confidence: </b> Nominal<br/> \n                    <b>Day/Night: </b> Night<br/>\n                    <b>Scan: </b> 0.76 km<br/>\n                    <b>Track: </b> 0.77 km<br/>\n                    <b>FRP: </b> 1.85 MW<br/>\n                    <b>Brightness: </b> 309.89 K" }, "geometry": { "type": "Polygon", "coordinates": [ [ [ 80.15817, 62.3861 ], [ 80.16543, 62.3861 ], [ 80.16543, 62.38274 ], [ 80.15817, 62.38274 ], [ 80.15817, 62.3861 ] ] ] } },
{ "type": "Feature", "properties": { "sensor": "NOAA-20", "description": "<b>Latitude: </b> 70.44415<br/> \n                    <b>Longitude: </b> 84.34573<br/> \n                    <b>Detection Time: </b> 2026-09-26 19:17 UTC<br/> \n                    <b>Sensor: </b> NOAA-20 VIIRS<br/>\n                    <b>Confidence: </b> Nominal<br/> \n                    <b>Day/Night: </b> Night<br/>\n                    <b>Scan: </b> 0.53 km<br/>\n                    <b>Track: </b> 0.67 km<br/>\n                    <b>FRP: </b> 0.87 MW<br/>\n                    <b>Brightness: </b> 296.53 K" }, "geometry": { "type": "Polygon", "coordinates": [ [ [ 84.3407, 70.44583 ], [ 84.35076, 70.44583 ], [ 84.35076, 70.44247 ], [ 84.3407, 70.44247 ], [ 84.3407, 70.44583 ] ] ] } },
{ "type": "Feature", "properties": { "sensor": "NOAA-20", "description": "<b>Latitude: </b> 68.52476<br/> \n                    <b>Longitude: </b> 79.96071<br/> \n                    <b>Detection Time: </b> 2026-09-26 19:17 UTC<br/> \n                    <b>Sensor: </b> NOAA-20 VIIRS<br/>\n                    <b>Confidence: </b> Nominal<br/> \n                    <b>Day/Night: </b> Night<br/>\n                    <b>Scan: </b> 0.69 km<br/>\n                    <b>Track: </b> 0.74 km<br/>\n                    <b>FRP: </b> 45.82 MW<br/>\n                    <b>Brightness: </b> 318.08 K" }, "geometry": { "type": "Polygon", "coordinates": [ [ [ 79.95611, 68.52644 ], [ 79.96531, 68.52644 ], [ 79.96531, 68.52308 ], [ 79.95611, 68.52308 ], [ 79.95611, 68.52644 ] ] ] } },
{ "type": "Feature", "properties": { "sensor": "NOAA-20", "description": "<b>Latitude: </b> 68.5227<br/> \n                    <b>Longitude: </b> 79.92531<br/> \n                    <b>Detection Time: </b> 2026-09-26 19:17 UTC<br/> \n                    <b>Sensor: </b> NOAA-20 VIIRS<br/>\n                    <b>Confidence: </b> Nominal<br/> \n                    <b>Day/Night: </b> Night<br/>\n                    <b>Scan: </b> 0.69 km<br/>\n                    <b>Track: </b> 0.74 km<br/>\n                    <b>FRP: </b> 61.06 MW<br/>\n                    <b>Brightness: </b> 317.56 K" }, "geometry": { "type": "Polygon", "coordinates": [ [ [ 79.92071, 68.52438 ], [ 79.92991, 68.52438 ], [ 79.92991, 68.52102 ], [ 79.92071, 68.52102 ], [ 79.92071, 68.52438 ] ] ] } },
{ "type": "Feature", "properties": { "sensor": "NOAA-20", "description": "<b>Latitude: </b> 68.52377<br/> \n                    <b>Longitude: </b> 79.94355<br/> \n                    <b>Detection Time: </b> 2026-09-26 19:17 UTC<br/> \n                    <b>Sensor: </b> NOAA-20 VIIRS<br/>\n                    <b>Confidence: </b> Nominal<br/> \n                    <b>Day/Night: </b> Night<br/>\n                    <b>Scan: </b> 0.69 km<br/>\n                    <b>Track: </b> 0.74 km<br/>\n                    <b>FRP: </b> 45.82 MW<br/>\n                    <b>Brightness: </b> 323.47 K" }, "geometry": { "type": "Polygon", "coordinates": [ [ [ 79.93895, 68.52545 ], [ 79.94815, 68.52545 ], [ 79.94815, 68.52209 ], [ 79.93895, 68.52209 ], [ 79.93895, 68.52545 ] ] ] } },
{ "type": "Feature", "properties": { "sensor": "NOAA-20", "description": "<b>Latitude: </b> 68.53062<br/> \n                    <b>Longitude: </b> 79.94045<br/> \n                    <b>Detection Time: </b> 2026-09-26 19:17 UTC<br/> \n                    <b>Sensor: </b> NOAA-20 VIIRS<br/>\n                    <b>Confidence: </b> Nominal<br/> \n                    <b>Day/Night: </b> Night<br/>\n                    <b>Scan: </b> 0.69 km<br/>\n                    <b>Track: </b> 0.74 km<br/>\n                    <b>FRP: </b> 45.82 MW<br/>\n                    <b>Brightness: </b> 306.11 K" }, "geometry": { "type": "Polygon", "coordinates": [ [ [ 79.93585, 68.5323 ], [ 79.94505, 68.5323 ], [ 79.94505, 68.52894 ], [ 79.93585, 68.52894 ], [ 79.93585, 68.5323 ] ] ] } },
{ "type": "Feature", "properties": { "sensor": "NOAA-20", "description": "<b>Latitude: </b> 70.44123<br/> \n                    <b>Longitude: </b> 84.35407<br/> \n                    <b>Detection Time: </b> 2026-09-26 19:17 UTC<br/> \n                    <b>Sensor: </b> NOAA-20 VIIRS<br/>\n                    <b>Confidence: </b> Nominal<br/> \n                    <b>Day/Night: </b> Night<br/>\n                    <b>Scan: </b> 0.53 km<br/>\n                    <b>Track: </b> 0.67 km<br/>\n                    <b>FRP: </b> 1.32 MW<br/>\n                    <b>Brightness: </b> 313.79 K" }, "geometry": { "type": "Polygon", "coordinates": [ [ [ 84.34904, 70.44291 ], [ 84.3591, 70.44291 ], [ 84.3591, 70.43955 ], [ 84.34904, 70.43955 ], [ 84.34904, 70.44291 ] ] ] } },
{ "type": "Feature", "properties": { "sensor": "NOAA-20", "description": "<b>Latitude: </b> 68.71545<br/> \n                    <b>Longitude: </b> 80.52329<br/> \n                    <b>Detection Time: </b> 2026-09-26 19:17 UTC<br/> \n                    <b>Sensor: </b> NOAA-20 VIIRS<br/>\n                    <b>Confidence: </b> Nominal<br/> \n                    <b>Day/Night: </b> Night<br/>\n                    <b>Scan: </b> 0.67 km<br/>\n                    <b>Track: </b> 0.73 km<br/>\n                    <b>FRP: </b> 1.58 MW<br/>\n                    <b>Brightness: </b> 309.81 K" }, "geometry": { "type": "Polygon", "coordinates": [ [ [ 80.51865, 68.71713 ], [ 80.52793, 68.71713 ], [ 80.52793, 68.71377 ], [ 80.51865, 68.71377 ], [ 80.51865, 68.71713 ] ] ] } },
{ "type": "Feature", "properties": { "sensor": "NOAA-20", "description": "<b>Latitude: </b> 68.71487<br/> \n                    <b>Longitude: </b> 80.52585<br/> \n                    <b>Detection Time: </b> 2026-09-26 19:17 UTC<br/> \n                    <b>Sensor: </b> NOAA-20 VIIRS<br/>\n                    <b>Confidence: </b> Nominal<br/> \n                    <b>Day/Night: </b> Night<br/>\n                    <b>Scan: </b> 0.67 km<br/>\n                    <b>Track: </b> 0.73 km<br/>\n                    <b>FRP: </b> 1.68 MW<br/>\n                    <b>Brightness: </b> 301.66 K" }, "geometry": { "type": "Polygon", "coordinates": [ [ [ 80.52121, 68.71655 ], [ 80.53049, 68.71655 ], [ 80.53049, 68.71319 ], [ 80.52121, 68.71319 ], [ 80.52121, 68.71655 ] ] ] } },
{ "type": "Feature", "properties": { "sensor": "NOAA-20", "description": "<b>Latitude: </b> 69.61971<br/> \n                    <b>Longitude: </b> 81.81566<br/> \n                    <b>Detection Time: </b> 2026-09-26 19:17 UTC<br/> \n                    <b>Sensor: </b> NOAA-20 VIIRS<br/>\n                    <b>Confidence: </b> Nominal<br/> \n                    <b>Day/Night: </b> Night<br/>\n                    <b>Scan: </b> 0.61 km<br/>\n                    <b>Track: </b> 0.71 km<br/>\n                    <b>FRP: </b> 1.56 MW<br/>\n                    <b>Brightness: </b> 295.98 K" }, "geometry": { "type": "Polygon", "coordinates": [ [ [ 81.81082, 69.62139 ], [ 81.8205, 69.62139 ], [ 81.8205, 69.61803 ], [ 81.81082, 69.61803 ], [ 81.81082, 69.62139 ] ] ] } },
{ "type": "Feature", "properties": { "sensor": "NOAA-20", "description": "<b>Latitude: </b> 69.62121<br/> \n                    <b>Longitude: </b> 81.69963<br/> \n                    <b>Detection Time: </b> 2026-09-26 19:17 UTC<br/> \n                    <b>Sensor: </b> NOAA-20 VIIRS<br/>\n                    <b>Confidence: </b> Nominal<br/> \n                    <b>Day/Night: </b> Night<br/>\n                    <b>Scan: </b> 0.61 km<br/>\n                    <b>Track: </b> 0.71 km<br/>\n                    <b>FRP: </b> 2.19 MW<br/>\n                    <b>Brightness: </b> 302.04 K" }, "geometry": { "type": "Polygon", "coordinates": [ [ [ 81.69479, 69.62289 ], [ 81.70447, 69.62289 ], [ 81.70447, 69.61953 ], [ 81.69479, 69.61953 ], [ 81.69479, 69.62289 ] ] ] } },
{ "type": "Feature", "properties": { "sensor": "NOAA-20", "description": "<b>Latitude: </b> 69.62283<br/> \n                    <b>Longitude: </b> 81.81753<br/> \n                    <b>Detection Time: </b> 2026-09-26 19:17 UTC<br/> \n                    <b>Sensor: </b> NOAA-20 VIIRS<br/>\n                    <b>Confidence: </b> Nominal<br/> \n                    <b>Day/Night: </b> Night<br/>\n                    <b>Scan: </b> 0.61 km<br/>\n                    <b>Track: </b> 0.71 km<br/>\n                    <b>FRP: </b> 0.96 MW<br/>\n                    <b>Brightness: </b> 300.78 K" }, "geometry": { "type": "Polygon", "coordinates": [ [ [ 81.81269, 69.62451 ], [ 81.82237, 69.62451 ], [ 81.82237, 69.62115 ], [ 81.81269, 69.62115 ], [ 81.81269, 69.62451 ] ] ] } },
{ "type": "Feature", "properties": { "sensor": "NOAA-20", "description": "<b>Latitude: </b> 69.61749<br/> \n                    <b>Longitude: </b> 81.70401<br/> \n                    <b>Detection Time: </b> 2026-09-26 19:17 UTC<br/> \n                    <b>Sensor: </b> NOAA-20 VIIRS<br/>\n                    <b>Confidence: </b> Nominal<br/> \n                    <b>Day/Night: </b> Night<br/>\n                    <b>Scan: </b> 0.61 km<br/>\n                    <b>Track: </b> 0.71 km<br/>\n                    <b>FRP: </b> 3.17 MW<br/>\n                    <b>Brightness: </b> 329.52 K" }, "geometry": { "type": "Polygon", "coordinates": [ [ [ 81.69917, 69.61917 ], [ 81.70885, 69.61917 ], [ 81.70885, 69.61581 ], [ 81.69917, 69.61581 ], [ 81.69917, 69.61917 ] ] ] } },
{ "type": "Feature", "properties": { "sensor": "NOAA-20", "description": "<b>Latitude: </b> 70.44457<br/> \n                    <b>Longitude: </b> 84.36006<br/> \n                    <b>Detection Time: </b> 2026-09-26 19:17 UTC<br/> \n                    <b>Sensor: </b> NOAA-20 VIIRS<br/>\n                    <b>Confidence: </b> Nominal<br/> \n                    <b>Day/Night: </b> Night<br/>\n                    <b>Scan: </b> 0.53 km<br/>\n                    <b>Track: </b> 0.67 km<br/>\n                    <b>FRP: </b> 0.87 MW<br/>\n                    <b>Brightness: </b> 296.42 K" }, "geometry": { "type": "Polygon", "coordinates": [ [ [ 84.35503, 70.44625 ], [ 84.36509, 70.44625 ], [ 84.36509, 70.44289 ], [ 84.35503, 70.44289 ], [ 84.35503, 70.44625 ] ] ] } },
{ "type": "Feature", "properties": { "sensor": "NOAA-20", "description": "<b>Latitude: </b> 46.62788<br/> \n                    <b>Longitude: </b> 142.90576<br/> \n                    <b>Detection Time: </b> 2026-09-26 17:41 UTC<br/> \n                    <b>Sensor: </b> NOAA-20 VIIRS<br/>\n                    <b>Confidence: </b> Nominal<br/> \n                    <b>Day/Night: </b> Night<br/>\n                    <b>Scan: </b> 0.49 km<br/>\n                    <b>Track: </b> 0.65 km<br/>\n                    <b>FRP: </b> 2.05 MW<br/>\n                    <b>Brightness: </b> 311.15 K" }, "geometry": { "type": "Polygon", "coordinates": [ [ [ 142.90331, 46.62956 ], [ 142.90821, 46.62956 ], [ 142.90821, 46.6262 ], [ 142.90331, 46.6262 ], [ 142.90331, 46.62956 ] ] ] } },
{ "type": "Feature", "properties": { "sensor": "NOAA-20", "description": "<b>Latitude: </b> 52.51333<br/> \n                    <b>Longitude: </b> 143.18285<br/> \n                    <b>Detection Time: </b> 2026-09-26 17:41 UTC<br/> \n                    <b>Sensor: </b> NOAA-20 VIIRS<br/>\n                    <b>Confidence: </b> Nominal<br/> \n                    <b>Day/Night: </b> Night<br/>\n                    <b>Scan: </b> 0.32 km<br/>\n                    <b>Track: </b> 0.55 km<br/>\n                    <b>FRP: </b> 0.91 MW<br/>\n                    <b>Brightness: </b> 309.82 K" }, "geometry": { "type": "Polygon", "coordinates": [ [ [ 143.18008, 52.51501 ], [ 143.18562, 52.51501 ], [ 143.18562, 52.51165 ], [ 143.18008, 52.51165 ], [ 143.18008, 52.51501 ] ] ] } },
{ "type": "Feature", "properties": { "sensor": "NOAA-20", "description": "<b>Latitude: </b> 52.51206<br/> \n                    <b>Longitude: </b> 143.18716<br/> \n                    <b>Detection Time: </b> 2026-09-26 17:41 UTC<br/> \n                    <b>Sensor: </b> NOAA-20 VIIRS<br/>\n                    <b>Confidence: </b> Nominal<br/> \n                    <b>Day/Night: </b> Night<br/>\n                    <b>Scan: </b> 0.32 km<br/>\n                    <b>Track: </b> 0.55 km<br/>\n                    <b>FRP: </b> 0.91 MW<br/>\n                    <b>Brightness: </b> 306.34 K" }, "geometry": { "type": "Polygon", "coordinates": [ [ [ 143.18439, 52.51374 ], [ 143.18993, 52.51374 ], [ 143.18993, 52.51038 ], [ 143.18439, 52.51038 ], [ 143.18439, 52.51374 ] ] ] } },
{ "type": "Feature", "properties": { "sensor": "NOAA-20", "description": "<b>Latitude: </b> 52.18643<br/> \n                    <b>Longitude: </b> 143.06699<br/> \n                    <b>Detection Time: </b> 2026-09-26 17:41 UTC<br/> \n                    <b>Sensor: </b> NOAA-20 VIIRS<br/>\n                    <b>Confidence: </b> Nominal<br/> \n                    <b>Day/Night: </b> Night<br/>\n                    <b>Scan: </b> 0.33 km<br/>\n                    <b>Track: </b> 0.55 km<br/>\n                    <b>FRP: </b> 0.96 MW<br/>\n                    <b>Brightness: </b> 315.15 K" }, "geometry": { "type": "Polygon", "coordinates": [ [ [ 143.06424, 52.18811 ], [ 143.06974, 52.18811 ], [ 143.06974, 52.18475 ], [ 143.06424, 52.18475 ], [ 143.06424, 52.18811 ] ] ] } },
{ "type": "Feature", "properties": { "sensor": "NOAA-20", "description": "<b>Latitude: </b> 52.18708<br/> \n                    <b>Longitude: </b> 143.06673<br/> \n                    <b>Detection Time: </b> 2026-09-26 17:41 UTC<br/> \n                    <b>Sensor: </b> NOAA-20 VIIRS<br/>\n                    <b>Confidence: </b> Nominal<br/> \n                    <b>Day/Night: </b> Night<br/>\n                    <b>Scan: </b> 0.33 km<br/>\n                    <b>Track: </b> 0.55 km<br/>\n                    <b>FRP: </b> 0.72 MW<br/>\n                    <b>Brightness: </b> 301.83 K" }, "geometry": { "type": "Polygon", "coordinates": [ [ [ 143.06398, 52.18876 ], [ 143.06948, 52.18876 ], [ 143.06948, 52.1854 ], [ 143.06398, 52.1854 ], [ 143.06398, 52.18876 ] ] ] } },
{ "type": "Feature", "properties": { "sensor": "NOAA-20", "description": "<b>Latitude: </b> 52.14055<br/> \n                    <b>Longitude: </b> 143.01346<br/> \n                    <b>Detection Time: </b> 2026-09-26 17:41 UTC<br/> \n                    <b>Sensor: </b> NOAA-20 VIIRS<br/>\n                    <b>Confidence: </b> Nominal<br/> \n                    <b>Day/Night: </b> Night<br/>\n                    <b>Scan: </b> 0.33 km<br/>\n                    <b>Track: </b> 0.55 km<br/>\n                    <b>FRP: </b> 1.13 MW<br/>\n                    <b>Brightness: </b> 305.73 K" }, "geometry": { "type": "Polygon", "coordinates": [ [ [ 143.01072, 52.14223 ], [ 143.0162, 52.14223 ], [ 143.0162, 52.13887 ], [ 143.01072, 52.13887 ], [ 143.01072, 52.14223 ] ] ] } },
{ "type": "Feature", "properties": { "sensor": "NOAA-20", "description": "<b>Latitude: </b> 46.62597<br/> \n                    <b>Longitude: </b> 142.91162<br/> \n                    <b>Detection Time: </b> 2026-09-26 17:41 UTC<br/> \n                    <b>Sensor: </b> NOAA-20 VIIRS<br/>\n                    <b>Confidence: </b> Nominal<br/> \n                    <b>Day/Night: </b> Night<br/>\n                    <b>Scan: </b> 0.49 km<br/>\n                    <b>Track: </b> 0.65 km<br/>\n                    <b>FRP: </b> 2.35 MW<br/>\n                    <b>Brightness: </b> 304.05 K" }, "geometry": { "type": "Polygon", "coordinates": [ [ [ 142.90917, 46.62765 ], [ 142.91407, 46.62765 ], [ 142.91407, 46.62429 ], [ 142.90917, 46.62429 ], [ 142.90917, 46.62765 ] ] ] } },
{ "type": "Feature", "properties": { "sensor": "NOAA-20", "description": "<b>Latitude: </b> 57.63755<br/> \n                    <b>Longitude: </b> 135.68314<br/> \n                    <b>Detection Time: </b> 2026-09-26 17:41 UTC<br/> \n                    <b>Sensor: </b> NOAA-20 VIIRS<br/>\n                    <b>Confidence: </b> Nominal<br/> \n                    <b>Day/Night: </b> Night<br/>\n                    <b>Scan: </b> 0.42 km<br/>\n                    <b>Track: </b> 0.37 km<br/>\n                    <b>FRP: </b> 1.1 MW<br/>\n                    <b>Brightness: </b> 300.54 K" }, "geometry": { "type": "Polygon", "coordinates": [ [ [ 135.67999, 57.63923 ], [ 135.68629, 57.63923 ], [ 135.68629, 57.63587 ], [ 135.67999, 57.63587 ], [ 135.67999, 57.63923 ] ] ] } },
{ "type": "Feature", "properties": { "sensor": "NOAA-20", "description": "<b>Latitude: </b> 53.26572<br/> \n                    <b>Longitude: </b> 143.21716<br/> \n                    <b>Detection Time: </b> 2026-09-26 17:41 UTC<br/> \n                    <b>Sensor: </b> NOAA-20 VIIRS<br/>\n                    <b>Confidence: </b> Nominal<br/> \n                    <b>Day/Night: </b> Night<br/>\n                    <b>Scan: </b> 0.61 km<br/>\n                    <b>Track: </b> 0.53 km<br/>\n                    <b>FRP: </b> 1.54 MW<br/>\n                    <b>Brightness: </b> 300.26 K" }, "geometry": { "type": "Polygon", "coordinates": [ [ [ 143.21434, 53.2674 ], [ 143.21998, 53.2674 ], [ 143.21998, 53.26404 ], [ 143.21434, 53.26404 ], [ 143.21434, 53.2674 ] ] ] } },
{ "type": "Feature", "properties": { "sensor": "NOAA-20", "description": "<b>Latitude: </b> 53.20398<br/> \n                    <b>Longitude: </b> 143.23911<br/> \n                    <b>Detection Time: </b> 2026-09-26 17:41 UTC<br/> \n                    <b>Sensor: </b> NOAA-20 VIIRS<br/>\n                    <b>Confidence: </b> Nominal<br/> \n                    <b>Day/Night: </b> Night<br/>\n                    <b>Scan: </b> 0.61 km<br/>\n                    <b>Track: </b> 0.54 km<br/>\n                    <b>FRP: </b> 1.91 MW<br/>\n                    <b>Brightness: </b> 310.19 K" }, "geometry": { "type": "Polygon", "coordinates": [ [ [ 143.2363, 53.20566 ], [ 143.24192, 53.20566 ], [ 143.24192, 53.2023 ], [ 143.2363, 53.2023 ], [ 143.2363, 53.20566 ] ] ] } },
{ "type": "Feature", "properties": { "sensor": "NOAA-20", "description": "<b>Latitude: </b> 53.20132<br/> \n                    <b>Longitude: </b> 143.23991<br/> \n                    <b>Detection Time: </b> 2026-09-26 17:41 UTC<br/> \n                    <b>Sensor: </b> NOAA-20 VIIRS<br/>\n                    <b>Confidence: </b> Nominal<br/> \n                    <b>Day/Night: </b> Night<br/>\n                    <b>Scan: </b> 0.61 km<br/>\n                    <b>Track: </b> 0.54 km<br/>\n                    <b>FRP: </b> 2.31 MW<br/>\n                    <b>Brightness: </b> 313.09 K" }, "geometry": { "type": "Polygon", "coordinates": [ [ [ 143.2371, 53.203 ], [ 143.24272, 53.203 ], [ 143.24272, 53.19964 ], [ 143.2371, 53.19964 ], [ 143.2371, 53.203 ] ] ] } },
{ "type": "Feature", "properties": { "sensor": "NOAA-20", "description": "<b>Latitude: </b> 52.51272<br/> \n                    <b>Longitude: </b> 143.18436<br/> \n                    <b>Detection Time: </b> 2026-09-26 17:41 UTC<br/> \n                    <b>Sensor: </b> NOAA-20 VIIRS<br/>\n                    <b>Confidence: </b> Nominal<br/> \n                    <b>Day/Night: </b> Night<br/>\n                    <b>Scan: </b> 0.32 km<br/>\n                    <b>Track: </b> 0.55 km<br/>\n                    <b>FRP: </b> 1.41 MW<br/>\n                    <b>Brightness: </b> 329.55 K" }, "geometry": { "type": "Polygon", "coordinates": [ [ [ 143.18159, 52.5144 ], [ 143.18713, 52.5144 ], [ 143.18713, 52.51104 ], [ 143.18159, 52.51104 ], [ 143.18159, 52.5144 ] ] ] } },
{ "type": "Feature", "properties": { "sensor": "NOAA-20", "description": "<b>Latitude: </b> 54.61444<br/> \n                    <b>Longitude: </b> 160.31291<br/> \n                    <b>Detection Time: </b> 2026-09-26 16:01 UTC<br/> \n                    <b>Sensor: </b> NOAA-20 VIIRS<br/>\n                    <b>Confidence: </b> Nominal<br/> \n                    <b>Day/Night: </b> Night<br/>\n                    <b>Scan: </b> 0.45 km<br/>\n                    <b>Track: </b> 0.39 km<br/>\n                    <b>FRP: </b> 16.55 MW<br/>\n                    <b>Brightness: </b> 322.28 K" }, "geometry": { "type": "Polygon", "coordinates": [ [ [ 160.31, 54.61612 ], [ 160.31582, 54.61612 ], [ 160.31582, 54.61276 ], [ 160.31, 54.61276 ], [ 160.31, 54.61612 ] ] ] } },
{ "type": "Feature", "properties": { "sensor": "NOAA-20", "description": "<b>Latitude: </b> 45.38506<br/> \n                    <b>Longitude: </b> 148.81639<br/> \n                    <b>Detection Time: </b> 2026-09-26 16:01 UTC<br/> \n                    <b>Sensor: </b> NOAA-20 VIIRS<br/>\n                    <b>Confidence: </b> Nominal<br/> \n                    <b>Day/Night: </b> Night<br/>\n                    <b>Scan: </b> 0.4 km<br/>\n                    <b>Track: </b> 0.37 km<br/>\n                    <b>FRP: </b> 0.38 MW<br/>\n                    <b>Brightness: </b> 302.15 K" }, "geometry": { "type": "Polygon", "coordinates": [ [ [ 148.81399, 45.38674 ], [ 148.81879, 45.38674 ], [ 148.81879, 45.38338 ], [ 148.81399, 45.38338 ], [ 148.81399, 45.38674 ] ] ] } },
{ "type": "Feature", "properties": { "sensor": "NOAA-20", "description": "<b>Latitude: </b> 45.38469<br/> \n                    <b>Longitude: </b> 148.81476<br/> \n                    <b>Detection Time: </b> 2026-09-26 16:01 UTC<br/> \n                    <b>Sensor: </b> NOAA-20 VIIRS<br/>\n                    <b>Confidence: </b> Nominal<br/> \n                    <b>Day/Night: </b> Night<br/>\n                    <b>Scan: </b> 0.4 km<br/>\n                    <b>Track: </b> 0.37 km<br/>\n                    <b>FRP: </b> 0.87 MW<br/>\n                    <b>Brightness: </b> 303.45 K" }, "geometry": { "type": "Polygon", "coordinates": [ [ [ 148.81236, 45.38637 ], [ 148.81716, 45.38637 ], [ 148.81716, 45.38301 ], [ 148.81236, 45.38301 ], [ 148.81236, 45.38637 ] ] ] } },
{ "type": "Feature", "properties": { "sensor": "NOAA-20", "description": "<b>Latitude: </b> 56.63746<br/> \n                    <b>Longitude: </b> 161.31223<br/> \n                    <b>Detection Time: </b> 2026-09-26 15:58 UTC<br/> \n                    <b>Sensor: </b> NOAA-20 VIIRS<br/>\n                    <b>Confidence: </b> Nominal<br/> \n                    <b>Day/Night: </b> Night<br/>\n                    <b>Scan: </b> 0.44 km<br/>\n                    <b>Track: </b> 0.38 km<br/>\n                    <b>FRP: </b> 2.77 MW<br/>\n                    <b>Brightness: </b> 297.7 K" }, "geometry": { "type": "Polygon", "coordinates": [ [ [ 161.30917, 56.63914 ], [ 161.31529, 56.63914 ], [ 161.31529, 56.63578 ], [ 161.30917, 56.63578 ], [ 161.30917, 56.63914 ] ] ] } },
{ "type": "Feature", "properties": { "sensor": "NOAA-20", "description": "<b>Latitude: </b> 56.64085<br/> \n                    <b>Longitude: </b> 161.31412<br/> \n                    <b>Detection Time: </b> 2026-09-26 15:58 UTC<br/> \n                    <b>Sensor: </b> NOAA-20 VIIRS<br/>\n                    <b>Confidence: </b> Nominal<br/> \n                    <b>Day/Night: </b> Night<br/>\n                    <b>Scan: </b> 0.44 km<br/>\n                    <b>Track: </b> 0.38 km<br/>\n                    <b>FRP: </b> 3.74 MW<br/>\n                    <b>Brightness: </b> 309.02 K" }, "geometry": { "type": "Polygon", "coordinates": [ [ [ 161.31106, 56.64253 ], [ 161.31718, 56.64253 ], [ 161.31718, 56.63917 ], [ 161.31106, 56.63917 ], [ 161.31106, 56.64253 ] ] ] } },
{ "type": "Feature", "properties": { "sensor": "NOAA-20", "description": "<b>Latitude: </b> 56.63945<br/> \n                    <b>Longitude: </b> 161.32103<br/> \n                    <b>Detection Time: </b> 2026-09-26 15:58 UTC<br/> \n                    <b>Sensor: </b> NOAA-20 VIIRS<br/>\n                    <b>Confidence: </b> Nominal<br/> \n                    <b>Day/Night: </b> Night<br/>\n                    <b>Scan: </b> 0.44 km<br/>\n                    <b>Track: </b> 0.38 km<br/>\n                    <b>FRP: </b> 3.74 MW<br/>\n                    <b>Brightness: </b> 329.72 K" }, "geometry": { "type": "Polygon", "coordinates": [ [ [ 161.31797, 56.64113 ], [ 161.32409, 56.64113 ], [ 161.32409, 56.63777 ], [ 161.31797, 56.63777 ], [ 161.31797, 56.64113 ] ] ] } },
{ "type": "Feature", "properties": { "sensor": "NOAA-20", "description": "<b>Latitude: </b> 52.18414<br/> \n                    <b>Longitude: </b> 143.06461<br/> \n                    <b>Detection Time: </b> 2026-09-26 15:58 UTC<br/> \n                    <b>Sensor: </b> NOAA-20 VIIRS<br/>\n                    <b>Confidence: </b> Nominal<br/> \n                    <b>Day/Night: </b> Night<br/>\n                    <b>Scan: </b> 0.51 km<br/>\n                    <b>Track: </b> 0.49 km<br/>\n                    <b>FRP: </b> 1.31 MW<br/>\n                    <b>Brightness: </b> 303.64 K" }, "geometry": { "type": "Polygon", "coordinates": [ [ [ 143.06186, 52.18582 ], [ 143.06736, 52.18582 ], [ 143.06736, 52.18246 ], [ 143.06186, 52.18246 ], [ 143.06186, 52.18582 ] ] ] } },
{ "type": "Feature", "properties": { "sensor": "NOAA-20", "description": "<b>Latitude: </b> 52.18415<br/> \n                    <b>Longitude: </b> 143.06302<br/> \n                    <b>Detection Time: </b> 2026-09-26 15:58 UTC<br/> \n                    <b>Sensor: </b> NOAA-20 VIIRS<br/>\n                    <b>Confidence: </b> Nominal<br/> \n                    <b>Day/Night: </b> Night<br/>\n                    <b>Scan: </b> 0.51 km<br/>\n                    <b>Track: </b> 0.49 km<br/>\n                    <b>FRP: </b> 0.76 MW<br/>\n                    <b>Brightness: </b> 304.3 K" }, "geometry": { "type": "Polygon", "coordinates": [ [ [ 143.06027, 52.18583 ], [ 143.06577, 52.18583 ], [ 143.06577, 52.18247 ], [ 143.06027, 52.18247 ], [ 143.06027, 52.18583 ] ] ] } },
{ "type": "Feature", "properties": { "sensor": "NOAA-20", "description": "<b>Latitude: </b> 52.5129<br/> \n                    <b>Longitude: </b> 143.18451<br/> \n                    <b>Detection Time: </b> 2026-09-26 15:58 UTC<br/> \n                    <b>Sensor: </b> NOAA-20 VIIRS<br/>\n                    <b>Confidence: </b> Nominal<br/> \n                    <b>Day/Night: </b> Night<br/>\n                    <b>Scan: </b> 0.51 km<br/>\n                    <b>Track: </b> 0.49 km<br/>\n                    <b>FRP: </b> 1.68 MW<br/>\n                    <b>Brightness: </b> 313.19 K" }, "geometry": { "type": "Polygon", "coordinates": [ [ [ 143.18174, 52.51458 ], [ 143.18728, 52.51458 ], [ 143.18728, 52.51122 ], [ 143.18174, 52.51122 ], [ 143.18174, 52.51458 ] ] ] } },
{ "type": "Feature", "properties": { "sensor": "NOAA-20", "description": "<b>Latitude: </b> 53.14842<br/> \n                    <b>Longitude: </b> 143.25722<br/> \n                    <b>Detection Time: </b> 2026-09-26 15:58 UTC<br/> \n                    <b>Sensor: </b> NOAA-20 VIIRS<br/>\n                    <b>Confidence: </b> Nominal<br/> \n                    <b>Day/Night: </b> Night<br/>\n                    <b>Scan: </b> 0.51 km<br/>\n                    <b>Track: </b> 0.49 km<br/>\n                    <b>FRP: </b> 0.8 MW<br/>\n                    <b>Brightness: </b> 295 K" }, "geometry": { "type": "Polygon", "coordinates": [ [ [ 143.25441, 53.1501 ], [ 143.26003, 53.1501 ], [ 143.26003, 53.14674 ], [ 143.25441, 53.14674 ], [ 143.25441, 53.1501 ] ] ] } },
{ "type": "Feature", "properties": { "sensor": "NOAA-20", "description": "<b>Latitude: </b> 53.20511<br/> \n                    <b>Longitude: </b> 143.23611<br/> \n                    <b>Detection Time: </b> 2026-09-26 15:58 UTC<br/> \n                    <b>Sensor: </b> NOAA-20 VIIRS<br/>\n                    <b>Confidence: </b> Nominal<br/> \n                    <b>Day/Night: </b> Night<br/>\n                    <b>Scan: </b> 0.51 km<br/>\n                    <b>Track: </b> 0.49 km<br/>\n                    <b>FRP: </b> 4.01 MW<br/>\n                    <b>Brightness: </b> 336.25 K" }, "geometry": { "type": "Polygon", "coordinates": [ [ [ 143.2333, 53.20679 ], [ 143.23892, 53.20679 ], [ 143.23892, 53.20343 ], [ 143.2333, 53.20343 ], [ 143.2333, 53.20679 ] ] ] } },
{ "type": "Feature", "properties": { "sensor": "NOAA-20", "description": "<b>Latitude: </b> 53.26557<br/> \n                    <b>Longitude: </b> 143.22154<br/> \n                    <b>Detection Time: </b> 2026-09-26 15:58 UTC<br/> \n                    <b>Sensor: </b> NOAA-20 VIIRS<br/>\n                    <b>Confidence: </b> Nominal<br/> \n                    <b>Day/Night: </b> Night<br/>\n                    <b>Scan: </b> 0.51 km<br/>\n                    <b>Track: </b> 0.5 km<br/>\n                    <b>FRP: </b> 0.98 MW<br/>\n                    <b>Brightness: </b> 303.94 K" }, "geometry": { "type": "Polygon", "coordinates": [ [ [ 143.21872, 53.26725 ], [ 143.22436, 53.26725 ], [ 143.22436, 53.26389 ], [ 143.21872, 53.26389 ], [ 143.21872, 53.26725 ] ] ] } },
{ "type": "Feature", "properties": { "sensor": "NOAA-20", "description": "<b>Latitude: </b> 56.64138<br/> \n                    <b>Longitude: </b> 161.31485<br/> \n                    <b>Detection Time: </b> 2026-09-26 14:18 UTC<br/> \n                    <b>Sensor: </b> NOAA-20 VIIRS<br/>\n                    <b>Confidence: </b> High<br/> \n                    <b>Day/Night: </b> Night<br/>\n                    <b>Scan: </b> 0.53 km<br/>\n                    <b>Track: </b> 0.67 km<br/>\n                    <b>FRP: </b> 17.83 MW<br/>\n                    <b>Brightness: </b> 367 K" }, "geometry": { "type": "Polygon", "coordinates": [ [ [ 161.31179, 56.64306 ], [ 161.31791, 56.64306 ], [ 161.31791, 56.6397 ], [ 161.31179, 56.6397 ], [ 161.31179, 56.64306 ] ] ] } },
{ "type": "Feature", "properties": { "sensor": "NOAA-20", "description": "<b>Latitude: </b> 65.04294<br/> \n                    <b>Longitude: </b> 56.67419<br/> \n                    <b>Detection Time: </b> 2026-09-26 10:38 UTC<br/> \n                    <b>Sensor: </b> NOAA-20 VIIRS<br/>\n                    <b>Confidence: </b> Nominal<br/> \n                    <b>Day/Night: </b> Day<br/>\n                    <b>Scan: </b> 0.78 km<br/>\n                    <b>Track: </b> 0.78 km<br/>\n                    <b>FRP: </b> 5.71 MW<br/>\n                    <b>Brightness: </b> 339.14 K" }, "geometry": { "type": "Polygon", "coordinates": [ [ [ 56.6702, 65.04462 ], [ 56.67818, 65.04462 ], [ 56.67818, 65.04126 ], [ 56.6702, 65.04126 ], [ 56.6702, 65.04462 ] ] ] } },
{ "type": "Feature", "properties": { "sensor": "NOAA-20", "description": "<b>Latitude: </b> 53.94534<br/> \n                    <b>Longitude: </b> 36.6421<br/> \n                    <b>Detection Time: </b> 2026-09-26 10:36 UTC<br/> \n                    <b>Sensor: </b> NOAA-20 VIIRS<br/>\n                    <b>Confidence: </b> Nominal<br/> \n                    <b>Day/Night: </b> Day<br/>\n                    <b>Scan: </b> 0.45 km<br/>\n                    <b>Track: </b> 0.39 km<br/>\n                    <b>FRP: </b> 2.49 MW<br/>\n                    <b>Brightness: </b> 328.58 K" }, "geometry": { "type": "Polygon", "coordinates": [ [ [ 36.63924, 53.94702 ], [ 36.64496, 53.94702 ], [ 36.64496, 53.94366 ], [ 36.63924, 53.94366 ], [ 36.63924, 53.94702 ] ] ] } },
{ "type": "Feature", "properties": { "sensor": "NOAA-20", "description": "<b>Latitude: </b> 47.58818<br/> \n                    <b>Longitude: </b> 34.93688<br/> \n                    <b>Detection Time: </b> 2026-09-26 10:34 UTC<br/> \n                    <b>Sensor: </b> NOAA-20 VIIRS<br/>\n                    <b>Confidence: </b> Nominal<br/> \n                    <b>Day/Night: </b> Day<br/>\n                    <b>Scan: </b> 0.38 km<br/>\n                    <b>Track: </b> 0.36 km<br/>\n                    <b>FRP: </b> 6.46 MW<br/>\n                    <b>Brightness: </b> 346.95 K" }, "geometry": { "type": "Polygon", "coordinates": [ [ [ 34.93438, 47.58986 ], [ 34.93938, 47.58986 ], [ 34.93938, 47.5865 ], [ 34.93438, 47.5865 ], [ 34.93438, 47.58986 ] ] ] } },
{ "type": "Feature", "properties": { "sensor": "NOAA-20", "description": "<b>Latitude: </b> 47.31656<br/> \n                    <b>Longitude: </b> 32.83576<br/> \n                    <b>Detection Time: </b> 2026-09-26 10:34 UTC<br/> \n                    <b>Sensor: </b> NOAA-20 VIIRS<br/>\n                    <b>Confidence: </b> Nominal<br/> \n                    <b>Day/Night: </b> Day<br/>\n                    <b>Scan: </b> 0.4 km<br/>\n                    <b>Track: </b> 0.37 km<br/>\n                    <b>FRP: </b> 1.6 MW<br/>\n                    <b>Brightness: </b> 331.36 K" }, "geometry": { "type": "Polygon", "coordinates": [ [ [ 32.83328, 47.31824 ], [ 32.83824, 47.31824 ], [ 32.83824, 47.31488 ], [ 32.83328, 47.31488 ], [ 32.83328, 47.31824 ] ] ] } },
{ "type": "Feature", "properties": { "sensor": "NOAA-20", "description": "<b>Latitude: </b> 47.32073<br/> \n                    <b>Longitude: </b> 32.8397<br/> \n                    <b>Detection Time: </b> 2026-09-26 10:34 UTC<br/> \n                    <b>Sensor: </b> NOAA-20 VIIRS<br/>\n                    <b>Confidence: </b> Nominal<br/> \n                    <b>Day/Night: </b> Day<br/>\n                    <b>Scan: </b> 0.4 km<br/>\n                    <b>Track: </b> 0.37 km<br/>\n                    <b>FRP: </b> 5.28 MW<br/>\n                    <b>Brightness: </b> 337.27 K" }, "geometry": { "type": "Polygon", "coordinates": [ [ [ 32.83722, 47.32241 ], [ 32.84218, 47.32241 ], [ 32.84218, 47.31905 ], [ 32.83722, 47.31905 ], [ 32.83722, 47.32241 ] ] ] } },
{ "type": "Feature", "properties": { "sensor": "NOAA-20", "description": "<b>Latitude: </b> 48.60368<br/> \n                    <b>Longitude: </b> 37.46571<br/> \n                    <b>Detection Time: </b> 2026-09-26 10:34 UTC<br/> \n                    <b>Sensor: </b> NOAA-20 VIIRS<br/>\n                    <b>Confidence: </b> Nominal<br/> \n                    <b>Day/Night: </b> Day<br/>\n                    <b>Scan: </b> 0.42 km<br/>\n                    <b>Track: </b> 0.38 km<br/>\n                    <b>FRP: </b> 1.32 MW<br/>\n                    <b>Brightness: </b> 326.12 K" }, "geometry": { "type": "Polygon", "coordinates": [ [ [ 37.46316, 48.60536 ], [ 37.46826, 48.60536 ], [ 37.46826, 48.602 ], [ 37.46316, 48.602 ], [ 37.46316, 48.60536 ] ] ] } },
{ "type": "Feature", "properties": { "sensor": "NOAA-20", "description": "<b>Latitude: </b> 48.19606<br/> \n                    <b>Longitude: </b> 32.45798<br/> \n                    <b>Detection Time: </b> 2026-09-26 10:34 UTC<br/> \n                    <b>Sensor: </b> NOAA-20 VIIRS<br/>\n                    <b>Confidence: </b> Nominal<br/> \n                    <b>Day/Night: </b> Day<br/>\n                    <b>Scan: </b> 0.4 km<br/>\n                    <b>Track: </b> 0.37 km<br/>\n                    <b>FRP: </b> 6.65 MW<br/>\n                    <b>Brightness: </b> 347.72 K" }, "geometry": { "type": "Polygon", "coordinates": [ [ [ 32.45545, 48.19774 ], [ 32.46051, 48.19774 ], [ 32.46051, 48.19438 ], [ 32.45545, 48.19438 ], [ 32.45545, 48.19774 ] ] ] } },
{ "type": "Feature", "properties": { "sensor": "NOAA-20", "description": "<b>Latitude: </b> 50.30627<br/> \n                    <b>Longitude: </b> 35.44796<br/> \n                    <b>Detection Time: </b> 2026-09-26 10:34 UTC<br/> \n                    <b>Sensor: </b> NOAA-20 VIIRS<br/>\n                    <b>Confidence: </b> Nominal<br/> \n                    <b>Day/Night: </b> Day<br/>\n                    <b>Scan: </b> 0.4 km<br/>\n                    <b>Track: </b> 0.37 km<br/>\n                    <b>FRP: </b> 1.75 MW<br/>\n                    <b>Brightness: </b> 327.7 K" }, "geometry": { "type": "Polygon", "coordinates": [ [ [ 35.44532, 50.30795 ], [ 35.4506, 50.30795 ], [ 35.4506, 50.30459 ], [ 35.44532, 50.30459 ], [ 35.44532, 50.30795 ] ] ] } },
{ "type": "Feature", "properties": { "sensor": "NOAA-20", "description": "<b>Latitude: </b> 51.56252<br/> \n                    <b>Longitude: </b> 52.75526<br/> \n                    <b>Detection Time: </b> 2026-09-26 10:34 UTC<br/> \n                    <b>Sensor: </b> NOAA-20 VIIRS<br/>\n                    <b>Confidence: </b> High<br/> \n                    <b>Day/Night: </b> Day<br/>\n                    <b>Scan: </b> 0.62 km<br/>\n                    <b>Track: </b> 0.72 km<br/>\n                    <b>FRP: </b> 9.03 MW<br/>\n                    <b>Brightness: </b> 367 K" }, "geometry": { "type": "Polygon", "coordinates": [ [ [ 52.75255, 51.5642 ], [ 52.75797, 51.5642 ], [ 52.75797, 51.56084 ], [ 52.75255, 51.56084 ], [ 52.75255, 51.5642 ] ] ] } },
{ "type": "Feature", "properties": { "sensor": "NOAA-20", "description": "<b>Latitude: </b> 51.60013<br/> \n                    <b>Longitude: </b> 52.93429<br/> \n                    <b>Detection Time: </b> 2026-09-26 10:34 UTC<br/> \n                    <b>Sensor: </b> NOAA-20 VIIRS<br/>\n                    <b>Confidence: </b> High<br/> \n                    <b>Day/Night: </b> Day<br/>\n                    <b>Scan: </b> 0.63 km<br/>\n                    <b>Track: </b> 0.72 km<br/>\n                    <b>FRP: </b> 11.48 MW<br/>\n                    <b>Brightness: </b> 367 K" }, "geometry": { "type": "Polygon", "coordinates": [ [ [ 52.93158, 51.60181 ], [ 52.937, 51.60181 ], [ 52.937, 51.59845 ], [ 52.93158, 51.59845 ], [ 52.93158, 51.60181 ] ] ] } },
{ "type": "Feature", "properties": { "sensor": "NOAA-20", "description": "<b>Latitude: </b> 51.60263<br/> \n                    <b>Longitude: </b> 52.93794<br/> \n                    <b>Detection Time: </b> 2026-09-26 10:34 UTC<br/> \n                    <b>Sensor: </b> NOAA-20 VIIRS<br/>\n                    <b>Confidence: </b> Nominal<br/> \n                    <b>Day/Night: </b> Day<br/>\n                    <b>Scan: </b> 0.63 km<br/>\n                    <b>Track: </b> 0.72 km<br/>\n                    <b>FRP: </b> 8.97 MW<br/>\n                    <b>Brightness: </b> 341.34 K" }, "geometry": { "type": "Polygon", "coordinates": [ [ [ 52.93523, 51.60431 ], [ 52.94065, 51.60431 ], [ 52.94065, 51.60095 ], [ 52.93523, 51.60095 ], [ 52.93523, 51.60431 ] ] ] } },
{ "type": "Feature", "properties": { "sensor": "NOAA-20", "description": "<b>Latitude: </b> 51.60281<br/> \n                    <b>Longitude: </b> 52.92849<br/> \n                    <b>Detection Time: </b> 2026-09-26 10:34 UTC<br/> \n                    <b>Sensor: </b> NOAA-20 VIIRS<br/>\n                    <b>Confidence: </b> Nominal<br/> \n                    <b>Day/Night: </b> Day<br/>\n                    <b>Scan: </b> 0.63 km<br/>\n                    <b>Track: </b> 0.72 km<br/>\n                    <b>FRP: </b> 8.93 MW<br/>\n                    <b>Brightness: </b> 339.83 K" }, "geometry": { "type": "Polygon", "coordinates": [ [ [ 52.92578, 51.60449 ], [ 52.9312, 51.60449 ], [ 52.9312, 51.60113 ], [ 52.92578, 51.60113 ], [ 52.92578, 51.60449 ] ] ] } },
{ "type": "Feature", "properties": { "sensor": "NOAA-20", "description": "<b>Latitude: </b> 51.81134<br/> \n                    <b>Longitude: </b> 52.55655<br/> \n                    <b>Detection Time: </b> 2026-09-26 10:34 UTC<br/> \n                    <b>Sensor: </b> NOAA-20 VIIRS<br/>\n                    <b>Confidence: </b> Nominal<br/> \n                    <b>Day/Night: </b> Day<br/>\n                    <b>Scan: </b> 0.61 km<br/>\n                    <b>Track: </b> 0.71 km<br/>\n                    <b>FRP: </b> 4.52 MW<br/>\n                    <b>Brightness: </b> 328.88 K" }, "geometry": { "type": "Polygon", "coordinates": [ [ [ 52.55383, 51.81302 ], [ 52.55927, 51.81302 ], [ 52.55927, 51.80966 ], [ 52.55383, 51.80966 ], [ 52.55383, 51.81302 ] ] ] } },
{ "type": "Feature", "properties": { "sensor": "NOAA-20", "description": "<b>Latitude: </b> 51.86295<br/> \n                    <b>Longitude: </b> 54.70286<br/> \n                    <b>Detection Time: </b> 2026-09-26 10:34 UTC<br/> \n                    <b>Sensor: </b> NOAA-20 VIIRS<br/>\n                    <b>Confidence: </b> Nominal<br/> \n                    <b>Day/Night: </b> Day<br/>\n                    <b>Scan: </b> 0.76 km<br/>\n                    <b>Track: </b> 0.77 km<br/>\n                    <b>FRP: </b> 2.27 MW<br/>\n                    <b>Brightness: </b> 325.06 K" }, "geometry": { "type": "Polygon", "coordinates": [ [ [ 54.70013, 51.86463 ], [ 54.70559, 51.86463 ], [ 54.70559, 51.86127 ], [ 54.70013, 51.86127 ], [ 54.70013, 51.86463 ] ] ] } },
{ "type": "Feature", "properties": { "sensor": "NOAA-20", "description": "<b>Latitude: </b> 51.8684<br/> \n                    <b>Longitude: </b> 54.7599<br/> \n                    <b>Detection Time: </b> 2026-09-26 10:34 UTC<br/> \n                    <b>Sensor: </b> NOAA-20 VIIRS<br/>\n                    <b>Confidence: </b> Nominal<br/> \n                    <b>Day/Night: </b> Day<br/>\n                    <b>Scan: </b> 0.76 km<br/>\n                    <b>Track: </b> 0.77 km<br/>\n                    <b>FRP: </b> 10.48 MW<br/>\n                    <b>Brightness: </b> 337.77 K" }, "geometry": { "type": "Polygon", "coordinates": [ [ [ 54.75717, 51.87008 ], [ 54.76263, 51.87008 ], [ 54.76263, 51.86672 ], [ 54.75717, 51.86672 ], [ 54.75717, 51.87008 ] ] ] } },
{ "type": "Feature", "properties": { "sensor": "NOAA-20", "description": "<b>Latitude: </b> 51.87556<br/> \n                    <b>Longitude: </b> 54.76094<br/> \n                    <b>Detection Time: </b> 2026-09-26 10:34 UTC<br/> \n                    <b>Sensor: </b> NOAA-20 VIIRS<br/>\n                    <b>Confidence: </b> Nominal<br/> \n                    <b>Day/Night: </b> Day<br/>\n                    <b>Scan: </b> 0.76 km<br/>\n                    <b>Track: </b> 0.77 km<br/>\n                    <b>FRP: </b> 10.48 MW<br/>\n                    <b>Brightness: </b> 345.15 K" }, "geometry": { "type": "Polygon", "coordinates": [ [ [ 54.75821, 51.87724 ], [ 54.76367, 51.87724 ], [ 54.76367, 51.87388 ], [ 54.75821, 51.87388 ], [ 54.75821, 51.87724 ] ] ] } },
{ "type": "Feature", "properties": { "sensor": "NOAA-20", "description": "<b>Latitude: </b> 51.87061<br/> \n                    <b>Longitude: </b> 54.7511<br/> \n                    <b>Detection Time: </b> 2026-09-26 10:34 UTC<br/> \n                    <b>Sensor: </b> NOAA-20 VIIRS<br/>\n                    <b>Confidence: </b> High<br/> \n                    <b>Day/Night: </b> Day<br/>\n                    <b>Scan: </b> 0.76 km<br/>\n                    <b>Track: </b> 0.77 km<br/>\n                    <b>FRP: </b> 21.25 MW<br/>\n                    <b>Brightness: </b> 367 K" }, "geometry": { "type": "Polygon", "coordinates": [ [ [ 54.74837, 51.87229 ], [ 54.75383, 51.87229 ], [ 54.75383, 51.86893 ], [ 54.74837, 51.86893 ], [ 54.74837, 51.87229 ] ] ] } },
{ "type": "Feature", "properties": { "sensor": "NOAA-20", "description": "<b>Latitude: </b> 53.42533<br/> \n                    <b>Longitude: </b> 34.02209<br/> \n                    <b>Detection Time: </b> 2026-09-26 10:34 UTC<br/> \n                    <b>Sensor: </b> NOAA-20 VIIRS<br/>\n                    <b>Confidence: </b> Nominal<br/> \n                    <b>Day/Night: </b> Day<br/>\n                    <b>Scan: </b> 0.4 km<br/>\n                    <b>Track: </b> 0.37 km<br/>\n                    <b>FRP: </b> 8.52 MW<br/>\n                    <b>Brightness: </b> 349.09 K" }, "geometry": { "type": "Polygon", "coordinates": [ [ [ 34.01926, 53.42701 ], [ 34.02492, 53.42701 ], [ 34.02492, 53.42365 ], [ 34.01926, 53.42365 ], [ 34.01926, 53.42701 ] ] ] } },
{ "type": "Feature", "properties": { "sensor": "NOAA-20", "description": "<b>Latitude: </b> 53.02723<br/> \n                    <b>Longitude: </b> 31.57064<br/> \n                    <b>Detection Time: </b> 2026-09-26 10:34 UTC<br/> \n                    <b>Sensor: </b> NOAA-20 VIIRS<br/>\n                    <b>Confidence: </b> Nominal<br/> \n                    <b>Day/Night: </b> Day<br/>\n                    <b>Scan: </b> 0.39 km<br/>\n                    <b>Track: </b> 0.36 km<br/>\n                    <b>FRP: </b> 5.05 MW<br/>\n                    <b>Brightness: </b> 327.01 K" }, "geometry": { "type": "Polygon", "coordinates": [ [ [ 31.56784, 53.02891 ], [ 31.57344, 53.02891 ], [ 31.57344, 53.02555 ], [ 31.56784, 53.02555 ], [ 31.56784, 53.02891 ] ] ] } },
{ "type": "Feature", "properties": { "sensor": "NOAA-20", "description": "<b>Latitude: </b> 53.02814<br/> \n                    <b>Longitude: </b> 31.57625<br/> \n                    <b>Detection Time: </b> 2026-09-26 10:34 UTC<br/> \n                    <b>Sensor: </b> NOAA-20 VIIRS<br/>\n                    <b>Confidence: </b> Nominal<br/> \n                    <b>Day/Night: </b> Day<br/>\n                    <b>Scan: </b> 0.39 km<br/>\n                    <b>Track: </b> 0.36 km<br/>\n                    <b>FRP: </b> 5.05 MW<br/>\n                    <b>Brightness: </b> 329.36 K" }, "geometry": { "type": "Polygon", "coordinates": [ [ [ 31.57345, 53.02982 ], [ 31.57905, 53.02982 ], [ 31.57905, 53.02646 ], [ 31.57345, 53.02646 ], [ 31.57345, 53.02982 ] ] ] } },
{ "type": "Feature", "properties": { "sensor": "NOAA-20", "description": "<b>Latitude: </b> 52.19242<br/> \n                    <b>Longitude: </b> 32.30475<br/> \n                    <b>Detection Time: </b> 2026-09-26 10:34 UTC<br/> \n                    <b>Sensor: </b> NOAA-20 VIIRS<br/>\n                    <b>Confidence: </b> Nominal<br/> \n                    <b>Day/Night: </b> Day<br/>\n                    <b>Scan: </b> 0.38 km<br/>\n                    <b>Track: </b> 0.36 km<br/>\n                    <b>FRP: </b> 2.41 MW<br/>\n                    <b>Brightness: </b> 329.72 K" }, "geometry": { "type": "Polygon", "coordinates": [ [ [ 32.302, 52.1941 ], [ 32.3075, 52.1941 ], [ 32.3075, 52.19074 ], [ 32.302, 52.19074 ], [ 32.302, 52.1941 ] ] ] } },
{ "type": "Feature", "properties": { "sensor": "NOAA-20", "description": "<b>Latitude: </b> 52.33792<br/> \n                    <b>Longitude: </b> 33.32023<br/> \n                    <b>Detection Time: </b> 2026-09-26 10:34 UTC<br/> \n                    <b>Sensor: </b> NOAA-20 VIIRS<br/>\n                    <b>Confidence: </b> Nominal<br/> \n                    <b>Day/Night: </b> Day<br/>\n                    <b>Scan: </b> 0.39 km<br/>\n                    <b>Track: </b> 0.36 km<br/>\n                    <b>FRP: </b> 2.09 MW<br/>\n                    <b>Brightness: </b> 330.04 K" }, "geometry": { "type": "Polygon", "coordinates": [ [ [ 33.31747, 52.3396 ], [ 33.32299, 52.3396 ], [ 33.32299, 52.33624 ], [ 33.31747, 52.33624 ], [ 33.31747, 52.3396 ] ] ] } },
{ "type": "Feature", "properties": { "sensor": "NOAA-20", "description": "<b>Latitude: </b> 52.40804<br/> \n                    <b>Longitude: </b> 34.26077<br/> \n                    <b>Detection Time: </b> 2026-09-26 10:34 UTC<br/> \n                    <b>Sensor: </b> NOAA-20 VIIRS<br/>\n                    <b>Confidence: </b> Nominal<br/> \n                    <b>Day/Night: </b> Day<br/>\n                    <b>Scan: </b> 0.39 km<br/>\n                    <b>Track: </b> 0.36 km<br/>\n                    <b>FRP: </b> 4.03 MW<br/>\n                    <b>Brightness: </b> 330.42 K" }, "geometry": { "type": "Polygon", "coordinates": [ [ [ 34.25801, 52.40972 ], [ 34.26353, 52.40972 ], [ 34.26353, 52.40636 ], [ 34.25801, 52.40636 ], [ 34.25801, 52.40972 ] ] ] } },
{ "type": "Feature", "properties": { "sensor": "NOAA-20", "description": "<b>Latitude: </b> 52.3592<br/> \n                    <b>Longitude: </b> 34.10224<br/> \n                    <b>Detection Time: </b> 2026-09-26 10:34 UTC<br/> \n                    <b>Sensor: </b> NOAA-20 VIIRS<br/>\n                    <b>Confidence: </b> Nominal<br/> \n                    <b>Day/Night: </b> Day<br/>\n                    <b>Scan: </b> 0.39 km<br/>\n                    <b>Track: </b> 0.36 km<br/>\n                    <b>FRP: </b> 2.44 MW<br/>\n                    <b>Brightness: </b> 326.23 K" }, "geometry": { "type": "Polygon", "coordinates": [ [ [ 34.09948, 52.36088 ], [ 34.105, 52.36088 ], [ 34.105, 52.35752 ], [ 34.09948, 52.35752 ], [ 34.09948, 52.36088 ] ] ] } },
{ "type": "Feature", "properties": { "sensor": "NOAA-20", "description": "<b>Latitude: </b> 52.35592<br/> \n                    <b>Longitude: </b> 34.10348<br/> \n                    <b>Detection Time: </b> 2026-09-26 10:34 UTC<br/> \n                    <b>Sensor: </b> NOAA-20 VIIRS<br/>\n                    <b>Confidence: </b> Nominal<br/> \n                    <b>Day/Night: </b> Day<br/>\n                    <b>Scan: </b> 0.39 km<br/>\n                    <b>Track: </b> 0.36 km<br/>\n                    <b>FRP: </b> 2.44 MW<br/>\n                    <b>Brightness: </b> 330.52 K" }, "geometry": { "type": "Polygon", "coordinates": [ [ [ 34.10072, 52.3576 ], [ 34.10624, 52.3576 ], [ 34.10624, 52.35424 ], [ 34.10072, 52.35424 ], [ 34.10072, 52.3576 ] ] ] } },
{ "type": "Feature", "properties": { "sensor": "NOAA-20", "description": "<b>Latitude: </b> 53.37627<br/> \n                    <b>Longitude: </b> 53.97607<br/> \n                    <b>Detection Time: </b> 2026-09-26 10:34 UTC<br/> \n                    <b>Sensor: </b> NOAA-20 VIIRS<br/>\n                    <b>Confidence: </b> Nominal<br/> \n                    <b>Day/Night: </b> Day<br/>\n                    <b>Scan: </b> 0.7 km<br/>\n                    <b>Track: </b> 0.75 km<br/>\n                    <b>FRP: </b> 14.51 MW<br/>\n                    <b>Brightness: </b> 337.54 K" }, "geometry": { "type": "Polygon", "coordinates": [ [ [ 53.97325, 53.37795 ], [ 53.97889, 53.37795 ], [ 53.97889, 53.37459 ], [ 53.97325, 53.37459 ], [ 53.97325, 53.37795 ] ] ] } },
{ "type": "Feature", "properties": { "sensor": "NOAA-20", "description": "<b>Latitude: </b> 53.3766<br/> \n                    <b>Longitude: </b> 53.96492<br/> \n                    <b>Detection Time: </b> 2026-09-26 10:34 UTC<br/> \n                    <b>Sensor: </b> NOAA-20 VIIRS<br/>\n                    <b>Confidence: </b> High<br/> \n                    <b>Day/Night: </b> Day<br/>\n                    <b>Scan: </b> 0.7 km<br/>\n                    <b>Track: </b> 0.75 km<br/>\n                    <b>FRP: </b> 16.44 MW<br/>\n                    <b>Brightness: </b> 367 K" }, "geometry": { "type": "Polygon", "coordinates": [ [ [ 53.9621, 53.37828 ], [ 53.96774, 53.37828 ], [ 53.96774, 53.37492 ], [ 53.9621, 53.37492 ], [ 53.9621, 53.37828 ] ] ] } },
{ "type": "Feature", "properties": { "sensor": "NOAA-20", "description": "<b>Latitude: </b> 53.3696<br/> \n                    <b>Longitude: </b> 53.96544<br/> \n                    <b>Detection Time: </b> 2026-09-26 10:34 UTC<br/> \n                    <b>Sensor: </b> NOAA-20 VIIRS<br/>\n                    <b>Confidence: </b> High<br/> \n                    <b>Day/Night: </b> Day<br/>\n                    <b>Scan: </b> 0.7 km<br/>\n                    <b>Track: </b> 0.75 km<br/>\n                    <b>FRP: </b> 26.04 MW<br/>\n                    <b>Brightness: </b> 367 K" }, "geometry": { "type": "Polygon", "coordinates": [ [ [ 53.96262, 53.37128 ], [ 53.96826, 53.37128 ], [ 53.96826, 53.36792 ], [ 53.96262, 53.36792 ], [ 53.96262, 53.37128 ] ] ] } },
{ "type": "Feature", "properties": { "sensor": "NOAA-20", "description": "<b>Latitude: </b> 49.51134<br/> \n                    <b>Longitude: </b> 26.28106<br/> \n                    <b>Detection Time: </b> 2026-09-26 10:34 UTC<br/> \n                    <b>Sensor: </b> NOAA-20 VIIRS<br/>\n                    <b>Confidence: </b> Nominal<br/> \n                    <b>Day/Night: </b> Day<br/>\n                    <b>Scan: </b> 0.57 km<br/>\n                    <b>Track: </b> 0.43 km<br/>\n                    <b>FRP: </b> 2.07 MW<br/>\n                    <b>Brightness: </b> 326.16 K" }, "geometry": { "type": "Polygon", "coordinates": [ [ [ 26.27847, 49.51302 ], [ 26.28365, 49.51302 ], [ 26.28365, 49.50966 ], [ 26.27847, 49.50966 ], [ 26.27847, 49.51302 ] ] ] } },
{ "type": "Feature", "properties": { "sensor": "NOAA-20", "description": "<b>Latitude: </b> 50.60977<br/> \n                    <b>Longitude: </b> 30.88568<br/> \n                    <b>Detection Time: </b> 2026-09-26 10:34 UTC<br/> \n                    <b>Sensor: </b> NOAA-20 VIIRS<br/>\n                    <b>Confidence: </b> Nominal<br/> \n                    <b>Day/Night: </b> Day<br/>\n                    <b>Scan: </b> 0.4 km<br/>\n                    <b>Track: </b> 0.37 km<br/>\n                    <b>FRP: </b> 5.45 MW<br/>\n                    <b>Brightness: </b> 343.13 K" }, "geometry": { "type": "Polygon", "coordinates": [ [ [ 30.88303, 50.61145 ], [ 30.88833, 50.61145 ], [ 30.88833, 50.60809 ], [ 30.88303, 50.60809 ], [ 30.88303, 50.61145 ] ] ] } },
{ "type": "Feature", "properties": { "sensor": "NOAA-20", "description": "<b>Latitude: </b> 50.61075<br/> \n                    <b>Longitude: </b> 30.89121<br/> \n                    <b>Detection Time: </b> 2026-09-26 10:34 UTC<br/> \n                    <b>Sensor: </b> NOAA-20 VIIRS<br/>\n                    <b>Confidence: </b> Low<br/> \n                    <b>Day/Night: </b> Day<br/>\n                    <b>Scan: </b> 0.4 km<br/>\n                    <b>Track: </b> 0.37 km<br/>\n                    <b>FRP: </b> 5.45 MW<br/>\n                    <b>Brightness: </b> 355.71 K" }, "geometry": { "type": "Polygon", "coordinates": [ [ [ 30.88856, 50.61243 ], [ 30.89386, 50.61243 ], [ 30.89386, 50.60907 ], [ 30.88856, 50.60907 ], [ 30.88856, 50.61243 ] ] ] } },
{ "type": "Feature", "properties": { "sensor": "NOAA-20", "description": "<b>Latitude: </b> 50.61306<br/> \n                    <b>Longitude: </b> 30.88423<br/> \n                    <b>Detection Time: </b> 2026-09-26 10:34 UTC<br/> \n                    <b>Sensor: </b> NOAA-20 VIIRS<br/>\n                    <b>Confidence: </b> Low<br/> \n                    <b>Day/Night: </b> Day<br/>\n                    <b>Scan: </b> 0.4 km<br/>\n                    <b>Track: </b> 0.37 km<br/>\n                    <b>FRP: </b> 5.45 MW<br/>\n                    <b>Brightness: </b> 356.19 K" }, "geometry": { "type": "Polygon", "coordinates": [ [ [ 30.88158, 50.61474 ], [ 30.88688, 50.61474 ], [ 30.88688, 50.61138 ], [ 30.88158, 50.61138 ], [ 30.88158, 50.61474 ] ] ] } },
{ "type": "Feature", "properties": { "sensor": "NOAA-20", "description": "<b>Latitude: </b> 50.52669<br/> \n                    <b>Longitude: </b> 29.61502<br/> \n                    <b>Detection Time: </b> 2026-09-26 10:34 UTC<br/> \n                    <b>Sensor: </b> NOAA-20 VIIRS<br/>\n                    <b>Confidence: </b> Nominal<br/> \n                    <b>Day/Night: </b> Day<br/>\n                    <b>Scan: </b> 0.43 km<br/>\n                    <b>Track: </b> 0.38 km<br/>\n                    <b>FRP: </b> 5.38 MW<br/>\n                    <b>Brightness: </b> 328.91 K" }, "geometry": { "type": "Polygon", "coordinates": [ [ [ 29.61237, 50.52837 ], [ 29.61767, 50.52837 ], [ 29.61767, 50.52501 ], [ 29.61237, 50.52501 ], [ 29.61237, 50.52837 ] ] ] } },
{ "type": "Feature", "properties": { "sensor": "NOAA-20", "description": "<b>Latitude: </b> 50.52558<br/> \n                    <b>Longitude: </b> 29.60918<br/> \n                    <b>Detection Time: </b> 2026-09-26 10:34 UTC<br/> \n                    <b>Sensor: </b> NOAA-20 VIIRS<br/>\n                    <b>Confidence: </b> Nominal<br/> \n                    <b>Day/Night: </b> Day<br/>\n                    <b>Scan: </b> 0.43 km<br/>\n                    <b>Track: </b> 0.38 km<br/>\n                    <b>FRP: </b> 5.34 MW<br/>\n                    <b>Brightness: </b> 327.33 K" }, "geometry": { "type": "Polygon", "coordinates": [ [ [ 29.60653, 50.52726 ], [ 29.61183, 50.52726 ], [ 29.61183, 50.5239 ], [ 29.60653, 50.5239 ], [ 29.60653, 50.52726 ] ] ] } },
{ "type": "Feature", "properties": { "sensor": "NOAA-20", "description": "<b>Latitude: </b> 52.54414<br/> \n                    <b>Longitude: </b> 39.63721<br/> \n                    <b>Detection Time: </b> 2026-09-26 10:34 UTC<br/> \n                    <b>Sensor: </b> NOAA-20 VIIRS<br/>\n                    <b>Confidence: </b> Nominal<br/> \n                    <b>Day/Night: </b> Day<br/>\n                    <b>Scan: </b> 0.54 km<br/>\n                    <b>Track: </b> 0.42 km<br/>\n                    <b>FRP: </b> 3.3 MW<br/>\n                    <b>Brightness: </b> 325.02 K" }, "geometry": { "type": "Polygon", "coordinates": [ [ [ 39.63444, 52.54582 ], [ 39.63998, 52.54582 ], [ 39.63998, 52.54246 ], [ 39.63444, 52.54246 ], [ 39.63444, 52.54582 ] ] ] } },
{ "type": "Feature", "properties": { "sensor": "NOAA-20", "description": "<b>Latitude: </b> 53.00961<br/> \n                    <b>Longitude: </b> 54.82541<br/> \n                    <b>Detection Time: </b> 2026-09-26 10:34 UTC<br/> \n                    <b>Sensor: </b> NOAA-20 VIIRS<br/>\n                    <b>Confidence: </b> High<br/> \n                    <b>Day/Night: </b> Day<br/>\n                    <b>Scan: </b> 0.76 km<br/>\n                    <b>Track: </b> 0.77 km<br/>\n                    <b>FRP: </b> 29.44 MW<br/>\n                    <b>Brightness: </b> 367 K" }, "geometry": { "type": "Polygon", "coordinates": [ [ [ 54.82261, 53.01129 ], [ 54.82821, 53.01129 ], [ 54.82821, 53.00793 ], [ 54.82261, 53.00793 ], [ 54.82261, 53.01129 ] ] ] } },
{ "type": "Feature", "properties": { "sensor": "NOAA-20", "description": "<b>Latitude: </b> 53.0041<br/> \n                    <b>Longitude: </b> 54.83157<br/> \n                    <b>Detection Time: </b> 2026-09-26 10:34 UTC<br/> \n                    <b>Sensor: </b> NOAA-20 VIIRS<br/>\n                    <b>Confidence: </b> Nominal<br/> \n                    <b>Day/Night: </b> Day<br/>\n                    <b>Scan: </b> 0.76 km<br/>\n                    <b>Track: </b> 0.77 km<br/>\n                    <b>FRP: </b> 8.35 MW<br/>\n                    <b>Brightness: </b> 340.98 K" }, "geometry": { "type": "Polygon", "coordinates": [ [ [ 54.82877, 53.00578 ], [ 54.83437, 53.00578 ], [ 54.83437, 53.00242 ], [ 54.82877, 53.00242 ], [ 54.82877, 53.00578 ] ] ] } },
{ "type": "Feature", "properties": { "sensor": "NOAA-20", "description": "<b>Latitude: </b> 53.00453<br/> \n                    <b>Longitude: </b> 54.82006<br/> \n                    <b>Detection Time: </b> 2026-09-26 10:34 UTC<br/> \n                    <b>Sensor: </b> NOAA-20 VIIRS<br/>\n                    <b>Confidence: </b> Nominal<br/> \n                    <b>Day/Night: </b> Day<br/>\n                    <b>Scan: </b> 0.76 km<br/>\n                    <b>Track: </b> 0.77 km<br/>\n                    <b>FRP: </b> 8.35 MW<br/>\n                    <b>Brightness: </b> 335.36 K" }, "geometry": { "type": "Polygon", "coordinates": [ [ [ 54.81726, 53.00621 ], [ 54.82286, 53.00621 ], [ 54.82286, 53.00285 ], [ 54.81726, 53.00285 ], [ 54.81726, 53.00621 ] ] ] } },
{ "type": "Feature", "properties": { "sensor": "NOAA-20", "description": "<b>Latitude: </b> 53.01128<br/> \n                    <b>Longitude: </b> 54.83237<br/> \n                    <b>Detection Time: </b> 2026-09-26 10:34 UTC<br/> \n                    <b>Sensor: </b> NOAA-20 VIIRS<br/>\n                    <b>Confidence: </b> Nominal<br/> \n                    <b>Day/Night: </b> Day<br/>\n                    <b>Scan: </b> 0.76 km<br/>\n                    <b>Track: </b> 0.77 km<br/>\n                    <b>FRP: </b> 7.87 MW<br/>\n                    <b>Brightness: </b> 337.25 K" }, "geometry": { "type": "Polygon", "coordinates": [ [ [ 54.82957, 53.01296 ], [ 54.83517, 53.01296 ], [ 54.83517, 53.0096 ], [ 54.82957, 53.0096 ], [ 54.82957, 53.01296 ] ] ] } },
{ "type": "Feature", "properties": { "sensor": "NOAA-20", "description": "<b>Latitude: </b> 53.37835<br/> \n                    <b>Longitude: </b> 53.97446<br/> \n                    <b>Detection Time: </b> 2026-09-26 10:34 UTC<br/> \n                    <b>Sensor: </b> NOAA-20 VIIRS<br/>\n                    <b>Confidence: </b> Nominal<br/> \n                    <b>Day/Night: </b> Day<br/>\n                    <b>Scan: </b> 0.7 km<br/>\n                    <b>Track: </b> 0.75 km<br/>\n                    <b>FRP: </b> 16.26 MW<br/>\n                    <b>Brightness: </b> 330.7 K" }, "geometry": { "type": "Polygon", "coordinates": [ [ [ 53.97164, 53.38003 ], [ 53.97728, 53.38003 ], [ 53.97728, 53.37667 ], [ 53.97164, 53.37667 ], [ 53.97164, 53.38003 ] ] ] } },
{ "type": "Feature", "properties": { "sensor": "NOAA-20", "description": "<b>Latitude: </b> 53.01174<br/> \n                    <b>Longitude: </b> 54.81986<br/> \n                    <b>Detection Time: </b> 2026-09-26 10:34 UTC<br/> \n                    <b>Sensor: </b> NOAA-20 VIIRS<br/>\n                    <b>Confidence: </b> Nominal<br/> \n                    <b>Day/Night: </b> Day<br/>\n                    <b>Scan: </b> 0.76 km<br/>\n                    <b>Track: </b> 0.77 km<br/>\n                    <b>FRP: </b> 7.87 MW<br/>\n                    <b>Brightness: </b> 337.3 K" }, "geometry": { "type": "Polygon", "coordinates": [ [ [ 54.81706, 53.01342 ], [ 54.82266, 53.01342 ], [ 54.82266, 53.01006 ], [ 54.81706, 53.01006 ], [ 54.81706, 53.01342 ] ] ] } },
{ "type": "Feature", "properties": { "sensor": "NOAA-20", "description": "<b>Latitude: </b> 51.06583<br/> \n                    <b>Longitude: </b> 28.76169<br/> \n                    <b>Detection Time: </b> 2026-09-26 10:34 UTC<br/> \n                    <b>Sensor: </b> NOAA-20 VIIRS<br/>\n                    <b>Confidence: </b> Nominal<br/> \n                    <b>Day/Night: </b> Day<br/>\n                    <b>Scan: </b> 0.44 km<br/>\n                    <b>Track: </b> 0.38 km<br/>\n                    <b>FRP: </b> 2.43 MW<br/>\n                    <b>Brightness: </b> 328.94 K" }, "geometry": { "type": "Polygon", "coordinates": [ [ [ 28.75901, 51.06751 ], [ 28.76437, 51.06751 ], [ 28.76437, 51.06415 ], [ 28.75901, 51.06415 ], [ 28.75901, 51.06751 ] ] ] } },
{ "type": "Feature", "properties": { "sensor": "NOAA-20", "description": "<b>Latitude: </b> 52.1421<br/> \n                    <b>Longitude: </b> 34.13995<br/> \n                    <b>Detection Time: </b> 2026-09-26 10:34 UTC<br/> \n                    <b>Sensor: </b> NOAA-20 VIIRS<br/>\n                    <b>Confidence: </b> Nominal<br/> \n                    <b>Day/Night: </b> Day<br/>\n                    <b>Scan: </b> 0.39 km<br/>\n                    <b>Track: </b> 0.36 km<br/>\n                    <b>FRP: </b> 2.59 MW<br/>\n                    <b>Brightness: </b> 328.25 K" }, "geometry": { "type": "Polygon", "coordinates": [ [ [ 34.13721, 52.14378 ], [ 34.14269, 52.14378 ], [ 34.14269, 52.14042 ], [ 34.13721, 52.14042 ], [ 34.13721, 52.14378 ] ] ] } },
{ "type": "Feature", "properties": { "sensor": "NOAA-20", "description": "<b>Latitude: </b> 53.37164<br/> \n                    <b>Longitude: </b> 53.96387<br/> \n                    <b>Detection Time: </b> 2026-09-26 10:34 UTC<br/> \n                    <b>Sensor: </b> NOAA-20 VIIRS<br/>\n                    <b>Confidence: </b> Nominal<br/> \n                    <b>Day/Night: </b> Day<br/>\n                    <b>Scan: </b> 0.7 km<br/>\n                    <b>Track: </b> 0.75 km<br/>\n                    <b>FRP: </b> 16.26 MW<br/>\n                    <b>Brightness: </b> 353.23 K" }, "geometry": { "type": "Polygon", "coordinates": [ [ [ 53.96105, 53.37332 ], [ 53.96669, 53.37332 ], [ 53.96669, 53.36996 ], [ 53.96105, 53.36996 ], [ 53.96105, 53.37332 ] ] ] } },
{ "type": "Feature", "properties": { "sensor": "NOAA-20", "description": "<b>Latitude: </b> 53.37136<br/> \n                    <b>Longitude: </b> 53.97496<br/> \n                    <b>Detection Time: </b> 2026-09-26 10:34 UTC<br/> \n                    <b>Sensor: </b> NOAA-20 VIIRS<br/>\n                    <b>Confidence: </b> Nominal<br/> \n                    <b>Day/Night: </b> Day<br/>\n                    <b>Scan: </b> 0.7 km<br/>\n                    <b>Track: </b> 0.75 km<br/>\n                    <b>FRP: </b> 16.26 MW<br/>\n                    <b>Brightness: </b> 325.34 K" }, "geometry": { "type": "Polygon", "coordinates": [ [ [ 53.97214, 53.37304 ], [ 53.97778, 53.37304 ], [ 53.97778, 53.36968 ], [ 53.97214, 53.36968 ], [ 53.97214, 53.37304 ] ] ] } },
{ "type": "Feature", "properties": { "sensor": "NOAA-20", "description": "<b>Latitude: </b> 45.25373<br/> \n                    <b>Longitude: </b> 37.74492<br/> \n                    <b>Detection Time: </b> 2026-09-26 10:32 UTC<br/> \n                    <b>Sensor: </b> NOAA-20 VIIRS<br/>\n                    <b>Confidence: </b> Nominal<br/> \n                    <b>Day/Night: </b> Day<br/>\n                    <b>Scan: </b> 0.4 km<br/>\n                    <b>Track: </b> 0.37 km<br/>\n                    <b>FRP: </b> 4.61 MW<br/>\n                    <b>Brightness: </b> 334.95 K" }, "geometry": { "type": "Polygon", "coordinates": [ [ [ 37.74253, 45.25541 ], [ 37.74731, 45.25541 ], [ 37.74731, 45.25205 ], [ 37.74253, 45.25205 ], [ 37.74253, 45.25541 ] ] ] } },
{ "type": "Feature", "properties": { "sensor": "NOAA-20", "description": "<b>Latitude: </b> 46.40544<br/> \n                    <b>Longitude: </b> 39.82785<br/> \n                    <b>Detection Time: </b> 2026-09-26 10:32 UTC<br/> \n                    <b>Sensor: </b> NOAA-20 VIIRS<br/>\n                    <b>Confidence: </b> Nominal<br/> \n                    <b>Day/Night: </b> Day<br/>\n                    <b>Scan: </b> 0.47 km<br/>\n                    <b>Track: </b> 0.39 km<br/>\n                    <b>FRP: </b> 7.04 MW<br/>\n                    <b>Brightness: </b> 345.98 K" }, "geometry": { "type": "Polygon", "coordinates": [ [ [ 39.82541, 46.40712 ], [ 39.83029, 46.40712 ], [ 39.83029, 46.40376 ], [ 39.82541, 46.40376 ], [ 39.82541, 46.40712 ] ] ] } },
{ "type": "Feature", "properties": { "sensor": "NOAA-20", "description": "<b>Latitude: </b> 46.40115<br/> \n                    <b>Longitude: </b> 39.82268<br/> \n                    <b>Detection Time: </b> 2026-09-26 10:32 UTC<br/> \n                    <b>Sensor: </b> NOAA-20 VIIRS<br/>\n                    <b>Confidence: </b> Nominal<br/> \n                    <b>Day/Night: </b> Day<br/>\n                    <b>Scan: </b> 0.47 km<br/>\n                    <b>Track: </b> 0.39 km<br/>\n                    <b>FRP: </b> 7.29 MW<br/>\n                    <b>Brightness: </b> 344.8 K" }, "geometry": { "type": "Polygon", "coordinates": [ [ [ 39.82024, 46.40283 ], [ 39.82512, 46.40283 ], [ 39.82512, 46.39947 ], [ 39.82024, 46.39947 ], [ 39.82024, 46.40283 ] ] ] } },
{ "type": "Feature", "properties": { "sensor": "NOAA-20", "description": "<b>Latitude: </b> 46.40183<br/> \n                    <b>Longitude: </b> 39.82871<br/> \n                    <b>Detection Time: </b> 2026-09-26 10:32 UTC<br/> \n                    <b>Sensor: </b> NOAA-20 VIIRS<br/>\n                    <b>Confidence: </b> Nominal<br/> \n                    <b>Day/Night: </b> Day<br/>\n                    <b>Scan: </b> 0.47 km<br/>\n                    <b>Track: </b> 0.39 km<br/>\n                    <b>FRP: </b> 7.29 MW<br/>\n                    <b>Brightness: </b> 341.98 K" }, "geometry": { "type": "Polygon", "coordinates": [ [ [ 39.82627, 46.40351 ], [ 39.83115, 46.40351 ], [ 39.83115, 46.40015 ], [ 39.82627, 46.40015 ], [ 39.82627, 46.40351 ] ] ] } },
{ "type": "Feature", "properties": { "sensor": "NOAA-20", "description": "<b>Latitude: </b> 46.39394<br/> \n                    <b>Longitude: </b> 39.82444<br/> \n                    <b>Detection Time: </b> 2026-09-26 10:32 UTC<br/> \n                    <b>Sensor: </b> NOAA-20 VIIRS<br/>\n                    <b>Confidence: </b> Nominal<br/> \n                    <b>Day/Night: </b> Day<br/>\n                    <b>Scan: </b> 0.47 km<br/>\n                    <b>Track: </b> 0.39 km<br/>\n                    <b>FRP: </b> 7.87 MW<br/>\n                    <b>Brightness: </b> 340.5 K" }, "geometry": { "type": "Polygon", "coordinates": [ [ [ 39.822, 46.39562 ], [ 39.82688, 46.39562 ], [ 39.82688, 46.39226 ], [ 39.822, 46.39226 ], [ 39.822, 46.39562 ] ] ] } },
{ "type": "Feature", "properties": { "sensor": "NOAA-20", "description": "<b>Latitude: </b> 45.47311<br/> \n                    <b>Longitude: </b> 37.86544<br/> \n                    <b>Detection Time: </b> 2026-09-26 10:32 UTC<br/> \n                    <b>Sensor: </b> NOAA-20 VIIRS<br/>\n                    <b>Confidence: </b> Nominal<br/> \n                    <b>Day/Night: </b> Day<br/>\n                    <b>Scan: </b> 0.4 km<br/>\n                    <b>Track: </b> 0.37 km<br/>\n                    <b>FRP: </b> 2.68 MW<br/>\n                    <b>Brightness: </b> 328.14 K" }, "geometry": { "type": "Polygon", "coordinates": [ [ [ 37.86304, 45.47479 ], [ 37.86784, 45.47479 ], [ 37.86784, 45.47143 ], [ 37.86304, 45.47143 ], [ 37.86304, 45.47479 ] ] ] } },
{ "type": "Feature", "properties": { "sensor": "NOAA-20", "description": "<b>Latitude: </b> 45.46974<br/> \n                    <b>Longitude: </b> 37.86635<br/> \n                    <b>Detection Time: </b> 2026-09-26 10:32 UTC<br/> \n                    <b>Sensor: </b> NOAA-20 VIIRS<br/>\n                    <b>Confidence: </b> Nominal<br/> \n                    <b>Day/Night: </b> Day<br/>\n                    <b>Scan: </b> 0.4 km<br/>\n                    <b>Track: </b> 0.37 km<br/>\n                    <b>FRP: </b> 8.66 MW<br/>\n                    <b>Brightness: </b> 354.53 K" }, "geometry": { "type": "Polygon", "coordinates": [ [ [ 37.86395, 45.47142 ], [ 37.86875, 45.47142 ], [ 37.86875, 45.46806 ], [ 37.86395, 45.46806 ], [ 37.86395, 45.47142 ] ] ] } },
{ "type": "Feature", "properties": { "sensor": "NOAA-20", "description": "<b>Latitude: </b> 45.4668<br/> \n                    <b>Longitude: </b> 38.354<br/> \n                    <b>Detection Time: </b> 2026-09-26 10:32 UTC<br/> \n                    <b>Sensor: </b> NOAA-20 VIIRS<br/>\n                    <b>Confidence: </b> Nominal<br/> \n                    <b>Day/Night: </b> Day<br/>\n                    <b>Scan: </b> 0.41 km<br/>\n                    <b>Track: </b> 0.37 km<br/>\n                    <b>FRP: </b> 5.18 MW<br/>\n                    <b>Brightness: </b> 341.51 K" }, "geometry": { "type": "Polygon", "coordinates": [ [ [ 38.3516, 45.46848 ], [ 38.3564, 45.46848 ], [ 38.3564, 45.46512 ], [ 38.3516, 45.46512 ], [ 38.3516, 45.46848 ] ] ] } },
{ "type": "Feature", "properties": { "sensor": "NOAA-20", "description": "<b>Latitude: </b> 45.46748<br/> \n                    <b>Longitude: </b> 38.35927<br/> \n                    <b>Detection Time: </b> 2026-09-26 10:32 UTC<br/> \n                    <b>Sensor: </b> NOAA-20 VIIRS<br/>\n                    <b>Confidence: </b> Nominal<br/> \n                    <b>Day/Night: </b> Day<br/>\n                    <b>Scan: </b> 0.41 km<br/>\n                    <b>Track: </b> 0.37 km<br/>\n                    <b>FRP: </b> 2.54 MW<br/>\n                    <b>Brightness: </b> 328.7 K" }, "geometry": { "type": "Polygon", "coordinates": [ [ [ 38.35687, 45.46916 ], [ 38.36167, 45.46916 ], [ 38.36167, 45.4658 ], [ 38.35687, 45.4658 ], [ 38.35687, 45.46916 ] ] ] } },
{ "type": "Feature", "properties": { "sensor": "NOAA-20", "description": "<b>Latitude: </b> 45.15742<br/> \n                    <b>Longitude: </b> 36.40887<br/> \n                    <b>Detection Time: </b> 2026-09-26 10:32 UTC<br/> \n                    <b>Sensor: </b> NOAA-20 VIIRS<br/>\n                    <b>Confidence: </b> Nominal<br/> \n                    <b>Day/Night: </b> Day<br/>\n                    <b>Scan: </b> 0.39 km<br/>\n                    <b>Track: </b> 0.36 km<br/>\n                    <b>FRP: </b> 2.67 MW<br/>\n                    <b>Brightness: </b> 331.23 K" }, "geometry": { "type": "Polygon", "coordinates": [ [ [ 36.40648, 45.1591 ], [ 36.41126, 45.1591 ], [ 36.41126, 45.15574 ], [ 36.40648, 45.15574 ], [ 36.40648, 45.1591 ] ] ] } },
{ "type": "Feature", "properties": { "sensor": "NOAA-20", "description": "<b>Latitude: </b> 45.25441<br/> \n                    <b>Longitude: </b> 37.75<br/> \n                    <b>Detection Time: </b> 2026-09-26 10:32 UTC<br/> \n                    <b>Sensor: </b> NOAA-20 VIIRS<br/>\n                    <b>Confidence: </b> Nominal<br/> \n                    <b>Day/Night: </b> Day<br/>\n                    <b>Scan: </b> 0.4 km<br/>\n                    <b>Track: </b> 0.37 km<br/>\n                    <b>FRP: </b> 4.28 MW<br/>\n                    <b>Brightness: </b> 332.89 K" }, "geometry": { "type": "Polygon", "coordinates": [ [ [ 37.74761, 45.25609 ], [ 37.75239, 45.25609 ], [ 37.75239, 45.25273 ], [ 37.74761, 45.25273 ], [ 37.74761, 45.25609 ] ] ] } },
{ "type": "Feature", "properties": { "sensor": "NOAA-20", "description": "<b>Latitude: </b> 45.25106<br/> \n                    <b>Longitude: </b> 37.7509<br/> \n                    <b>Detection Time: </b> 2026-09-26 10:32 UTC<br/> \n                    <b>Sensor: </b> NOAA-20 VIIRS<br/>\n                    <b>Confidence: </b> Nominal<br/> \n                    <b>Day/Night: </b> Day<br/>\n                    <b>Scan: </b> 0.4 km<br/>\n                    <b>Track: </b> 0.37 km<br/>\n                    <b>FRP: </b> 3.76 MW<br/>\n                    <b>Brightness: </b> 337.48 K" }, "geometry": { "type": "Polygon", "coordinates": [ [ [ 37.74851, 45.25274 ], [ 37.75329, 45.25274 ], [ 37.75329, 45.24938 ], [ 37.74851, 45.24938 ], [ 37.74851, 45.25274 ] ] ] } },
{ "type": "Feature", "properties": { "sensor": "NOAA-20", "description": "<b>Latitude: </b> 45.24771<br/> \n                    <b>Longitude: </b> 37.75181<br/> \n                    <b>Detection Time: </b> 2026-09-26 10:32 UTC<br/> \n                    <b>Sensor: </b> NOAA-20 VIIRS<br/>\n                    <b>Confidence: </b> Nominal<br/> \n                    <b>Day/Night: </b> Day<br/>\n                    <b>Scan: </b> 0.4 km<br/>\n                    <b>Track: </b> 0.37 km<br/>\n                    <b>FRP: </b> 3.76 MW<br/>\n                    <b>Brightness: </b> 328.23 K" }, "geometry": { "type": "Polygon", "coordinates": [ [ [ 37.74942, 45.24939 ], [ 37.7542, 45.24939 ], [ 37.7542, 45.24603 ], [ 37.74942, 45.24603 ], [ 37.74942, 45.24939 ] ] ] } },
{ "type": "Feature", "properties": { "sensor": "NOAA-20", "description": "<b>Latitude: </b> 45.31959<br/> \n                    <b>Longitude: </b> 38.29802<br/> \n                    <b>Detection Time: </b> 2026-09-26 10:32 UTC<br/> \n                    <b>Sensor: </b> NOAA-20 VIIRS<br/>\n                    <b>Confidence: </b> Nominal<br/> \n                    <b>Day/Night: </b> Day<br/>\n                    <b>Scan: </b> 0.41 km<br/>\n                    <b>Track: </b> 0.37 km<br/>\n                    <b>FRP: </b> 5.88 MW<br/>\n                    <b>Brightness: </b> 345.72 K" }, "geometry": { "type": "Polygon", "coordinates": [ [ [ 38.29562, 45.32127 ], [ 38.30042, 45.32127 ], [ 38.30042, 45.31791 ], [ 38.29562, 45.31791 ], [ 38.29562, 45.32127 ] ] ] } },
{ "type": "Feature", "properties": { "sensor": "NOAA-20", "description": "<b>Latitude: </b> 45.25866<br/> \n                    <b>Longitude: </b> 37.85967<br/> \n                    <b>Detection Time: </b> 2026-09-26 10:32 UTC<br/> \n                    <b>Sensor: </b> NOAA-20 VIIRS<br/>\n                    <b>Confidence: </b> Nominal<br/> \n                    <b>Day/Night: </b> Day<br/>\n                    <b>Scan: </b> 0.4 km<br/>\n                    <b>Track: </b> 0.37 km<br/>\n                    <b>FRP: </b> 10.09 MW<br/>\n                    <b>Brightness: </b> 346.02 K" }, "geometry": { "type": "Polygon", "coordinates": [ [ [ 37.85728, 45.26034 ], [ 37.86206, 45.26034 ], [ 37.86206, 45.25698 ], [ 37.85728, 45.25698 ], [ 37.85728, 45.26034 ] ] ] } },
{ "type": "Feature", "properties": { "sensor": "NOAA-20", "description": "<b>Latitude: </b> 45.26205<br/> \n                    <b>Longitude: </b> 37.88523<br/> \n                    <b>Detection Time: </b> 2026-09-26 10:32 UTC<br/> \n                    <b>Sensor: </b> NOAA-20 VIIRS<br/>\n                    <b>Confidence: </b> Nominal<br/> \n                    <b>Day/Night: </b> Day<br/>\n                    <b>Scan: </b> 0.4 km<br/>\n                    <b>Track: </b> 0.37 km<br/>\n                    <b>FRP: </b> 3.31 MW<br/>\n                    <b>Brightness: </b> 327.76 K" }, "geometry": { "type": "Polygon", "coordinates": [ [ [ 37.88284, 45.26373 ], [ 37.88762, 45.26373 ], [ 37.88762, 45.26037 ], [ 37.88284, 45.26037 ], [ 37.88284, 45.26373 ] ] ] } },
{ "type": "Feature", "properties": { "sensor": "NOAA-20", "description": "<b>Latitude: </b> 45.3162<br/> \n                    <b>Longitude: </b> 38.2989<br/> \n                    <b>Detection Time: </b> 2026-09-26 10:32 UTC<br/> \n                    <b>Sensor: </b> NOAA-20 VIIRS<br/>\n                    <b>Confidence: </b> Nominal<br/> \n                    <b>Day/Night: </b> Day<br/>\n                    <b>Scan: </b> 0.41 km<br/>\n                    <b>Track: </b> 0.37 km<br/>\n                    <b>FRP: </b> 6.76 MW<br/>\n                    <b>Brightness: </b> 345.21 K" }, "geometry": { "type": "Polygon", "coordinates": [ [ [ 38.2965, 45.31788 ], [ 38.3013, 45.31788 ], [ 38.3013, 45.31452 ], [ 38.2965, 45.31452 ], [ 38.2965, 45.31788 ] ] ] } },
{ "type": "Feature", "properties": { "sensor": "NOAA-20", "description": "<b>Latitude: </b> 45.25529<br/> \n                    <b>Longitude: </b> 37.86057<br/> \n                    <b>Detection Time: </b> 2026-09-26 10:32 UTC<br/> \n                    <b>Sensor: </b> NOAA-20 VIIRS<br/>\n                    <b>Confidence: </b> Nominal<br/> \n                    <b>Day/Night: </b> Day<br/>\n                    <b>Scan: </b> 0.4 km<br/>\n                    <b>Track: </b> 0.37 km<br/>\n                    <b>FRP: </b> 10.09 MW<br/>\n                    <b>Brightness: </b> 325.19 K" }, "geometry": { "type": "Polygon", "coordinates": [ [ [ 37.85818, 45.25697 ], [ 37.86296, 45.25697 ], [ 37.86296, 45.25361 ], [ 37.85818, 45.25361 ], [ 37.85818, 45.25697 ] ] ] } },
{ "type": "Feature", "properties": { "sensor": "NOAA-20", "description": "<b>Latitude: </b> 45.25598<br/> \n                    <b>Longitude: </b> 37.86568<br/> \n                    <b>Detection Time: </b> 2026-09-26 10:32 UTC<br/> \n                    <b>Sensor: </b> NOAA-20 VIIRS<br/>\n                    <b>Confidence: </b> Nominal<br/> \n                    <b>Day/Night: </b> Day<br/>\n                    <b>Scan: </b> 0.4 km<br/>\n                    <b>Track: </b> 0.37 km<br/>\n                    <b>FRP: </b> 9.78 MW<br/>\n                    <b>Brightness: </b> 339.48 K" }, "geometry": { "type": "Polygon", "coordinates": [ [ [ 37.86329, 45.25766 ], [ 37.86807, 45.25766 ], [ 37.86807, 45.2543 ], [ 37.86329, 45.2543 ], [ 37.86329, 45.25766 ] ] ] } },
{ "type": "Feature", "properties": { "sensor": "NOAA-20", "description": "<b>Latitude: </b> 45.27361<br/> \n                    <b>Longitude: </b> 37.99895<br/> \n                    <b>Detection Time: </b> 2026-09-26 10:32 UTC<br/> \n                    <b>Sensor: </b> NOAA-20 VIIRS<br/>\n                    <b>Confidence: </b> Nominal<br/> \n                    <b>Day/Night: </b> Day<br/>\n                    <b>Scan: </b> 0.41 km<br/>\n                    <b>Track: </b> 0.37 km<br/>\n                    <b>FRP: </b> 3.6 MW<br/>\n                    <b>Brightness: </b> 335.12 K" }, "geometry": { "type": "Polygon", "coordinates": [ [ [ 37.99656, 45.27529 ], [ 38.00134, 45.27529 ], [ 38.00134, 45.27193 ], [ 37.99656, 45.27193 ], [ 37.99656, 45.27529 ] ] ] } },
{ "type": "Feature", "properties": { "sensor": "NOAA-20", "description": "<b>Latitude: </b> 45.24111<br/> \n                    <b>Longitude: </b> 37.80628<br/> \n                    <b>Detection Time: </b> 2026-09-26 10:32 UTC<br/> \n                    <b>Sensor: </b> NOAA-20 VIIRS<br/>\n                    <b>Confidence: </b> Nominal<br/> \n                    <b>Day/Night: </b> Day<br/>\n                    <b>Scan: </b> 0.4 km<br/>\n                    <b>Track: </b> 0.37 km<br/>\n                    <b>FRP: </b> 7.52 MW<br/>\n                    <b>Brightness: </b> 349.22 K" }, "geometry": { "type": "Polygon", "coordinates": [ [ [ 37.80389, 45.24279 ], [ 37.80867, 45.24279 ], [ 37.80867, 45.23943 ], [ 37.80389, 45.23943 ], [ 37.80389, 45.24279 ] ] ] } },
{ "type": "Feature", "properties": { "sensor": "NOAA-20", "description": "<b>Latitude: </b> 45.25604<br/> \n                    <b>Longitude: </b> 37.91863<br/> \n                    <b>Detection Time: </b> 2026-09-26 10:32 UTC<br/> \n                    <b>Sensor: </b> NOAA-20 VIIRS<br/>\n                    <b>Confidence: </b> Nominal<br/> \n                    <b>Day/Night: </b> Day<br/>\n                    <b>Scan: </b> 0.4 km<br/>\n                    <b>Track: </b> 0.37 km<br/>\n                    <b>FRP: </b> 3.94 MW<br/>\n                    <b>Brightness: </b> 329.74 K" }, "geometry": { "type": "Polygon", "coordinates": [ [ [ 37.91624, 45.25772 ], [ 37.92102, 45.25772 ], [ 37.92102, 45.25436 ], [ 37.91624, 45.25436 ], [ 37.91624, 45.25772 ] ] ] } },
{ "type": "Feature", "properties": { "sensor": "NOAA-20", "description": "<b>Latitude: </b> 45.23973<br/> \n                    <b>Longitude: </b> 37.80359<br/> \n                    <b>Detection Time: </b> 2026-09-26 10:32 UTC<br/> \n                    <b>Sensor: </b> NOAA-20 VIIRS<br/>\n                    <b>Confidence: </b> Nominal<br/> \n                    <b>Day/Night: </b> Day<br/>\n                    <b>Scan: </b> 0.4 km<br/>\n                    <b>Track: </b> 0.37 km<br/>\n                    <b>FRP: </b> 7.37 MW<br/>\n                    <b>Brightness: </b> 327.53 K" }, "geometry": { "type": "Polygon", "coordinates": [ [ [ 37.8012, 45.24141 ], [ 37.80598, 45.24141 ], [ 37.80598, 45.23805 ], [ 37.8012, 45.23805 ], [ 37.8012, 45.24141 ] ] ] } },
{ "type": "Feature", "properties": { "sensor": "NOAA-20", "description": "<b>Latitude: </b> 45.23854<br/> \n                    <b>Longitude: </b> 37.84612<br/> \n                    <b>Detection Time: </b> 2026-09-26 10:32 UTC<br/> \n                    <b>Sensor: </b> NOAA-20 VIIRS<br/>\n                    <b>Confidence: </b> Nominal<br/> \n                    <b>Day/Night: </b> Day<br/>\n                    <b>Scan: </b> 0.4 km<br/>\n                    <b>Track: </b> 0.37 km<br/>\n                    <b>FRP: </b> 6.82 MW<br/>\n                    <b>Brightness: </b> 348.79 K" }, "geometry": { "type": "Polygon", "coordinates": [ [ [ 37.84373, 45.24022 ], [ 37.84851, 45.24022 ], [ 37.84851, 45.23686 ], [ 37.84373, 45.23686 ], [ 37.84373, 45.24022 ] ] ] } },
{ "type": "Feature", "properties": { "sensor": "NOAA-20", "description": "<b>Latitude: </b> 45.23923<br/> \n                    <b>Longitude: </b> 37.85122<br/> \n                    <b>Detection Time: </b> 2026-09-26 10:32 UTC<br/> \n                    <b>Sensor: </b> NOAA-20 VIIRS<br/>\n                    <b>Confidence: </b> Nominal<br/> \n                    <b>Day/Night: </b> Day<br/>\n                    <b>Scan: </b> 0.4 km<br/>\n                    <b>Track: </b> 0.37 km<br/>\n                    <b>FRP: </b> 6.82 MW<br/>\n                    <b>Brightness: </b> 345.98 K" }, "geometry": { "type": "Polygon", "coordinates": [ [ [ 37.84883, 45.24091 ], [ 37.85361, 45.24091 ], [ 37.85361, 45.23755 ], [ 37.84883, 45.23755 ], [ 37.84883, 45.24091 ] ] ] } },
{ "type": "Feature", "properties": { "sensor": "NOAA-20", "description": "<b>Latitude: </b> 45.23518<br/> \n                    <b>Longitude: </b> 37.84702<br/> \n                    <b>Detection Time: </b> 2026-09-26 10:32 UTC<br/> \n                    <b>Sensor: </b> NOAA-20 VIIRS<br/>\n                    <b>Confidence: </b> Nominal<br/> \n                    <b>Day/Night: </b> Day<br/>\n                    <b>Scan: </b> 0.4 km<br/>\n                    <b>Track: </b> 0.37 km<br/>\n                    <b>FRP: </b> 6.82 MW<br/>\n                    <b>Brightness: </b> 340.64 K" }, "geometry": { "type": "Polygon", "coordinates": [ [ [ 37.84463, 45.23686 ], [ 37.84941, 45.23686 ], [ 37.84941, 45.2335 ], [ 37.84463, 45.2335 ], [ 37.84463, 45.23686 ] ] ] } },
{ "type": "Feature", "properties": { "sensor": "NOAA-20", "description": "<b>Latitude: </b> 45.18972<br/> \n                    <b>Longitude: </b> 37.94909<br/> \n                    <b>Detection Time: </b> 2026-09-26 10:32 UTC<br/> \n                    <b>Sensor: </b> NOAA-20 VIIRS<br/>\n                    <b>Confidence: </b> Nominal<br/> \n                    <b>Day/Night: </b> Day<br/>\n                    <b>Scan: </b> 0.4 km<br/>\n                    <b>Track: </b> 0.37 km<br/>\n                    <b>FRP: </b> 2.45 MW<br/>\n                    <b>Brightness: </b> 328.65 K" }, "geometry": { "type": "Polygon", "coordinates": [ [ [ 37.9467, 45.1914 ], [ 37.95148, 45.1914 ], [ 37.95148, 45.18804 ], [ 37.9467, 45.18804 ], [ 37.9467, 45.1914 ] ] ] } },
{ "type": "Feature", "properties": { "sensor": "NOAA-20", "description": "<b>Latitude: </b> 45.18499<br/> \n                    <b>Longitude: </b> 37.93976<br/> \n                    <b>Detection Time: </b> 2026-09-26 10:32 UTC<br/> \n                    <b>Sensor: </b> NOAA-20 VIIRS<br/>\n                    <b>Confidence: </b> Nominal<br/> \n                    <b>Day/Night: </b> Day<br/>\n                    <b>Scan: </b> 0.4 km<br/>\n                    <b>Track: </b> 0.37 km<br/>\n                    <b>FRP: </b> 1.8 MW<br/>\n                    <b>Brightness: </b> 326.31 K" }, "geometry": { "type": "Polygon", "coordinates": [ [ [ 37.93737, 45.18667 ], [ 37.94215, 45.18667 ], [ 37.94215, 45.18331 ], [ 37.93737, 45.18331 ], [ 37.93737, 45.18667 ] ] ] } },
{ "type": "Feature", "properties": { "sensor": "NOAA-20", "description": "<b>Latitude: </b> 45.18568<br/> \n                    <b>Longitude: </b> 37.94487<br/> \n                    <b>Detection Time: </b> 2026-09-26 10:32 UTC<br/> \n                    <b>Sensor: </b> NOAA-20 VIIRS<br/>\n                    <b>Confidence: </b> Nominal<br/> \n                    <b>Day/Night: </b> Day<br/>\n                    <b>Scan: </b> 0.4 km<br/>\n                    <b>Track: </b> 0.37 km<br/>\n                    <b>FRP: </b> 2.45 MW<br/>\n                    <b>Brightness: </b> 329.93 K" }, "geometry": { "type": "Polygon", "coordinates": [ [ [ 37.94248, 45.18736 ], [ 37.94726, 45.18736 ], [ 37.94726, 45.184 ], [ 37.94248, 45.184 ], [ 37.94248, 45.18736 ] ] ] } },
{ "type": "Feature", "properties": { "sensor": "NOAA-21", "description": "<b>Latitude: </b> 57.42854<br/> \n                    <b>Longitude: </b> 78.69278<br/> \n                    <b>Detection Time: </b> 2026-09-26 20:08 UTC<br/> \n                    <b>Sensor: </b> NOAA-21 VIIRS<br/>\n                    <b>Confidence: </b> Nominal<br/> \n                    <b>Day/Night: </b> Night<br/>\n                    <b>Scan: </b> 0.61 km<br/>\n                    <b>Track: </b> 0.54 km<br/>\n                    <b>FRP: </b> 15.06 MW<br/>\n                    <b>Brightness: </b> 335.91 K" }, "geometry": { "type": "Polygon", "coordinates": [ [ [ 78.68965, 57.43022 ], [ 78.69591, 57.43022 ], [ 78.69591, 57.42686 ], [ 78.68965, 57.42686 ], [ 78.68965, 57.43022 ] ] ] } },
{ "type": "Feature", "properties": { "sensor": "NOAA-21", "description": "<b>Latitude: </b> 57.42732<br/> \n                    <b>Longitude: </b> 78.69652<br/> \n                    <b>Detection Time: </b> 2026-09-26 20:08 UTC<br/> \n                    <b>Sensor: </b> NOAA-21 VIIRS<br/>\n                    <b>Confidence: </b> Nominal<br/> \n                    <b>Day/Night: </b> Night<br/>\n                    <b>Scan: </b> 0.61 km<br/>\n                    <b>Track: </b> 0.54 km<br/>\n                    <b>FRP: </b> 16.37 MW<br/>\n                    <b>Brightness: </b> 341.62 K" }, "geometry": { "type": "Polygon", "coordinates": [ [ [ 78.69339, 57.429 ], [ 78.69965, 57.429 ], [ 78.69965, 57.42564 ], [ 78.69339, 57.42564 ], [ 78.69339, 57.429 ] ] ] } },
{ "type": "Feature", "properties": { "sensor": "NOAA-21", "description": "<b>Latitude: </b> 57.26756<br/> \n                    <b>Longitude: </b> 79.38525<br/> \n                    <b>Detection Time: </b> 2026-09-26 20:08 UTC<br/> \n                    <b>Sensor: </b> NOAA-21 VIIRS<br/>\n                    <b>Confidence: </b> Nominal<br/> \n                    <b>Day/Night: </b> Night<br/>\n                    <b>Scan: </b> 0.57 km<br/>\n                    <b>Track: </b> 0.52 km<br/>\n                    <b>FRP: </b> 1.11 MW<br/>\n                    <b>Brightness: </b> 299.78 K" }, "geometry": { "type": "Polygon", "coordinates": [ [ [ 79.38213, 57.26924 ], [ 79.38837, 57.26924 ], [ 79.38837, 57.26588 ], [ 79.38213, 57.26588 ], [ 79.38213, 57.26924 ] ] ] } },
{ "type": "Feature", "properties": { "sensor": "NOAA-21", "description": "<b>Latitude: </b> 55.37104<br/> \n                    <b>Longitude: </b> 86.05066<br/> \n                    <b>Detection Time: </b> 2026-09-26 20:08 UTC<br/> \n                    <b>Sensor: </b> NOAA-21 VIIRS<br/>\n                    <b>Confidence: </b> Nominal<br/> \n                    <b>Day/Night: </b> Night<br/>\n                    <b>Scan: </b> 0.48 km<br/>\n                    <b>Track: </b> 0.4 km<br/>\n                    <b>FRP: </b> 0.92 MW<br/>\n                    <b>Brightness: </b> 295.44 K" }, "geometry": { "type": "Polygon", "coordinates": [ [ [ 86.0477, 55.37272 ], [ 86.05362, 55.37272 ], [ 86.05362, 55.36936 ], [ 86.0477, 55.36936 ], [ 86.0477, 55.37272 ] ] ] } },
{ "type": "Feature", "properties": { "sensor": "NOAA-21", "description": "<b>Latitude: </b> 55.36819<br/> \n                    <b>Longitude: </b> 86.04199<br/> \n                    <b>Detection Time: </b> 2026-09-26 20:08 UTC<br/> \n                    <b>Sensor: </b> NOAA-21 VIIRS<br/>\n                    <b>Confidence: </b> Nominal<br/> \n                    <b>Day/Night: </b> Night<br/>\n                    <b>Scan: </b> 0.48 km<br/>\n                    <b>Track: </b> 0.4 km<br/>\n                    <b>FRP: </b> 2.7 MW<br/>\n                    <b>Brightness: </b> 312.25 K" }, "geometry": { "type": "Polygon", "coordinates": [ [ [ 86.03903, 55.36987 ], [ 86.04495, 55.36987 ], [ 86.04495, 55.36651 ], [ 86.03903, 55.36651 ], [ 86.03903, 55.36987 ] ] ] } },
{ "type": "Feature", "properties": { "sensor": "NOAA-21", "description": "<b>Latitude: </b> 62.99376<br/> \n                    <b>Longitude: </b> 76.87394<br/> \n                    <b>Detection Time: </b> 2026-09-26 20:06 UTC<br/> \n                    <b>Sensor: </b> NOAA-21 VIIRS<br/>\n                    <b>Confidence: </b> Nominal<br/> \n                    <b>Day/Night: </b> Night<br/>\n                    <b>Scan: </b> 0.38 km<br/>\n                    <b>Track: </b> 0.59 km<br/>\n                    <b>FRP: </b> 1.45 MW<br/>\n                    <b>Brightness: </b> 312.51 K" }, "geometry": { "type": "Polygon", "coordinates": [ [ [ 76.87023, 62.99544 ], [ 76.87765, 62.99544 ], [ 76.87765, 62.99208 ], [ 76.87023, 62.99208 ], [ 76.87023, 62.99544 ] ] ] } },
{ "type": "Feature", "properties": { "sensor": "NOAA-21", "description": "<b>Latitude: </b> 62.99384<br/> \n                    <b>Longitude: </b> 76.86635<br/> \n                    <b>Detection Time: </b> 2026-09-26 20:06 UTC<br/> \n                    <b>Sensor: </b> NOAA-21 VIIRS<br/>\n                    <b>Confidence: </b> Nominal<br/> \n                    <b>Day/Night: </b> Night<br/>\n                    <b>Scan: </b> 0.38 km<br/>\n                    <b>Track: </b> 0.59 km<br/>\n                    <b>FRP: </b> 1.45 MW<br/>\n                    <b>Brightness: </b> 300.37 K" }, "geometry": { "type": "Polygon", "coordinates": [ [ [ 76.86264, 62.99552 ], [ 76.87006, 62.99552 ], [ 76.87006, 62.99216 ], [ 76.86264, 62.99216 ], [ 76.86264, 62.99552 ] ] ] } },
{ "type": "Feature", "properties": { "sensor": "NOAA-21", "description": "<b>Latitude: </b> 62.88388<br/> \n                    <b>Longitude: </b> 73.603<br/> \n                    <b>Detection Time: </b> 2026-09-26 20:06 UTC<br/> \n                    <b>Sensor: </b> NOAA-21 VIIRS<br/>\n                    <b>Confidence: </b> Nominal<br/> \n                    <b>Day/Night: </b> Night<br/>\n                    <b>Scan: </b> 0.49 km<br/>\n                    <b>Track: </b> 0.65 km<br/>\n                    <b>FRP: </b> 0.62 MW<br/>\n                    <b>Brightness: </b> 295.85 K" }, "geometry": { "type": "Polygon", "coordinates": [ [ [ 73.5993, 62.88556 ], [ 73.6067, 62.88556 ], [ 73.6067, 62.8822 ], [ 73.5993, 62.8822 ], [ 73.5993, 62.88556 ] ] ] } },
{ "type": "Feature", "properties": { "sensor": "NOAA-21", "description": "<b>Latitude: </b> 62.87951<br/> \n                    <b>Longitude: </b> 76.77078<br/> \n                    <b>Detection Time: </b> 2026-09-26 20:06 UTC<br/> \n                    <b>Sensor: </b> NOAA-21 VIIRS<br/>\n                    <b>Confidence: </b> Nominal<br/> \n                    <b>Day/Night: </b> Night<br/>\n                    <b>Scan: </b> 0.38 km<br/>\n                    <b>Track: </b> 0.59 km<br/>\n                    <b>FRP: </b> 0.63 MW<br/>\n                    <b>Brightness: </b> 296.96 K" }, "geometry": { "type": "Polygon", "coordinates": [ [ [ 76.76709, 62.88119 ], [ 76.77447, 62.88119 ], [ 76.77447, 62.87783 ], [ 76.76709, 62.87783 ], [ 76.76709, 62.88119 ] ] ] } },
{ "type": "Feature", "properties": { "sensor": "NOAA-21", "description": "<b>Latitude: </b> 62.38547<br/> \n                    <b>Longitude: </b> 80.17767<br/> \n                    <b>Detection Time: </b> 2026-09-26 20:06 UTC<br/> \n                    <b>Sensor: </b> NOAA-21 VIIRS<br/>\n                    <b>Confidence: </b> Nominal<br/> \n                    <b>Day/Night: </b> Night<br/>\n                    <b>Scan: </b> 0.59 km<br/>\n                    <b>Track: </b> 0.53 km<br/>\n                    <b>FRP: </b> 2.68 MW<br/>\n                    <b>Brightness: </b> 311.5 K" }, "geometry": { "type": "Polygon", "coordinates": [ [ [ 80.17404, 62.38715 ], [ 80.1813, 62.38715 ], [ 80.1813, 62.38379 ], [ 80.17404, 62.38379 ], [ 80.17404, 62.38715 ] ] ] } },
{ "type": "Feature", "properties": { "sensor": "NOAA-21", "description": "<b>Latitude: </b> 62.38683<br/> \n                    <b>Longitude: </b> 76.63286<br/> \n                    <b>Detection Time: </b> 2026-09-26 20:06 UTC<br/> \n                    <b>Sensor: </b> NOAA-21 VIIRS<br/>\n                    <b>Confidence: </b> Nominal<br/> \n                    <b>Day/Night: </b> Night<br/>\n                    <b>Scan: </b> 0.39 km<br/>\n                    <b>Track: </b> 0.59 km<br/>\n                    <b>FRP: </b> 1.87 MW<br/>\n                    <b>Brightness: </b> 322.59 K" }, "geometry": { "type": "Polygon", "coordinates": [ [ [ 76.62923, 62.38851 ], [ 76.63649, 62.38851 ], [ 76.63649, 62.38515 ], [ 76.62923, 62.38515 ], [ 76.62923, 62.38851 ] ] ] } },
{ "type": "Feature", "properties": { "sensor": "NOAA-21", "description": "<b>Latitude: </b> 62.38677<br/> \n                    <b>Longitude: </b> 76.6404<br/> \n                    <b>Detection Time: </b> 2026-09-26 20:06 UTC<br/> \n                    <b>Sensor: </b> NOAA-21 VIIRS<br/>\n                    <b>Confidence: </b> Nominal<br/> \n                    <b>Day/Night: </b> Night<br/>\n                    <b>Scan: </b> 0.39 km<br/>\n                    <b>Track: </b> 0.59 km<br/>\n                    <b>FRP: </b> 1.87 MW<br/>\n                    <b>Brightness: </b> 296.38 K" }, "geometry": { "type": "Polygon", "coordinates": [ [ [ 76.63677, 62.38845 ], [ 76.64403, 62.38845 ], [ 76.64403, 62.38509 ], [ 76.63677, 62.38509 ], [ 76.63677, 62.38845 ] ] ] } },
{ "type": "Feature", "properties": { "sensor": "NOAA-21", "description": "<b>Latitude: </b> 62.38757<br/> \n                    <b>Longitude: </b> 77.32037<br/> \n                    <b>Detection Time: </b> 2026-09-26 20:06 UTC<br/> \n                    <b>Sensor: </b> NOAA-21 VIIRS<br/>\n                    <b>Confidence: </b> Nominal<br/> \n                    <b>Day/Night: </b> Night<br/>\n                    <b>Scan: </b> 0.37 km<br/>\n                    <b>Track: </b> 0.58 km<br/>\n                    <b>FRP: </b> 0.49 MW<br/>\n                    <b>Brightness: </b> 295.46 K" }, "geometry": { "type": "Polygon", "coordinates": [ [ [ 77.31674, 62.38925 ], [ 77.324, 62.38925 ], [ 77.324, 62.38589 ], [ 77.31674, 62.38589 ], [ 77.31674, 62.38925 ] ] ] } },
{ "type": "Feature", "properties": { "sensor": "NOAA-21", "description": "<b>Latitude: </b> 62.38659<br/> \n                    <b>Longitude: </b> 76.63458<br/> \n                    <b>Detection Time: </b> 2026-09-26 20:06 UTC<br/> \n                    <b>Sensor: </b> NOAA-21 VIIRS<br/>\n                    <b>Confidence: </b> Nominal<br/> \n                    <b>Day/Night: </b> Night<br/>\n                    <b>Scan: </b> 0.39 km<br/>\n                    <b>Track: </b> 0.59 km<br/>\n                    <b>FRP: </b> 2.68 MW<br/>\n                    <b>Brightness: </b> 331.74 K" }, "geometry": { "type": "Polygon", "coordinates": [ [ [ 76.63095, 62.38827 ], [ 76.63821, 62.38827 ], [ 76.63821, 62.38491 ], [ 76.63095, 62.38491 ], [ 76.63095, 62.38827 ] ] ] } },
{ "type": "Feature", "properties": { "sensor": "NOAA-21", "description": "<b>Latitude: </b> 62.36388<br/> \n                    <b>Longitude: </b> 77.45457<br/> \n                    <b>Detection Time: </b> 2026-09-26 20:06 UTC<br/> \n                    <b>Sensor: </b> NOAA-21 VIIRS<br/>\n                    <b>Confidence: </b> Nominal<br/> \n                    <b>Day/Night: </b> Night<br/>\n                    <b>Scan: </b> 0.36 km<br/>\n                    <b>Track: </b> 0.58 km<br/>\n                    <b>FRP: </b> 2.31 MW<br/>\n                    <b>Brightness: </b> 319.92 K" }, "geometry": { "type": "Polygon", "coordinates": [ [ [ 77.45094, 62.36556 ], [ 77.4582, 62.36556 ], [ 77.4582, 62.3622 ], [ 77.45094, 62.3622 ], [ 77.45094, 62.36556 ] ] ] } },
{ "type": "Feature", "properties": { "sensor": "NOAA-21", "description": "<b>Latitude: </b> 62.33415<br/> \n                    <b>Longitude: </b> 78.16426<br/> \n                    <b>Detection Time: </b> 2026-09-26 20:06 UTC<br/> \n                    <b>Sensor: </b> NOAA-21 VIIRS<br/>\n                    <b>Confidence: </b> Nominal<br/> \n                    <b>Day/Night: </b> Night<br/>\n                    <b>Scan: </b> 0.34 km<br/>\n                    <b>Track: </b> 0.56 km<br/>\n                    <b>FRP: </b> 2.79 MW<br/>\n                    <b>Brightness: </b> 325.17 K" }, "geometry": { "type": "Polygon", "coordinates": [ [ [ 78.16063, 62.33583 ], [ 78.16789, 62.33583 ], [ 78.16789, 62.33247 ], [ 78.16063, 62.33247 ], [ 78.16063, 62.33583 ] ] ] } },
{ "type": "Feature", "properties": { "sensor": "NOAA-21", "description": "<b>Latitude: </b> 62.33086<br/> \n                    <b>Longitude: </b> 76.73022<br/> \n                    <b>Detection Time: </b> 2026-09-26 20:06 UTC<br/> \n                    <b>Sensor: </b> NOAA-21 VIIRS<br/>\n                    <b>Confidence: </b> Nominal<br/> \n                    <b>Day/Night: </b> Night<br/>\n                    <b>Scan: </b> 0.38 km<br/>\n                    <b>Track: </b> 0.59 km<br/>\n                    <b>FRP: </b> 1.27 MW<br/>\n                    <b>Brightness: </b> 308.54 K" }, "geometry": { "type": "Polygon", "coordinates": [ [ [ 76.72659, 62.33254 ], [ 76.73385, 62.33254 ], [ 76.73385, 62.32918 ], [ 76.72659, 62.32918 ], [ 76.72659, 62.33254 ] ] ] } },
{ "type": "Feature", "properties": { "sensor": "NOAA-21", "description": "<b>Latitude: </b> 62.13969<br/> \n                    <b>Longitude: </b> 79.45261<br/> \n                    <b>Detection Time: </b> 2026-09-26 20:06 UTC<br/> \n                    <b>Sensor: </b> NOAA-21 VIIRS<br/>\n                    <b>Confidence: </b> Nominal<br/> \n                    <b>Day/Night: </b> Night<br/>\n                    <b>Scan: </b> 0.62 km<br/>\n                    <b>Track: </b> 0.54 km<br/>\n                    <b>FRP: </b> 1.52 MW<br/>\n                    <b>Brightness: </b> 309.36 K" }, "geometry": { "type": "Polygon", "coordinates": [ [ [ 79.44901, 62.14137 ], [ 79.45621, 62.14137 ], [ 79.45621, 62.13801 ], [ 79.44901, 62.13801 ], [ 79.44901, 62.14137 ] ] ] } },
{ "type": "Feature", "properties": { "sensor": "NOAA-21", "description": "<b>Latitude: </b> 62.14017<br/> \n                    <b>Longitude: </b> 79.44308<br/> \n                    <b>Detection Time: </b> 2026-09-26 20:06 UTC<br/> \n                    <b>Sensor: </b> NOAA-21 VIIRS<br/>\n                    <b>Confidence: </b> Nominal<br/> \n                    <b>Day/Night: </b> Night<br/>\n                    <b>Scan: </b> 0.62 km<br/>\n                    <b>Track: </b> 0.54 km<br/>\n                    <b>FRP: </b> 2.77 MW<br/>\n                    <b>Brightness: </b> 302.39 K" }, "geometry": { "type": "Polygon", "coordinates": [ [ [ 79.43948, 62.14185 ], [ 79.44668, 62.14185 ], [ 79.44668, 62.13849 ], [ 79.43948, 62.13849 ], [ 79.43948, 62.14185 ] ] ] } },
{ "type": "Feature", "properties": { "sensor": "NOAA-21", "description": "<b>Latitude: </b> 61.97876<br/> \n                    <b>Longitude: </b> 68.5713<br/> \n                    <b>Detection Time: </b> 2026-09-26 20:06 UTC<br/> \n                    <b>Sensor: </b> NOAA-21 VIIRS<br/>\n                    <b>Confidence: </b> Nominal<br/> \n                    <b>Day/Night: </b> Night<br/>\n                    <b>Scan: </b> 0.71 km<br/>\n                    <b>Track: </b> 0.75 km<br/>\n                    <b>FRP: </b> 4.64 MW<br/>\n                    <b>Brightness: </b> 324.52 K" }, "geometry": { "type": "Polygon", "coordinates": [ [ [ 68.56771, 61.98044 ], [ 68.57489, 61.98044 ], [ 68.57489, 61.97708 ], [ 68.56771, 61.97708 ], [ 68.56771, 61.98044 ] ] ] } },
{ "type": "Feature", "properties": { "sensor": "NOAA-21", "description": "<b>Latitude: </b> 61.94559<br/> \n                    <b>Longitude: </b> 68.46661<br/> \n                    <b>Detection Time: </b> 2026-09-26 20:06 UTC<br/> \n                    <b>Sensor: </b> NOAA-21 VIIRS<br/>\n                    <b>Confidence: </b> Nominal<br/> \n                    <b>Day/Night: </b> Night<br/>\n                    <b>Scan: </b> 0.72 km<br/>\n                    <b>Track: </b> 0.75 km<br/>\n                    <b>FRP: </b> 6.47 MW<br/>\n                    <b>Brightness: </b> 333.29 K" }, "geometry": { "type": "Polygon", "coordinates": [ [ [ 68.46303, 61.94727 ], [ 68.47019, 61.94727 ], [ 68.47019, 61.94391 ], [ 68.46303, 61.94391 ], [ 68.46303, 61.94727 ] ] ] } },
{ "type": "Feature", "properties": { "sensor": "NOAA-21", "description": "<b>Latitude: </b> 61.94749<br/> \n                    <b>Longitude: </b> 68.46153<br/> \n                    <b>Detection Time: </b> 2026-09-26 20:06 UTC<br/> \n                    <b>Sensor: </b> NOAA-21 VIIRS<br/>\n                    <b>Confidence: </b> Nominal<br/> \n                    <b>Day/Night: </b> Night<br/>\n                    <b>Scan: </b> 0.72 km<br/>\n                    <b>Track: </b> 0.75 km<br/>\n                    <b>FRP: </b> 4.17 MW<br/>\n                    <b>Brightness: </b> 323.55 K" }, "geometry": { "type": "Polygon", "coordinates": [ [ [ 68.45795, 61.94917 ], [ 68.46511, 61.94917 ], [ 68.46511, 61.94581 ], [ 68.45795, 61.94581 ], [ 68.45795, 61.94917 ] ] ] } },
{ "type": "Feature", "properties": { "sensor": "NOAA-21", "description": "<b>Latitude: </b> 61.94812<br/> \n                    <b>Longitude: </b> 68.47517<br/> \n                    <b>Detection Time: </b> 2026-09-26 20:06 UTC<br/> \n                    <b>Sensor: </b> NOAA-21 VIIRS<br/>\n                    <b>Confidence: </b> Nominal<br/> \n                    <b>Day/Night: </b> Night<br/>\n                    <b>Scan: </b> 0.71 km<br/>\n                    <b>Track: </b> 0.75 km<br/>\n                    <b>FRP: </b> 4.17 MW<br/>\n                    <b>Brightness: </b> 297.83 K" }, "geometry": { "type": "Polygon", "coordinates": [ [ [ 68.47159, 61.9498 ], [ 68.47875, 61.9498 ], [ 68.47875, 61.94644 ], [ 68.47159, 61.94644 ], [ 68.47159, 61.9498 ] ] ] } },
{ "type": "Feature", "properties": { "sensor": "NOAA-21", "description": "<b>Latitude: </b> 61.60939<br/> \n                    <b>Longitude: </b> 67.81007<br/> \n                    <b>Detection Time: </b> 2026-09-26 20:06 UTC<br/> \n                    <b>Sensor: </b> NOAA-21 VIIRS<br/>\n                    <b>Confidence: </b> Nominal<br/> \n                    <b>Day/Night: </b> Night<br/>\n                    <b>Scan: </b> 0.76 km<br/>\n                    <b>Track: </b> 0.77 km<br/>\n                    <b>FRP: </b> 5.03 MW<br/>\n                    <b>Brightness: </b> 323.7 K" }, "geometry": { "type": "Polygon", "coordinates": [ [ [ 67.80653, 61.61107 ], [ 67.81361, 61.61107 ], [ 67.81361, 61.60771 ], [ 67.80653, 61.60771 ], [ 67.80653, 61.61107 ] ] ] } },
{ "type": "Feature", "properties": { "sensor": "NOAA-21", "description": "<b>Latitude: </b> 61.60645<br/> \n                    <b>Longitude: </b> 67.8036<br/> \n                    <b>Detection Time: </b> 2026-09-26 20:06 UTC<br/> \n                    <b>Sensor: </b> NOAA-21 VIIRS<br/>\n                    <b>Confidence: </b> Nominal<br/> \n                    <b>Day/Night: </b> Night<br/>\n                    <b>Scan: </b> 0.76 km<br/>\n                    <b>Track: </b> 0.77 km<br/>\n                    <b>FRP: </b> 3.06 MW<br/>\n                    <b>Brightness: </b> 304.16 K" }, "geometry": { "type": "Polygon", "coordinates": [ [ [ 67.80006, 61.60813 ], [ 67.80714, 61.60813 ], [ 67.80714, 61.60477 ], [ 67.80006, 61.60477 ], [ 67.80006, 61.60813 ] ] ] } },
{ "type": "Feature", "properties": { "sensor": "NOAA-21", "description": "<b>Latitude: </b> 61.60718<br/> \n                    <b>Longitude: </b> 67.81794<br/> \n                    <b>Detection Time: </b> 2026-09-26 20:06 UTC<br/> \n                    <b>Sensor: </b> NOAA-21 VIIRS<br/>\n                    <b>Confidence: </b> Nominal<br/> \n                    <b>Day/Night: </b> Night<br/>\n                    <b>Scan: </b> 0.75 km<br/>\n                    <b>Track: </b> 0.77 km<br/>\n                    <b>FRP: </b> 3.06 MW<br/>\n                    <b>Brightness: </b> 302.35 K" }, "geometry": { "type": "Polygon", "coordinates": [ [ [ 67.8144, 61.60886 ], [ 67.82148, 61.60886 ], [ 67.82148, 61.6055 ], [ 67.8144, 61.6055 ], [ 67.8144, 61.60886 ] ] ] } },
{ "type": "Feature", "properties": { "sensor": "NOAA-21", "description": "<b>Latitude: </b> 58.50166<br/> \n                    <b>Longitude: </b> 75.79927<br/> \n                    <b>Detection Time: </b> 2026-09-26 20:06 UTC<br/> \n                    <b>Sensor: </b> NOAA-21 VIIRS<br/>\n                    <b>Confidence: </b> Nominal<br/> \n                    <b>Day/Night: </b> Night<br/>\n                    <b>Scan: </b> 0.4 km<br/>\n                    <b>Track: </b> 0.6 km<br/>\n                    <b>FRP: </b> 0.87 MW<br/>\n                    <b>Brightness: </b> 301.78 K" }, "geometry": { "type": "Polygon", "coordinates": [ [ [ 75.79605, 58.50334 ], [ 75.80249, 58.50334 ], [ 75.80249, 58.49998 ], [ 75.79605, 58.49998 ], [ 75.79605, 58.50334 ] ] ] } },
{ "type": "Feature", "properties": { "sensor": "NOAA-21", "description": "<b>Latitude: </b> 59.04951<br/> \n                    <b>Longitude: </b> 71.85832<br/> \n                    <b>Detection Time: </b> 2026-09-26 20:06 UTC<br/> \n                    <b>Sensor: </b> NOAA-21 VIIRS<br/>\n                    <b>Confidence: </b> Nominal<br/> \n                    <b>Day/Night: </b> Night<br/>\n                    <b>Scan: </b> 0.56 km<br/>\n                    <b>Track: </b> 0.69 km<br/>\n                    <b>FRP: </b> 1.69 MW<br/>\n                    <b>Brightness: </b> 305.47 K" }, "geometry": { "type": "Polygon", "coordinates": [ [ [ 71.85504, 59.05119 ], [ 71.8616, 59.05119 ], [ 71.8616, 59.04783 ], [ 71.85504, 59.04783 ], [ 71.85504, 59.05119 ] ] ] } },
{ "type": "Feature", "properties": { "sensor": "NOAA-21", "description": "<b>Latitude: </b> 59.07432<br/> \n                    <b>Longitude: </b> 72.8727<br/> \n                    <b>Detection Time: </b> 2026-09-26 20:06 UTC<br/> \n                    <b>Sensor: </b> NOAA-21 VIIRS<br/>\n                    <b>Confidence: </b> Nominal<br/> \n                    <b>Day/Night: </b> Night<br/>\n                    <b>Scan: </b> 0.51 km<br/>\n                    <b>Track: </b> 0.66 km<br/>\n                    <b>FRP: </b> 1.12 MW<br/>\n                    <b>Brightness: </b> 298.3 K" }, "geometry": { "type": "Polygon", "coordinates": [ [ [ 72.86942, 59.076 ], [ 72.87598, 59.076 ], [ 72.87598, 59.07264 ], [ 72.86942, 59.07264 ], [ 72.86942, 59.076 ] ] ] } },
{ "type": "Feature", "properties": { "sensor": "NOAA-21", "description": "<b>Latitude: </b> 59.19543<br/> \n                    <b>Longitude: </b> 71.36406<br/> \n                    <b>Detection Time: </b> 2026-09-26 20:06 UTC<br/> \n                    <b>Sensor: </b> NOAA-21 VIIRS<br/>\n                    <b>Confidence: </b> Nominal<br/> \n                    <b>Day/Night: </b> Night<br/>\n                    <b>Scan: </b> 0.58 km<br/>\n                    <b>Track: </b> 0.7 km<br/>\n                    <b>FRP: </b> 3.39 MW<br/>\n                    <b>Brightness: </b> 308.12 K" }, "geometry": { "type": "Polygon", "coordinates": [ [ [ 71.36077, 59.19711 ], [ 71.36735, 59.19711 ], [ 71.36735, 59.19375 ], [ 71.36077, 59.19375 ], [ 71.36077, 59.19711 ] ] ] } },
{ "type": "Feature", "properties": { "sensor": "NOAA-21", "description": "<b>Latitude: </b> 59.26886<br/> \n                    <b>Longitude: </b> 77.03017<br/> \n                    <b>Detection Time: </b> 2026-09-26 20:06 UTC<br/> \n                    <b>Sensor: </b> NOAA-21 VIIRS<br/>\n                    <b>Confidence: </b> Nominal<br/> \n                    <b>Day/Night: </b> Night<br/>\n                    <b>Scan: </b> 0.36 km<br/>\n                    <b>Track: </b> 0.58 km<br/>\n                    <b>FRP: </b> 1.06 MW<br/>\n                    <b>Brightness: </b> 296.68 K" }, "geometry": { "type": "Polygon", "coordinates": [ [ [ 77.02687, 59.27054 ], [ 77.03347, 59.27054 ], [ 77.03347, 59.26718 ], [ 77.02687, 59.26718 ], [ 77.02687, 59.27054 ] ] ] } },
{ "type": "Feature", "properties": { "sensor": "NOAA-21", "description": "<b>Latitude: </b> 59.40818<br/> \n                    <b>Longitude: </b> 71.62691<br/> \n                    <b>Detection Time: </b> 2026-09-26 20:06 UTC<br/> \n                    <b>Sensor: </b> NOAA-21 VIIRS<br/>\n                    <b>Confidence: </b> Nominal<br/> \n                    <b>Day/Night: </b> Night<br/>\n                    <b>Scan: </b> 0.57 km<br/>\n                    <b>Track: </b> 0.69 km<br/>\n                    <b>FRP: </b> 4.14 MW<br/>\n                    <b>Brightness: </b> 299.63 K" }, "geometry": { "type": "Polygon", "coordinates": [ [ [ 71.6236, 59.40986 ], [ 71.63022, 59.40986 ], [ 71.63022, 59.4065 ], [ 71.6236, 59.4065 ], [ 71.6236, 59.40986 ] ] ] } },
{ "type": "Feature", "properties": { "sensor": "NOAA-21", "description": "<b>Latitude: </b> 59.41456<br/> \n                    <b>Longitude: </b> 71.62632<br/> \n                    <b>Detection Time: </b> 2026-09-26 20:06 UTC<br/> \n                    <b>Sensor: </b> NOAA-21 VIIRS<br/>\n                    <b>Confidence: </b> Nominal<br/> \n                    <b>Day/Night: </b> Night<br/>\n                    <b>Scan: </b> 0.57 km<br/>\n                    <b>Track: </b> 0.69 km<br/>\n                    <b>FRP: </b> 4.14 MW<br/>\n                    <b>Brightness: </b> 339.57 K" }, "geometry": { "type": "Polygon", "coordinates": [ [ [ 71.62301, 59.41624 ], [ 71.62963, 59.41624 ], [ 71.62963, 59.41288 ], [ 71.62301, 59.41288 ], [ 71.62301, 59.41624 ] ] ] } },
{ "type": "Feature", "properties": { "sensor": "NOAA-21", "description": "<b>Latitude: </b> 59.47098<br/> \n                    <b>Longitude: </b> 71.53489<br/> \n                    <b>Detection Time: </b> 2026-09-26 20:06 UTC<br/> \n                    <b>Sensor: </b> NOAA-21 VIIRS<br/>\n                    <b>Confidence: </b> Nominal<br/> \n                    <b>Day/Night: </b> Night<br/>\n                    <b>Scan: </b> 0.57 km<br/>\n                    <b>Track: </b> 0.69 km<br/>\n                    <b>FRP: </b> 1.48 MW<br/>\n                    <b>Brightness: </b> 304.61 K" }, "geometry": { "type": "Polygon", "coordinates": [ [ [ 71.53157, 59.47266 ], [ 71.53821, 59.47266 ], [ 71.53821, 59.4693 ], [ 71.53157, 59.4693 ], [ 71.53157, 59.47266 ] ] ] } },
{ "type": "Feature", "properties": { "sensor": "NOAA-21", "description": "<b>Latitude: </b> 59.75911<br/> \n                    <b>Longitude: </b> 71.73867<br/> \n                    <b>Detection Time: </b> 2026-09-26 20:06 UTC<br/> \n                    <b>Sensor: </b> NOAA-21 VIIRS<br/>\n                    <b>Confidence: </b> Nominal<br/> \n                    <b>Day/Night: </b> Night<br/>\n                    <b>Scan: </b> 0.56 km<br/>\n                    <b>Track: </b> 0.69 km<br/>\n                    <b>FRP: </b> 2.38 MW<br/>\n                    <b>Brightness: </b> 309.86 K" }, "geometry": { "type": "Polygon", "coordinates": [ [ [ 71.73533, 59.76079 ], [ 71.74201, 59.76079 ], [ 71.74201, 59.75743 ], [ 71.73533, 59.75743 ], [ 71.73533, 59.76079 ] ] ] } },
{ "type": "Feature", "properties": { "sensor": "NOAA-21", "description": "<b>Latitude: </b> 59.79357<br/> \n                    <b>Longitude: </b> 72.43208<br/> \n                    <b>Detection Time: </b> 2026-09-26 20:06 UTC<br/> \n                    <b>Sensor: </b> NOAA-21 VIIRS<br/>\n                    <b>Confidence: </b> Nominal<br/> \n                    <b>Day/Night: </b> Night<br/>\n                    <b>Scan: </b> 0.53 km<br/>\n                    <b>Track: </b> 0.67 km<br/>\n                    <b>FRP: </b> 0.67 MW<br/>\n                    <b>Brightness: </b> 298.89 K" }, "geometry": { "type": "Polygon", "coordinates": [ [ [ 72.42873, 59.79525 ], [ 72.43543, 59.79525 ], [ 72.43543, 59.79189 ], [ 72.42873, 59.79189 ], [ 72.42873, 59.79525 ] ] ] } },
{ "type": "Feature", "properties": { "sensor": "NOAA-21", "description": "<b>Latitude: </b> 59.88802<br/> \n                    <b>Longitude: </b> 71.73083<br/> \n                    <b>Detection Time: </b> 2026-09-26 20:06 UTC<br/> \n                    <b>Sensor: </b> NOAA-21 VIIRS<br/>\n                    <b>Confidence: </b> Nominal<br/> \n                    <b>Day/Night: </b> Night<br/>\n                    <b>Scan: </b> 0.56 km<br/>\n                    <b>Track: </b> 0.69 km<br/>\n                    <b>FRP: </b> 8.71 MW<br/>\n                    <b>Brightness: </b> 345.89 K" }, "geometry": { "type": "Polygon", "coordinates": [ [ [ 71.72747, 59.8897 ], [ 71.73419, 59.8897 ], [ 71.73419, 59.88634 ], [ 71.72747, 59.88634 ], [ 71.72747, 59.8897 ] ] ] } },
{ "type": "Feature", "properties": { "sensor": "NOAA-21", "description": "<b>Latitude: </b> 59.8894<br/> \n                    <b>Longitude: </b> 71.73236<br/> \n                    <b>Detection Time: </b> 2026-09-26 20:06 UTC<br/> \n                    <b>Sensor: </b> NOAA-21 VIIRS<br/>\n                    <b>Confidence: </b> High<br/> \n                    <b>Day/Night: </b> Night<br/>\n                    <b>Scan: </b> 0.56 km<br/>\n                    <b>Track: </b> 0.69 km<br/>\n                    <b>FRP: </b> 11.05 MW<br/>\n                    <b>Brightness: </b> 367 K" }, "geometry": { "type": "Polygon", "coordinates": [ [ [ 71.729, 59.89108 ], [ 71.73572, 59.89108 ], [ 71.73572, 59.88772 ], [ 71.729, 59.88772 ], [ 71.729, 59.89108 ] ] ] } },
{ "type": "Feature", "properties": { "sensor": "NOAA-21", "description": "<b>Latitude: </b> 60.06161<br/> \n                    <b>Longitude: </b> 72.76357<br/> \n                    <b>Detection Time: </b> 2026-09-26 20:06 UTC<br/> \n                    <b>Sensor: </b> NOAA-21 VIIRS<br/>\n                    <b>Confidence: </b> Nominal<br/> \n                    <b>Day/Night: </b> Night<br/>\n                    <b>Scan: </b> 0.52 km<br/>\n                    <b>Track: </b> 0.67 km<br/>\n                    <b>FRP: </b> 0.91 MW<br/>\n                    <b>Brightness: </b> 295.58 K" }, "geometry": { "type": "Polygon", "coordinates": [ [ [ 72.7602, 60.06329 ], [ 72.76694, 60.06329 ], [ 72.76694, 60.05993 ], [ 72.7602, 60.05993 ], [ 72.7602, 60.06329 ] ] ] } },
{ "type": "Feature", "properties": { "sensor": "NOAA-21", "description": "<b>Latitude: </b> 60.04131<br/> \n                    <b>Longitude: </b> 71.07122<br/> \n                    <b>Detection Time: </b> 2026-09-26 20:06 UTC<br/> \n                    <b>Sensor: </b> NOAA-21 VIIRS<br/>\n                    <b>Confidence: </b> Nominal<br/> \n                    <b>Day/Night: </b> Night<br/>\n                    <b>Scan: </b> 0.59 km<br/>\n                    <b>Track: </b> 0.7 km<br/>\n                    <b>FRP: </b> 0.76 MW<br/>\n                    <b>Brightness: </b> 296.02 K" }, "geometry": { "type": "Polygon", "coordinates": [ [ [ 71.06785, 60.04299 ], [ 71.07459, 60.04299 ], [ 71.07459, 60.03963 ], [ 71.06785, 60.03963 ], [ 71.06785, 60.04299 ] ] ] } },
{ "type": "Feature", "properties": { "sensor": "NOAA-21", "description": "<b>Latitude: </b> 60.09399<br/> \n                    <b>Longitude: </b> 72.41698<br/> \n                    <b>Detection Time: </b> 2026-09-26 20:06 UTC<br/> \n                    <b>Sensor: </b> NOAA-21 VIIRS<br/>\n                    <b>Confidence: </b> Nominal<br/> \n                    <b>Day/Night: </b> Night<br/>\n                    <b>Scan: </b> 0.53 km<br/>\n                    <b>Track: </b> 0.67 km<br/>\n                    <b>FRP: </b> 1.52 MW<br/>\n                    <b>Brightness: </b> 298.16 K" }, "geometry": { "type": "Polygon", "coordinates": [ [ [ 72.4136, 60.09567 ], [ 72.42036, 60.09567 ], [ 72.42036, 60.09231 ], [ 72.4136, 60.09231 ], [ 72.4136, 60.09567 ] ] ] } },
{ "type": "Feature", "properties": { "sensor": "NOAA-21", "description": "<b>Latitude: </b> 60.11823<br/> \n                    <b>Longitude: </b> 73.62469<br/> \n                    <b>Detection Time: </b> 2026-09-26 20:06 UTC<br/> \n                    <b>Sensor: </b> NOAA-21 VIIRS<br/>\n                    <b>Confidence: </b> Nominal<br/> \n                    <b>Day/Night: </b> Night<br/>\n                    <b>Scan: </b> 0.48 km<br/>\n                    <b>Track: </b> 0.65 km<br/>\n                    <b>FRP: </b> 1.55 MW<br/>\n                    <b>Brightness: </b> 295.58 K" }, "geometry": { "type": "Polygon", "coordinates": [ [ [ 73.62131, 60.11991 ], [ 73.62807, 60.11991 ], [ 73.62807, 60.11655 ], [ 73.62131, 60.11655 ], [ 73.62131, 60.11991 ] ] ] } },
{ "type": "Feature", "properties": { "sensor": "NOAA-21", "description": "<b>Latitude: </b> 60.04029<br/> \n                    <b>Longitude: </b> 71.06694<br/> \n                    <b>Detection Time: </b> 2026-09-26 20:06 UTC<br/> \n                    <b>Sensor: </b> NOAA-21 VIIRS<br/>\n                    <b>Confidence: </b> Nominal<br/> \n                    <b>Day/Night: </b> Night<br/>\n                    <b>Scan: </b> 0.59 km<br/>\n                    <b>Track: </b> 0.7 km<br/>\n                    <b>FRP: </b> 1.08 MW<br/>\n                    <b>Brightness: </b> 301.23 K" }, "geometry": { "type": "Polygon", "coordinates": [ [ [ 71.06357, 60.04197 ], [ 71.07031, 60.04197 ], [ 71.07031, 60.03861 ], [ 71.06357, 60.03861 ], [ 71.06357, 60.04197 ] ] ] } },
{ "type": "Feature", "properties": { "sensor": "NOAA-21", "description": "<b>Latitude: </b> 60.11405<br/> \n                    <b>Longitude: </b> 73.62251<br/> \n                    <b>Detection Time: </b> 2026-09-26 20:06 UTC<br/> \n                    <b>Sensor: </b> NOAA-21 VIIRS<br/>\n                    <b>Confidence: </b> Nominal<br/> \n                    <b>Day/Night: </b> Night<br/>\n                    <b>Scan: </b> 0.48 km<br/>\n                    <b>Track: </b> 0.65 km<br/>\n                    <b>FRP: </b> 0.97 MW<br/>\n                    <b>Brightness: </b> 298.77 K" }, "geometry": { "type": "Polygon", "coordinates": [ [ [ 73.61913, 60.11573 ], [ 73.62589, 60.11573 ], [ 73.62589, 60.11237 ], [ 73.61913, 60.11237 ], [ 73.61913, 60.11573 ] ] ] } },
{ "type": "Feature", "properties": { "sensor": "NOAA-21", "description": "<b>Latitude: </b> 60.09767<br/> \n                    <b>Longitude: </b> 72.4137<br/> \n                    <b>Detection Time: </b> 2026-09-26 20:06 UTC<br/> \n                    <b>Sensor: </b> NOAA-21 VIIRS<br/>\n                    <b>Confidence: </b> Nominal<br/> \n                    <b>Day/Night: </b> Night<br/>\n                    <b>Scan: </b> 0.53 km<br/>\n                    <b>Track: </b> 0.67 km<br/>\n                    <b>FRP: </b> 0.94 MW<br/>\n                    <b>Brightness: </b> 296.48 K" }, "geometry": { "type": "Polygon", "coordinates": [ [ [ 72.41032, 60.09935 ], [ 72.41708, 60.09935 ], [ 72.41708, 60.09599 ], [ 72.41032, 60.09599 ], [ 72.41032, 60.09935 ] ] ] } },
{ "type": "Feature", "properties": { "sensor": "NOAA-21", "description": "<b>Latitude: </b> 60.16162<br/> \n                    <b>Longitude: </b> 73.56722<br/> \n                    <b>Detection Time: </b> 2026-09-26 20:06 UTC<br/> \n                    <b>Sensor: </b> NOAA-21 VIIRS<br/>\n                    <b>Confidence: </b> Nominal<br/> \n                    <b>Day/Night: </b> Night<br/>\n                    <b>Scan: </b> 0.48 km<br/>\n                    <b>Track: </b> 0.65 km<br/>\n                    <b>FRP: </b> 2.45 MW<br/>\n                    <b>Brightness: </b> 309.07 K" }, "geometry": { "type": "Polygon", "coordinates": [ [ [ 73.56383, 60.1633 ], [ 73.57061, 60.1633 ], [ 73.57061, 60.15994 ], [ 73.56383, 60.15994 ], [ 73.56383, 60.1633 ] ] ] } },
{ "type": "Feature", "properties": { "sensor": "NOAA-21", "description": "<b>Latitude: </b> 60.27631<br/> \n                    <b>Longitude: </b> 77.91615<br/> \n                    <b>Detection Time: </b> 2026-09-26 20:06 UTC<br/> \n                    <b>Sensor: </b> NOAA-21 VIIRS<br/>\n                    <b>Confidence: </b> Nominal<br/> \n                    <b>Day/Night: </b> Night<br/>\n                    <b>Scan: </b> 0.34 km<br/>\n                    <b>Track: </b> 0.56 km<br/>\n                    <b>FRP: </b> 0.26 MW<br/>\n                    <b>Brightness: </b> 297.18 K" }, "geometry": { "type": "Polygon", "coordinates": [ [ [ 77.91275, 60.27799 ], [ 77.91955, 60.27799 ], [ 77.91955, 60.27463 ], [ 77.91275, 60.27463 ], [ 77.91275, 60.27799 ] ] ] } },
{ "type": "Feature", "properties": { "sensor": "NOAA-21", "description": "<b>Latitude: </b> 60.35795<br/> \n                    <b>Longitude: </b> 73.68213<br/> \n                    <b>Detection Time: </b> 2026-09-26 20:06 UTC<br/> \n                    <b>Sensor: </b> NOAA-21 VIIRS<br/>\n                    <b>Confidence: </b> Nominal<br/> \n                    <b>Day/Night: </b> Night<br/>\n                    <b>Scan: </b> 0.48 km<br/>\n                    <b>Track: </b> 0.65 km<br/>\n                    <b>FRP: </b> 0.78 MW<br/>\n                    <b>Brightness: </b> 298.44 K" }, "geometry": { "type": "Polygon", "coordinates": [ [ [ 73.67872, 60.35963 ], [ 73.68554, 60.35963 ], [ 73.68554, 60.35627 ], [ 73.67872, 60.35627 ], [ 73.67872, 60.35963 ] ] ] } },
{ "type": "Feature", "properties": { "sensor": "NOAA-21", "description": "<b>Latitude: </b> 60.50154<br/> \n                    <b>Longitude: </b> 72.53348<br/> \n                    <b>Detection Time: </b> 2026-09-26 20:06 UTC<br/> \n                    <b>Sensor: </b> NOAA-21 VIIRS<br/>\n                    <b>Confidence: </b> Nominal<br/> \n                    <b>Day/Night: </b> Night<br/>\n                    <b>Scan: </b> 0.53 km<br/>\n                    <b>Track: </b> 0.67 km<br/>\n                    <b>FRP: </b> 1.24 MW<br/>\n                    <b>Brightness: </b> 300.19 K" }, "geometry": { "type": "Polygon", "coordinates": [ [ [ 72.53006, 60.50322 ], [ 72.5369, 60.50322 ], [ 72.5369, 60.49986 ], [ 72.53006, 60.49986 ], [ 72.53006, 60.50322 ] ] ] } },
{ "type": "Feature", "properties": { "sensor": "NOAA-21", "description": "<b>Latitude: </b> 60.54742<br/> \n                    <b>Longitude: </b> 72.31396<br/> \n                    <b>Detection Time: </b> 2026-09-26 20:06 UTC<br/> \n                    <b>Sensor: </b> NOAA-21 VIIRS<br/>\n                    <b>Confidence: </b> Nominal<br/> \n                    <b>Day/Night: </b> Night<br/>\n                    <b>Scan: </b> 0.54 km<br/>\n                    <b>Track: </b> 0.68 km<br/>\n                    <b>FRP: </b> 1.48 MW<br/>\n                    <b>Brightness: </b> 309.91 K" }, "geometry": { "type": "Polygon", "coordinates": [ [ [ 72.31053, 60.5491 ], [ 72.31739, 60.5491 ], [ 72.31739, 60.54574 ], [ 72.31053, 60.54574 ], [ 72.31053, 60.5491 ] ] ] } },
{ "type": "Feature", "properties": { "sensor": "NOAA-21", "description": "<b>Latitude: </b> 60.57267<br/> \n                    <b>Longitude: </b> 71.98945<br/> \n                    <b>Detection Time: </b> 2026-09-26 20:06 UTC<br/> \n                    <b>Sensor: </b> NOAA-21 VIIRS<br/>\n                    <b>Confidence: </b> Nominal<br/> \n                    <b>Day/Night: </b> Night<br/>\n                    <b>Scan: </b> 0.55 km<br/>\n                    <b>Track: </b> 0.68 km<br/>\n                    <b>FRP: </b> 2.94 MW<br/>\n                    <b>Brightness: </b> 307.03 K" }, "geometry": { "type": "Polygon", "coordinates": [ [ [ 71.98602, 60.57435 ], [ 71.99288, 60.57435 ], [ 71.99288, 60.57099 ], [ 71.98602, 60.57099 ], [ 71.98602, 60.57435 ] ] ] } },
{ "type": "Feature", "properties": { "sensor": "NOAA-21", "description": "<b>Latitude: </b> 60.62129<br/> \n                    <b>Longitude: </b> 72.65032<br/> \n                    <b>Detection Time: </b> 2026-09-26 20:06 UTC<br/> \n                    <b>Sensor: </b> NOAA-21 VIIRS<br/>\n                    <b>Confidence: </b> Nominal<br/> \n                    <b>Day/Night: </b> Night<br/>\n                    <b>Scan: </b> 0.52 km<br/>\n                    <b>Track: </b> 0.67 km<br/>\n                    <b>FRP: </b> 3.44 MW<br/>\n                    <b>Brightness: </b> 305.85 K" }, "geometry": { "type": "Polygon", "coordinates": [ [ [ 72.64689, 60.62297 ], [ 72.65375, 60.62297 ], [ 72.65375, 60.61961 ], [ 72.64689, 60.61961 ], [ 72.64689, 60.62297 ] ] ] } },
{ "type": "Feature", "properties": { "sensor": "NOAA-21", "description": "<b>Latitude: </b> 60.62116<br/> \n                    <b>Longitude: </b> 72.64072<br/> \n                    <b>Detection Time: </b> 2026-09-26 20:06 UTC<br/> \n                    <b>Sensor: </b> NOAA-21 VIIRS<br/>\n                    <b>Confidence: </b> Nominal<br/> \n                    <b>Day/Night: </b> Night<br/>\n                    <b>Scan: </b> 0.52 km<br/>\n                    <b>Track: </b> 0.67 km<br/>\n                    <b>FRP: </b> 4.03 MW<br/>\n                    <b>Brightness: </b> 318.23 K" }, "geometry": { "type": "Polygon", "coordinates": [ [ [ 72.63729, 60.62284 ], [ 72.64415, 60.62284 ], [ 72.64415, 60.61948 ], [ 72.63729, 60.61948 ], [ 72.63729, 60.62284 ] ] ] } },
{ "type": "Feature", "properties": { "sensor": "NOAA-21", "description": "<b>Latitude: </b> 60.6197<br/> \n                    <b>Longitude: </b> 72.64684<br/> \n                    <b>Detection Time: </b> 2026-09-26 20:06 UTC<br/> \n                    <b>Sensor: </b> NOAA-21 VIIRS<br/>\n                    <b>Confidence: </b> Nominal<br/> \n                    <b>Day/Night: </b> Night<br/>\n                    <b>Scan: </b> 0.52 km<br/>\n                    <b>Track: </b> 0.67 km<br/>\n                    <b>FRP: </b> 4.09 MW<br/>\n                    <b>Brightness: </b> 326.35 K" }, "geometry": { "type": "Polygon", "coordinates": [ [ [ 72.64341, 60.62138 ], [ 72.65027, 60.62138 ], [ 72.65027, 60.61802 ], [ 72.64341, 60.61802 ], [ 72.64341, 60.62138 ] ] ] } },
{ "type": "Feature", "properties": { "sensor": "NOAA-21", "description": "<b>Latitude: </b> 60.71699<br/> \n                    <b>Longitude: </b> 72.52275<br/> \n                    <b>Detection Time: </b> 2026-09-26 20:06 UTC<br/> \n                    <b>Sensor: </b> NOAA-21 VIIRS<br/>\n                    <b>Confidence: </b> Nominal<br/> \n                    <b>Day/Night: </b> Night<br/>\n                    <b>Scan: </b> 0.53 km<br/>\n                    <b>Track: </b> 0.67 km<br/>\n                    <b>FRP: </b> 4.86 MW<br/>\n                    <b>Brightness: </b> 313.46 K" }, "geometry": { "type": "Polygon", "coordinates": [ [ [ 72.51931, 60.71867 ], [ 72.52619, 60.71867 ], [ 72.52619, 60.71531 ], [ 72.51931, 60.71531 ], [ 72.51931, 60.71867 ] ] ] } },
{ "type": "Feature", "properties": { "sensor": "NOAA-21", "description": "<b>Latitude: </b> 60.71684<br/> \n                    <b>Longitude: </b> 72.51293<br/> \n                    <b>Detection Time: </b> 2026-09-26 20:06 UTC<br/> \n                    <b>Sensor: </b> NOAA-21 VIIRS<br/>\n                    <b>Confidence: </b> Nominal<br/> \n                    <b>Day/Night: </b> Night<br/>\n                    <b>Scan: </b> 0.53 km<br/>\n                    <b>Track: </b> 0.67 km<br/>\n                    <b>FRP: </b> 4.86 MW<br/>\n                    <b>Brightness: </b> 331.19 K" }, "geometry": { "type": "Polygon", "coordinates": [ [ [ 72.50949, 60.71852 ], [ 72.51637, 60.71852 ], [ 72.51637, 60.71516 ], [ 72.50949, 60.71516 ], [ 72.50949, 60.71852 ] ] ] } },
{ "type": "Feature", "properties": { "sensor": "NOAA-21", "description": "<b>Latitude: </b> 60.71468<br/> \n                    <b>Longitude: </b> 72.51904<br/> \n                    <b>Detection Time: </b> 2026-09-26 20:06 UTC<br/> \n                    <b>Sensor: </b> NOAA-21 VIIRS<br/>\n                    <b>Confidence: </b> Nominal<br/> \n                    <b>Day/Night: </b> Night<br/>\n                    <b>Scan: </b> 0.53 km<br/>\n                    <b>Track: </b> 0.67 km<br/>\n                    <b>FRP: </b> 7.71 MW<br/>\n                    <b>Brightness: </b> 347.09 K" }, "geometry": { "type": "Polygon", "coordinates": [ [ [ 72.5156, 60.71636 ], [ 72.52248, 60.71636 ], [ 72.52248, 60.713 ], [ 72.5156, 60.713 ], [ 72.5156, 60.71636 ] ] ] } },
{ "type": "Feature", "properties": { "sensor": "NOAA-21", "description": "<b>Latitude: </b> 60.77562<br/> \n                    <b>Longitude: </b> 72.4444<br/> \n                    <b>Detection Time: </b> 2026-09-26 20:06 UTC<br/> \n                    <b>Sensor: </b> NOAA-21 VIIRS<br/>\n                    <b>Confidence: </b> Nominal<br/> \n                    <b>Day/Night: </b> Night<br/>\n                    <b>Scan: </b> 0.53 km<br/>\n                    <b>Track: </b> 0.67 km<br/>\n                    <b>FRP: </b> 4.13 MW<br/>\n                    <b>Brightness: </b> 330.4 K" }, "geometry": { "type": "Polygon", "coordinates": [ [ [ 72.44095, 60.7773 ], [ 72.44785, 60.7773 ], [ 72.44785, 60.77394 ], [ 72.44095, 60.77394 ], [ 72.44095, 60.7773 ] ] ] } },
{ "type": "Feature", "properties": { "sensor": "NOAA-21", "description": "<b>Latitude: </b> 60.74427<br/> \n                    <b>Longitude: </b> 70.81519<br/> \n                    <b>Detection Time: </b> 2026-09-26 20:06 UTC<br/> \n                    <b>Sensor: </b> NOAA-21 VIIRS<br/>\n                    <b>Confidence: </b> Nominal<br/> \n                    <b>Day/Night: </b> Night<br/>\n                    <b>Scan: </b> 0.6 km<br/>\n                    <b>Track: </b> 0.71 km<br/>\n                    <b>FRP: </b> 2.89 MW<br/>\n                    <b>Brightness: </b> 310.09 K" }, "geometry": { "type": "Polygon", "coordinates": [ [ [ 70.81174, 60.74595 ], [ 70.81864, 60.74595 ], [ 70.81864, 60.74259 ], [ 70.81174, 60.74259 ], [ 70.81174, 60.74595 ] ] ] } },
{ "type": "Feature", "properties": { "sensor": "NOAA-21", "description": "<b>Latitude: </b> 60.76431<br/> \n                    <b>Longitude: </b> 70.17776<br/> \n                    <b>Detection Time: </b> 2026-09-26 20:06 UTC<br/> \n                    <b>Sensor: </b> NOAA-21 VIIRS<br/>\n                    <b>Confidence: </b> Nominal<br/> \n                    <b>Day/Night: </b> Night<br/>\n                    <b>Scan: </b> 0.63 km<br/>\n                    <b>Track: </b> 0.72 km<br/>\n                    <b>FRP: </b> 2.82 MW<br/>\n                    <b>Brightness: </b> 317.68 K" }, "geometry": { "type": "Polygon", "coordinates": [ [ [ 70.17431, 60.76599 ], [ 70.18121, 60.76599 ], [ 70.18121, 60.76263 ], [ 70.17431, 60.76263 ], [ 70.17431, 60.76599 ] ] ] } },
{ "type": "Feature", "properties": { "sensor": "NOAA-21", "description": "<b>Latitude: </b> 60.76392<br/> \n                    <b>Longitude: </b> 70.16597<br/> \n                    <b>Detection Time: </b> 2026-09-26 20:06 UTC<br/> \n                    <b>Sensor: </b> NOAA-21 VIIRS<br/>\n                    <b>Confidence: </b> Nominal<br/> \n                    <b>Day/Night: </b> Night<br/>\n                    <b>Scan: </b> 0.63 km<br/>\n                    <b>Track: </b> 0.72 km<br/>\n                    <b>FRP: </b> 2.82 MW<br/>\n                    <b>Brightness: </b> 295.21 K" }, "geometry": { "type": "Polygon", "coordinates": [ [ [ 70.16252, 60.7656 ], [ 70.16942, 60.7656 ], [ 70.16942, 60.76224 ], [ 70.16252, 60.76224 ], [ 70.16252, 60.7656 ] ] ] } },
{ "type": "Feature", "properties": { "sensor": "NOAA-21", "description": "<b>Latitude: </b> 60.76722<br/> \n                    <b>Longitude: </b> 70.17601<br/> \n                    <b>Detection Time: </b> 2026-09-26 20:06 UTC<br/> \n                    <b>Sensor: </b> NOAA-21 VIIRS<br/>\n                    <b>Confidence: </b> Nominal<br/> \n                    <b>Day/Night: </b> Night<br/>\n                    <b>Scan: </b> 0.63 km<br/>\n                    <b>Track: </b> 0.72 km<br/>\n                    <b>FRP: </b> 4.65 MW<br/>\n                    <b>Brightness: </b> 323.45 K" }, "geometry": { "type": "Polygon", "coordinates": [ [ [ 70.17256, 60.7689 ], [ 70.17946, 60.7689 ], [ 70.17946, 60.76554 ], [ 70.17256, 60.76554 ], [ 70.17256, 60.7689 ] ] ] } },
{ "type": "Feature", "properties": { "sensor": "NOAA-21", "description": "<b>Latitude: </b> 60.8585<br/> \n                    <b>Longitude: </b> 72.68333<br/> \n                    <b>Detection Time: </b> 2026-09-26 20:06 UTC<br/> \n                    <b>Sensor: </b> NOAA-21 VIIRS<br/>\n                    <b>Confidence: </b> Nominal<br/> \n                    <b>Day/Night: </b> Night<br/>\n                    <b>Scan: </b> 0.52 km<br/>\n                    <b>Track: </b> 0.67 km<br/>\n                    <b>FRP: </b> 1.42 MW<br/>\n                    <b>Brightness: </b> 299.93 K" }, "geometry": { "type": "Polygon", "coordinates": [ [ [ 72.67987, 60.86018 ], [ 72.68679, 60.86018 ], [ 72.68679, 60.85682 ], [ 72.67987, 60.85682 ], [ 72.67987, 60.86018 ] ] ] } },
{ "type": "Feature", "properties": { "sensor": "NOAA-21", "description": "<b>Latitude: </b> 60.89114<br/> \n                    <b>Longitude: </b> 72.79702<br/> \n                    <b>Detection Time: </b> 2026-09-26 20:06 UTC<br/> \n                    <b>Sensor: </b> NOAA-21 VIIRS<br/>\n                    <b>Confidence: </b> Nominal<br/> \n                    <b>Day/Night: </b> Night<br/>\n                    <b>Scan: </b> 0.52 km<br/>\n                    <b>Track: </b> 0.66 km<br/>\n                    <b>FRP: </b> 0.95 MW<br/>\n                    <b>Brightness: </b> 302.34 K" }, "geometry": { "type": "Polygon", "coordinates": [ [ [ 72.79356, 60.89282 ], [ 72.80048, 60.89282 ], [ 72.80048, 60.88946 ], [ 72.79356, 60.88946 ], [ 72.79356, 60.89282 ] ] ] } },
{ "type": "Feature", "properties": { "sensor": "NOAA-21", "description": "<b>Latitude: </b> 60.86069<br/> \n                    <b>Longitude: </b> 71.28579<br/> \n                    <b>Detection Time: </b> 2026-09-26 20:06 UTC<br/> \n                    <b>Sensor: </b> NOAA-21 VIIRS<br/>\n                    <b>Confidence: </b> Nominal<br/> \n                    <b>Day/Night: </b> Night<br/>\n                    <b>Scan: </b> 0.58 km<br/>\n                    <b>Track: </b> 0.7 km<br/>\n                    <b>FRP: </b> 7.63 MW<br/>\n                    <b>Brightness: </b> 330.44 K" }, "geometry": { "type": "Polygon", "coordinates": [ [ [ 71.28233, 60.86237 ], [ 71.28925, 60.86237 ], [ 71.28925, 60.85901 ], [ 71.28233, 60.85901 ], [ 71.28233, 60.86237 ] ] ] } },
{ "type": "Feature", "properties": { "sensor": "NOAA-21", "description": "<b>Latitude: </b> 60.86041<br/> \n                    <b>Longitude: </b> 71.27491<br/> \n                    <b>Detection Time: </b> 2026-09-26 20:06 UTC<br/> \n                    <b>Sensor: </b> NOAA-21 VIIRS<br/>\n                    <b>Confidence: </b> Nominal<br/> \n                    <b>Day/Night: </b> Night<br/>\n                    <b>Scan: </b> 0.58 km<br/>\n                    <b>Track: </b> 0.7 km<br/>\n                    <b>FRP: </b> 7.63 MW<br/>\n                    <b>Brightness: </b> 329.84 K" }, "geometry": { "type": "Polygon", "coordinates": [ [ [ 71.27145, 60.86209 ], [ 71.27837, 60.86209 ], [ 71.27837, 60.85873 ], [ 71.27145, 60.85873 ], [ 71.27145, 60.86209 ] ] ] } },
{ "type": "Feature", "properties": { "sensor": "NOAA-21", "description": "<b>Latitude: </b> 60.9508<br/> \n                    <b>Longitude: </b> 72.39655<br/> \n                    <b>Detection Time: </b> 2026-09-26 20:06 UTC<br/> \n                    <b>Sensor: </b> NOAA-21 VIIRS<br/>\n                    <b>Confidence: </b> Nominal<br/> \n                    <b>Day/Night: </b> Night<br/>\n                    <b>Scan: </b> 0.53 km<br/>\n                    <b>Track: </b> 0.67 km<br/>\n                    <b>FRP: </b> 2.64 MW<br/>\n                    <b>Brightness: </b> 319.49 K" }, "geometry": { "type": "Polygon", "coordinates": [ [ [ 72.39308, 60.95248 ], [ 72.40002, 60.95248 ], [ 72.40002, 60.94912 ], [ 72.39308, 60.94912 ], [ 72.39308, 60.95248 ] ] ] } },
{ "type": "Feature", "properties": { "sensor": "NOAA-21", "description": "<b>Latitude: </b> 60.95882<br/> \n                    <b>Longitude: </b> 70.85862<br/> \n                    <b>Detection Time: </b> 2026-09-26 20:06 UTC<br/> \n                    <b>Sensor: </b> NOAA-21 VIIRS<br/>\n                    <b>Confidence: </b> Nominal<br/> \n                    <b>Day/Night: </b> Night<br/>\n                    <b>Scan: </b> 0.6 km<br/>\n                    <b>Track: </b> 0.71 km<br/>\n                    <b>FRP: </b> 1.11 MW<br/>\n                    <b>Brightness: </b> 300.79 K" }, "geometry": { "type": "Polygon", "coordinates": [ [ [ 70.85515, 60.9605 ], [ 70.86209, 60.9605 ], [ 70.86209, 60.95714 ], [ 70.85515, 60.95714 ], [ 70.85515, 60.9605 ] ] ] } },
{ "type": "Feature", "properties": { "sensor": "NOAA-21", "description": "<b>Latitude: </b> 61.01679<br/> \n                    <b>Longitude: </b> 72.61849<br/> \n                    <b>Detection Time: </b> 2026-09-26 20:06 UTC<br/> \n                    <b>Sensor: </b> NOAA-21 VIIRS<br/>\n                    <b>Confidence: </b> Nominal<br/> \n                    <b>Day/Night: </b> Night<br/>\n                    <b>Scan: </b> 0.52 km<br/>\n                    <b>Track: </b> 0.67 km<br/>\n                    <b>FRP: </b> 4.09 MW<br/>\n                    <b>Brightness: </b> 327.52 K" }, "geometry": { "type": "Polygon", "coordinates": [ [ [ 72.61501, 61.01847 ], [ 72.62197, 61.01847 ], [ 72.62197, 61.01511 ], [ 72.61501, 61.01511 ], [ 72.61501, 61.01847 ] ] ] } },
{ "type": "Feature", "properties": { "sensor": "NOAA-21", "description": "<b>Latitude: </b> 61.02113<br/> \n                    <b>Longitude: </b> 72.61324<br/> \n                    <b>Detection Time: </b> 2026-09-26 20:06 UTC<br/> \n                    <b>Sensor: </b> NOAA-21 VIIRS<br/>\n                    <b>Confidence: </b> Nominal<br/> \n                    <b>Day/Night: </b> Night<br/>\n                    <b>Scan: </b> 0.52 km<br/>\n                    <b>Track: </b> 0.67 km<br/>\n                    <b>FRP: </b> 3.54 MW<br/>\n                    <b>Brightness: </b> 314.89 K" }, "geometry": { "type": "Polygon", "coordinates": [ [ [ 72.60976, 61.02281 ], [ 72.61672, 61.02281 ], [ 72.61672, 61.01945 ], [ 72.60976, 61.01945 ], [ 72.60976, 61.02281 ] ] ] } },
{ "type": "Feature", "properties": { "sensor": "NOAA-21", "description": "<b>Latitude: </b> 61.14067<br/> \n                    <b>Longitude: </b> 76.52733<br/> \n                    <b>Detection Time: </b> 2026-09-26 20:06 UTC<br/> \n                    <b>Sensor: </b> NOAA-21 VIIRS<br/>\n                    <b>Confidence: </b> Nominal<br/> \n                    <b>Day/Night: </b> Night<br/>\n                    <b>Scan: </b> 0.38 km<br/>\n                    <b>Track: </b> 0.59 km<br/>\n                    <b>FRP: </b> 0.53 MW<br/>\n                    <b>Brightness: </b> 297.86 K" }, "geometry": { "type": "Polygon", "coordinates": [ [ [ 76.52384, 61.14235 ], [ 76.53082, 61.14235 ], [ 76.53082, 61.13899 ], [ 76.52384, 61.13899 ], [ 76.52384, 61.14235 ] ] ] } },
{ "type": "Feature", "properties": { "sensor": "NOAA-21", "description": "<b>Latitude: </b> 61.15628<br/> \n                    <b>Longitude: </b> 72.99215<br/> \n                    <b>Detection Time: </b> 2026-09-26 20:06 UTC<br/> \n                    <b>Sensor: </b> NOAA-21 VIIRS<br/>\n                    <b>Confidence: </b> Nominal<br/> \n                    <b>Day/Night: </b> Night<br/>\n                    <b>Scan: </b> 0.51 km<br/>\n                    <b>Track: </b> 0.66 km<br/>\n                    <b>FRP: </b> 0.85 MW<br/>\n                    <b>Brightness: </b> 295.19 K" }, "geometry": { "type": "Polygon", "coordinates": [ [ [ 72.98866, 61.15796 ], [ 72.99564, 61.15796 ], [ 72.99564, 61.1546 ], [ 72.98866, 61.1546 ], [ 72.98866, 61.15796 ] ] ] } },
{ "type": "Feature", "properties": { "sensor": "NOAA-21", "description": "<b>Latitude: </b> 61.27763<br/> \n                    <b>Longitude: </b> 72.97153<br/> \n                    <b>Detection Time: </b> 2026-09-26 20:06 UTC<br/> \n                    <b>Sensor: </b> NOAA-21 VIIRS<br/>\n                    <b>Confidence: </b> Nominal<br/> \n                    <b>Day/Night: </b> Night<br/>\n                    <b>Scan: </b> 0.51 km<br/>\n                    <b>Track: </b> 0.66 km<br/>\n                    <b>FRP: </b> 3.71 MW<br/>\n                    <b>Brightness: </b> 317.57 K" }, "geometry": { "type": "Polygon", "coordinates": [ [ [ 72.96803, 61.27931 ], [ 72.97503, 61.27931 ], [ 72.97503, 61.27595 ], [ 72.96803, 61.27595 ], [ 72.96803, 61.27931 ] ] ] } },
{ "type": "Feature", "properties": { "sensor": "NOAA-21", "description": "<b>Latitude: </b> 61.28375<br/> \n                    <b>Longitude: </b> 72.97111<br/> \n                    <b>Detection Time: </b> 2026-09-26 20:06 UTC<br/> \n                    <b>Sensor: </b> NOAA-21 VIIRS<br/>\n                    <b>Confidence: </b> Nominal<br/> \n                    <b>Day/Night: </b> Night<br/>\n                    <b>Scan: </b> 0.51 km<br/>\n                    <b>Track: </b> 0.66 km<br/>\n                    <b>FRP: </b> 1.84 MW<br/>\n                    <b>Brightness: </b> 297.46 K" }, "geometry": { "type": "Polygon", "coordinates": [ [ [ 72.9676, 61.28543 ], [ 72.97462, 61.28543 ], [ 72.97462, 61.28207 ], [ 72.9676, 61.28207 ], [ 72.9676, 61.28543 ] ] ] } },
{ "type": "Feature", "properties": { "sensor": "NOAA-21", "description": "<b>Latitude: </b> 68.52477<br/> \n                    <b>Longitude: </b> 79.95158<br/> \n                    <b>Detection Time: </b> 2026-09-26 20:04 UTC<br/> \n                    <b>Sensor: </b> NOAA-21 VIIRS<br/>\n                    <b>Confidence: </b> Nominal<br/> \n                    <b>Day/Night: </b> Night<br/>\n                    <b>Scan: </b> 0.33 km<br/>\n                    <b>Track: </b> 0.55 km<br/>\n                    <b>FRP: </b> 49.72 MW<br/>\n                    <b>Brightness: </b> 351.75 K" }, "geometry": { "type": "Polygon", "coordinates": [ [ [ 79.94698, 68.52645 ], [ 79.95618, 68.52645 ], [ 79.95618, 68.52309 ], [ 79.94698, 68.52309 ], [ 79.94698, 68.52645 ] ] ] } },
{ "type": "Feature", "properties": { "sensor": "NOAA-21", "description": "<b>Latitude: </b> 66.18843<br/> \n                    <b>Longitude: </b> 77.68366<br/> \n                    <b>Detection Time: </b> 2026-09-26 20:04 UTC<br/> \n                    <b>Sensor: </b> NOAA-21 VIIRS<br/>\n                    <b>Confidence: </b> Nominal<br/> \n                    <b>Day/Night: </b> Night<br/>\n                    <b>Scan: </b> 0.37 km<br/>\n                    <b>Track: </b> 0.58 km<br/>\n                    <b>FRP: </b> 2.87 MW<br/>\n                    <b>Brightness: </b> 330.88 K" }, "geometry": { "type": "Polygon", "coordinates": [ [ [ 77.67949, 66.19011 ], [ 77.68783, 66.19011 ], [ 77.68783, 66.18675 ], [ 77.67949, 66.18675 ], [ 77.67949, 66.19011 ] ] ] } },
{ "type": "Feature", "properties": { "sensor": "NOAA-21", "description": "<b>Latitude: </b> 66.4044<br/> \n                    <b>Longitude: </b> 77.47315<br/> \n                    <b>Detection Time: </b> 2026-09-26 20:04 UTC<br/> \n                    <b>Sensor: </b> NOAA-21 VIIRS<br/>\n                    <b>Confidence: </b> High<br/> \n                    <b>Day/Night: </b> Night<br/>\n                    <b>Scan: </b> 0.38 km<br/>\n                    <b>Track: </b> 0.58 km<br/>\n                    <b>FRP: </b> 16.22 MW<br/>\n                    <b>Brightness: </b> 367 K" }, "geometry": { "type": "Polygon", "coordinates": [ [ [ 77.46894, 66.40608 ], [ 77.47736, 66.40608 ], [ 77.47736, 66.40272 ], [ 77.46894, 66.40272 ], [ 77.46894, 66.40608 ] ] ] } },
{ "type": "Feature", "properties": { "sensor": "NOAA-21", "description": "<b>Latitude: </b> 66.90486<br/> \n                    <b>Longitude: </b> 75.60928<br/> \n                    <b>Detection Time: </b> 2026-09-26 20:04 UTC<br/> \n                    <b>Sensor: </b> NOAA-21 VIIRS<br/>\n                    <b>Confidence: </b> Nominal<br/> \n                    <b>Day/Night: </b> Night<br/>\n                    <b>Scan: </b> 0.42 km<br/>\n                    <b>Track: </b> 0.61 km<br/>\n                    <b>FRP: </b> 6.34 MW<br/>\n                    <b>Brightness: </b> 338.35 K" }, "geometry": { "type": "Polygon", "coordinates": [ [ [ 75.60499, 66.90654 ], [ 75.61357, 66.90654 ], [ 75.61357, 66.90318 ], [ 75.60499, 66.90318 ], [ 75.60499, 66.90654 ] ] ] } },
{ "type": "Feature", "properties": { "sensor": "NOAA-21", "description": "<b>Latitude: </b> 66.90481<br/> \n                    <b>Longitude: </b> 75.59946<br/> \n                    <b>Detection Time: </b> 2026-09-26 20:04 UTC<br/> \n                    <b>Sensor: </b> NOAA-21 VIIRS<br/>\n                    <b>Confidence: </b> Nominal<br/> \n                    <b>Day/Night: </b> Night<br/>\n                    <b>Scan: </b> 0.42 km<br/>\n                    <b>Track: </b> 0.61 km<br/>\n                    <b>FRP: </b> 6.34 MW<br/>\n                    <b>Brightness: </b> 335.69 K" }, "geometry": { "type": "Polygon", "coordinates": [ [ [ 75.59517, 66.90649 ], [ 75.60375, 66.90649 ], [ 75.60375, 66.90313 ], [ 75.59517, 66.90313 ], [ 75.59517, 66.90649 ] ] ] } },
{ "type": "Feature", "properties": { "sensor": "NOAA-21", "description": "<b>Latitude: </b> 66.95579<br/> \n                    <b>Longitude: </b> 75.52816<br/> \n                    <b>Detection Time: </b> 2026-09-26 20:04 UTC<br/> \n                    <b>Sensor: </b> NOAA-21 VIIRS<br/>\n                    <b>Confidence: </b> Nominal<br/> \n                    <b>Day/Night: </b> Night<br/>\n                    <b>Scan: </b> 0.43 km<br/>\n                    <b>Track: </b> 0.62 km<br/>\n                    <b>FRP: </b> 14.45 MW<br/>\n                    <b>Brightness: </b> 319.13 K" }, "geometry": { "type": "Polygon", "coordinates": [ [ [ 75.52386, 66.95747 ], [ 75.53246, 66.95747 ], [ 75.53246, 66.95411 ], [ 75.52386, 66.95411 ], [ 75.52386, 66.95747 ] ] ] } },
{ "type": "Feature", "properties": { "sensor": "NOAA-21", "description": "<b>Latitude: </b> 66.95584<br/> \n                    <b>Longitude: </b> 75.53814<br/> \n                    <b>Detection Time: </b> 2026-09-26 20:04 UTC<br/> \n                    <b>Sensor: </b> NOAA-21 VIIRS<br/>\n                    <b>Confidence: </b> Nominal<br/> \n                    <b>Day/Night: </b> Night<br/>\n                    <b>Scan: </b> 0.43 km<br/>\n                    <b>Track: </b> 0.62 km<br/>\n                    <b>FRP: </b> 20.64 MW<br/>\n                    <b>Brightness: </b> 353.74 K" }, "geometry": { "type": "Polygon", "coordinates": [ [ [ 75.53384, 66.95752 ], [ 75.54244, 66.95752 ], [ 75.54244, 66.95416 ], [ 75.53384, 66.95416 ], [ 75.53384, 66.95752 ] ] ] } },
{ "type": "Feature", "properties": { "sensor": "NOAA-21", "description": "<b>Latitude: </b> 67.28796<br/> \n                    <b>Longitude: </b> 75.11669<br/> \n                    <b>Detection Time: </b> 2026-09-26 20:04 UTC<br/> \n                    <b>Sensor: </b> NOAA-21 VIIRS<br/>\n                    <b>Confidence: </b> Nominal<br/> \n                    <b>Day/Night: </b> Night<br/>\n                    <b>Scan: </b> 0.44 km<br/>\n                    <b>Track: </b> 0.62 km<br/>\n                    <b>FRP: </b> 1.99 MW<br/>\n                    <b>Brightness: </b> 297.72 K" }, "geometry": { "type": "Polygon", "coordinates": [ [ [ 75.11233, 67.28964 ], [ 75.12105, 67.28964 ], [ 75.12105, 67.28628 ], [ 75.11233, 67.28628 ], [ 75.11233, 67.28964 ] ] ] } },
{ "type": "Feature", "properties": { "sensor": "NOAA-21", "description": "<b>Latitude: </b> 67.2879<br/> \n                    <b>Longitude: </b> 75.10632<br/> \n                    <b>Detection Time: </b> 2026-09-26 20:04 UTC<br/> \n                    <b>Sensor: </b> NOAA-21 VIIRS<br/>\n                    <b>Confidence: </b> Nominal<br/> \n                    <b>Day/Night: </b> Night<br/>\n                    <b>Scan: </b> 0.44 km<br/>\n                    <b>Track: </b> 0.62 km<br/>\n                    <b>FRP: </b> 2.39 MW<br/>\n                    <b>Brightness: </b> 310.21 K" }, "geometry": { "type": "Polygon", "coordinates": [ [ [ 75.10196, 67.28958 ], [ 75.11068, 67.28958 ], [ 75.11068, 67.28622 ], [ 75.10196, 67.28622 ], [ 75.10196, 67.28958 ] ] ] } },
{ "type": "Feature", "properties": { "sensor": "NOAA-21", "description": "<b>Latitude: </b> 67.28797<br/> \n                    <b>Longitude: </b> 75.11145<br/> \n                    <b>Detection Time: </b> 2026-09-26 20:04 UTC<br/> \n                    <b>Sensor: </b> NOAA-21 VIIRS<br/>\n                    <b>Confidence: </b> Nominal<br/> \n                    <b>Day/Night: </b> Night<br/>\n                    <b>Scan: </b> 0.44 km<br/>\n                    <b>Track: </b> 0.62 km<br/>\n                    <b>FRP: </b> 3.22 MW<br/>\n                    <b>Brightness: </b> 328.11 K" }, "geometry": { "type": "Polygon", "coordinates": [ [ [ 75.10709, 67.28965 ], [ 75.11581, 67.28965 ], [ 75.11581, 67.28629 ], [ 75.10709, 67.28629 ], [ 75.10709, 67.28965 ] ] ] } },
{ "type": "Feature", "properties": { "sensor": "NOAA-21", "description": "<b>Latitude: </b> 67.54546<br/> \n                    <b>Longitude: </b> 83.20884<br/> \n                    <b>Detection Time: </b> 2026-09-26 20:04 UTC<br/> \n                    <b>Sensor: </b> NOAA-21 VIIRS<br/>\n                    <b>Confidence: </b> Nominal<br/> \n                    <b>Day/Night: </b> Night<br/>\n                    <b>Scan: </b> 0.53 km<br/>\n                    <b>Track: </b> 0.5 km<br/>\n                    <b>FRP: </b> 1.51 MW<br/>\n                    <b>Brightness: </b> 302.31 K" }, "geometry": { "type": "Polygon", "coordinates": [ [ [ 83.20443, 67.54714 ], [ 83.21325, 67.54714 ], [ 83.21325, 67.54378 ], [ 83.20443, 67.54378 ], [ 83.20443, 67.54714 ] ] ] } },
{ "type": "Feature", "properties": { "sensor": "NOAA-21", "description": "<b>Latitude: </b> 69.62225<br/> \n                    <b>Longitude: </b> 81.82482<br/> \n                    <b>Detection Time: </b> 2026-09-26 20:04 UTC<br/> \n                    <b>Sensor: </b> NOAA-21 VIIRS<br/>\n                    <b>Confidence: </b> Nominal<br/> \n                    <b>Day/Night: </b> Night<br/>\n                    <b>Scan: </b> 0.6 km<br/>\n                    <b>Track: </b> 0.53 km<br/>\n                    <b>FRP: </b> 1.39 MW<br/>\n                    <b>Brightness: </b> 300.38 K" }, "geometry": { "type": "Polygon", "coordinates": [ [ [ 81.81998, 69.62393 ], [ 81.82966, 69.62393 ], [ 81.82966, 69.62057 ], [ 81.81998, 69.62057 ], [ 81.81998, 69.62393 ] ] ] } },
{ "type": "Feature", "properties": { "sensor": "NOAA-21", "description": "<b>Latitude: </b> 69.6152<br/> \n                    <b>Longitude: </b> 81.71291<br/> \n                    <b>Detection Time: </b> 2026-09-26 20:04 UTC<br/> \n                    <b>Sensor: </b> NOAA-21 VIIRS<br/>\n                    <b>Confidence: </b> Nominal<br/> \n                    <b>Day/Night: </b> Night<br/>\n                    <b>Scan: </b> 0.6 km<br/>\n                    <b>Track: </b> 0.53 km<br/>\n                    <b>FRP: </b> 6.1 MW<br/>\n                    <b>Brightness: </b> 328.3 K" }, "geometry": { "type": "Polygon", "coordinates": [ [ [ 81.70807, 69.61688 ], [ 81.71775, 69.61688 ], [ 81.71775, 69.61352 ], [ 81.70807, 69.61352 ], [ 81.70807, 69.61688 ] ] ] } },
{ "type": "Feature", "properties": { "sensor": "NOAA-21", "description": "<b>Latitude: </b> 69.61422<br/> \n                    <b>Longitude: </b> 81.70652<br/> \n                    <b>Detection Time: </b> 2026-09-26 20:04 UTC<br/> \n                    <b>Sensor: </b> NOAA-21 VIIRS<br/>\n                    <b>Confidence: </b> Nominal<br/> \n                    <b>Day/Night: </b> Night<br/>\n                    <b>Scan: </b> 0.6 km<br/>\n                    <b>Track: </b> 0.53 km<br/>\n                    <b>FRP: </b> 3.74 MW<br/>\n                    <b>Brightness: </b> 318.74 K" }, "geometry": { "type": "Polygon", "coordinates": [ [ [ 81.70168, 69.6159 ], [ 81.71136, 69.6159 ], [ 81.71136, 69.61254 ], [ 81.70168, 69.61254 ], [ 81.70168, 69.6159 ] ] ] } },
{ "type": "Feature", "properties": { "sensor": "NOAA-21", "description": "<b>Latitude: </b> 68.71321<br/> \n                    <b>Longitude: </b> 80.52413<br/> \n                    <b>Detection Time: </b> 2026-09-26 20:04 UTC<br/> \n                    <b>Sensor: </b> NOAA-21 VIIRS<br/>\n                    <b>Confidence: </b> Nominal<br/> \n                    <b>Day/Night: </b> Night<br/>\n                    <b>Scan: </b> 0.32 km<br/>\n                    <b>Track: </b> 0.54 km<br/>\n                    <b>FRP: </b> 1.21 MW<br/>\n                    <b>Brightness: </b> 297.81 K" }, "geometry": { "type": "Polygon", "coordinates": [ [ [ 80.51949, 68.71489 ], [ 80.52877, 68.71489 ], [ 80.52877, 68.71153 ], [ 80.51949, 68.71153 ], [ 80.51949, 68.71489 ] ] ] } },
{ "type": "Feature", "properties": { "sensor": "NOAA-21", "description": "<b>Latitude: </b> 68.71306<br/> \n                    <b>Longitude: </b> 80.53209<br/> \n                    <b>Detection Time: </b> 2026-09-26 20:04 UTC<br/> \n                    <b>Sensor: </b> NOAA-21 VIIRS<br/>\n                    <b>Confidence: </b> Nominal<br/> \n                    <b>Day/Night: </b> Night<br/>\n                    <b>Scan: </b> 0.32 km<br/>\n                    <b>Track: </b> 0.54 km<br/>\n                    <b>FRP: </b> 1.21 MW<br/>\n                    <b>Brightness: </b> 314.82 K" }, "geometry": { "type": "Polygon", "coordinates": [ [ [ 80.52745, 68.71474 ], [ 80.53673, 68.71474 ], [ 80.53673, 68.71138 ], [ 80.52745, 68.71138 ], [ 80.52745, 68.71474 ] ] ] } },
{ "type": "Feature", "properties": { "sensor": "NOAA-21", "description": "<b>Latitude: </b> 67.81921<br/> \n                    <b>Longitude: </b> 80.10343<br/> \n                    <b>Detection Time: </b> 2026-09-26 20:04 UTC<br/> \n                    <b>Sensor: </b> NOAA-21 VIIRS<br/>\n                    <b>Confidence: </b> Nominal<br/> \n                    <b>Day/Night: </b> Night<br/>\n                    <b>Scan: </b> 0.32 km<br/>\n                    <b>Track: </b> 0.55 km<br/>\n                    <b>FRP: </b> 1.99 MW<br/>\n                    <b>Brightness: </b> 318.26 K" }, "geometry": { "type": "Polygon", "coordinates": [ [ [ 80.09897, 67.82089 ], [ 80.10789, 67.82089 ], [ 80.10789, 67.81753 ], [ 80.09897, 67.81753 ], [ 80.09897, 67.82089 ] ] ] } },
{ "type": "Feature", "properties": { "sensor": "NOAA-21", "description": "<b>Latitude: </b> 68.71436<br/> \n                    <b>Longitude: </b> 80.52575<br/> \n                    <b>Detection Time: </b> 2026-09-26 20:04 UTC<br/> \n                    <b>Sensor: </b> NOAA-21 VIIRS<br/>\n                    <b>Confidence: </b> Nominal<br/> \n                    <b>Day/Night: </b> Night<br/>\n                    <b>Scan: </b> 0.32 km<br/>\n                    <b>Track: </b> 0.54 km<br/>\n                    <b>FRP: </b> 1.42 MW<br/>\n                    <b>Brightness: </b> 310.49 K" }, "geometry": { "type": "Polygon", "coordinates": [ [ [ 80.52111, 68.71604 ], [ 80.53039, 68.71604 ], [ 80.53039, 68.71268 ], [ 80.52111, 68.71268 ], [ 80.52111, 68.71604 ] ] ] } },
{ "type": "Feature", "properties": { "sensor": "NOAA-21", "description": "<b>Latitude: </b> 66.48979<br/> \n                    <b>Longitude: </b> 103.27733<br/> \n                    <b>Detection Time: </b> 2026-09-26 20:04 UTC<br/> \n                    <b>Sensor: </b> NOAA-21 VIIRS<br/>\n                    <b>Confidence: </b> Nominal<br/> \n                    <b>Day/Night: </b> Night<br/>\n                    <b>Scan: </b> 0.39 km<br/>\n                    <b>Track: </b> 0.36 km<br/>\n                    <b>FRP: </b> 0.04 MW<br/>\n                    <b>Brightness: </b> 311.15 K" }, "geometry": { "type": "Polygon", "coordinates": [ [ [ 103.27311, 66.49147 ], [ 103.28155, 66.49147 ], [ 103.28155, 66.48811 ], [ 103.27311, 66.48811 ], [ 103.27311, 66.49147 ] ] ] } },
{ "type": "Feature", "properties": { "sensor": "NOAA-21", "description": "<b>Latitude: </b> 68.52463<br/> \n                    <b>Longitude: </b> 79.95972<br/> \n                    <b>Detection Time: </b> 2026-09-26 20:04 UTC<br/> \n                    <b>Sensor: </b> NOAA-21 VIIRS<br/>\n                    <b>Confidence: </b> Nominal<br/> \n                    <b>Day/Night: </b> Night<br/>\n                    <b>Scan: </b> 0.33 km<br/>\n                    <b>Track: </b> 0.55 km<br/>\n                    <b>FRP: </b> 49.72 MW<br/>\n                    <b>Brightness: </b> 347.93 K" }, "geometry": { "type": "Polygon", "coordinates": [ [ [ 79.95512, 68.52631 ], [ 79.96432, 68.52631 ], [ 79.96432, 68.52295 ], [ 79.95512, 68.52295 ], [ 79.95512, 68.52631 ] ] ] } },
{ "type": "Feature", "properties": { "sensor": "NOAA-21", "description": "<b>Latitude: </b> 68.52492<br/> \n                    <b>Longitude: </b> 79.94341<br/> \n                    <b>Detection Time: </b> 2026-09-26 20:04 UTC<br/> \n                    <b>Sensor: </b> NOAA-21 VIIRS<br/>\n                    <b>Confidence: </b> Nominal<br/> \n                    <b>Day/Night: </b> Night<br/>\n                    <b>Scan: </b> 0.33 km<br/>\n                    <b>Track: </b> 0.55 km<br/>\n                    <b>FRP: </b> 38.65 MW<br/>\n                    <b>Brightness: </b> 314.99 K" }, "geometry": { "type": "Polygon", "coordinates": [ [ [ 79.93881, 68.5266 ], [ 79.94801, 68.5266 ], [ 79.94801, 68.52324 ], [ 79.93881, 68.52324 ], [ 79.93881, 68.5266 ] ] ] } },
{ "type": "Feature", "properties": { "sensor": "NOAA-21", "description": "<b>Latitude: </b> 68.51967<br/> \n                    <b>Longitude: </b> 79.95086<br/> \n                    <b>Detection Time: </b> 2026-09-26 20:04 UTC<br/> \n                    <b>Sensor: </b> NOAA-21 VIIRS<br/>\n                    <b>Confidence: </b> Nominal<br/> \n                    <b>Day/Night: </b> Night<br/>\n                    <b>Scan: </b> 0.33 km<br/>\n                    <b>Track: </b> 0.55 km<br/>\n                    <b>FRP: </b> 1.16 MW<br/>\n                    <b>Brightness: </b> 308.92 K" }, "geometry": { "type": "Polygon", "coordinates": [ [ [ 79.94626, 68.52135 ], [ 79.95546, 68.52135 ], [ 79.95546, 68.51799 ], [ 79.94626, 68.51799 ], [ 79.94626, 68.52135 ] ] ] } },
{ "type": "Feature", "properties": { "sensor": "NOAA-21", "description": "<b>Latitude: </b> 68.4094<br/> \n                    <b>Longitude: </b> 83.62618<br/> \n                    <b>Detection Time: </b> 2026-09-26 20:04 UTC<br/> \n                    <b>Sensor: </b> NOAA-21 VIIRS<br/>\n                    <b>Confidence: </b> Nominal<br/> \n                    <b>Day/Night: </b> Night<br/>\n                    <b>Scan: </b> 0.53 km<br/>\n                    <b>Track: </b> 0.5 km<br/>\n                    <b>FRP: </b> 3.1 MW<br/>\n                    <b>Brightness: </b> 321.98 K" }, "geometry": { "type": "Polygon", "coordinates": [ [ [ 83.6216, 68.41108 ], [ 83.63076, 68.41108 ], [ 83.63076, 68.40772 ], [ 83.6216, 68.40772 ], [ 83.6216, 68.41108 ] ] ] } },
{ "type": "Feature", "properties": { "sensor": "NOAA-21", "description": "<b>Latitude: </b> 68.40991<br/> \n                    <b>Longitude: </b> 83.6132<br/> \n                    <b>Detection Time: </b> 2026-09-26 20:04 UTC<br/> \n                    <b>Sensor: </b> NOAA-21 VIIRS<br/>\n                    <b>Confidence: </b> Nominal<br/> \n                    <b>Day/Night: </b> Night<br/>\n                    <b>Scan: </b> 0.53 km<br/>\n                    <b>Track: </b> 0.5 km<br/>\n                    <b>FRP: </b> 3.1 MW<br/>\n                    <b>Brightness: </b> 306.68 K" }, "geometry": { "type": "Polygon", "coordinates": [ [ [ 83.60862, 68.41159 ], [ 83.61778, 68.41159 ], [ 83.61778, 68.40823 ], [ 83.60862, 68.40823 ], [ 83.60862, 68.41159 ] ] ] } },
{ "type": "Feature", "properties": { "sensor": "NOAA-21", "description": "<b>Latitude: </b> 68.4116<br/> \n                    <b>Longitude: </b> 83.61781<br/> \n                    <b>Detection Time: </b> 2026-09-26 20:04 UTC<br/> \n                    <b>Sensor: </b> NOAA-21 VIIRS<br/>\n                    <b>Confidence: </b> Nominal<br/> \n                    <b>Day/Night: </b> Night<br/>\n                    <b>Scan: </b> 0.53 km<br/>\n                    <b>Track: </b> 0.5 km<br/>\n                    <b>FRP: </b> 3.71 MW<br/>\n                    <b>Brightness: </b> 329.55 K" }, "geometry": { "type": "Polygon", "coordinates": [ [ [ 83.61323, 68.41328 ], [ 83.62239, 68.41328 ], [ 83.62239, 68.40992 ], [ 83.61323, 68.40992 ], [ 83.61323, 68.41328 ] ] ] } },
{ "type": "Feature", "properties": { "sensor": "NOAA-21", "description": "<b>Latitude: </b> 67.80244<br/> \n                    <b>Longitude: </b> 72.51219<br/> \n                    <b>Detection Time: </b> 2026-09-26 20:04 UTC<br/> \n                    <b>Sensor: </b> NOAA-21 VIIRS<br/>\n                    <b>Confidence: </b> Nominal<br/> \n                    <b>Day/Night: </b> Night<br/>\n                    <b>Scan: </b> 0.51 km<br/>\n                    <b>Track: </b> 0.66 km<br/>\n                    <b>FRP: </b> 2.95 MW<br/>\n                    <b>Brightness: </b> 327.18 K" }, "geometry": { "type": "Polygon", "coordinates": [ [ [ 72.50773, 67.80412 ], [ 72.51665, 67.80412 ], [ 72.51665, 67.80076 ], [ 72.50773, 67.80076 ], [ 72.50773, 67.80412 ] ] ] } },
{ "type": "Feature", "properties": { "sensor": "NOAA-21", "description": "<b>Latitude: </b> 67.80213<br/> \n                    <b>Longitude: </b> 72.49972<br/> \n                    <b>Detection Time: </b> 2026-09-26 20:04 UTC<br/> \n                    <b>Sensor: </b> NOAA-21 VIIRS<br/>\n                    <b>Confidence: </b> Nominal<br/> \n                    <b>Day/Night: </b> Night<br/>\n                    <b>Scan: </b> 0.51 km<br/>\n                    <b>Track: </b> 0.66 km<br/>\n                    <b>FRP: </b> 5.62 MW<br/>\n                    <b>Brightness: </b> 310.71 K" }, "geometry": { "type": "Polygon", "coordinates": [ [ [ 72.49526, 67.80381 ], [ 72.50418, 67.80381 ], [ 72.50418, 67.80045 ], [ 72.49526, 67.80045 ], [ 72.49526, 67.80381 ] ] ] } },
{ "type": "Feature", "properties": { "sensor": "NOAA-21", "description": "<b>Latitude: </b> 67.54599<br/> \n                    <b>Longitude: </b> 83.19612<br/> \n                    <b>Detection Time: </b> 2026-09-26 20:04 UTC<br/> \n                    <b>Sensor: </b> NOAA-21 VIIRS<br/>\n                    <b>Confidence: </b> Nominal<br/> \n                    <b>Day/Night: </b> Night<br/>\n                    <b>Scan: </b> 0.53 km<br/>\n                    <b>Track: </b> 0.5 km<br/>\n                    <b>FRP: </b> 1.51 MW<br/>\n                    <b>Brightness: </b> 306.21 K" }, "geometry": { "type": "Polygon", "coordinates": [ [ [ 83.19171, 67.54767 ], [ 83.20053, 67.54767 ], [ 83.20053, 67.54431 ], [ 83.19171, 67.54431 ], [ 83.19171, 67.54767 ] ] ] } },
{ "type": "Feature", "properties": { "sensor": "NOAA-21", "description": "<b>Latitude: </b> 67.80277<br/> \n                    <b>Longitude: </b> 72.52473<br/> \n                    <b>Detection Time: </b> 2026-09-26 20:04 UTC<br/> \n                    <b>Sensor: </b> NOAA-21 VIIRS<br/>\n                    <b>Confidence: </b> Nominal<br/> \n                    <b>Day/Night: </b> Night<br/>\n                    <b>Scan: </b> 0.51 km<br/>\n                    <b>Track: </b> 0.66 km<br/>\n                    <b>FRP: </b> 2.95 MW<br/>\n                    <b>Brightness: </b> 304.39 K" }, "geometry": { "type": "Polygon", "coordinates": [ [ [ 72.52027, 67.80445 ], [ 72.52919, 67.80445 ], [ 72.52919, 67.80109 ], [ 72.52027, 67.80109 ], [ 72.52027, 67.80445 ] ] ] } },
{ "type": "Feature", "properties": { "sensor": "NOAA-21", "description": "<b>Latitude: </b> 67.55009<br/> \n                    <b>Longitude: </b> 83.21004<br/> \n                    <b>Detection Time: </b> 2026-09-26 20:04 UTC<br/> \n                    <b>Sensor: </b> NOAA-21 VIIRS<br/>\n                    <b>Confidence: </b> Nominal<br/> \n                    <b>Day/Night: </b> Night<br/>\n                    <b>Scan: </b> 0.53 km<br/>\n                    <b>Track: </b> 0.5 km<br/>\n                    <b>FRP: </b> 3.78 MW<br/>\n                    <b>Brightness: </b> 322.82 K" }, "geometry": { "type": "Polygon", "coordinates": [ [ [ 83.20563, 67.55177 ], [ 83.21445, 67.55177 ], [ 83.21445, 67.54841 ], [ 83.20563, 67.54841 ], [ 83.20563, 67.55177 ] ] ] } },
{ "type": "Feature", "properties": { "sensor": "NOAA-21", "description": "<b>Latitude: </b> 67.55063<br/> \n                    <b>Longitude: </b> 83.1973<br/> \n                    <b>Detection Time: </b> 2026-09-26 20:04 UTC<br/> \n                    <b>Sensor: </b> NOAA-21 VIIRS<br/>\n                    <b>Confidence: </b> Nominal<br/> \n                    <b>Day/Night: </b> Night<br/>\n                    <b>Scan: </b> 0.53 km<br/>\n                    <b>Track: </b> 0.5 km<br/>\n                    <b>FRP: </b> 3.78 MW<br/>\n                    <b>Brightness: </b> 325.57 K" }, "geometry": { "type": "Polygon", "coordinates": [ [ [ 83.19289, 67.55231 ], [ 83.20171, 67.55231 ], [ 83.20171, 67.54895 ], [ 83.19289, 67.54895 ], [ 83.19289, 67.55231 ] ] ] } },
{ "type": "Feature", "properties": { "sensor": "NOAA-21", "description": "<b>Latitude: </b> 64.70743<br/> \n                    <b>Longitude: </b> 75.11327<br/> \n                    <b>Detection Time: </b> 2026-09-26 20:04 UTC<br/> \n                    <b>Sensor: </b> NOAA-21 VIIRS<br/>\n                    <b>Confidence: </b> Nominal<br/> \n                    <b>Day/Night: </b> Night<br/>\n                    <b>Scan: </b> 0.44 km<br/>\n                    <b>Track: </b> 0.62 km<br/>\n                    <b>FRP: </b> 1.58 MW<br/>\n                    <b>Brightness: </b> 300.27 K" }, "geometry": { "type": "Polygon", "coordinates": [ [ [ 75.10933, 64.70911 ], [ 75.11721, 64.70911 ], [ 75.11721, 64.70575 ], [ 75.10933, 64.70575 ], [ 75.10933, 64.70911 ] ] ] } },
{ "type": "Feature", "properties": { "sensor": "NOAA-21", "description": "<b>Latitude: </b> 64.70737<br/> \n                    <b>Longitude: </b> 75.10382<br/> \n                    <b>Detection Time: </b> 2026-09-26 20:04 UTC<br/> \n                    <b>Sensor: </b> NOAA-21 VIIRS<br/>\n                    <b>Confidence: </b> Nominal<br/> \n                    <b>Day/Night: </b> Night<br/>\n                    <b>Scan: </b> 0.44 km<br/>\n                    <b>Track: </b> 0.62 km<br/>\n                    <b>FRP: </b> 1.58 MW<br/>\n                    <b>Brightness: </b> 300.23 K" }, "geometry": { "type": "Polygon", "coordinates": [ [ [ 75.09988, 64.70905 ], [ 75.10776, 64.70905 ], [ 75.10776, 64.70569 ], [ 75.09988, 64.70569 ], [ 75.09988, 64.70905 ] ] ] } },
{ "type": "Feature", "properties": { "sensor": "NOAA-21", "description": "<b>Latitude: </b> 64.73042<br/> \n                    <b>Longitude: </b> 75.10294<br/> \n                    <b>Detection Time: </b> 2026-09-26 20:04 UTC<br/> \n                    <b>Sensor: </b> NOAA-21 VIIRS<br/>\n                    <b>Confidence: </b> Nominal<br/> \n                    <b>Day/Night: </b> Night<br/>\n                    <b>Scan: </b> 0.44 km<br/>\n                    <b>Track: </b> 0.62 km<br/>\n                    <b>FRP: </b> 1.09 MW<br/>\n                    <b>Brightness: </b> 300.49 K" }, "geometry": { "type": "Polygon", "coordinates": [ [ [ 75.09899, 64.7321 ], [ 75.10689, 64.7321 ], [ 75.10689, 64.72874 ], [ 75.09899, 64.72874 ], [ 75.09899, 64.7321 ] ] ] } },
{ "type": "Feature", "properties": { "sensor": "NOAA-21", "description": "<b>Latitude: </b> 64.74888<br/> \n                    <b>Longitude: </b> 75.42422<br/> \n                    <b>Detection Time: </b> 2026-09-26 20:04 UTC<br/> \n                    <b>Sensor: </b> NOAA-21 VIIRS<br/>\n                    <b>Confidence: </b> Nominal<br/> \n                    <b>Day/Night: </b> Night<br/>\n                    <b>Scan: </b> 0.43 km<br/>\n                    <b>Track: </b> 0.62 km<br/>\n                    <b>FRP: </b> 1.14 MW<br/>\n                    <b>Brightness: </b> 301.81 K" }, "geometry": { "type": "Polygon", "coordinates": [ [ [ 75.42027, 64.75056 ], [ 75.42817, 64.75056 ], [ 75.42817, 64.7472 ], [ 75.42027, 64.7472 ], [ 75.42027, 64.75056 ] ] ] } },
{ "type": "Feature", "properties": { "sensor": "NOAA-21", "description": "<b>Latitude: </b> 64.75459<br/> \n                    <b>Longitude: </b> 75.42407<br/> \n                    <b>Detection Time: </b> 2026-09-26 20:04 UTC<br/> \n                    <b>Sensor: </b> NOAA-21 VIIRS<br/>\n                    <b>Confidence: </b> Nominal<br/> \n                    <b>Day/Night: </b> Night<br/>\n                    <b>Scan: </b> 0.43 km<br/>\n                    <b>Track: </b> 0.62 km<br/>\n                    <b>FRP: </b> 6.2 MW<br/>\n                    <b>Brightness: </b> 345.34 K" }, "geometry": { "type": "Polygon", "coordinates": [ [ [ 75.42012, 64.75627 ], [ 75.42802, 64.75627 ], [ 75.42802, 64.75291 ], [ 75.42012, 64.75291 ], [ 75.42012, 64.75627 ] ] ] } },
{ "type": "Feature", "properties": { "sensor": "NOAA-21", "description": "<b>Latitude: </b> 71.2552<br/> \n                    <b>Longitude: </b> 72.06094<br/> \n                    <b>Detection Time: </b> 2026-09-26 20:02 UTC<br/> \n                    <b>Sensor: </b> NOAA-21 VIIRS<br/>\n                    <b>Confidence: </b> Nominal<br/> \n                    <b>Day/Night: </b> Night<br/>\n                    <b>Scan: </b> 0.51 km<br/>\n                    <b>Track: </b> 0.66 km<br/>\n                    <b>FRP: </b> 1.71 MW<br/>\n                    <b>Brightness: </b> 318.82 K" }, "geometry": { "type": "Polygon", "coordinates": [ [ [ 72.0557, 71.25688 ], [ 72.06618, 71.25688 ], [ 72.06618, 71.25352 ], [ 72.0557, 71.25352 ], [ 72.0557, 71.25688 ] ] ] } },
{ "type": "Feature", "properties": { "sensor": "NOAA-21", "description": "<b>Latitude: </b> 71.25994<br/> \n                    <b>Longitude: </b> 72.05727<br/> \n                    <b>Detection Time: </b> 2026-09-26 20:02 UTC<br/> \n                    <b>Sensor: </b> NOAA-21 VIIRS<br/>\n                    <b>Confidence: </b> Nominal<br/> \n                    <b>Day/Night: </b> Night<br/>\n                    <b>Scan: </b> 0.51 km<br/>\n                    <b>Track: </b> 0.66 km<br/>\n                    <b>FRP: </b> 2.7 MW<br/>\n                    <b>Brightness: </b> 321.8 K" }, "geometry": { "type": "Polygon", "coordinates": [ [ [ 72.05203, 71.26162 ], [ 72.06251, 71.26162 ], [ 72.06251, 71.25826 ], [ 72.05203, 71.25826 ], [ 72.05203, 71.26162 ] ] ] } },
{ "type": "Feature", "properties": { "sensor": "NOAA-21", "description": "<b>Latitude: </b> 60.44794<br/> \n                    <b>Longitude: </b> 97.14718<br/> \n                    <b>Detection Time: </b> 2026-09-26 18:24 UTC<br/> \n                    <b>Sensor: </b> NOAA-21 VIIRS<br/>\n                    <b>Confidence: </b> Nominal<br/> \n                    <b>Day/Night: </b> Night<br/>\n                    <b>Scan: </b> 0.56 km<br/>\n                    <b>Track: </b> 0.69 km<br/>\n                    <b>FRP: </b> 3.94 MW<br/>\n                    <b>Brightness: </b> 327.55 K" }, "geometry": { "type": "Polygon", "coordinates": [ [ [ 97.14376, 60.44962 ], [ 97.1506, 60.44962 ], [ 97.1506, 60.44626 ], [ 97.14376, 60.44626 ], [ 97.14376, 60.44962 ] ] ] } },
{ "type": "Feature", "properties": { "sensor": "NOAA-21", "description": "<b>Latitude: </b> 60.44815<br/> \n                    <b>Longitude: </b> 97.15611<br/> \n                    <b>Detection Time: </b> 2026-09-26 18:24 UTC<br/> \n                    <b>Sensor: </b> NOAA-21 VIIRS<br/>\n                    <b>Confidence: </b> Nominal<br/> \n                    <b>Day/Night: </b> Night<br/>\n                    <b>Scan: </b> 0.56 km<br/>\n                    <b>Track: </b> 0.69 km<br/>\n                    <b>FRP: </b> 3.94 MW<br/>\n                    <b>Brightness: </b> 301.68 K" }, "geometry": { "type": "Polygon", "coordinates": [ [ [ 97.15269, 60.44983 ], [ 97.15953, 60.44983 ], [ 97.15953, 60.44647 ], [ 97.15269, 60.44647 ], [ 97.15269, 60.44983 ] ] ] } },
{ "type": "Feature", "properties": { "sensor": "NOAA-21", "description": "<b>Latitude: </b> 60.44649<br/> \n                    <b>Longitude: </b> 97.15097<br/> \n                    <b>Detection Time: </b> 2026-09-26 18:24 UTC<br/> \n                    <b>Sensor: </b> NOAA-21 VIIRS<br/>\n                    <b>Confidence: </b> Nominal<br/> \n                    <b>Day/Night: </b> Night<br/>\n                    <b>Scan: </b> 0.56 km<br/>\n                    <b>Track: </b> 0.69 km<br/>\n                    <b>FRP: </b> 5.55 MW<br/>\n                    <b>Brightness: </b> 333.25 K" }, "geometry": { "type": "Polygon", "coordinates": [ [ [ 97.14756, 60.44817 ], [ 97.15438, 60.44817 ], [ 97.15438, 60.44481 ], [ 97.14756, 60.44481 ], [ 97.14756, 60.44817 ] ] ] } },
{ "type": "Feature", "properties": { "sensor": "NOAA-21", "description": "<b>Latitude: </b> 52.14021<br/> \n                    <b>Longitude: </b> 143.01665<br/> \n                    <b>Detection Time: </b> 2026-09-26 16:45 UTC<br/> \n                    <b>Sensor: </b> NOAA-21 VIIRS<br/>\n                    <b>Confidence: </b> Nominal<br/> \n                    <b>Day/Night: </b> Night<br/>\n                    <b>Scan: </b> 0.39 km<br/>\n                    <b>Track: </b> 0.36 km<br/>\n                    <b>FRP: </b> 1.21 MW<br/>\n                    <b>Brightness: </b> 302.36 K" }, "geometry": { "type": "Polygon", "coordinates": [ [ [ 143.01391, 52.14189 ], [ 143.01939, 52.14189 ], [ 143.01939, 52.13853 ], [ 143.01391, 52.13853 ], [ 143.01391, 52.14189 ] ] ] } },
{ "type": "Feature", "properties": { "sensor": "NOAA-21", "description": "<b>Latitude: </b> 53.60478<br/> \n                    <b>Longitude: </b> 142.93925<br/> \n                    <b>Detection Time: </b> 2026-09-26 16:43 UTC<br/> \n                    <b>Sensor: </b> NOAA-21 VIIRS<br/>\n                    <b>Confidence: </b> Nominal<br/> \n                    <b>Day/Night: </b> Night<br/>\n                    <b>Scan: </b> 0.39 km<br/>\n                    <b>Track: </b> 0.36 km<br/>\n                    <b>FRP: </b> 0.45 MW<br/>\n                    <b>Brightness: </b> 298.38 K" }, "geometry": { "type": "Polygon", "coordinates": [ [ [ 142.93641, 53.60646 ], [ 142.94209, 53.60646 ], [ 142.94209, 53.6031 ], [ 142.93641, 53.6031 ], [ 142.93641, 53.60646 ] ] ] } },
{ "type": "Feature", "properties": { "sensor": "NOAA-21", "description": "<b>Latitude: </b> 53.1451<br/> \n                    <b>Longitude: </b> 143.25771<br/> \n                    <b>Detection Time: </b> 2026-09-26 16:43 UTC<br/> \n                    <b>Sensor: </b> NOAA-21 VIIRS<br/>\n                    <b>Confidence: </b> Nominal<br/> \n                    <b>Day/Night: </b> Night<br/>\n                    <b>Scan: </b> 0.39 km<br/>\n                    <b>Track: </b> 0.36 km<br/>\n                    <b>FRP: </b> 0.53 MW<br/>\n                    <b>Brightness: </b> 296.97 K" }, "geometry": { "type": "Polygon", "coordinates": [ [ [ 143.2549, 53.14678 ], [ 143.26052, 53.14678 ], [ 143.26052, 53.14342 ], [ 143.2549, 53.14342 ], [ 143.2549, 53.14678 ] ] ] } },
{ "type": "Feature", "properties": { "sensor": "NOAA-21", "description": "<b>Latitude: </b> 53.2029<br/> \n                    <b>Longitude: </b> 143.24274<br/> \n                    <b>Detection Time: </b> 2026-09-26 16:43 UTC<br/> \n                    <b>Sensor: </b> NOAA-21 VIIRS<br/>\n                    <b>Confidence: </b> Nominal<br/> \n                    <b>Day/Night: </b> Night<br/>\n                    <b>Scan: </b> 0.39 km<br/>\n                    <b>Track: </b> 0.36 km<br/>\n                    <b>FRP: </b> 2.81 MW<br/>\n                    <b>Brightness: </b> 316.44 K" }, "geometry": { "type": "Polygon", "coordinates": [ [ [ 143.23993, 53.20458 ], [ 143.24555, 53.20458 ], [ 143.24555, 53.20122 ], [ 143.23993, 53.20122 ], [ 143.23993, 53.20458 ] ] ] } },
{ "type": "Feature", "properties": { "sensor": "NOAA-21", "description": "<b>Latitude: </b> 53.20387<br/> \n                    <b>Longitude: </b> 143.23708<br/> \n                    <b>Detection Time: </b> 2026-09-26 16:43 UTC<br/> \n                    <b>Sensor: </b> NOAA-21 VIIRS<br/>\n                    <b>Confidence: </b> Nominal<br/> \n                    <b>Day/Night: </b> Night<br/>\n                    <b>Scan: </b> 0.39 km<br/>\n                    <b>Track: </b> 0.36 km<br/>\n                    <b>FRP: </b> 2.81 MW<br/>\n                    <b>Brightness: </b> 325.18 K" }, "geometry": { "type": "Polygon", "coordinates": [ [ [ 143.23427, 53.20555 ], [ 143.23989, 53.20555 ], [ 143.23989, 53.20219 ], [ 143.23427, 53.20219 ], [ 143.23427, 53.20555 ] ] ] } },
{ "type": "Feature", "properties": { "sensor": "NOAA-21", "description": "<b>Latitude: </b> 53.26236<br/> \n                    <b>Longitude: </b> 143.22179<br/> \n                    <b>Detection Time: </b> 2026-09-26 16:43 UTC<br/> \n                    <b>Sensor: </b> NOAA-21 VIIRS<br/>\n                    <b>Confidence: </b> Nominal<br/> \n                    <b>Day/Night: </b> Night<br/>\n                    <b>Scan: </b> 0.39 km<br/>\n                    <b>Track: </b> 0.36 km<br/>\n                    <b>FRP: </b> 0.66 MW<br/>\n                    <b>Brightness: </b> 296.53 K" }, "geometry": { "type": "Polygon", "coordinates": [ [ [ 143.21897, 53.26404 ], [ 143.22461, 53.26404 ], [ 143.22461, 53.26068 ], [ 143.21897, 53.26068 ], [ 143.21897, 53.26404 ] ] ] } },
{ "type": "Feature", "properties": { "sensor": "NOAA-21", "description": "<b>Latitude: </b> 57.6396<br/> \n                    <b>Longitude: </b> 135.67661<br/> \n                    <b>Detection Time: </b> 2026-09-26 16:43 UTC<br/> \n                    <b>Sensor: </b> NOAA-21 VIIRS<br/>\n                    <b>Confidence: </b> Nominal<br/> \n                    <b>Day/Night: </b> Night<br/>\n                    <b>Scan: </b> 0.55 km<br/>\n                    <b>Track: </b> 0.43 km<br/>\n                    <b>FRP: </b> 2.43 MW<br/>\n                    <b>Brightness: </b> 297.78 K" }, "geometry": { "type": "Polygon", "coordinates": [ [ [ 135.67346, 57.64128 ], [ 135.67976, 57.64128 ], [ 135.67976, 57.63792 ], [ 135.67346, 57.63792 ], [ 135.67346, 57.64128 ] ] ] } },
{ "type": "Feature", "properties": { "sensor": "NOAA-21", "description": "<b>Latitude: </b> 52.18409<br/> \n                    <b>Longitude: </b> 143.06694<br/> \n                    <b>Detection Time: </b> 2026-09-26 16:43 UTC<br/> \n                    <b>Sensor: </b> NOAA-21 VIIRS<br/>\n                    <b>Confidence: </b> Nominal<br/> \n                    <b>Day/Night: </b> Night<br/>\n                    <b>Scan: </b> 0.39 km<br/>\n                    <b>Track: </b> 0.36 km<br/>\n                    <b>FRP: </b> 1.54 MW<br/>\n                    <b>Brightness: </b> 309.46 K" }, "geometry": { "type": "Polygon", "coordinates": [ [ [ 143.06419, 52.18577 ], [ 143.06969, 52.18577 ], [ 143.06969, 52.18241 ], [ 143.06419, 52.18241 ], [ 143.06419, 52.18577 ] ] ] } },
{ "type": "Feature", "properties": { "sensor": "NOAA-21", "description": "<b>Latitude: </b> 52.51015<br/> \n                    <b>Longitude: </b> 143.18599<br/> \n                    <b>Detection Time: </b> 2026-09-26 16:43 UTC<br/> \n                    <b>Sensor: </b> NOAA-21 VIIRS<br/>\n                    <b>Confidence: </b> Nominal<br/> \n                    <b>Day/Night: </b> Night<br/>\n                    <b>Scan: </b> 0.39 km<br/>\n                    <b>Track: </b> 0.36 km<br/>\n                    <b>FRP: </b> 1.94 MW<br/>\n                    <b>Brightness: </b> 319.7 K" }, "geometry": { "type": "Polygon", "coordinates": [ [ [ 143.18322, 52.51183 ], [ 143.18876, 52.51183 ], [ 143.18876, 52.50847 ], [ 143.18322, 52.50847 ], [ 143.18322, 52.51183 ] ] ] } },
{ "type": "Feature", "properties": { "sensor": "NOAA-21", "description": "<b>Latitude: </b> 56.64035<br/> \n                    <b>Longitude: </b> 161.31622<br/> \n                    <b>Detection Time: </b> 2026-09-26 16:41 UTC<br/> \n                    <b>Sensor: </b> NOAA-21 VIIRS<br/>\n                    <b>Confidence: </b> Nominal<br/> \n                    <b>Day/Night: </b> Night<br/>\n                    <b>Scan: </b> 0.36 km<br/>\n                    <b>Track: </b> 0.58 km<br/>\n                    <b>FRP: </b> 1.15 MW<br/>\n                    <b>Brightness: </b> 303.87 K" }, "geometry": { "type": "Polygon", "coordinates": [ [ [ 161.31316, 56.64203 ], [ 161.31928, 56.64203 ], [ 161.31928, 56.63867 ], [ 161.31316, 56.63867 ], [ 161.31316, 56.64203 ] ] ] } },
{ "type": "Feature", "properties": { "sensor": "NOAA-21", "description": "<b>Latitude: </b> 54.61218<br/> \n                    <b>Longitude: </b> 160.29872<br/> \n                    <b>Detection Time: </b> 2026-09-26 15:03 UTC<br/> \n                    <b>Sensor: </b> NOAA-21 VIIRS<br/>\n                    <b>Confidence: </b> Nominal<br/> \n                    <b>Day/Night: </b> Night<br/>\n                    <b>Scan: </b> 0.54 km<br/>\n                    <b>Track: </b> 0.42 km<br/>\n                    <b>FRP: </b> 10.22 MW<br/>\n                    <b>Brightness: </b> 348.65 K" }, "geometry": { "type": "Polygon", "coordinates": [ [ [ 160.29581, 54.61386 ], [ 160.30163, 54.61386 ], [ 160.30163, 54.6105 ], [ 160.29581, 54.6105 ], [ 160.29581, 54.61386 ] ] ] } },
{ "type": "Feature", "properties": { "sensor": "NOAA-21", "description": "<b>Latitude: </b> 54.61283<br/> \n                    <b>Longitude: </b> 160.29167<br/> \n                    <b>Detection Time: </b> 2026-09-26 15:03 UTC<br/> \n                    <b>Sensor: </b> NOAA-21 VIIRS<br/>\n                    <b>Confidence: </b> Nominal<br/> \n                    <b>Day/Night: </b> Night<br/>\n                    <b>Scan: </b> 0.54 km<br/>\n                    <b>Track: </b> 0.42 km<br/>\n                    <b>FRP: </b> 10.22 MW<br/>\n                    <b>Brightness: </b> 328.87 K" }, "geometry": { "type": "Polygon", "coordinates": [ [ [ 160.28876, 54.61451 ], [ 160.29458, 54.61451 ], [ 160.29458, 54.61115 ], [ 160.28876, 54.61115 ], [ 160.28876, 54.61451 ] ] ] } },
{ "type": "Feature", "properties": { "sensor": "NOAA-21", "description": "<b>Latitude: </b> 54.6161<br/> \n                    <b>Longitude: </b> 160.29912<br/> \n                    <b>Detection Time: </b> 2026-09-26 15:03 UTC<br/> \n                    <b>Sensor: </b> NOAA-21 VIIRS<br/>\n                    <b>Confidence: </b> Nominal<br/> \n                    <b>Day/Night: </b> Night<br/>\n                    <b>Scan: </b> 0.54 km<br/>\n                    <b>Track: </b> 0.42 km<br/>\n                    <b>FRP: </b> 10.22 MW<br/>\n                    <b>Brightness: </b> 344.93 K" }, "geometry": { "type": "Polygon", "coordinates": [ [ [ 160.29621, 54.61778 ], [ 160.30203, 54.61778 ], [ 160.30203, 54.61442 ], [ 160.29621, 54.61442 ], [ 160.29621, 54.61778 ] ] ] } },
{ "type": "Feature", "properties": { "sensor": "NOAA-21", "description": "<b>Latitude: </b> 54.61546<br/> \n                    <b>Longitude: </b> 160.30595<br/> \n                    <b>Detection Time: </b> 2026-09-26 15:03 UTC<br/> \n                    <b>Sensor: </b> NOAA-21 VIIRS<br/>\n                    <b>Confidence: </b> Nominal<br/> \n                    <b>Day/Night: </b> Night<br/>\n                    <b>Scan: </b> 0.54 km<br/>\n                    <b>Track: </b> 0.42 km<br/>\n                    <b>FRP: </b> 10.52 MW<br/>\n                    <b>Brightness: </b> 320.26 K" }, "geometry": { "type": "Polygon", "coordinates": [ [ [ 160.30304, 54.61714 ], [ 160.30886, 54.61714 ], [ 160.30886, 54.61378 ], [ 160.30304, 54.61378 ], [ 160.30304, 54.61714 ] ] ] } },
{ "type": "Feature", "properties": { "sensor": "NOAA-21", "description": "<b>Latitude: </b> 54.61308<br/> \n                    <b>Longitude: </b> 160.29759<br/> \n                    <b>Detection Time: </b> 2026-09-26 15:03 UTC<br/> \n                    <b>Sensor: </b> NOAA-21 VIIRS<br/>\n                    <b>Confidence: </b> Nominal<br/> \n                    <b>Day/Night: </b> Night<br/>\n                    <b>Scan: </b> 0.54 km<br/>\n                    <b>Track: </b> 0.42 km<br/>\n                    <b>FRP: </b> 21.6 MW<br/>\n                    <b>Brightness: </b> 353.25 K" }, "geometry": { "type": "Polygon", "coordinates": [ [ [ 160.29468, 54.61476 ], [ 160.3005, 54.61476 ], [ 160.3005, 54.6114 ], [ 160.29468, 54.6114 ], [ 160.29468, 54.61476 ] ] ] } },
{ "type": "Feature", "properties": { "sensor": "NOAA-21", "description": "<b>Latitude: </b> 56.63728<br/> \n                    <b>Longitude: </b> 161.31378<br/> \n                    <b>Detection Time: </b> 2026-09-26 15:01 UTC<br/> \n                    <b>Sensor: </b> NOAA-21 VIIRS<br/>\n                    <b>Confidence: </b> Nominal<br/> \n                    <b>Day/Night: </b> Night<br/>\n                    <b>Scan: </b> 0.53 km<br/>\n                    <b>Track: </b> 0.42 km<br/>\n                    <b>FRP: </b> 13.07 MW<br/>\n                    <b>Brightness: </b> 334.61 K" }, "geometry": { "type": "Polygon", "coordinates": [ [ [ 161.31072, 56.63896 ], [ 161.31684, 56.63896 ], [ 161.31684, 56.6356 ], [ 161.31072, 56.6356 ], [ 161.31072, 56.63896 ] ] ] } },
{ "type": "Feature", "properties": { "sensor": "NOAA-21", "description": "<b>Latitude: </b> 56.63651<br/> \n                    <b>Longitude: </b> 161.32202<br/> \n                    <b>Detection Time: </b> 2026-09-26 15:01 UTC<br/> \n                    <b>Sensor: </b> NOAA-21 VIIRS<br/>\n                    <b>Confidence: </b> Nominal<br/> \n                    <b>Day/Night: </b> Night<br/>\n                    <b>Scan: </b> 0.53 km<br/>\n                    <b>Track: </b> 0.42 km<br/>\n                    <b>FRP: </b> 6.52 MW<br/>\n                    <b>Brightness: </b> 316.96 K" }, "geometry": { "type": "Polygon", "coordinates": [ [ [ 161.31896, 56.63819 ], [ 161.32508, 56.63819 ], [ 161.32508, 56.63483 ], [ 161.31896, 56.63483 ], [ 161.31896, 56.63819 ] ] ] } },
{ "type": "Feature", "properties": { "sensor": "NOAA-21", "description": "<b>Latitude: </b> 59.52839<br/> \n                    <b>Longitude: </b> 34.14304<br/> \n                    <b>Detection Time: </b> 2026-09-26 11:21 UTC<br/> \n                    <b>Sensor: </b> NOAA-21 VIIRS<br/>\n                    <b>Confidence: </b> Nominal<br/> \n                    <b>Day/Night: </b> Day<br/>\n                    <b>Scan: </b> 0.38 km<br/>\n                    <b>Track: </b> 0.59 km<br/>\n                    <b>FRP: </b> 5.19 MW<br/>\n                    <b>Brightness: </b> 325.76 K" }, "geometry": { "type": "Polygon", "coordinates": [ [ [ 34.13972, 59.53007 ], [ 34.14636, 59.53007 ], [ 34.14636, 59.52671 ], [ 34.13972, 59.52671 ], [ 34.13972, 59.53007 ] ] ] } },
{ "type": "Feature", "properties": { "sensor": "NOAA-21", "description": "<b>Latitude: </b> 45.17037<br/> \n                    <b>Longitude: </b> 37.75691<br/> \n                    <b>Detection Time: </b> 2026-09-26 11:19 UTC<br/> \n                    <b>Sensor: </b> NOAA-21 VIIRS<br/>\n                    <b>Confidence: </b> Nominal<br/> \n                    <b>Day/Night: </b> Day<br/>\n                    <b>Scan: </b> 0.46 km<br/>\n                    <b>Track: </b> 0.64 km<br/>\n                    <b>FRP: </b> 4.1 MW<br/>\n                    <b>Brightness: </b> 326.92 K" }, "geometry": { "type": "Polygon", "coordinates": [ [ [ 37.75452, 45.17205 ], [ 37.7593, 45.17205 ], [ 37.7593, 45.16869 ], [ 37.75452, 45.16869 ], [ 37.75452, 45.17205 ] ] ] } },
{ "type": "Feature", "properties": { "sensor": "NOAA-21", "description": "<b>Latitude: </b> 52.14515<br/> \n                    <b>Longitude: </b> 34.13461<br/> \n                    <b>Detection Time: </b> 2026-09-26 11:19 UTC<br/> \n                    <b>Sensor: </b> NOAA-21 VIIRS<br/>\n                    <b>Confidence: </b> Nominal<br/> \n                    <b>Day/Night: </b> Day<br/>\n                    <b>Scan: </b> 0.35 km<br/>\n                    <b>Track: </b> 0.56 km<br/>\n                    <b>FRP: </b> 2.53 MW<br/>\n                    <b>Brightness: </b> 326.62 K" }, "geometry": { "type": "Polygon", "coordinates": [ [ [ 34.13187, 52.14683 ], [ 34.13735, 52.14683 ], [ 34.13735, 52.14347 ], [ 34.13187, 52.14347 ], [ 34.13187, 52.14683 ] ] ] } },
{ "type": "Feature", "properties": { "sensor": "NOAA-21", "description": "<b>Latitude: </b> 54.03666<br/> \n                    <b>Longitude: </b> 41.17609<br/> \n                    <b>Detection Time: </b> 2026-09-26 11:19 UTC<br/> \n                    <b>Sensor: </b> NOAA-21 VIIRS<br/>\n                    <b>Confidence: </b> Nominal<br/> \n                    <b>Day/Night: </b> Day<br/>\n                    <b>Scan: </b> 0.7 km<br/>\n                    <b>Track: </b> 0.75 km<br/>\n                    <b>FRP: </b> 8.15 MW<br/>\n                    <b>Brightness: </b> 334.19 K" }, "geometry": { "type": "Polygon", "coordinates": [ [ [ 41.17322, 54.03834 ], [ 41.17896, 54.03834 ], [ 41.17896, 54.03498 ], [ 41.17322, 54.03498 ], [ 41.17322, 54.03834 ] ] ] } },
{ "type": "Feature", "properties": { "sensor": "NOAA-21", "description": "<b>Latitude: </b> 50.52551<br/> \n                    <b>Longitude: </b> 29.61053<br/> \n                    <b>Detection Time: </b> 2026-09-26 11:19 UTC<br/> \n                    <b>Sensor: </b> NOAA-21 VIIRS<br/>\n                    <b>Confidence: </b> Nominal<br/> \n                    <b>Day/Night: </b> Day<br/>\n                    <b>Scan: </b> 0.43 km<br/>\n                    <b>Track: </b> 0.46 km<br/>\n                    <b>FRP: </b> 5.41 MW<br/>\n                    <b>Brightness: </b> 328.14 K" }, "geometry": { "type": "Polygon", "coordinates": [ [ [ 29.60788, 50.52719 ], [ 29.61318, 50.52719 ], [ 29.61318, 50.52383 ], [ 29.60788, 50.52383 ], [ 29.60788, 50.52719 ] ] ] } },
{ "type": "Feature", "properties": { "sensor": "NOAA-21", "description": "<b>Latitude: </b> 46.40313<br/> \n                    <b>Longitude: </b> 39.82364<br/> \n                    <b>Detection Time: </b> 2026-09-26 11:19 UTC<br/> \n                    <b>Sensor: </b> NOAA-21 VIIRS<br/>\n                    <b>Confidence: </b> Nominal<br/> \n                    <b>Day/Night: </b> Day<br/>\n                    <b>Scan: </b> 0.59 km<br/>\n                    <b>Track: </b> 0.7 km<br/>\n                    <b>FRP: </b> 7.64 MW<br/>\n                    <b>Brightness: </b> 339.27 K" }, "geometry": { "type": "Polygon", "coordinates": [ [ [ 39.8212, 46.40481 ], [ 39.82608, 46.40481 ], [ 39.82608, 46.40145 ], [ 39.8212, 46.40145 ], [ 39.8212, 46.40481 ] ] ] } },
{ "type": "Feature", "properties": { "sensor": "NOAA-21", "description": "<b>Latitude: </b> 46.39665<br/> \n                    <b>Longitude: </b> 39.82408<br/> \n                    <b>Detection Time: </b> 2026-09-26 11:19 UTC<br/> \n                    <b>Sensor: </b> NOAA-21 VIIRS<br/>\n                    <b>Confidence: </b> Nominal<br/> \n                    <b>Day/Night: </b> Day<br/>\n                    <b>Scan: </b> 0.59 km<br/>\n                    <b>Track: </b> 0.7 km<br/>\n                    <b>FRP: </b> 20.92 MW<br/>\n                    <b>Brightness: </b> 349.68 K" }, "geometry": { "type": "Polygon", "coordinates": [ [ [ 39.82164, 46.39833 ], [ 39.82652, 46.39833 ], [ 39.82652, 46.39497 ], [ 39.82164, 46.39497 ], [ 39.82164, 46.39833 ] ] ] } },
{ "type": "Feature", "properties": { "sensor": "NOAA-21", "description": "<b>Latitude: </b> 45.2586<br/> \n                    <b>Longitude: </b> 37.89578<br/> \n                    <b>Detection Time: </b> 2026-09-26 11:19 UTC<br/> \n                    <b>Sensor: </b> NOAA-21 VIIRS<br/>\n                    <b>Confidence: </b> Nominal<br/> \n                    <b>Day/Night: </b> Day<br/>\n                    <b>Scan: </b> 0.47 km<br/>\n                    <b>Track: </b> 0.64 km<br/>\n                    <b>FRP: </b> 5.27 MW<br/>\n                    <b>Brightness: </b> 333.06 K" }, "geometry": { "type": "Polygon", "coordinates": [ [ [ 37.89339, 45.26028 ], [ 37.89817, 45.26028 ], [ 37.89817, 45.25692 ], [ 37.89339, 45.25692 ], [ 37.89339, 45.26028 ] ] ] } },
{ "type": "Feature", "properties": { "sensor": "NOAA-21", "description": "<b>Latitude: </b> 45.23506<br/> \n                    <b>Longitude: </b> 37.80799<br/> \n                    <b>Detection Time: </b> 2026-09-26 11:19 UTC<br/> \n                    <b>Sensor: </b> NOAA-21 VIIRS<br/>\n                    <b>Confidence: </b> Nominal<br/> \n                    <b>Day/Night: </b> Day<br/>\n                    <b>Scan: </b> 0.47 km<br/>\n                    <b>Track: </b> 0.64 km<br/>\n                    <b>FRP: </b> 5.2 MW<br/>\n                    <b>Brightness: </b> 333.1 K" }, "geometry": { "type": "Polygon", "coordinates": [ [ [ 37.8056, 45.23674 ], [ 37.81038, 45.23674 ], [ 37.81038, 45.23338 ], [ 37.8056, 45.23338 ], [ 37.8056, 45.23674 ] ] ] } },
{ "type": "Feature", "properties": { "sensor": "NOAA-21", "description": "<b>Latitude: </b> 45.16899<br/> \n                    <b>Longitude: </b> 37.75791<br/> \n                    <b>Detection Time: </b> 2026-09-26 11:19 UTC<br/> \n                    <b>Sensor: </b> NOAA-21 VIIRS<br/>\n                    <b>Confidence: </b> Nominal<br/> \n                    <b>Day/Night: </b> Day<br/>\n                    <b>Scan: </b> 0.46 km<br/>\n                    <b>Track: </b> 0.64 km<br/>\n                    <b>FRP: </b> 3.32 MW<br/>\n                    <b>Brightness: </b> 330.11 K" }, "geometry": { "type": "Polygon", "coordinates": [ [ [ 37.75552, 45.17067 ], [ 37.7603, 45.17067 ], [ 37.7603, 45.16731 ], [ 37.75552, 45.16731 ], [ 37.75552, 45.17067 ] ] ] } },
{ "type": "Feature", "properties": { "sensor": "NOAA-21", "description": "<b>Latitude: </b> 45.23521<br/> \n                    <b>Longitude: </b> 37.81396<br/> \n                    <b>Detection Time: </b> 2026-09-26 11:19 UTC<br/> \n                    <b>Sensor: </b> NOAA-21 VIIRS<br/>\n                    <b>Confidence: </b> Nominal<br/> \n                    <b>Day/Night: </b> Day<br/>\n                    <b>Scan: </b> 0.47 km<br/>\n                    <b>Track: </b> 0.64 km<br/>\n                    <b>FRP: </b> 5.2 MW<br/>\n                    <b>Brightness: </b> 330.44 K" }, "geometry": { "type": "Polygon", "coordinates": [ [ [ 37.81157, 45.23689 ], [ 37.81635, 45.23689 ], [ 37.81635, 45.23353 ], [ 37.81157, 45.23353 ], [ 37.81157, 45.23689 ] ] ] } },
{ "type": "Feature", "properties": { "sensor": "NOAA-21", "description": "<b>Latitude: </b> 47.59989<br/> \n                    <b>Longitude: </b> 34.7473<br/> \n                    <b>Detection Time: </b> 2026-09-26 11:17 UTC<br/> \n                    <b>Sensor: </b> NOAA-21 VIIRS<br/>\n                    <b>Confidence: </b> Nominal<br/> \n                    <b>Day/Night: </b> Day<br/>\n                    <b>Scan: </b> 0.34 km<br/>\n                    <b>Track: </b> 0.56 km<br/>\n                    <b>FRP: </b> 7.49 MW<br/>\n                    <b>Brightness: </b> 331.69 K" }, "geometry": { "type": "Polygon", "coordinates": [ [ [ 34.7448, 47.60157 ], [ 34.7498, 47.60157 ], [ 34.7498, 47.59821 ], [ 34.7448, 47.59821 ], [ 34.7448, 47.60157 ] ] ] } },
{ "type": "Feature", "properties": { "sensor": "NOAA-21", "description": "<b>Latitude: </b> 47.5997<br/> \n                    <b>Longitude: </b> 34.74275<br/> \n                    <b>Detection Time: </b> 2026-09-26 11:17 UTC<br/> \n                    <b>Sensor: </b> NOAA-21 VIIRS<br/>\n                    <b>Confidence: </b> Nominal<br/> \n                    <b>Day/Night: </b> Day<br/>\n                    <b>Scan: </b> 0.34 km<br/>\n                    <b>Track: </b> 0.56 km<br/>\n                    <b>FRP: </b> 7.28 MW<br/>\n                    <b>Brightness: </b> 348.75 K" }, "geometry": { "type": "Polygon", "coordinates": [ [ [ 34.74025, 47.60138 ], [ 34.74525, 47.60138 ], [ 34.74525, 47.59802 ], [ 34.74025, 47.59802 ], [ 34.74025, 47.60138 ] ] ] } },
{ "type": "Feature", "properties": { "sensor": "NOAA-21", "description": "<b>Latitude: </b> 47.70182<br/> \n                    <b>Longitude: </b> 36.04332<br/> \n                    <b>Detection Time: </b> 2026-09-26 11:17 UTC<br/> \n                    <b>Sensor: </b> NOAA-21 VIIRS<br/>\n                    <b>Confidence: </b> High<br/> \n                    <b>Day/Night: </b> Day<br/>\n                    <b>Scan: </b> 0.4 km<br/>\n                    <b>Track: </b> 0.6 km<br/>\n                    <b>FRP: </b> 18.27 MW<br/>\n                    <b>Brightness: </b> 367 K" }, "geometry": { "type": "Polygon", "coordinates": [ [ [ 36.04082, 47.7035 ], [ 36.04582, 47.7035 ], [ 36.04582, 47.70014 ], [ 36.04082, 47.70014 ], [ 36.04082, 47.7035 ] ] ] } },
{ "type": "Feature", "properties": { "sensor": "NOAA-21", "description": "<b>Latitude: </b> 47.70164<br/> \n                    <b>Longitude: </b> 36.03804<br/> \n                    <b>Detection Time: </b> 2026-09-26 11:17 UTC<br/> \n                    <b>Sensor: </b> NOAA-21 VIIRS<br/>\n                    <b>Confidence: </b> Nominal<br/> \n                    <b>Day/Night: </b> Day<br/>\n                    <b>Scan: </b> 0.4 km<br/>\n                    <b>Track: </b> 0.6 km<br/>\n                    <b>FRP: </b> 13.16 MW<br/>\n                    <b>Brightness: </b> 335.54 K" }, "geometry": { "type": "Polygon", "coordinates": [ [ [ 36.03554, 47.70332 ], [ 36.04054, 47.70332 ], [ 36.04054, 47.69996 ], [ 36.03554, 47.69996 ], [ 36.03554, 47.70332 ] ] ] } },
{ "type": "Feature", "properties": { "sensor": "NOAA-21", "description": "<b>Latitude: </b> 48.04486<br/> \n                    <b>Longitude: </b> 35.89678<br/> \n                    <b>Detection Time: </b> 2026-09-26 11:17 UTC<br/> \n                    <b>Sensor: </b> NOAA-21 VIIRS<br/>\n                    <b>Confidence: </b> Nominal<br/> \n                    <b>Day/Night: </b> Day<br/>\n                    <b>Scan: </b> 0.39 km<br/>\n                    <b>Track: </b> 0.59 km<br/>\n                    <b>FRP: </b> 15.25 MW<br/>\n                    <b>Brightness: </b> 352.34 K" }, "geometry": { "type": "Polygon", "coordinates": [ [ [ 35.89426, 48.04654 ], [ 35.8993, 48.04654 ], [ 35.8993, 48.04318 ], [ 35.89426, 48.04318 ], [ 35.89426, 48.04654 ] ] ] } },
{ "type": "Feature", "properties": { "sensor": "NOAA-21", "description": "<b>Latitude: </b> 48.0447<br/> \n                    <b>Longitude: </b> 35.89148<br/> \n                    <b>Detection Time: </b> 2026-09-26 11:17 UTC<br/> \n                    <b>Sensor: </b> NOAA-21 VIIRS<br/>\n                    <b>Confidence: </b> Low<br/> \n                    <b>Day/Night: </b> Day<br/>\n                    <b>Scan: </b> 0.39 km<br/>\n                    <b>Track: </b> 0.59 km<br/>\n                    <b>FRP: </b> 19.17 MW<br/>\n                    <b>Brightness: </b> 355.88 K" }, "geometry": { "type": "Polygon", "coordinates": [ [ [ 35.88896, 48.04638 ], [ 35.894, 48.04638 ], [ 35.894, 48.04302 ], [ 35.88896, 48.04302 ], [ 35.88896, 48.04638 ] ] ] } },
{ "type": "Feature", "properties": { "sensor": "NOAA-21", "description": "<b>Latitude: </b> 65.04249<br/> \n                    <b>Longitude: </b> 56.67152<br/> \n                    <b>Detection Time: </b> 2026-09-26 09:41 UTC<br/> \n                    <b>Sensor: </b> NOAA-21 VIIRS<br/>\n                    <b>Confidence: </b> Nominal<br/> \n                    <b>Day/Night: </b> Day<br/>\n                    <b>Scan: </b> 0.33 km<br/>\n                    <b>Track: </b> 0.55 km<br/>\n                    <b>FRP: </b> 5.49 MW<br/>\n                    <b>Brightness: </b> 340.11 K" }, "geometry": { "type": "Polygon", "coordinates": [ [ [ 56.66753, 65.04417 ], [ 56.67551, 65.04417 ], [ 56.67551, 65.04081 ], [ 56.66753, 65.04081 ], [ 56.66753, 65.04417 ] ] ] } },
{ "type": "Feature", "properties": { "sensor": "NOAA-21", "description": "<b>Latitude: </b> 68.64342<br/> \n                    <b>Longitude: </b> 57.96045<br/> \n                    <b>Detection Time: </b> 2026-09-26 09:41 UTC<br/> \n                    <b>Sensor: </b> NOAA-21 VIIRS<br/>\n                    <b>Confidence: </b> Nominal<br/> \n                    <b>Day/Night: </b> Day<br/>\n                    <b>Scan: </b> 0.37 km<br/>\n                    <b>Track: </b> 0.58 km<br/>\n                    <b>FRP: </b> 7.93 MW<br/>\n                    <b>Brightness: </b> 343.29 K" }, "geometry": { "type": "Polygon", "coordinates": [ [ [ 57.95582, 68.6451 ], [ 57.96508, 68.6451 ], [ 57.96508, 68.64174 ], [ 57.95582, 68.64174 ], [ 57.95582, 68.6451 ] ] ] } },
{ "type": "Feature", "properties": { "sensor": "NOAA-21", "description": "<b>Latitude: </b> 68.64682<br/> \n                    <b>Longitude: </b> 57.9591<br/> \n                    <b>Detection Time: </b> 2026-09-26 09:41 UTC<br/> \n                    <b>Sensor: </b> NOAA-21 VIIRS<br/>\n                    <b>Confidence: </b> Nominal<br/> \n                    <b>Day/Night: </b> Day<br/>\n                    <b>Scan: </b> 0.37 km<br/>\n                    <b>Track: </b> 0.58 km<br/>\n                    <b>FRP: </b> 5.97 MW<br/>\n                    <b>Brightness: </b> 342.93 K" }, "geometry": { "type": "Polygon", "coordinates": [ [ [ 57.95447, 68.6485 ], [ 57.96373, 68.6485 ], [ 57.96373, 68.64514 ], [ 57.95447, 68.64514 ], [ 57.95447, 68.6485 ] ] ] } },
{ "type": "Feature", "properties": { "sensor": "NOAA-21", "description": "<b>Latitude: </b> 66.43025<br/> \n                    <b>Longitude: </b> 56.61209<br/> \n                    <b>Detection Time: </b> 2026-09-26 09:41 UTC<br/> \n                    <b>Sensor: </b> NOAA-21 VIIRS<br/>\n                    <b>Confidence: </b> Nominal<br/> \n                    <b>Day/Night: </b> Day<br/>\n                    <b>Scan: </b> 0.33 km<br/>\n                    <b>Track: </b> 0.56 km<br/>\n                    <b>FRP: </b> 4.18 MW<br/>\n                    <b>Brightness: </b> 326.2 K" }, "geometry": { "type": "Polygon", "coordinates": [ [ [ 56.60788, 66.43193 ], [ 56.6163, 66.43193 ], [ 56.6163, 66.42857 ], [ 56.60788, 66.42857 ], [ 56.60788, 66.43193 ] ] ] } },
{ "type": "Feature", "properties": { "sensor": "NOAA-21", "description": "<b>Latitude: </b> 65.04234<br/> \n                    <b>Longitude: </b> 56.66452<br/> \n                    <b>Detection Time: </b> 2026-09-26 09:41 UTC<br/> \n                    <b>Sensor: </b> NOAA-21 VIIRS<br/>\n                    <b>Confidence: </b> Nominal<br/> \n                    <b>Day/Night: </b> Day<br/>\n                    <b>Scan: </b> 0.33 km<br/>\n                    <b>Track: </b> 0.55 km<br/>\n                    <b>FRP: </b> 4.99 MW<br/>\n                    <b>Brightness: </b> 336.99 K" }, "geometry": { "type": "Polygon", "coordinates": [ [ [ 56.66053, 65.04402 ], [ 56.66851, 65.04402 ], [ 56.66851, 65.04066 ], [ 56.66053, 65.04066 ], [ 56.66053, 65.04402 ] ] ] } },
{ "type": "Feature", "properties": { "sensor": "NOAA-21", "description": "<b>Latitude: </b> 53.76606<br/> \n                    <b>Longitude: </b> 32.82494<br/> \n                    <b>Detection Time: </b> 2026-09-26 09:39 UTC<br/> \n                    <b>Sensor: </b> NOAA-21 VIIRS<br/>\n                    <b>Confidence: </b> Nominal<br/> \n                    <b>Day/Night: </b> Day<br/>\n                    <b>Scan: </b> 0.5 km<br/>\n                    <b>Track: </b> 0.49 km<br/>\n                    <b>FRP: </b> 12.8 MW<br/>\n                    <b>Brightness: </b> 337.34 K" }, "geometry": { "type": "Polygon", "coordinates": [ [ [ 32.82209, 53.76774 ], [ 32.82779, 53.76774 ], [ 32.82779, 53.76438 ], [ 32.82209, 53.76438 ], [ 32.82209, 53.76774 ] ] ] } },
{ "type": "Feature", "properties": { "sensor": "NOAA-21", "description": "<b>Latitude: </b> 55.96777<br/> \n                    <b>Longitude: </b> 37.75105<br/> \n                    <b>Detection Time: </b> 2026-09-26 09:39 UTC<br/> \n                    <b>Sensor: </b> NOAA-21 VIIRS<br/>\n                    <b>Confidence: </b> Nominal<br/> \n                    <b>Day/Night: </b> Day<br/>\n                    <b>Scan: </b> 0.46 km<br/>\n                    <b>Track: </b> 0.39 km<br/>\n                    <b>FRP: </b> 3.17 MW<br/>\n                    <b>Brightness: </b> 327.9 K" }, "geometry": { "type": "Polygon", "coordinates": [ [ [ 37.74804, 55.96945 ], [ 37.75406, 55.96945 ], [ 37.75406, 55.96609 ], [ 37.74804, 55.96609 ], [ 37.74804, 55.96945 ] ] ] } },
{ "type": "Feature", "properties": { "sensor": "NOAA-21", "description": "<b>Latitude: </b> 53.36696<br/> \n                    <b>Longitude: </b> 35.79976<br/> \n                    <b>Detection Time: </b> 2026-09-26 09:37 UTC<br/> \n                    <b>Sensor: </b> NOAA-21 VIIRS<br/>\n                    <b>Confidence: </b> Nominal<br/> \n                    <b>Day/Night: </b> Day<br/>\n                    <b>Scan: </b> 0.4 km<br/>\n                    <b>Track: </b> 0.44 km<br/>\n                    <b>FRP: </b> 2.27 MW<br/>\n                    <b>Brightness: </b> 332.11 K" }, "geometry": { "type": "Polygon", "coordinates": [ [ [ 35.79694, 53.36864 ], [ 35.80258, 53.36864 ], [ 35.80258, 53.36528 ], [ 35.79694, 53.36528 ], [ 35.79694, 53.36864 ] ] ] } },
{ "type": "Feature", "properties": { "sensor": "NOAA-21", "description": "<b>Latitude: </b> 52.19059<br/> \n                    <b>Longitude: </b> 32.30607<br/> \n                    <b>Detection Time: </b> 2026-09-26 09:37 UTC<br/> \n                    <b>Sensor: </b> NOAA-21 VIIRS<br/>\n                    <b>Confidence: </b> Nominal<br/> \n                    <b>Day/Night: </b> Day<br/>\n                    <b>Scan: </b> 0.58 km<br/>\n                    <b>Track: </b> 0.52 km<br/>\n                    <b>FRP: </b> 6.15 MW<br/>\n                    <b>Brightness: </b> 334.25 K" }, "geometry": { "type": "Polygon", "coordinates": [ [ [ 32.30332, 52.19227 ], [ 32.30882, 52.19227 ], [ 32.30882, 52.18891 ], [ 32.30332, 52.18891 ], [ 32.30332, 52.19227 ] ] ] } },
{ "type": "Feature", "properties": { "sensor": "NOAA-21", "description": "<b>Latitude: </b> 52.61917<br/> \n                    <b>Longitude: </b> 34.38625<br/> \n                    <b>Detection Time: </b> 2026-09-26 09:37 UTC<br/> \n                    <b>Sensor: </b> NOAA-21 VIIRS<br/>\n                    <b>Confidence: </b> Nominal<br/> \n                    <b>Day/Night: </b> Day<br/>\n                    <b>Scan: </b> 0.47 km<br/>\n                    <b>Track: </b> 0.48 km<br/>\n                    <b>FRP: </b> 2.56 MW<br/>\n                    <b>Brightness: </b> 325.57 K" }, "geometry": { "type": "Polygon", "coordinates": [ [ [ 34.38348, 52.62085 ], [ 34.38902, 52.62085 ], [ 34.38902, 52.61749 ], [ 34.38348, 52.61749 ], [ 34.38348, 52.62085 ] ] ] } },
{ "type": "Feature", "properties": { "sensor": "NOAA-21", "description": "<b>Latitude: </b> 52.4121<br/> \n                    <b>Longitude: </b> 34.25904<br/> \n                    <b>Detection Time: </b> 2026-09-26 09:37 UTC<br/> \n                    <b>Sensor: </b> NOAA-21 VIIRS<br/>\n                    <b>Confidence: </b> Nominal<br/> \n                    <b>Day/Night: </b> Day<br/>\n                    <b>Scan: </b> 0.48 km<br/>\n                    <b>Track: </b> 0.48 km<br/>\n                    <b>FRP: </b> 10.98 MW<br/>\n                    <b>Brightness: </b> 344.11 K" }, "geometry": { "type": "Polygon", "coordinates": [ [ [ 34.25628, 52.41378 ], [ 34.2618, 52.41378 ], [ 34.2618, 52.41042 ], [ 34.25628, 52.41042 ], [ 34.25628, 52.41378 ] ] ] } },
{ "type": "Feature", "properties": { "sensor": "NOAA-21", "description": "<b>Latitude: </b> 52.36067<br/> \n                    <b>Longitude: </b> 34.09801<br/> \n                    <b>Detection Time: </b> 2026-09-26 09:37 UTC<br/> \n                    <b>Sensor: </b> NOAA-21 VIIRS<br/>\n                    <b>Confidence: </b> Nominal<br/> \n                    <b>Day/Night: </b> Day<br/>\n                    <b>Scan: </b> 0.49 km<br/>\n                    <b>Track: </b> 0.49 km<br/>\n                    <b>FRP: </b> 7.07 MW<br/>\n                    <b>Brightness: </b> 338.22 K" }, "geometry": { "type": "Polygon", "coordinates": [ [ [ 34.09525, 52.36235 ], [ 34.10077, 52.36235 ], [ 34.10077, 52.35899 ], [ 34.09525, 52.35899 ], [ 34.09525, 52.36235 ] ] ] } },
{ "type": "Feature", "properties": { "sensor": "NOAA-21", "description": "<b>Latitude: </b> 54.76137<br/> \n                    <b>Longitude: </b> 46.40049<br/> \n                    <b>Detection Time: </b> 2026-09-26 09:37 UTC<br/> \n                    <b>Sensor: </b> NOAA-21 VIIRS<br/>\n                    <b>Confidence: </b> Nominal<br/> \n                    <b>Day/Night: </b> Day<br/>\n                    <b>Scan: </b> 0.4 km<br/>\n                    <b>Track: </b> 0.37 km<br/>\n                    <b>FRP: </b> 4.83 MW<br/>\n                    <b>Brightness: </b> 326.67 K" }, "geometry": { "type": "Polygon", "coordinates": [ [ [ 46.39757, 54.76305 ], [ 46.40341, 54.76305 ], [ 46.40341, 54.75969 ], [ 46.39757, 54.75969 ], [ 46.39757, 54.76305 ] ] ] } },
{ "type": "Feature", "properties": { "sensor": "NOAA-21", "description": "<b>Latitude: </b> 52.35652<br/> \n                    <b>Longitude: </b> 34.10085<br/> \n                    <b>Detection Time: </b> 2026-09-26 09:37 UTC<br/> \n                    <b>Sensor: </b> NOAA-21 VIIRS<br/>\n                    <b>Confidence: </b> Nominal<br/> \n                    <b>Day/Night: </b> Day<br/>\n                    <b>Scan: </b> 0.49 km<br/>\n                    <b>Track: </b> 0.49 km<br/>\n                    <b>FRP: </b> 7.07 MW<br/>\n                    <b>Brightness: </b> 342.08 K" }, "geometry": { "type": "Polygon", "coordinates": [ [ [ 34.09809, 52.3582 ], [ 34.10361, 52.3582 ], [ 34.10361, 52.35484 ], [ 34.09809, 52.35484 ], [ 34.09809, 52.3582 ] ] ] } },
{ "type": "Feature", "properties": { "sensor": "NOAA-21", "description": "<b>Latitude: </b> 52.14393<br/> \n                    <b>Longitude: </b> 34.13905<br/> \n                    <b>Detection Time: </b> 2026-09-26 09:37 UTC<br/> \n                    <b>Sensor: </b> NOAA-21 VIIRS<br/>\n                    <b>Confidence: </b> Nominal<br/> \n                    <b>Day/Night: </b> Day<br/>\n                    <b>Scan: </b> 0.5 km<br/>\n                    <b>Track: </b> 0.49 km<br/>\n                    <b>FRP: </b> 3.86 MW<br/>\n                    <b>Brightness: </b> 328.61 K" }, "geometry": { "type": "Polygon", "coordinates": [ [ [ 34.13631, 52.14561 ], [ 34.14179, 52.14561 ], [ 34.14179, 52.14225 ], [ 34.13631, 52.14225 ], [ 34.13631, 52.14561 ] ] ] } },
{ "type": "Feature", "properties": { "sensor": "NOAA-21", "description": "<b>Latitude: </b> 52.55859<br/> \n                    <b>Longitude: </b> 39.57193<br/> \n                    <b>Detection Time: </b> 2026-09-26 09:37 UTC<br/> \n                    <b>Sensor: </b> NOAA-21 VIIRS<br/>\n                    <b>Confidence: </b> Nominal<br/> \n                    <b>Day/Night: </b> Day<br/>\n                    <b>Scan: </b> 0.47 km<br/>\n                    <b>Track: </b> 0.4 km<br/>\n                    <b>FRP: </b> 11.58 MW<br/>\n                    <b>Brightness: </b> 337.17 K" }, "geometry": { "type": "Polygon", "coordinates": [ [ [ 39.56916, 52.56027 ], [ 39.5747, 52.56027 ], [ 39.5747, 52.55691 ], [ 39.56916, 52.55691 ], [ 39.56916, 52.56027 ] ] ] } },
{ "type": "Feature", "properties": { "sensor": "NOAA-21", "description": "<b>Latitude: </b> 52.53207<br/> \n                    <b>Longitude: </b> 39.63103<br/> \n                    <b>Detection Time: </b> 2026-09-26 09:37 UTC<br/> \n                    <b>Sensor: </b> NOAA-21 VIIRS<br/>\n                    <b>Confidence: </b> Nominal<br/> \n                    <b>Day/Night: </b> Day<br/>\n                    <b>Scan: </b> 0.47 km<br/>\n                    <b>Track: </b> 0.4 km<br/>\n                    <b>FRP: </b> 11.49 MW<br/>\n                    <b>Brightness: </b> 336.4 K" }, "geometry": { "type": "Polygon", "coordinates": [ [ [ 39.62826, 52.53375 ], [ 39.6338, 52.53375 ], [ 39.6338, 52.53039 ], [ 39.62826, 52.53039 ], [ 39.62826, 52.53375 ] ] ] } },
{ "type": "Feature", "properties": { "sensor": "NOAA-21", "description": "<b>Latitude: </b> 53.18766<br/> \n                    <b>Longitude: </b> 50.99989<br/> \n                    <b>Detection Time: </b> 2026-09-26 09:37 UTC<br/> \n                    <b>Sensor: </b> NOAA-21 VIIRS<br/>\n                    <b>Confidence: </b> Nominal<br/> \n                    <b>Day/Night: </b> Day<br/>\n                    <b>Scan: </b> 0.49 km<br/>\n                    <b>Track: </b> 0.4 km<br/>\n                    <b>FRP: </b> 4.68 MW<br/>\n                    <b>Brightness: </b> 330.13 K" }, "geometry": { "type": "Polygon", "coordinates": [ [ [ 50.99708, 53.18934 ], [ 51.0027, 53.18934 ], [ 51.0027, 53.18598 ], [ 50.99708, 53.18598 ], [ 50.99708, 53.18934 ] ] ] } },
{ "type": "Feature", "properties": { "sensor": "NOAA-21", "description": "<b>Latitude: </b> 53.3849<br/> \n                    <b>Longitude: </b> 53.97244<br/> \n                    <b>Detection Time: </b> 2026-09-26 09:37 UTC<br/> \n                    <b>Sensor: </b> NOAA-21 VIIRS<br/>\n                    <b>Confidence: </b> Nominal<br/> \n                    <b>Day/Night: </b> Day<br/>\n                    <b>Scan: </b> 0.42 km<br/>\n                    <b>Track: </b> 0.45 km<br/>\n                    <b>FRP: </b> 14.29 MW<br/>\n                    <b>Brightness: </b> 339.15 K" }, "geometry": { "type": "Polygon", "coordinates": [ [ [ 53.96962, 53.38658 ], [ 53.97526, 53.38658 ], [ 53.97526, 53.38322 ], [ 53.96962, 53.38322 ], [ 53.96962, 53.38658 ] ] ] } },
{ "type": "Feature", "properties": { "sensor": "NOAA-21", "description": "<b>Latitude: </b> 53.37979<br/> \n                    <b>Longitude: </b> 53.96082<br/> \n                    <b>Detection Time: </b> 2026-09-26 09:37 UTC<br/> \n                    <b>Sensor: </b> NOAA-21 VIIRS<br/>\n                    <b>Confidence: </b> Nominal<br/> \n                    <b>Day/Night: </b> Day<br/>\n                    <b>Scan: </b> 0.42 km<br/>\n                    <b>Track: </b> 0.45 km<br/>\n                    <b>FRP: </b> 9.06 MW<br/>\n                    <b>Brightness: </b> 330 K" }, "geometry": { "type": "Polygon", "coordinates": [ [ [ 53.958, 53.38147 ], [ 53.96364, 53.38147 ], [ 53.96364, 53.37811 ], [ 53.958, 53.37811 ], [ 53.958, 53.38147 ] ] ] } },
{ "type": "Feature", "properties": { "sensor": "NOAA-21", "description": "<b>Latitude: </b> 53.38028<br/> \n                    <b>Longitude: </b> 53.96717<br/> \n                    <b>Detection Time: </b> 2026-09-26 09:37 UTC<br/> \n                    <b>Sensor: </b> NOAA-21 VIIRS<br/>\n                    <b>Confidence: </b> Nominal<br/> \n                    <b>Day/Night: </b> Day<br/>\n                    <b>Scan: </b> 0.42 km<br/>\n                    <b>Track: </b> 0.45 km<br/>\n                    <b>FRP: </b> 9.06 MW<br/>\n                    <b>Brightness: </b> 334.02 K" }, "geometry": { "type": "Polygon", "coordinates": [ [ [ 53.96435, 53.38196 ], [ 53.96999, 53.38196 ], [ 53.96999, 53.3786 ], [ 53.96435, 53.3786 ], [ 53.96435, 53.38196 ] ] ] } },
{ "type": "Feature", "properties": { "sensor": "NOAA-21", "description": "<b>Latitude: </b> 53.38076<br/> \n                    <b>Longitude: </b> 53.97353<br/> \n                    <b>Detection Time: </b> 2026-09-26 09:37 UTC<br/> \n                    <b>Sensor: </b> NOAA-21 VIIRS<br/>\n                    <b>Confidence: </b> Nominal<br/> \n                    <b>Day/Night: </b> Day<br/>\n                    <b>Scan: </b> 0.42 km<br/>\n                    <b>Track: </b> 0.45 km<br/>\n                    <b>FRP: </b> 19.77 MW<br/>\n                    <b>Brightness: </b> 340.83 K" }, "geometry": { "type": "Polygon", "coordinates": [ [ [ 53.97071, 53.38244 ], [ 53.97635, 53.38244 ], [ 53.97635, 53.37908 ], [ 53.97071, 53.37908 ], [ 53.97071, 53.38244 ] ] ] } },
{ "type": "Feature", "properties": { "sensor": "NOAA-21", "description": "<b>Latitude: </b> 53.37614<br/> \n                    <b>Longitude: </b> 53.96835<br/> \n                    <b>Detection Time: </b> 2026-09-26 09:37 UTC<br/> \n                    <b>Sensor: </b> NOAA-21 VIIRS<br/>\n                    <b>Confidence: </b> Nominal<br/> \n                    <b>Day/Night: </b> Day<br/>\n                    <b>Scan: </b> 0.42 km<br/>\n                    <b>Track: </b> 0.45 km<br/>\n                    <b>FRP: </b> 9.06 MW<br/>\n                    <b>Brightness: </b> 340.16 K" }, "geometry": { "type": "Polygon", "coordinates": [ [ [ 53.96553, 53.37782 ], [ 53.97117, 53.37782 ], [ 53.97117, 53.37446 ], [ 53.96553, 53.37446 ], [ 53.96553, 53.37782 ] ] ] } },
{ "type": "Feature", "properties": { "sensor": "NOAA-21", "description": "<b>Latitude: </b> 53.37663<br/> \n                    <b>Longitude: </b> 53.97466<br/> \n                    <b>Detection Time: </b> 2026-09-26 09:37 UTC<br/> \n                    <b>Sensor: </b> NOAA-21 VIIRS<br/>\n                    <b>Confidence: </b> Nominal<br/> \n                    <b>Day/Night: </b> Day<br/>\n                    <b>Scan: </b> 0.42 km<br/>\n                    <b>Track: </b> 0.45 km<br/>\n                    <b>FRP: </b> 19.77 MW<br/>\n                    <b>Brightness: </b> 335.95 K" }, "geometry": { "type": "Polygon", "coordinates": [ [ [ 53.97184, 53.37831 ], [ 53.97748, 53.37831 ], [ 53.97748, 53.37495 ], [ 53.97184, 53.37495 ], [ 53.97184, 53.37831 ] ] ] } },
{ "type": "Feature", "properties": { "sensor": "NOAA-21", "description": "<b>Latitude: </b> 53.37152<br/> \n                    <b>Longitude: </b> 53.96318<br/> \n                    <b>Detection Time: </b> 2026-09-26 09:37 UTC<br/> \n                    <b>Sensor: </b> NOAA-21 VIIRS<br/>\n                    <b>Confidence: </b> Nominal<br/> \n                    <b>Day/Night: </b> Day<br/>\n                    <b>Scan: </b> 0.42 km<br/>\n                    <b>Track: </b> 0.45 km<br/>\n                    <b>FRP: </b> 7.04 MW<br/>\n                    <b>Brightness: </b> 338.99 K" }, "geometry": { "type": "Polygon", "coordinates": [ [ [ 53.96036, 53.3732 ], [ 53.966, 53.3732 ], [ 53.966, 53.36984 ], [ 53.96036, 53.36984 ], [ 53.96036, 53.3732 ] ] ] } },
{ "type": "Feature", "properties": { "sensor": "NOAA-21", "description": "<b>Latitude: </b> 53.46987<br/> \n                    <b>Longitude: </b> 58.98203<br/> \n                    <b>Detection Time: </b> 2026-09-26 09:37 UTC<br/> \n                    <b>Sensor: </b> NOAA-21 VIIRS<br/>\n                    <b>Confidence: </b> Nominal<br/> \n                    <b>Day/Night: </b> Day<br/>\n                    <b>Scan: </b> 0.34 km<br/>\n                    <b>Track: </b> 0.56 km<br/>\n                    <b>FRP: </b> 4.26 MW<br/>\n                    <b>Brightness: </b> 341.17 K" }, "geometry": { "type": "Polygon", "coordinates": [ [ [ 58.9792, 53.47155 ], [ 58.98486, 53.47155 ], [ 58.98486, 53.46819 ], [ 58.9792, 53.46819 ], [ 58.9792, 53.47155 ] ] ] } },
{ "type": "Feature", "properties": { "sensor": "NOAA-21", "description": "<b>Latitude: </b> 53.45623<br/> \n                    <b>Longitude: </b> 59.03494<br/> \n                    <b>Detection Time: </b> 2026-09-26 09:37 UTC<br/> \n                    <b>Sensor: </b> NOAA-21 VIIRS<br/>\n                    <b>Confidence: </b> High<br/> \n                    <b>Day/Night: </b> Day<br/>\n                    <b>Scan: </b> 0.34 km<br/>\n                    <b>Track: </b> 0.56 km<br/>\n                    <b>FRP: </b> 19.43 MW<br/>\n                    <b>Brightness: </b> 367 K" }, "geometry": { "type": "Polygon", "coordinates": [ [ [ 59.03211, 53.45791 ], [ 59.03777, 53.45791 ], [ 59.03777, 53.45455 ], [ 59.03211, 53.45455 ], [ 59.03211, 53.45791 ] ] ] } },
{ "type": "Feature", "properties": { "sensor": "NOAA-21", "description": "<b>Latitude: </b> 52.83515<br/> \n                    <b>Longitude: </b> 59.15841<br/> \n                    <b>Detection Time: </b> 2026-09-26 09:37 UTC<br/> \n                    <b>Sensor: </b> NOAA-21 VIIRS<br/>\n                    <b>Confidence: </b> Nominal<br/> \n                    <b>Day/Night: </b> Day<br/>\n                    <b>Scan: </b> 0.34 km<br/>\n                    <b>Track: </b> 0.56 km<br/>\n                    <b>FRP: </b> 6.23 MW<br/>\n                    <b>Brightness: </b> 352.22 K" }, "geometry": { "type": "Polygon", "coordinates": [ [ [ 59.15562, 52.83683 ], [ 59.1612, 52.83683 ], [ 59.1612, 52.83347 ], [ 59.15562, 52.83347 ], [ 59.15562, 52.83683 ] ] ] } },
{ "type": "Feature", "properties": { "sensor": "NOAA-21", "description": "<b>Latitude: </b> 51.81173<br/> \n                    <b>Longitude: </b> 52.5469<br/> \n                    <b>Detection Time: </b> 2026-09-26 09:37 UTC<br/> \n                    <b>Sensor: </b> NOAA-21 VIIRS<br/>\n                    <b>Confidence: </b> Low<br/> \n                    <b>Day/Night: </b> Day<br/>\n                    <b>Scan: </b> 0.53 km<br/>\n                    <b>Track: </b> 0.42 km<br/>\n                    <b>FRP: </b> 3.71 MW<br/>\n                    <b>Brightness: </b> 326.47 K" }, "geometry": { "type": "Polygon", "coordinates": [ [ [ 52.54418, 51.81341 ], [ 52.54962, 51.81341 ], [ 52.54962, 51.81005 ], [ 52.54418, 51.81005 ], [ 52.54418, 51.81341 ] ] ] } },
{ "type": "Feature", "properties": { "sensor": "NOAA-21", "description": "<b>Latitude: </b> 51.81483<br/> \n                    <b>Longitude: </b> 52.55242<br/> \n                    <b>Detection Time: </b> 2026-09-26 09:37 UTC<br/> \n                    <b>Sensor: </b> NOAA-21 VIIRS<br/>\n                    <b>Confidence: </b> Nominal<br/> \n                    <b>Day/Night: </b> Day<br/>\n                    <b>Scan: </b> 0.53 km<br/>\n                    <b>Track: </b> 0.42 km<br/>\n                    <b>FRP: </b> 6.25 MW<br/>\n                    <b>Brightness: </b> 331.17 K" }, "geometry": { "type": "Polygon", "coordinates": [ [ [ 52.5497, 51.81651 ], [ 52.55514, 51.81651 ], [ 52.55514, 51.81315 ], [ 52.5497, 51.81315 ], [ 52.5497, 51.81651 ] ] ] } },
{ "type": "Feature", "properties": { "sensor": "NOAA-21", "description": "<b>Latitude: </b> 51.34983<br/> \n                    <b>Longitude: </b> 48.77222<br/> \n                    <b>Detection Time: </b> 2026-09-26 09:37 UTC<br/> \n                    <b>Sensor: </b> NOAA-21 VIIRS<br/>\n                    <b>Confidence: </b> Nominal<br/> \n                    <b>Day/Night: </b> Day<br/>\n                    <b>Scan: </b> 0.41 km<br/>\n                    <b>Track: </b> 0.37 km<br/>\n                    <b>FRP: </b> 3.63 MW<br/>\n                    <b>Brightness: </b> 328.54 K" }, "geometry": { "type": "Polygon", "coordinates": [ [ [ 48.76952, 51.35151 ], [ 48.77492, 51.35151 ], [ 48.77492, 51.34815 ], [ 48.76952, 51.34815 ], [ 48.76952, 51.35151 ] ] ] } },
{ "type": "Feature", "properties": { "sensor": "NOAA-21", "description": "<b>Latitude: </b> 51.87347<br/> \n                    <b>Longitude: </b> 54.74606<br/> \n                    <b>Detection Time: </b> 2026-09-26 09:37 UTC<br/> \n                    <b>Sensor: </b> NOAA-21 VIIRS<br/>\n                    <b>Confidence: </b> Nominal<br/> \n                    <b>Day/Night: </b> Day<br/>\n                    <b>Scan: </b> 0.43 km<br/>\n                    <b>Track: </b> 0.46 km<br/>\n                    <b>FRP: </b> 21.18 MW<br/>\n                    <b>Brightness: </b> 346.03 K" }, "geometry": { "type": "Polygon", "coordinates": [ [ [ 54.74333, 51.87515 ], [ 54.74879, 51.87515 ], [ 54.74879, 51.87179 ], [ 54.74333, 51.87179 ], [ 54.74333, 51.87515 ] ] ] } },
{ "type": "Feature", "properties": { "sensor": "NOAA-21", "description": "<b>Latitude: </b> 51.6042<br/> \n                    <b>Longitude: </b> 52.93141<br/> \n                    <b>Detection Time: </b> 2026-09-26 09:37 UTC<br/> \n                    <b>Sensor: </b> NOAA-21 VIIRS<br/>\n                    <b>Confidence: </b> Nominal<br/> \n                    <b>Day/Night: </b> Day<br/>\n                    <b>Scan: </b> 0.55 km<br/>\n                    <b>Track: </b> 0.42 km<br/>\n                    <b>FRP: </b> 16.77 MW<br/>\n                    <b>Brightness: </b> 327.31 K" }, "geometry": { "type": "Polygon", "coordinates": [ [ [ 52.9287, 51.60588 ], [ 52.93412, 51.60588 ], [ 52.93412, 51.60252 ], [ 52.9287, 51.60252 ], [ 52.9287, 51.60588 ] ] ] } },
{ "type": "Feature", "properties": { "sensor": "NOAA-21", "description": "<b>Latitude: </b> 51.64266<br/> \n                    <b>Longitude: </b> 55.58501<br/> \n                    <b>Detection Time: </b> 2026-09-26 09:37 UTC<br/> \n                    <b>Sensor: </b> NOAA-21 VIIRS<br/>\n                    <b>Confidence: </b> Nominal<br/> \n                    <b>Day/Night: </b> Day<br/>\n                    <b>Scan: </b> 0.47 km<br/>\n                    <b>Track: </b> 0.47 km<br/>\n                    <b>FRP: </b> 3.28 MW<br/>\n                    <b>Brightness: </b> 336.74 K" }, "geometry": { "type": "Polygon", "coordinates": [ [ [ 55.5823, 51.64434 ], [ 55.58772, 51.64434 ], [ 55.58772, 51.64098 ], [ 55.5823, 51.64098 ], [ 55.5823, 51.64434 ] ] ] } },
{ "type": "Feature", "properties": { "sensor": "NOAA-21", "description": "<b>Latitude: </b> 51.61095<br/> \n                    <b>Longitude: </b> 55.18775<br/> \n                    <b>Detection Time: </b> 2026-09-26 09:37 UTC<br/> \n                    <b>Sensor: </b> NOAA-21 VIIRS<br/>\n                    <b>Confidence: </b> Nominal<br/> \n                    <b>Day/Night: </b> Day<br/>\n                    <b>Scan: </b> 0.45 km<br/>\n                    <b>Track: </b> 0.47 km<br/>\n                    <b>FRP: </b> 4.03 MW<br/>\n                    <b>Brightness: </b> 333.57 K" }, "geometry": { "type": "Polygon", "coordinates": [ [ [ 55.18504, 51.61263 ], [ 55.19046, 51.61263 ], [ 55.19046, 51.60927 ], [ 55.18504, 51.60927 ], [ 55.18504, 51.61263 ] ] ] } },
{ "type": "Feature", "properties": { "sensor": "NOAA-21", "description": "<b>Latitude: </b> 51.60482<br/> \n                    <b>Longitude: </b> 55.16258<br/> \n                    <b>Detection Time: </b> 2026-09-26 09:37 UTC<br/> \n                    <b>Sensor: </b> NOAA-21 VIIRS<br/>\n                    <b>Confidence: </b> Nominal<br/> \n                    <b>Day/Night: </b> Day<br/>\n                    <b>Scan: </b> 0.45 km<br/>\n                    <b>Track: </b> 0.47 km<br/>\n                    <b>FRP: </b> 7.96 MW<br/>\n                    <b>Brightness: </b> 338.58 K" }, "geometry": { "type": "Polygon", "coordinates": [ [ [ 55.15987, 51.6065 ], [ 55.16529, 51.6065 ], [ 55.16529, 51.60314 ], [ 55.15987, 51.60314 ], [ 55.15987, 51.6065 ] ] ] } },
{ "type": "Feature", "properties": { "sensor": "NOAA-21", "description": "<b>Latitude: </b> 51.60372<br/> \n                    <b>Longitude: </b> 55.20872<br/> \n                    <b>Detection Time: </b> 2026-09-26 09:37 UTC<br/> \n                    <b>Sensor: </b> NOAA-21 VIIRS<br/>\n                    <b>Confidence: </b> Nominal<br/> \n                    <b>Day/Night: </b> Day<br/>\n                    <b>Scan: </b> 0.45 km<br/>\n                    <b>Track: </b> 0.47 km<br/>\n                    <b>FRP: </b> 3.55 MW<br/>\n                    <b>Brightness: </b> 335.48 K" }, "geometry": { "type": "Polygon", "coordinates": [ [ [ 55.20601, 51.6054 ], [ 55.21143, 51.6054 ], [ 55.21143, 51.60204 ], [ 55.20601, 51.60204 ], [ 55.20601, 51.6054 ] ] ] } },
{ "type": "Feature", "properties": { "sensor": "NOAA-21", "description": "<b>Latitude: </b> 51.59242<br/> \n                    <b>Longitude: </b> 55.1713<br/> \n                    <b>Detection Time: </b> 2026-09-26 09:37 UTC<br/> \n                    <b>Sensor: </b> NOAA-21 VIIRS<br/>\n                    <b>Confidence: </b> Nominal<br/> \n                    <b>Day/Night: </b> Day<br/>\n                    <b>Scan: </b> 0.45 km<br/>\n                    <b>Track: </b> 0.47 km<br/>\n                    <b>FRP: </b> 5.18 MW<br/>\n                    <b>Brightness: </b> 338.76 K" }, "geometry": { "type": "Polygon", "coordinates": [ [ [ 55.16859, 51.5941 ], [ 55.17401, 51.5941 ], [ 55.17401, 51.59074 ], [ 55.16859, 51.59074 ], [ 55.16859, 51.5941 ] ] ] } },
{ "type": "Feature", "properties": { "sensor": "NOAA-21", "description": "<b>Latitude: </b> 51.59444<br/> \n                    <b>Longitude: </b> 55.17228<br/> \n                    <b>Detection Time: </b> 2026-09-26 09:37 UTC<br/> \n                    <b>Sensor: </b> NOAA-21 VIIRS<br/>\n                    <b>Confidence: </b> Nominal<br/> \n                    <b>Day/Night: </b> Day<br/>\n                    <b>Scan: </b> 0.45 km<br/>\n                    <b>Track: </b> 0.47 km<br/>\n                    <b>FRP: </b> 6.96 MW<br/>\n                    <b>Brightness: </b> 338.69 K" }, "geometry": { "type": "Polygon", "coordinates": [ [ [ 55.16957, 51.59612 ], [ 55.17499, 51.59612 ], [ 55.17499, 51.59276 ], [ 55.16957, 51.59276 ], [ 55.16957, 51.59612 ] ] ] } },
{ "type": "Feature", "properties": { "sensor": "NOAA-21", "description": "<b>Latitude: </b> 48.50414<br/> \n                    <b>Longitude: </b> 36.94904<br/> \n                    <b>Detection Time: </b> 2026-09-26 09:37 UTC<br/> \n                    <b>Sensor: </b> NOAA-21 VIIRS<br/>\n                    <b>Confidence: </b> Nominal<br/> \n                    <b>Day/Night: </b> Day<br/>\n                    <b>Scan: </b> 0.49 km<br/>\n                    <b>Track: </b> 0.48 km<br/>\n                    <b>FRP: </b> 2.86 MW<br/>\n                    <b>Brightness: </b> 333.69 K" }, "geometry": { "type": "Polygon", "coordinates": [ [ [ 36.9465, 48.50582 ], [ 36.95158, 48.50582 ], [ 36.95158, 48.50246 ], [ 36.9465, 48.50246 ], [ 36.9465, 48.50582 ] ] ] } },
{ "type": "Feature", "properties": { "sensor": "NOAA-21", "description": "<b>Latitude: </b> 48.50479<br/> \n                    <b>Longitude: </b> 36.9497<br/> \n                    <b>Detection Time: </b> 2026-09-26 09:37 UTC<br/> \n                    <b>Sensor: </b> NOAA-21 VIIRS<br/>\n                    <b>Confidence: </b> Nominal<br/> \n                    <b>Day/Night: </b> Day<br/>\n                    <b>Scan: </b> 0.49 km<br/>\n                    <b>Track: </b> 0.48 km<br/>\n                    <b>FRP: </b> 4.25 MW<br/>\n                    <b>Brightness: </b> 325.07 K" }, "geometry": { "type": "Polygon", "coordinates": [ [ [ 36.94716, 48.50647 ], [ 36.95224, 48.50647 ], [ 36.95224, 48.50311 ], [ 36.94716, 48.50311 ], [ 36.94716, 48.50647 ] ] ] } },
{ "type": "Feature", "properties": { "sensor": "NOAA-21", "description": "<b>Latitude: </b> 47.86215<br/> \n                    <b>Longitude: </b> 37.57832<br/> \n                    <b>Detection Time: </b> 2026-09-26 09:37 UTC<br/> \n                    <b>Sensor: </b> NOAA-21 VIIRS<br/>\n                    <b>Confidence: </b> Nominal<br/> \n                    <b>Day/Night: </b> Day<br/>\n                    <b>Scan: </b> 0.48 km<br/>\n                    <b>Track: </b> 0.48 km<br/>\n                    <b>FRP: </b> 3.33 MW<br/>\n                    <b>Brightness: </b> 325.17 K" }, "geometry": { "type": "Polygon", "coordinates": [ [ [ 37.57581, 47.86383 ], [ 37.58083, 47.86383 ], [ 37.58083, 47.86047 ], [ 37.57581, 47.86047 ], [ 37.57581, 47.86383 ] ] ] } },
{ "type": "Feature", "properties": { "sensor": "NOAA-21", "description": "<b>Latitude: </b> 47.85795<br/> \n                    <b>Longitude: </b> 37.58045<br/> \n                    <b>Detection Time: </b> 2026-09-26 09:37 UTC<br/> \n                    <b>Sensor: </b> NOAA-21 VIIRS<br/>\n                    <b>Confidence: </b> Nominal<br/> \n                    <b>Day/Night: </b> Day<br/>\n                    <b>Scan: </b> 0.48 km<br/>\n                    <b>Track: </b> 0.48 km<br/>\n                    <b>FRP: </b> 59.3 MW<br/>\n                    <b>Brightness: </b> 349.28 K" }, "geometry": { "type": "Polygon", "coordinates": [ [ [ 37.57794, 47.85963 ], [ 37.58296, 47.85963 ], [ 37.58296, 47.85627 ], [ 37.57794, 47.85627 ], [ 37.57794, 47.85963 ] ] ] } },
{ "type": "Feature", "properties": { "sensor": "NOAA-21", "description": "<b>Latitude: </b> 47.85528<br/> \n                    <b>Longitude: </b> 37.58868<br/> \n                    <b>Detection Time: </b> 2026-09-26 09:37 UTC<br/> \n                    <b>Sensor: </b> NOAA-21 VIIRS<br/>\n                    <b>Confidence: </b> Nominal<br/> \n                    <b>Day/Night: </b> Day<br/>\n                    <b>Scan: </b> 0.48 km<br/>\n                    <b>Track: </b> 0.48 km<br/>\n                    <b>FRP: </b> 21.84 MW<br/>\n                    <b>Brightness: </b> 332.11 K" }, "geometry": { "type": "Polygon", "coordinates": [ [ [ 37.58617, 47.85696 ], [ 37.59119, 47.85696 ], [ 37.59119, 47.8536 ], [ 37.58617, 47.8536 ], [ 37.58617, 47.85696 ] ] ] } },
{ "type": "Feature", "properties": { "sensor": "NOAA-21", "description": "<b>Latitude: </b> 47.86227<br/> \n                    <b>Longitude: </b> 37.58031<br/> \n                    <b>Detection Time: </b> 2026-09-26 09:37 UTC<br/> \n                    <b>Sensor: </b> NOAA-21 VIIRS<br/>\n                    <b>Confidence: </b> Nominal<br/> \n                    <b>Day/Night: </b> Day<br/>\n                    <b>Scan: </b> 0.48 km<br/>\n                    <b>Track: </b> 0.48 km<br/>\n                    <b>FRP: </b> 2.8 MW<br/>\n                    <b>Brightness: </b> 332.96 K" }, "geometry": { "type": "Polygon", "coordinates": [ [ [ 37.5778, 47.86395 ], [ 37.58282, 47.86395 ], [ 37.58282, 47.86059 ], [ 37.5778, 47.86059 ], [ 37.5778, 47.86395 ] ] ] } },
{ "type": "Feature", "properties": { "sensor": "NOAA-21", "description": "<b>Latitude: </b> 47.85807<br/> \n                    <b>Longitude: </b> 37.58245<br/> \n                    <b>Detection Time: </b> 2026-09-26 09:37 UTC<br/> \n                    <b>Sensor: </b> NOAA-21 VIIRS<br/>\n                    <b>Confidence: </b> Nominal<br/> \n                    <b>Day/Night: </b> Day<br/>\n                    <b>Scan: </b> 0.48 km<br/>\n                    <b>Track: </b> 0.48 km<br/>\n                    <b>FRP: </b> 51.4 MW<br/>\n                    <b>Brightness: </b> 338.99 K" }, "geometry": { "type": "Polygon", "coordinates": [ [ [ 37.57994, 47.85975 ], [ 37.58496, 47.85975 ], [ 37.58496, 47.85639 ], [ 37.57994, 47.85639 ], [ 37.57994, 47.85975 ] ] ] } },
{ "type": "Feature", "properties": { "sensor": "NOAA-21", "description": "<b>Latitude: </b> 47.85118<br/> \n                    <b>Longitude: </b> 37.59289<br/> \n                    <b>Detection Time: </b> 2026-09-26 09:37 UTC<br/> \n                    <b>Sensor: </b> NOAA-21 VIIRS<br/>\n                    <b>Confidence: </b> Nominal<br/> \n                    <b>Day/Night: </b> Day<br/>\n                    <b>Scan: </b> 0.48 km<br/>\n                    <b>Track: </b> 0.48 km<br/>\n                    <b>FRP: </b> 7.71 MW<br/>\n                    <b>Brightness: </b> 343 K" }, "geometry": { "type": "Polygon", "coordinates": [ [ [ 37.59038, 47.85286 ], [ 37.5954, 47.85286 ], [ 37.5954, 47.8495 ], [ 37.59038, 47.8495 ], [ 37.59038, 47.85286 ] ] ] } },
{ "type": "Feature", "properties": { "sensor": "NOAA-21", "description": "<b>Latitude: </b> 45.61916<br/> \n                    <b>Longitude: </b> 37.9423<br/> \n                    <b>Detection Time: </b> 2026-09-26 09:34 UTC<br/> \n                    <b>Sensor: </b> NOAA-21 VIIRS<br/>\n                    <b>Confidence: </b> Nominal<br/> \n                    <b>Day/Night: </b> Day<br/>\n                    <b>Scan: </b> 0.53 km<br/>\n                    <b>Track: </b> 0.5 km<br/>\n                    <b>FRP: </b> 11.04 MW<br/>\n                    <b>Brightness: </b> 337.96 K" }, "geometry": { "type": "Polygon", "coordinates": [ [ [ 37.93989, 45.62084 ], [ 37.94471, 45.62084 ], [ 37.94471, 45.61748 ], [ 37.93989, 45.61748 ], [ 37.93989, 45.62084 ] ] ] } },
{ "type": "Feature", "properties": { "sensor": "NOAA-21", "description": "<b>Latitude: </b> 45.61478<br/> \n                    <b>Longitude: </b> 37.9445<br/> \n                    <b>Detection Time: </b> 2026-09-26 09:34 UTC<br/> \n                    <b>Sensor: </b> NOAA-21 VIIRS<br/>\n                    <b>Confidence: </b> Nominal<br/> \n                    <b>Day/Night: </b> Day<br/>\n                    <b>Scan: </b> 0.53 km<br/>\n                    <b>Track: </b> 0.5 km<br/>\n                    <b>FRP: </b> 11.48 MW<br/>\n                    <b>Brightness: </b> 341.91 K" }, "geometry": { "type": "Polygon", "coordinates": [ [ [ 37.94209, 45.61646 ], [ 37.94691, 45.61646 ], [ 37.94691, 45.6131 ], [ 37.94209, 45.6131 ], [ 37.94209, 45.61646 ] ] ] } },
{ "type": "Feature", "properties": { "sensor": "NOAA-21", "description": "<b>Latitude: </b> 45.61641<br/> \n                    <b>Longitude: </b> 37.95092<br/> \n                    <b>Detection Time: </b> 2026-09-26 09:34 UTC<br/> \n                    <b>Sensor: </b> NOAA-21 VIIRS<br/>\n                    <b>Confidence: </b> Nominal<br/> \n                    <b>Day/Night: </b> Day<br/>\n                    <b>Scan: </b> 0.53 km<br/>\n                    <b>Track: </b> 0.5 km<br/>\n                    <b>FRP: </b> 7.4 MW<br/>\n                    <b>Brightness: </b> 337.72 K" }, "geometry": { "type": "Polygon", "coordinates": [ [ [ 37.94851, 45.61809 ], [ 37.95333, 45.61809 ], [ 37.95333, 45.61473 ], [ 37.94851, 45.61473 ], [ 37.94851, 45.61809 ] ] ] } },
{ "type": "Feature", "properties": { "sensor": "NOAA-21", "description": "<b>Latitude: </b> 45.46954<br/> \n                    <b>Longitude: </b> 37.85976<br/> \n                    <b>Detection Time: </b> 2026-09-26 09:34 UTC<br/> \n                    <b>Sensor: </b> NOAA-21 VIIRS<br/>\n                    <b>Confidence: </b> Nominal<br/> \n                    <b>Day/Night: </b> Day<br/>\n                    <b>Scan: </b> 0.54 km<br/>\n                    <b>Track: </b> 0.51 km<br/>\n                    <b>FRP: </b> 4.26 MW<br/>\n                    <b>Brightness: </b> 325.62 K" }, "geometry": { "type": "Polygon", "coordinates": [ [ [ 37.85736, 45.47122 ], [ 37.86216, 45.47122 ], [ 37.86216, 45.46786 ], [ 37.85736, 45.46786 ], [ 37.85736, 45.47122 ] ] ] } },
{ "type": "Feature", "properties": { "sensor": "NOAA-21", "description": "<b>Latitude: </b> 45.24253<br/> \n                    <b>Longitude: </b> 37.78311<br/> \n                    <b>Detection Time: </b> 2026-09-26 09:34 UTC<br/> \n                    <b>Sensor: </b> NOAA-21 VIIRS<br/>\n                    <b>Confidence: </b> Nominal<br/> \n                    <b>Day/Night: </b> Day<br/>\n                    <b>Scan: </b> 0.55 km<br/>\n                    <b>Track: </b> 0.51 km<br/>\n                    <b>FRP: </b> 5.67 MW<br/>\n                    <b>Brightness: </b> 325.9 K" }, "geometry": { "type": "Polygon", "coordinates": [ [ [ 37.78072, 45.24421 ], [ 37.7855, 45.24421 ], [ 37.7855, 45.24085 ], [ 37.78072, 45.24085 ], [ 37.78072, 45.24421 ] ] ] } },
{ "type": "Feature", "properties": { "sensor": "NOAA-21", "description": "<b>Latitude: </b> 45.24422<br/> \n                    <b>Longitude: </b> 37.78975<br/> \n                    <b>Detection Time: </b> 2026-09-26 09:34 UTC<br/> \n                    <b>Sensor: </b> NOAA-21 VIIRS<br/>\n                    <b>Confidence: </b> Nominal<br/> \n                    <b>Day/Night: </b> Day<br/>\n                    <b>Scan: </b> 0.55 km<br/>\n                    <b>Track: </b> 0.51 km<br/>\n                    <b>FRP: </b> 5.67 MW<br/>\n                    <b>Brightness: </b> 326.92 K" }, "geometry": { "type": "Polygon", "coordinates": [ [ [ 37.78736, 45.2459 ], [ 37.79214, 45.2459 ], [ 37.79214, 45.24254 ], [ 37.78736, 45.24254 ], [ 37.78736, 45.2459 ] ] ] } },
{ "type": "Feature", "properties": { "sensor": "NOAA-21", "description": "<b>Latitude: </b> 45.2583<br/> \n                    <b>Longitude: </b> 37.86459<br/> \n                    <b>Detection Time: </b> 2026-09-26 09:34 UTC<br/> \n                    <b>Sensor: </b> NOAA-21 VIIRS<br/>\n                    <b>Confidence: </b> Nominal<br/> \n                    <b>Day/Night: </b> Day<br/>\n                    <b>Scan: </b> 0.54 km<br/>\n                    <b>Track: </b> 0.51 km<br/>\n                    <b>FRP: </b> 3.01 MW<br/>\n                    <b>Brightness: </b> 325.85 K" }, "geometry": { "type": "Polygon", "coordinates": [ [ [ 37.8622, 45.25998 ], [ 37.86698, 45.25998 ], [ 37.86698, 45.25662 ], [ 37.8622, 45.25662 ], [ 37.8622, 45.25998 ] ] ] } },
{ "type": "Feature", "properties": { "sensor": "NOAA-21", "description": "<b>Latitude: </b> 45.26333<br/> \n                    <b>Longitude: </b> 37.88431<br/> \n                    <b>Detection Time: </b> 2026-09-26 09:34 UTC<br/> \n                    <b>Sensor: </b> NOAA-21 VIIRS<br/>\n                    <b>Confidence: </b> Nominal<br/> \n                    <b>Day/Night: </b> Day<br/>\n                    <b>Scan: </b> 0.54 km<br/>\n                    <b>Track: </b> 0.51 km<br/>\n                    <b>FRP: </b> 5.82 MW<br/>\n                    <b>Brightness: </b> 335.18 K" }, "geometry": { "type": "Polygon", "coordinates": [ [ [ 37.88192, 45.26501 ], [ 37.8867, 45.26501 ], [ 37.8867, 45.26165 ], [ 37.88192, 45.26165 ], [ 37.88192, 45.26501 ] ] ] } },
{ "type": "Feature", "properties": { "sensor": "NOAA-21", "description": "<b>Latitude: </b> 45.23827<br/> \n                    <b>Longitude: </b> 37.84494<br/> \n                    <b>Detection Time: </b> 2026-09-26 09:34 UTC<br/> \n                    <b>Sensor: </b> NOAA-21 VIIRS<br/>\n                    <b>Confidence: </b> Nominal<br/> \n                    <b>Day/Night: </b> Day<br/>\n                    <b>Scan: </b> 0.55 km<br/>\n                    <b>Track: </b> 0.51 km<br/>\n                    <b>FRP: </b> 4.88 MW<br/>\n                    <b>Brightness: </b> 335.16 K" }, "geometry": { "type": "Polygon", "coordinates": [ [ [ 37.84255, 45.23995 ], [ 37.84733, 45.23995 ], [ 37.84733, 45.23659 ], [ 37.84255, 45.23659 ], [ 37.84255, 45.23995 ] ] ] } },
{ "type": "Feature", "properties": { "sensor": "NOAA-21", "description": "<b>Latitude: </b> 45.27222<br/> \n                    <b>Longitude: </b> 37.99749<br/> \n                    <b>Detection Time: </b> 2026-09-26 09:34 UTC<br/> \n                    <b>Sensor: </b> NOAA-21 VIIRS<br/>\n                    <b>Confidence: </b> Nominal<br/> \n                    <b>Day/Night: </b> Day<br/>\n                    <b>Scan: </b> 0.54 km<br/>\n                    <b>Track: </b> 0.51 km<br/>\n                    <b>FRP: </b> 5.11 MW<br/>\n                    <b>Brightness: </b> 335.77 K" }, "geometry": { "type": "Polygon", "coordinates": [ [ [ 37.9951, 45.2739 ], [ 37.99988, 45.2739 ], [ 37.99988, 45.27054 ], [ 37.9951, 45.27054 ], [ 37.9951, 45.2739 ] ] ] } },
{ "type": "Feature", "properties": { "sensor": "NOAA-21", "description": "<b>Latitude: </b> 45.1736<br/> \n                    <b>Longitude: </b> 37.75011<br/> \n                    <b>Detection Time: </b> 2026-09-26 09:34 UTC<br/> \n                    <b>Sensor: </b> NOAA-21 VIIRS<br/>\n                    <b>Confidence: </b> Nominal<br/> \n                    <b>Day/Night: </b> Day<br/>\n                    <b>Scan: </b> 0.55 km<br/>\n                    <b>Track: </b> 0.51 km<br/>\n                    <b>FRP: </b> 9.34 MW<br/>\n                    <b>Brightness: </b> 329.79 K" }, "geometry": { "type": "Polygon", "coordinates": [ [ [ 37.74772, 45.17528 ], [ 37.7525, 45.17528 ], [ 37.7525, 45.17192 ], [ 37.74772, 45.17192 ], [ 37.74772, 45.17528 ] ] ] } },
{ "type": "Feature", "properties": { "sensor": "NOAA-21", "description": "<b>Latitude: </b> 45.17533<br/> \n                    <b>Longitude: </b> 37.75678<br/> \n                    <b>Detection Time: </b> 2026-09-26 09:34 UTC<br/> \n                    <b>Sensor: </b> NOAA-21 VIIRS<br/>\n                    <b>Confidence: </b> Nominal<br/> \n                    <b>Day/Night: </b> Day<br/>\n                    <b>Scan: </b> 0.55 km<br/>\n                    <b>Track: </b> 0.51 km<br/>\n                    <b>FRP: </b> 3.34 MW<br/>\n                    <b>Brightness: </b> 332.94 K" }, "geometry": { "type": "Polygon", "coordinates": [ [ [ 37.75439, 45.17701 ], [ 37.75917, 45.17701 ], [ 37.75917, 45.17365 ], [ 37.75439, 45.17365 ], [ 37.75439, 45.17701 ] ] ] } },
{ "type": "Feature", "properties": { "sensor": "NOAA-21", "description": "<b>Latitude: </b> 45.19179<br/> \n                    <b>Longitude: </b> 37.95141<br/> \n                    <b>Detection Time: </b> 2026-09-26 09:34 UTC<br/> \n                    <b>Sensor: </b> NOAA-21 VIIRS<br/>\n                    <b>Confidence: </b> Nominal<br/> \n                    <b>Day/Night: </b> Day<br/>\n                    <b>Scan: </b> 0.54 km<br/>\n                    <b>Track: </b> 0.51 km<br/>\n                    <b>FRP: </b> 4.08 MW<br/>\n                    <b>Brightness: </b> 335.86 K" }, "geometry": { "type": "Polygon", "coordinates": [ [ [ 37.94902, 45.19347 ], [ 37.9538, 45.19347 ], [ 37.9538, 45.19011 ], [ 37.94902, 45.19011 ], [ 37.94902, 45.19347 ] ] ] } },
{ "type": "Feature", "properties": { "sensor": "NOAA-21", "description": "<b>Latitude: </b> 44.91446<br/> \n                    <b>Longitude: </b> 41.28922<br/> \n                    <b>Detection Time: </b> 2026-09-26 09:34 UTC<br/> \n                    <b>Sensor: </b> NOAA-21 VIIRS<br/>\n                    <b>Confidence: </b> Nominal<br/> \n                    <b>Day/Night: </b> Day<br/>\n                    <b>Scan: </b> 0.39 km<br/>\n                    <b>Track: </b> 0.44 km<br/>\n                    <b>FRP: </b> 3.72 MW<br/>\n                    <b>Brightness: </b> 331.82 K" }, "geometry": { "type": "Polygon", "coordinates": [ [ [ 41.28684, 44.91614 ], [ 41.2916, 44.91614 ], [ 41.2916, 44.91278 ], [ 41.28684, 44.91278 ], [ 41.28684, 44.91614 ] ] ] } },
{ "type": "Feature", "properties": { "sensor": "NOAA-21", "description": "<b>Latitude: </b> 43.84706<br/> \n                    <b>Longitude: </b> 47.00143<br/> \n                    <b>Detection Time: </b> 2026-09-26 09:34 UTC<br/> \n                    <b>Sensor: </b> NOAA-21 VIIRS<br/>\n                    <b>Confidence: </b> Nominal<br/> \n                    <b>Day/Night: </b> Day<br/>\n                    <b>Scan: </b> 0.4 km<br/>\n                    <b>Track: </b> 0.37 km<br/>\n                    <b>FRP: </b> 5.48 MW<br/>\n                    <b>Brightness: </b> 336.17 K" }, "geometry": { "type": "Polygon", "coordinates": [ [ [ 46.99909, 43.84874 ], [ 47.00377, 43.84874 ], [ 47.00377, 43.84538 ], [ 46.99909, 43.84538 ], [ 46.99909, 43.84874 ] ] ] } },
{ "type": "Feature", "properties": { "sensor": "NOAA-21", "description": "<b>Latitude: </b> 43.84789<br/> \n                    <b>Longitude: </b> 47.0063<br/> \n                    <b>Detection Time: </b> 2026-09-26 09:34 UTC<br/> \n                    <b>Sensor: </b> NOAA-21 VIIRS<br/>\n                    <b>Confidence: </b> Nominal<br/> \n                    <b>Day/Night: </b> Day<br/>\n                    <b>Scan: </b> 0.4 km<br/>\n                    <b>Track: </b> 0.37 km<br/>\n                    <b>FRP: </b> 5.48 MW<br/>\n                    <b>Brightness: </b> 331.08 K" }, "geometry": { "type": "Polygon", "coordinates": [ [ [ 47.00396, 43.84957 ], [ 47.00864, 43.84957 ], [ 47.00864, 43.84621 ], [ 47.00396, 43.84621 ], [ 47.00396, 43.84957 ] ] ] } },
{ "type": "Feature", "properties": { "sensor": "NOAA-21", "description": "<b>Latitude: </b> 43.84376<br/> \n                    <b>Longitude: </b> 47.00251<br/> \n                    <b>Detection Time: </b> 2026-09-26 09:34 UTC<br/> \n                    <b>Sensor: </b> NOAA-21 VIIRS<br/>\n                    <b>Confidence: </b> Nominal<br/> \n                    <b>Day/Night: </b> Day<br/>\n                    <b>Scan: </b> 0.4 km<br/>\n                    <b>Track: </b> 0.37 km<br/>\n                    <b>FRP: </b> 6.21 MW<br/>\n                    <b>Brightness: </b> 339.68 K" }, "geometry": { "type": "Polygon", "coordinates": [ [ [ 47.00017, 43.84544 ], [ 47.00485, 43.84544 ], [ 47.00485, 43.84208 ], [ 47.00017, 43.84208 ], [ 47.00017, 43.84544 ] ] ] } }
]
}
